ARM GAS  /tmp/ccNOss9U.s 			page 1


   1              		.cpu cortex-m4
   2              		.arch armv7e-m
   3              		.fpu fpv4-sp-d16
   4              		.eabi_attribute 27, 1
   5              		.eabi_attribute 28, 1
   6              		.eabi_attribute 20, 1
   7              		.eabi_attribute 21, 1
   8              		.eabi_attribute 23, 3
   9              		.eabi_attribute 24, 1
  10              		.eabi_attribute 25, 1
  11              		.eabi_attribute 26, 1
  12              		.eabi_attribute 30, 1
  13              		.eabi_attribute 34, 1
  14              		.eabi_attribute 18, 4
  15              		.file	"comms.c"
  16              		.text
  17              	.Ltext0:
  18              		.cfi_sections	.debug_frame
  19              		.file 1 "Core/Src/comms.c"
  20              		.section	.text.crc_accumulate,"ax",%progbits
  21              		.align	1
  22              		.syntax unified
  23              		.thumb
  24              		.thumb_func
  26              	crc_accumulate:
  27              	.LVL0:
  28              	.LFB0:
  29              		.file 2 "c_library_v2/common/../checksum.h"
   1:c_library_v2/common/../checksum.h **** #pragma once
   2:c_library_v2/common/../checksum.h **** 
   3:c_library_v2/common/../checksum.h **** #if defined(MAVLINK_USE_CXX_NAMESPACE)
   4:c_library_v2/common/../checksum.h **** namespace mavlink {
   5:c_library_v2/common/../checksum.h **** #elif defined(__cplusplus)
   6:c_library_v2/common/../checksum.h **** extern "C" {
   7:c_library_v2/common/../checksum.h **** #endif
   8:c_library_v2/common/../checksum.h **** 
   9:c_library_v2/common/../checksum.h **** // Visual Studio versions before 2010 don't have stdint.h, so we just error out.
  10:c_library_v2/common/../checksum.h **** #if (defined _MSC_VER) && (_MSC_VER < 1600)
  11:c_library_v2/common/../checksum.h **** #error "The C-MAVLink implementation requires Visual Studio 2010 or greater"
  12:c_library_v2/common/../checksum.h **** #endif
  13:c_library_v2/common/../checksum.h **** 
  14:c_library_v2/common/../checksum.h **** #include <stdint.h>
  15:c_library_v2/common/../checksum.h **** 
  16:c_library_v2/common/../checksum.h **** /**
  17:c_library_v2/common/../checksum.h ****  *
  18:c_library_v2/common/../checksum.h ****  *  CALCULATE THE CHECKSUM
  19:c_library_v2/common/../checksum.h ****  *
  20:c_library_v2/common/../checksum.h ****  */
  21:c_library_v2/common/../checksum.h **** 
  22:c_library_v2/common/../checksum.h **** #define X25_INIT_CRC 0xffff
  23:c_library_v2/common/../checksum.h **** #define X25_VALIDATE_CRC 0xf0b8
  24:c_library_v2/common/../checksum.h **** 
  25:c_library_v2/common/../checksum.h **** #ifndef HAVE_CRC_ACCUMULATE
  26:c_library_v2/common/../checksum.h **** /**
  27:c_library_v2/common/../checksum.h ****  * @brief Accumulate the CRC16_MCRF4XX checksum by adding one char at a time.
  28:c_library_v2/common/../checksum.h ****  *
  29:c_library_v2/common/../checksum.h ****  * The checksum function adds the hash of one char at a time to the
ARM GAS  /tmp/ccNOss9U.s 			page 2


  30:c_library_v2/common/../checksum.h ****  * 16 bit checksum (uint16_t).
  31:c_library_v2/common/../checksum.h ****  *
  32:c_library_v2/common/../checksum.h ****  * @param data new char to hash
  33:c_library_v2/common/../checksum.h ****  * @param crcAccum the already accumulated checksum
  34:c_library_v2/common/../checksum.h ****  **/
  35:c_library_v2/common/../checksum.h **** static inline void crc_accumulate(uint8_t data, uint16_t *crcAccum)
  36:c_library_v2/common/../checksum.h **** {
  30              		.loc 2 36 1 view -0
  31              		.cfi_startproc
  32              		@ args = 0, pretend = 0, frame = 0
  33              		@ frame_needed = 0, uses_anonymous_args = 0
  34              		@ link register save eliminated.
  37:c_library_v2/common/../checksum.h ****         /*Accumulate one byte of data into the CRC*/
  38:c_library_v2/common/../checksum.h ****         uint8_t tmp;
  35              		.loc 2 38 9 view .LVU1
  39:c_library_v2/common/../checksum.h **** 
  40:c_library_v2/common/../checksum.h ****         tmp = data ^ (uint8_t)(*crcAccum &0xff);
  36              		.loc 2 40 9 view .LVU2
  37              		.loc 2 40 32 is_stmt 0 view .LVU3
  38 0000 0B88     		ldrh	r3, [r1]
  39              		.loc 2 40 22 view .LVU4
  40 0002 DAB2     		uxtb	r2, r3
  41              		.loc 2 40 13 view .LVU5
  42 0004 5040     		eors	r0, r0, r2
  43              	.LVL1:
  41:c_library_v2/common/../checksum.h ****         tmp ^= (tmp<<4);
  44              		.loc 2 41 9 is_stmt 1 view .LVU6
  45              		.loc 2 41 13 is_stmt 0 view .LVU7
  46 0006 80EA0010 		eor	r0, r0, r0, lsl #4
  47              	.LVL2:
  48              		.loc 2 41 13 view .LVU8
  49 000a C0B2     		uxtb	r0, r0
  50              	.LVL3:
  42:c_library_v2/common/../checksum.h ****         *crcAccum = (*crcAccum>>8) ^ (tmp<<8) ^ (tmp <<3) ^ (tmp>>4);
  51              		.loc 2 42 9 is_stmt 1 view .LVU9
  52              		.loc 2 42 36 is_stmt 0 view .LVU10
  53 000c 1B0A     		lsrs	r3, r3, #8
  54 000e 43EA0023 		orr	r3, r3, r0, lsl #8
  55 0012 1BB2     		sxth	r3, r3
  56              		.loc 2 42 47 view .LVU11
  57 0014 83EAC003 		eor	r3, r3, r0, lsl #3
  58              		.loc 2 42 59 view .LVU12
  59 0018 83EA1013 		eor	r3, r3, r0, lsr #4
  60              		.loc 2 42 19 view .LVU13
  61 001c 0B80     		strh	r3, [r1]	@ movhi
  43:c_library_v2/common/../checksum.h **** }
  62              		.loc 2 43 1 view .LVU14
  63 001e 7047     		bx	lr
  64              		.cfi_endproc
  65              	.LFE0:
  67              		.section	.text.mavlink_sha256_calc,"ax",%progbits
  68              		.align	1
  69              		.syntax unified
  70              		.thumb
  71              		.thumb_func
  73              	mavlink_sha256_calc:
  74              	.LVL4:
ARM GAS  /tmp/ccNOss9U.s 			page 3


  75              	.LFB14:
  76              		.file 3 "c_library_v2/common/../mavlink_sha256.h"
   1:c_library_v2/common/../mavlink_sha256.h **** #pragma once
   2:c_library_v2/common/../mavlink_sha256.h **** 
   3:c_library_v2/common/../mavlink_sha256.h **** /*
   4:c_library_v2/common/../mavlink_sha256.h ****   sha-256 implementation for MAVLink based on Heimdal sources, with
   5:c_library_v2/common/../mavlink_sha256.h ****   modifications to suit mavlink headers
   6:c_library_v2/common/../mavlink_sha256.h ****  */
   7:c_library_v2/common/../mavlink_sha256.h **** /*
   8:c_library_v2/common/../mavlink_sha256.h ****  * Copyright (c) 1995 - 2001 Kungliga Tekniska Högskolan
   9:c_library_v2/common/../mavlink_sha256.h ****  * (Royal Institute of Technology, Stockholm, Sweden).
  10:c_library_v2/common/../mavlink_sha256.h ****  * All rights reserved.
  11:c_library_v2/common/../mavlink_sha256.h ****  * 
  12:c_library_v2/common/../mavlink_sha256.h ****  * Redistribution and use in source and binary forms, with or without
  13:c_library_v2/common/../mavlink_sha256.h ****  * modification, are permitted provided that the following conditions
  14:c_library_v2/common/../mavlink_sha256.h ****  * are met:
  15:c_library_v2/common/../mavlink_sha256.h ****  * 
  16:c_library_v2/common/../mavlink_sha256.h ****  * 1. Redistributions of source code must retain the above copyright
  17:c_library_v2/common/../mavlink_sha256.h ****  *    notice, this list of conditions and the following disclaimer.
  18:c_library_v2/common/../mavlink_sha256.h ****  * 
  19:c_library_v2/common/../mavlink_sha256.h ****  * 2. Redistributions in binary form must reproduce the above copyright
  20:c_library_v2/common/../mavlink_sha256.h ****  *    notice, this list of conditions and the following disclaimer in the
  21:c_library_v2/common/../mavlink_sha256.h ****  *    documentation and/or other materials provided with the distribution.
  22:c_library_v2/common/../mavlink_sha256.h ****  * 
  23:c_library_v2/common/../mavlink_sha256.h ****  * 3. Neither the name of the Institute nor the names of its contributors
  24:c_library_v2/common/../mavlink_sha256.h ****  *    may be used to endorse or promote products derived from this software
  25:c_library_v2/common/../mavlink_sha256.h ****  *    without specific prior written permission.
  26:c_library_v2/common/../mavlink_sha256.h ****  * 
  27:c_library_v2/common/../mavlink_sha256.h ****  * THIS SOFTWARE IS PROVIDED BY THE INSTITUTE AND CONTRIBUTORS ``AS IS'' AND
  28:c_library_v2/common/../mavlink_sha256.h ****  * ANY EXPRESS OR IMPLIED WARRANTIES, INCLUDING, BUT NOT LIMITED TO, THE
  29:c_library_v2/common/../mavlink_sha256.h ****  * IMPLIED WARRANTIES OF MERCHANTABILITY AND FITNESS FOR A PARTICULAR PURPOSE
  30:c_library_v2/common/../mavlink_sha256.h ****  * ARE DISCLAIMED.  IN NO EVENT SHALL THE INSTITUTE OR CONTRIBUTORS BE LIABLE
  31:c_library_v2/common/../mavlink_sha256.h ****  * FOR ANY DIRECT, INDIRECT, INCIDENTAL, SPECIAL, EXEMPLARY, OR CONSEQUENTIAL
  32:c_library_v2/common/../mavlink_sha256.h ****  * DAMAGES (INCLUDING, BUT NOT LIMITED TO, PROCUREMENT OF SUBSTITUTE GOODS
  33:c_library_v2/common/../mavlink_sha256.h ****  * OR SERVICES; LOSS OF USE, DATA, OR PROFITS; OR BUSINESS INTERRUPTION)
  34:c_library_v2/common/../mavlink_sha256.h ****  * HOWEVER CAUSED AND ON ANY THEORY OF LIABILITY, WHETHER IN CONTRACT, STRICT
  35:c_library_v2/common/../mavlink_sha256.h ****  * LIABILITY, OR TORT (INCLUDING NEGLIGENCE OR OTHERWISE) ARISING IN ANY WAY
  36:c_library_v2/common/../mavlink_sha256.h ****  * OUT OF THE USE OF THIS SOFTWARE, EVEN IF ADVISED OF THE POSSIBILITY OF
  37:c_library_v2/common/../mavlink_sha256.h ****  * SUCH DAMAGE.
  38:c_library_v2/common/../mavlink_sha256.h ****  */
  39:c_library_v2/common/../mavlink_sha256.h **** 
  40:c_library_v2/common/../mavlink_sha256.h **** /*
  41:c_library_v2/common/../mavlink_sha256.h ****   allow implementation to provide their own sha256 with the same API
  42:c_library_v2/common/../mavlink_sha256.h **** */
  43:c_library_v2/common/../mavlink_sha256.h **** #ifndef HAVE_MAVLINK_SHA256
  44:c_library_v2/common/../mavlink_sha256.h **** 
  45:c_library_v2/common/../mavlink_sha256.h **** #ifdef MAVLINK_USE_CXX_NAMESPACE
  46:c_library_v2/common/../mavlink_sha256.h **** namespace mavlink {
  47:c_library_v2/common/../mavlink_sha256.h **** #endif
  48:c_library_v2/common/../mavlink_sha256.h **** 
  49:c_library_v2/common/../mavlink_sha256.h **** #ifndef MAVLINK_HELPER
  50:c_library_v2/common/../mavlink_sha256.h **** #define MAVLINK_HELPER
  51:c_library_v2/common/../mavlink_sha256.h **** #endif
  52:c_library_v2/common/../mavlink_sha256.h **** 
  53:c_library_v2/common/../mavlink_sha256.h **** typedef struct {
  54:c_library_v2/common/../mavlink_sha256.h ****   uint32_t sz[2];
  55:c_library_v2/common/../mavlink_sha256.h ****   uint32_t counter[8];
ARM GAS  /tmp/ccNOss9U.s 			page 4


  56:c_library_v2/common/../mavlink_sha256.h ****   union {
  57:c_library_v2/common/../mavlink_sha256.h ****       unsigned char save_bytes[64];
  58:c_library_v2/common/../mavlink_sha256.h ****       uint32_t save_u32[16];
  59:c_library_v2/common/../mavlink_sha256.h ****   } u;
  60:c_library_v2/common/../mavlink_sha256.h **** } mavlink_sha256_ctx;
  61:c_library_v2/common/../mavlink_sha256.h **** 
  62:c_library_v2/common/../mavlink_sha256.h **** #define Ch(x,y,z) (((x) & (y)) ^ ((~(x)) & (z)))
  63:c_library_v2/common/../mavlink_sha256.h **** #define Maj(x,y,z) (((x) & (y)) ^ ((x) & (z)) ^ ((y) & (z)))
  64:c_library_v2/common/../mavlink_sha256.h **** 
  65:c_library_v2/common/../mavlink_sha256.h **** #define ROTR(x,n)   (((x)>>(n)) | ((x) << (32 - (n))))
  66:c_library_v2/common/../mavlink_sha256.h **** 
  67:c_library_v2/common/../mavlink_sha256.h **** #define Sigma0(x)	(ROTR(x,2)  ^ ROTR(x,13) ^ ROTR(x,22))
  68:c_library_v2/common/../mavlink_sha256.h **** #define Sigma1(x)	(ROTR(x,6)  ^ ROTR(x,11) ^ ROTR(x,25))
  69:c_library_v2/common/../mavlink_sha256.h **** #define sigma0(x)	(ROTR(x,7)  ^ ROTR(x,18) ^ ((x)>>3))
  70:c_library_v2/common/../mavlink_sha256.h **** #define sigma1(x)	(ROTR(x,17) ^ ROTR(x,19) ^ ((x)>>10))
  71:c_library_v2/common/../mavlink_sha256.h **** 
  72:c_library_v2/common/../mavlink_sha256.h **** static const uint32_t mavlink_sha256_constant_256[64] = {
  73:c_library_v2/common/../mavlink_sha256.h ****     0x428a2f98, 0x71374491, 0xb5c0fbcf, 0xe9b5dba5,
  74:c_library_v2/common/../mavlink_sha256.h ****     0x3956c25b, 0x59f111f1, 0x923f82a4, 0xab1c5ed5,
  75:c_library_v2/common/../mavlink_sha256.h ****     0xd807aa98, 0x12835b01, 0x243185be, 0x550c7dc3,
  76:c_library_v2/common/../mavlink_sha256.h ****     0x72be5d74, 0x80deb1fe, 0x9bdc06a7, 0xc19bf174,
  77:c_library_v2/common/../mavlink_sha256.h ****     0xe49b69c1, 0xefbe4786, 0x0fc19dc6, 0x240ca1cc,
  78:c_library_v2/common/../mavlink_sha256.h ****     0x2de92c6f, 0x4a7484aa, 0x5cb0a9dc, 0x76f988da,
  79:c_library_v2/common/../mavlink_sha256.h ****     0x983e5152, 0xa831c66d, 0xb00327c8, 0xbf597fc7,
  80:c_library_v2/common/../mavlink_sha256.h ****     0xc6e00bf3, 0xd5a79147, 0x06ca6351, 0x14292967,
  81:c_library_v2/common/../mavlink_sha256.h ****     0x27b70a85, 0x2e1b2138, 0x4d2c6dfc, 0x53380d13,
  82:c_library_v2/common/../mavlink_sha256.h ****     0x650a7354, 0x766a0abb, 0x81c2c92e, 0x92722c85,
  83:c_library_v2/common/../mavlink_sha256.h ****     0xa2bfe8a1, 0xa81a664b, 0xc24b8b70, 0xc76c51a3,
  84:c_library_v2/common/../mavlink_sha256.h ****     0xd192e819, 0xd6990624, 0xf40e3585, 0x106aa070,
  85:c_library_v2/common/../mavlink_sha256.h ****     0x19a4c116, 0x1e376c08, 0x2748774c, 0x34b0bcb5,
  86:c_library_v2/common/../mavlink_sha256.h ****     0x391c0cb3, 0x4ed8aa4a, 0x5b9cca4f, 0x682e6ff3,
  87:c_library_v2/common/../mavlink_sha256.h ****     0x748f82ee, 0x78a5636f, 0x84c87814, 0x8cc70208,
  88:c_library_v2/common/../mavlink_sha256.h ****     0x90befffa, 0xa4506ceb, 0xbef9a3f7, 0xc67178f2
  89:c_library_v2/common/../mavlink_sha256.h **** };
  90:c_library_v2/common/../mavlink_sha256.h **** 
  91:c_library_v2/common/../mavlink_sha256.h **** MAVLINK_HELPER void mavlink_sha256_init(mavlink_sha256_ctx *m)
  92:c_library_v2/common/../mavlink_sha256.h **** {
  93:c_library_v2/common/../mavlink_sha256.h ****     m->sz[0] = 0;
  94:c_library_v2/common/../mavlink_sha256.h ****     m->sz[1] = 0;
  95:c_library_v2/common/../mavlink_sha256.h ****     m->counter[0] = 0x6a09e667;
  96:c_library_v2/common/../mavlink_sha256.h ****     m->counter[1] = 0xbb67ae85;
  97:c_library_v2/common/../mavlink_sha256.h ****     m->counter[2] = 0x3c6ef372;
  98:c_library_v2/common/../mavlink_sha256.h ****     m->counter[3] = 0xa54ff53a;
  99:c_library_v2/common/../mavlink_sha256.h ****     m->counter[4] = 0x510e527f;
 100:c_library_v2/common/../mavlink_sha256.h ****     m->counter[5] = 0x9b05688c;
 101:c_library_v2/common/../mavlink_sha256.h ****     m->counter[6] = 0x1f83d9ab;
 102:c_library_v2/common/../mavlink_sha256.h ****     m->counter[7] = 0x5be0cd19;
 103:c_library_v2/common/../mavlink_sha256.h **** }
 104:c_library_v2/common/../mavlink_sha256.h **** 
 105:c_library_v2/common/../mavlink_sha256.h **** static inline void mavlink_sha256_calc(mavlink_sha256_ctx *m, uint32_t *in)
 106:c_library_v2/common/../mavlink_sha256.h **** {
  77              		.loc 3 106 1 is_stmt 1 view -0
  78              		.cfi_startproc
  79              		@ args = 0, pretend = 0, frame = 288
  80              		@ frame_needed = 0, uses_anonymous_args = 0
  81              		.loc 3 106 1 is_stmt 0 view .LVU16
  82 0000 2DE9F04F 		push	{r4, r5, r6, r7, r8, r9, r10, fp, lr}
ARM GAS  /tmp/ccNOss9U.s 			page 5


  83              	.LCFI0:
  84              		.cfi_def_cfa_offset 36
  85              		.cfi_offset 4, -36
  86              		.cfi_offset 5, -32
  87              		.cfi_offset 6, -28
  88              		.cfi_offset 7, -24
  89              		.cfi_offset 8, -20
  90              		.cfi_offset 9, -16
  91              		.cfi_offset 10, -12
  92              		.cfi_offset 11, -8
  93              		.cfi_offset 14, -4
  94 0004 C9B0     		sub	sp, sp, #292
  95              	.LCFI1:
  96              		.cfi_def_cfa_offset 328
  97 0006 8146     		mov	r9, r0
  98 0008 0C46     		mov	r4, r1
 107:c_library_v2/common/../mavlink_sha256.h ****     uint32_t AA, BB, CC, DD, EE, FF, GG, HH;
  99              		.loc 3 107 5 is_stmt 1 view .LVU17
 108:c_library_v2/common/../mavlink_sha256.h ****     uint32_t data[64];
 100              		.loc 3 108 5 view .LVU18
 109:c_library_v2/common/../mavlink_sha256.h ****     int i;
 101              		.loc 3 109 5 view .LVU19
 110:c_library_v2/common/../mavlink_sha256.h **** 
 111:c_library_v2/common/../mavlink_sha256.h ****     AA = m->counter[0];
 102              		.loc 3 111 5 view .LVU20
 103              		.loc 3 111 8 is_stmt 0 view .LVU21
 104 000a D0F808A0 		ldr	r10, [r0, #8]
 105              	.LVL5:
 112:c_library_v2/common/../mavlink_sha256.h ****     BB = m->counter[1];
 106              		.loc 3 112 5 is_stmt 1 view .LVU22
 107              		.loc 3 112 8 is_stmt 0 view .LVU23
 108 000e D0F80CB0 		ldr	fp, [r0, #12]
 109              	.LVL6:
 113:c_library_v2/common/../mavlink_sha256.h ****     CC = m->counter[2];
 110              		.loc 3 113 5 is_stmt 1 view .LVU24
 111              		.loc 3 113 8 is_stmt 0 view .LVU25
 112 0012 0369     		ldr	r3, [r0, #16]
 113 0014 0193     		str	r3, [sp, #4]
 114              	.LVL7:
 114:c_library_v2/common/../mavlink_sha256.h ****     DD = m->counter[3];
 115              		.loc 3 114 5 is_stmt 1 view .LVU26
 116              		.loc 3 114 8 is_stmt 0 view .LVU27
 117 0016 4169     		ldr	r1, [r0, #20]
 118              	.LVL8:
 115:c_library_v2/common/../mavlink_sha256.h ****     EE = m->counter[4];
 119              		.loc 3 115 5 is_stmt 1 view .LVU28
 120              		.loc 3 115 8 is_stmt 0 view .LVU29
 121 0018 8369     		ldr	r3, [r0, #24]
 122              	.LVL9:
 116:c_library_v2/common/../mavlink_sha256.h ****     FF = m->counter[5];
 123              		.loc 3 116 5 is_stmt 1 view .LVU30
 124              		.loc 3 116 8 is_stmt 0 view .LVU31
 125 001a C269     		ldr	r2, [r0, #28]
 126 001c 0292     		str	r2, [sp, #8]
 127              	.LVL10:
 117:c_library_v2/common/../mavlink_sha256.h ****     GG = m->counter[6];
 128              		.loc 3 117 5 is_stmt 1 view .LVU32
ARM GAS  /tmp/ccNOss9U.s 			page 6


 129              		.loc 3 117 8 is_stmt 0 view .LVU33
 130 001e 026A     		ldr	r2, [r0, #32]
 131              	.LVL11:
 132              		.loc 3 117 8 view .LVU34
 133 0020 0392     		str	r2, [sp, #12]
 134              	.LVL12:
 118:c_library_v2/common/../mavlink_sha256.h ****     HH = m->counter[7];
 135              		.loc 3 118 5 is_stmt 1 view .LVU35
 136              		.loc 3 118 8 is_stmt 0 view .LVU36
 137 0022 426A     		ldr	r2, [r0, #36]
 138              	.LVL13:
 139              		.loc 3 118 8 view .LVU37
 140 0024 0492     		str	r2, [sp, #16]
 141              	.LVL14:
 119:c_library_v2/common/../mavlink_sha256.h **** 
 120:c_library_v2/common/../mavlink_sha256.h ****     for (i = 0; i < 16; ++i)
 142              		.loc 3 120 5 is_stmt 1 view .LVU38
 143              		.loc 3 120 12 is_stmt 0 view .LVU39
 144 0026 0020     		movs	r0, #0
 145              	.LVL15:
 146              		.loc 3 120 5 view .LVU40
 147 0028 05E0     		b	.L3
 148              	.LVL16:
 149              	.L4:
 121:c_library_v2/common/../mavlink_sha256.h **** 	data[i] = in[i];
 150              		.loc 3 121 2 is_stmt 1 discriminator 3 view .LVU41
 151              		.loc 3 121 14 is_stmt 0 discriminator 3 view .LVU42
 152 002a 54F82020 		ldr	r2, [r4, r0, lsl #2]
 153              		.loc 3 121 10 discriminator 3 view .LVU43
 154 002e 08AD     		add	r5, sp, #32
 155 0030 45F82020 		str	r2, [r5, r0, lsl #2]
 120:c_library_v2/common/../mavlink_sha256.h **** 	data[i] = in[i];
 156              		.loc 3 120 25 is_stmt 1 discriminator 3 view .LVU44
 157 0034 0130     		adds	r0, r0, #1
 158              	.LVL17:
 159              	.L3:
 120:c_library_v2/common/../mavlink_sha256.h **** 	data[i] = in[i];
 160              		.loc 3 120 19 discriminator 1 view .LVU45
 161 0036 0F28     		cmp	r0, #15
 162 0038 F7DD     		ble	.L4
 122:c_library_v2/common/../mavlink_sha256.h ****     for (i = 16; i < 64; ++i)
 163              		.loc 3 122 12 is_stmt 0 view .LVU46
 164 003a 1020     		movs	r0, #16
 165              	.LVL18:
 166              		.loc 3 122 12 view .LVU47
 167 003c 22E0     		b	.L5
 168              	.LVL19:
 169              	.L6:
 123:c_library_v2/common/../mavlink_sha256.h **** 	data[i] = sigma1(data[i-2]) + data[i-7] + 
 170              		.loc 3 123 2 is_stmt 1 discriminator 3 view .LVU48
 171              		.loc 3 123 12 is_stmt 0 discriminator 3 view .LVU49
 172 003e 821E     		subs	r2, r0, #2
 173 0040 08AC     		add	r4, sp, #32
 174 0042 54F82240 		ldr	r4, [r4, r2, lsl #2]
 175 0046 4FEAF442 		ror	r2, r4, #19
 176 004a 82EA7442 		eor	r2, r2, r4, ror #17
 177 004e 82EA9422 		eor	r2, r2, r4, lsr #10
ARM GAS  /tmp/ccNOss9U.s 			page 7


 178              		.loc 3 123 38 discriminator 3 view .LVU50
 179 0052 C41F     		subs	r4, r0, #7
 180              		.loc 3 123 36 discriminator 3 view .LVU51
 181 0054 08AD     		add	r5, sp, #32
 182 0056 55F82440 		ldr	r4, [r5, r4, lsl #2]
 183              		.loc 3 123 30 discriminator 3 view .LVU52
 184 005a 2244     		add	r2, r2, r4
 124:c_library_v2/common/../mavlink_sha256.h **** 	    sigma0(data[i-15]) + data[i - 16];
 185              		.loc 3 124 6 discriminator 3 view .LVU53
 186 005c A0F10F04 		sub	r4, r0, #15
 187 0060 55F82450 		ldr	r5, [r5, r4, lsl #2]
 188 0064 4FEAB544 		ror	r4, r5, #18
 189 0068 84EAF514 		eor	r4, r4, r5, ror #7
 190 006c 84EAD504 		eor	r4, r4, r5, lsr #3
 123:c_library_v2/common/../mavlink_sha256.h **** 	data[i] = sigma1(data[i-2]) + data[i-7] + 
 191              		.loc 3 123 42 discriminator 3 view .LVU54
 192 0070 2244     		add	r2, r2, r4
 193              		.loc 3 124 34 discriminator 3 view .LVU55
 194 0072 A0F11004 		sub	r4, r0, #16
 195              		.loc 3 124 31 discriminator 3 view .LVU56
 196 0076 08AD     		add	r5, sp, #32
 197 0078 55F82440 		ldr	r4, [r5, r4, lsl #2]
 198              		.loc 3 124 25 discriminator 3 view .LVU57
 199 007c 2244     		add	r2, r2, r4
 123:c_library_v2/common/../mavlink_sha256.h **** 	data[i] = sigma1(data[i-2]) + data[i-7] + 
 200              		.loc 3 123 10 discriminator 3 view .LVU58
 201 007e 45F82020 		str	r2, [r5, r0, lsl #2]
 122:c_library_v2/common/../mavlink_sha256.h ****     for (i = 16; i < 64; ++i)
 202              		.loc 3 122 26 is_stmt 1 discriminator 3 view .LVU59
 203 0082 0130     		adds	r0, r0, #1
 204              	.LVL20:
 205              	.L5:
 122:c_library_v2/common/../mavlink_sha256.h ****     for (i = 16; i < 64; ++i)
 206              		.loc 3 122 20 discriminator 1 view .LVU60
 207 0084 3F28     		cmp	r0, #63
 208 0086 DADD     		ble	.L6
 118:c_library_v2/common/../mavlink_sha256.h **** 
 209              		.loc 3 118 8 is_stmt 0 view .LVU61
 210 0088 DDF810E0 		ldr	lr, [sp, #16]
 117:c_library_v2/common/../mavlink_sha256.h ****     HH = m->counter[7];
 211              		.loc 3 117 8 view .LVU62
 212 008c 039E     		ldr	r6, [sp, #12]
 116:c_library_v2/common/../mavlink_sha256.h ****     GG = m->counter[6];
 213              		.loc 3 116 8 view .LVU63
 214 008e 029F     		ldr	r7, [sp, #8]
 115:c_library_v2/common/../mavlink_sha256.h ****     FF = m->counter[5];
 215              		.loc 3 115 8 view .LVU64
 216 0090 1A46     		mov	r2, r3
 114:c_library_v2/common/../mavlink_sha256.h ****     EE = m->counter[4];
 217              		.loc 3 114 8 view .LVU65
 218 0092 8846     		mov	r8, r1
 113:c_library_v2/common/../mavlink_sha256.h ****     DD = m->counter[3];
 219              		.loc 3 113 8 view .LVU66
 220 0094 019C     		ldr	r4, [sp, #4]
 112:c_library_v2/common/../mavlink_sha256.h ****     CC = m->counter[2];
 221              		.loc 3 112 8 view .LVU67
 222 0096 5D46     		mov	r5, fp
ARM GAS  /tmp/ccNOss9U.s 			page 8


 111:c_library_v2/common/../mavlink_sha256.h ****     BB = m->counter[1];
 223              		.loc 3 111 8 view .LVU68
 224 0098 D446     		mov	ip, r10
 125:c_library_v2/common/../mavlink_sha256.h **** 
 126:c_library_v2/common/../mavlink_sha256.h ****     for (i = 0; i < 64; i++) {
 225              		.loc 3 126 12 view .LVU69
 226 009a 0020     		movs	r0, #0
 227              	.LVL21:
 228              		.loc 3 126 12 view .LVU70
 229 009c CDF814A0 		str	r10, [sp, #20]
 230 00a0 CDF818B0 		str	fp, [sp, #24]
 231 00a4 0791     		str	r1, [sp, #28]
 232 00a6 30E0     		b	.L7
 233              	.LVL22:
 234              	.L8:
 235              	.LBB59:
 127:c_library_v2/common/../mavlink_sha256.h **** 	uint32_t T1, T2;
 236              		.loc 3 127 2 is_stmt 1 discriminator 3 view .LVU71
 128:c_library_v2/common/../mavlink_sha256.h **** 
 129:c_library_v2/common/../mavlink_sha256.h **** 	T1 = HH + Sigma1(EE) + Ch(EE, FF, GG) + mavlink_sha256_constant_256[i] + data[i];
 237              		.loc 3 129 2 discriminator 3 view .LVU72
 238              		.loc 3 129 12 is_stmt 0 discriminator 3 view .LVU73
 239 00a8 4FEAF221 		ror	r1, r2, #11
 240 00ac 81EAB211 		eor	r1, r1, r2, ror #6
 241 00b0 81EA7261 		eor	r1, r1, r2, ror #25
 242              		.loc 3 129 10 discriminator 3 view .LVU74
 243 00b4 7144     		add	r1, r1, lr
 244              		.loc 3 129 25 discriminator 3 view .LVU75
 245 00b6 02EA070E 		and	lr, r2, r7
 246              	.LVL23:
 247              		.loc 3 129 25 discriminator 3 view .LVU76
 248 00ba 26EA020A 		bic	r10, r6, r2
 249 00be 8EEA0A0E 		eor	lr, lr, r10
 250              		.loc 3 129 23 discriminator 3 view .LVU77
 251 00c2 8E44     		add	lr, lr, r1
 252              		.loc 3 129 69 discriminator 3 view .LVU78
 253 00c4 2449     		ldr	r1, .L10
 254 00c6 51F82010 		ldr	r1, [r1, r0, lsl #2]
 255              		.loc 3 129 40 discriminator 3 view .LVU79
 256 00ca 0EEB010A 		add	r10, lr, r1
 257              		.loc 3 129 79 discriminator 3 view .LVU80
 258 00ce 08A9     		add	r1, sp, #32
 259 00d0 51F82010 		ldr	r1, [r1, r0, lsl #2]
 260              		.loc 3 129 5 discriminator 3 view .LVU81
 261 00d4 8A44     		add	r10, r10, r1
 262              	.LVL24:
 130:c_library_v2/common/../mavlink_sha256.h **** 	T2 = Sigma0(AA) + Maj(AA,BB,CC);
 263              		.loc 3 130 2 is_stmt 1 discriminator 3 view .LVU82
 264              		.loc 3 130 7 is_stmt 0 discriminator 3 view .LVU83
 265 00d6 4FEA7C3E 		ror	lr, ip, #13
 266 00da 8EEABC0E 		eor	lr, lr, ip, ror #2
 267 00de 8EEABC5E 		eor	lr, lr, ip, ror #22
 268              		.loc 3 130 20 discriminator 3 view .LVU84
 269 00e2 85EA0401 		eor	r1, r5, r4
 270 00e6 01EA0C01 		and	r1, r1, ip
 271 00ea 05EA040B 		and	fp, r5, r4
 272 00ee 81EA0B01 		eor	r1, r1, fp
ARM GAS  /tmp/ccNOss9U.s 			page 9


 273              		.loc 3 130 5 discriminator 3 view .LVU85
 274 00f2 7144     		add	r1, r1, lr
 275              	.LVL25:
 131:c_library_v2/common/../mavlink_sha256.h **** 			     
 132:c_library_v2/common/../mavlink_sha256.h **** 	HH = GG;
 276              		.loc 3 132 2 is_stmt 1 discriminator 3 view .LVU86
 133:c_library_v2/common/../mavlink_sha256.h **** 	GG = FF;
 277              		.loc 3 133 2 discriminator 3 view .LVU87
 134:c_library_v2/common/../mavlink_sha256.h **** 	FF = EE;
 278              		.loc 3 134 2 discriminator 3 view .LVU88
 135:c_library_v2/common/../mavlink_sha256.h **** 	EE = DD + T1;
 279              		.loc 3 135 2 discriminator 3 view .LVU89
 136:c_library_v2/common/../mavlink_sha256.h **** 	DD = CC;
 280              		.loc 3 136 2 discriminator 3 view .LVU90
 137:c_library_v2/common/../mavlink_sha256.h **** 	CC = BB;
 281              		.loc 3 137 2 discriminator 3 view .LVU91
 138:c_library_v2/common/../mavlink_sha256.h **** 	BB = AA;
 282              		.loc 3 138 2 discriminator 3 view .LVU92
 139:c_library_v2/common/../mavlink_sha256.h **** 	AA = T1 + T2;
 283              		.loc 3 139 2 discriminator 3 view .LVU93
 284              		.loc 3 139 2 is_stmt 0 discriminator 3 view .LVU94
 285              	.LBE59:
 126:c_library_v2/common/../mavlink_sha256.h **** 	uint32_t T1, T2;
 286              		.loc 3 126 26 is_stmt 1 discriminator 3 view .LVU95
 287 00f4 0130     		adds	r0, r0, #1
 288              	.LVL26:
 289              	.LBB60:
 132:c_library_v2/common/../mavlink_sha256.h **** 	GG = FF;
 290              		.loc 3 132 5 is_stmt 0 discriminator 3 view .LVU96
 291 00f6 B646     		mov	lr, r6
 133:c_library_v2/common/../mavlink_sha256.h **** 	FF = EE;
 292              		.loc 3 133 5 discriminator 3 view .LVU97
 293 00f8 3E46     		mov	r6, r7
 294              	.LVL27:
 134:c_library_v2/common/../mavlink_sha256.h **** 	EE = DD + T1;
 295              		.loc 3 134 5 discriminator 3 view .LVU98
 296 00fa 1746     		mov	r7, r2
 297              	.LVL28:
 135:c_library_v2/common/../mavlink_sha256.h **** 	DD = CC;
 298              		.loc 3 135 5 discriminator 3 view .LVU99
 299 00fc 08EB0A02 		add	r2, r8, r10
 300              	.LVL29:
 136:c_library_v2/common/../mavlink_sha256.h **** 	CC = BB;
 301              		.loc 3 136 5 discriminator 3 view .LVU100
 302 0100 A046     		mov	r8, r4
 137:c_library_v2/common/../mavlink_sha256.h **** 	BB = AA;
 303              		.loc 3 137 5 discriminator 3 view .LVU101
 304 0102 2C46     		mov	r4, r5
 305              	.LVL30:
 138:c_library_v2/common/../mavlink_sha256.h **** 	AA = T1 + T2;
 306              		.loc 3 138 5 discriminator 3 view .LVU102
 307 0104 6546     		mov	r5, ip
 308              	.LVL31:
 309              		.loc 3 139 5 discriminator 3 view .LVU103
 310 0106 0AEB010C 		add	ip, r10, r1
 311              	.LVL32:
 312              	.L7:
ARM GAS  /tmp/ccNOss9U.s 			page 10


 313              		.loc 3 139 5 discriminator 3 view .LVU104
 314              	.LBE60:
 126:c_library_v2/common/../mavlink_sha256.h **** 	uint32_t T1, T2;
 315              		.loc 3 126 19 is_stmt 1 discriminator 1 view .LVU105
 316 010a 3F28     		cmp	r0, #63
 317 010c CCDD     		ble	.L8
 140:c_library_v2/common/../mavlink_sha256.h ****     }
 141:c_library_v2/common/../mavlink_sha256.h **** 
 142:c_library_v2/common/../mavlink_sha256.h ****     m->counter[0] += AA;
 318              		.loc 3 142 19 is_stmt 0 view .LVU106
 319 010e DDF814A0 		ldr	r10, [sp, #20]
 320 0112 DDF818B0 		ldr	fp, [sp, #24]
 321 0116 0799     		ldr	r1, [sp, #28]
 322              		.loc 3 142 5 is_stmt 1 view .LVU107
 323              		.loc 3 142 19 is_stmt 0 view .LVU108
 324 0118 0CEB0A00 		add	r0, ip, r10
 325              	.LVL33:
 326              		.loc 3 142 19 view .LVU109
 327 011c C9F80800 		str	r0, [r9, #8]
 143:c_library_v2/common/../mavlink_sha256.h ****     m->counter[1] += BB;
 328              		.loc 3 143 5 is_stmt 1 view .LVU110
 329              		.loc 3 143 19 is_stmt 0 view .LVU111
 330 0120 5D44     		add	r5, r5, fp
 331              	.LVL34:
 332              		.loc 3 143 19 view .LVU112
 333 0122 C9F80C50 		str	r5, [r9, #12]
 144:c_library_v2/common/../mavlink_sha256.h ****     m->counter[2] += CC;
 334              		.loc 3 144 5 is_stmt 1 view .LVU113
 335              		.loc 3 144 19 is_stmt 0 view .LVU114
 336 0126 0198     		ldr	r0, [sp, #4]
 337 0128 0444     		add	r4, r4, r0
 338              	.LVL35:
 339              		.loc 3 144 19 view .LVU115
 340 012a C9F81040 		str	r4, [r9, #16]
 145:c_library_v2/common/../mavlink_sha256.h ****     m->counter[3] += DD;
 341              		.loc 3 145 5 is_stmt 1 view .LVU116
 342              		.loc 3 145 19 is_stmt 0 view .LVU117
 343 012e 4144     		add	r1, r1, r8
 344 0130 C9F81410 		str	r1, [r9, #20]
 146:c_library_v2/common/../mavlink_sha256.h ****     m->counter[4] += EE;
 345              		.loc 3 146 5 is_stmt 1 view .LVU118
 346              		.loc 3 146 19 is_stmt 0 view .LVU119
 347 0134 1A44     		add	r2, r2, r3
 348              	.LVL36:
 349              		.loc 3 146 19 view .LVU120
 350 0136 C9F81820 		str	r2, [r9, #24]
 147:c_library_v2/common/../mavlink_sha256.h ****     m->counter[5] += FF;
 351              		.loc 3 147 5 is_stmt 1 view .LVU121
 352              		.loc 3 147 19 is_stmt 0 view .LVU122
 353 013a 029B     		ldr	r3, [sp, #8]
 354 013c 1F44     		add	r7, r7, r3
 355              	.LVL37:
 356              		.loc 3 147 19 view .LVU123
 357 013e C9F81C70 		str	r7, [r9, #28]
 148:c_library_v2/common/../mavlink_sha256.h ****     m->counter[6] += GG;
 358              		.loc 3 148 5 is_stmt 1 view .LVU124
 359              		.loc 3 148 19 is_stmt 0 view .LVU125
ARM GAS  /tmp/ccNOss9U.s 			page 11


 360 0142 039B     		ldr	r3, [sp, #12]
 361 0144 1E44     		add	r6, r6, r3
 362              	.LVL38:
 363              		.loc 3 148 19 view .LVU126
 364 0146 C9F82060 		str	r6, [r9, #32]
 149:c_library_v2/common/../mavlink_sha256.h ****     m->counter[7] += HH;
 365              		.loc 3 149 5 is_stmt 1 view .LVU127
 366              		.loc 3 149 19 is_stmt 0 view .LVU128
 367 014a 049B     		ldr	r3, [sp, #16]
 368 014c 7344     		add	r3, r3, lr
 369 014e C9F82430 		str	r3, [r9, #36]
 150:c_library_v2/common/../mavlink_sha256.h **** }
 370              		.loc 3 150 1 view .LVU129
 371 0152 49B0     		add	sp, sp, #292
 372              	.LCFI2:
 373              		.cfi_def_cfa_offset 36
 374              		@ sp needed
 375 0154 BDE8F08F 		pop	{r4, r5, r6, r7, r8, r9, r10, fp, pc}
 376              	.LVL39:
 377              	.L11:
 378              		.loc 3 150 1 view .LVU130
 379              		.align	2
 380              	.L10:
 381 0158 00000000 		.word	mavlink_sha256_constant_256
 382              		.cfi_endproc
 383              	.LFE14:
 385              		.section	.text.mavlink_get_msg_entry,"ax",%progbits
 386              		.align	1
 387              		.syntax unified
 388              		.thumb
 389              		.thumb_func
 391              	mavlink_get_msg_entry:
 392              	.LVL40:
 393              	.LFB30:
 394              		.file 4 "c_library_v2/common/../mavlink_helpers.h"
   1:c_library_v2/common/../mavlink_helpers.h **** #pragma once
   2:c_library_v2/common/../mavlink_helpers.h **** 
   3:c_library_v2/common/../mavlink_helpers.h **** #include "string.h"
   4:c_library_v2/common/../mavlink_helpers.h **** #include "checksum.h"
   5:c_library_v2/common/../mavlink_helpers.h **** #include "mavlink_types.h"
   6:c_library_v2/common/../mavlink_helpers.h **** #include "mavlink_conversions.h"
   7:c_library_v2/common/../mavlink_helpers.h **** #include <stdio.h>
   8:c_library_v2/common/../mavlink_helpers.h **** 
   9:c_library_v2/common/../mavlink_helpers.h **** #ifndef MAVLINK_HELPER
  10:c_library_v2/common/../mavlink_helpers.h **** #define MAVLINK_HELPER
  11:c_library_v2/common/../mavlink_helpers.h **** #endif
  12:c_library_v2/common/../mavlink_helpers.h **** 
  13:c_library_v2/common/../mavlink_helpers.h **** #include "mavlink_sha256.h"
  14:c_library_v2/common/../mavlink_helpers.h **** 
  15:c_library_v2/common/../mavlink_helpers.h **** #ifdef MAVLINK_USE_CXX_NAMESPACE
  16:c_library_v2/common/../mavlink_helpers.h **** namespace mavlink {
  17:c_library_v2/common/../mavlink_helpers.h **** #endif
  18:c_library_v2/common/../mavlink_helpers.h **** 
  19:c_library_v2/common/../mavlink_helpers.h **** /*
  20:c_library_v2/common/../mavlink_helpers.h ****  * Internal function to give access to the channel status for each channel
  21:c_library_v2/common/../mavlink_helpers.h ****  */
  22:c_library_v2/common/../mavlink_helpers.h **** #ifndef MAVLINK_GET_CHANNEL_STATUS
ARM GAS  /tmp/ccNOss9U.s 			page 12


  23:c_library_v2/common/../mavlink_helpers.h **** MAVLINK_HELPER mavlink_status_t* mavlink_get_channel_status(uint8_t chan)
  24:c_library_v2/common/../mavlink_helpers.h **** {
  25:c_library_v2/common/../mavlink_helpers.h **** #ifdef MAVLINK_EXTERNAL_RX_STATUS
  26:c_library_v2/common/../mavlink_helpers.h **** 	// No m_mavlink_status array defined in function,
  27:c_library_v2/common/../mavlink_helpers.h **** 	// has to be defined externally
  28:c_library_v2/common/../mavlink_helpers.h **** #else
  29:c_library_v2/common/../mavlink_helpers.h **** 	static mavlink_status_t m_mavlink_status[MAVLINK_COMM_NUM_BUFFERS];
  30:c_library_v2/common/../mavlink_helpers.h **** #endif
  31:c_library_v2/common/../mavlink_helpers.h **** 	return &m_mavlink_status[chan];
  32:c_library_v2/common/../mavlink_helpers.h **** }
  33:c_library_v2/common/../mavlink_helpers.h **** #endif
  34:c_library_v2/common/../mavlink_helpers.h **** 
  35:c_library_v2/common/../mavlink_helpers.h **** /*
  36:c_library_v2/common/../mavlink_helpers.h ****  * Internal function to give access to the channel buffer for each channel
  37:c_library_v2/common/../mavlink_helpers.h ****  */
  38:c_library_v2/common/../mavlink_helpers.h **** #ifndef MAVLINK_GET_CHANNEL_BUFFER
  39:c_library_v2/common/../mavlink_helpers.h **** MAVLINK_HELPER mavlink_message_t* mavlink_get_channel_buffer(uint8_t chan)
  40:c_library_v2/common/../mavlink_helpers.h **** {
  41:c_library_v2/common/../mavlink_helpers.h **** 	
  42:c_library_v2/common/../mavlink_helpers.h **** #ifdef MAVLINK_EXTERNAL_RX_BUFFER
  43:c_library_v2/common/../mavlink_helpers.h **** 	// No m_mavlink_buffer array defined in function,
  44:c_library_v2/common/../mavlink_helpers.h **** 	// has to be defined externally
  45:c_library_v2/common/../mavlink_helpers.h **** #else
  46:c_library_v2/common/../mavlink_helpers.h **** 	static mavlink_message_t m_mavlink_buffer[MAVLINK_COMM_NUM_BUFFERS];
  47:c_library_v2/common/../mavlink_helpers.h **** #endif
  48:c_library_v2/common/../mavlink_helpers.h **** 	return &m_mavlink_buffer[chan];
  49:c_library_v2/common/../mavlink_helpers.h **** }
  50:c_library_v2/common/../mavlink_helpers.h **** #endif // MAVLINK_GET_CHANNEL_BUFFER
  51:c_library_v2/common/../mavlink_helpers.h **** 
  52:c_library_v2/common/../mavlink_helpers.h **** /* Enable this option to check the length of each message.
  53:c_library_v2/common/../mavlink_helpers.h ****     This allows invalid messages to be caught much sooner. Use if the transmission
  54:c_library_v2/common/../mavlink_helpers.h ****     medium is prone to missing (or extra) characters (e.g. a radio that fades in
  55:c_library_v2/common/../mavlink_helpers.h ****     and out). Only use if the channel will only contain messages types listed in
  56:c_library_v2/common/../mavlink_helpers.h ****     the headers.
  57:c_library_v2/common/../mavlink_helpers.h **** */
  58:c_library_v2/common/../mavlink_helpers.h **** //#define MAVLINK_CHECK_MESSAGE_LENGTH
  59:c_library_v2/common/../mavlink_helpers.h **** 
  60:c_library_v2/common/../mavlink_helpers.h **** /**
  61:c_library_v2/common/../mavlink_helpers.h ****  * @brief Reset the status of a channel.
  62:c_library_v2/common/../mavlink_helpers.h ****  */
  63:c_library_v2/common/../mavlink_helpers.h **** MAVLINK_HELPER void mavlink_reset_channel_status(uint8_t chan)
  64:c_library_v2/common/../mavlink_helpers.h **** {
  65:c_library_v2/common/../mavlink_helpers.h **** 	mavlink_status_t *status = mavlink_get_channel_status(chan);
  66:c_library_v2/common/../mavlink_helpers.h **** 	status->parse_state = MAVLINK_PARSE_STATE_IDLE;
  67:c_library_v2/common/../mavlink_helpers.h **** }
  68:c_library_v2/common/../mavlink_helpers.h **** 
  69:c_library_v2/common/../mavlink_helpers.h **** #ifndef MAVLINK_NO_SIGN_PACKET
  70:c_library_v2/common/../mavlink_helpers.h **** /**
  71:c_library_v2/common/../mavlink_helpers.h ****  * @brief create a signature block for a packet
  72:c_library_v2/common/../mavlink_helpers.h ****  */
  73:c_library_v2/common/../mavlink_helpers.h **** MAVLINK_HELPER uint8_t mavlink_sign_packet(mavlink_signing_t *signing,
  74:c_library_v2/common/../mavlink_helpers.h **** 					   uint8_t signature[MAVLINK_SIGNATURE_BLOCK_LEN],
  75:c_library_v2/common/../mavlink_helpers.h **** 					   const uint8_t *header, uint8_t header_len,
  76:c_library_v2/common/../mavlink_helpers.h **** 					   const uint8_t *packet, uint8_t packet_len,
  77:c_library_v2/common/../mavlink_helpers.h **** 					   const uint8_t crc[2])
  78:c_library_v2/common/../mavlink_helpers.h **** {
  79:c_library_v2/common/../mavlink_helpers.h **** 	mavlink_sha256_ctx ctx;
ARM GAS  /tmp/ccNOss9U.s 			page 13


  80:c_library_v2/common/../mavlink_helpers.h **** 	union {
  81:c_library_v2/common/../mavlink_helpers.h **** 	    uint64_t t64;
  82:c_library_v2/common/../mavlink_helpers.h **** 	    uint8_t t8[8];
  83:c_library_v2/common/../mavlink_helpers.h **** 	} tstamp;
  84:c_library_v2/common/../mavlink_helpers.h **** 	if (signing == NULL || !(signing->flags & MAVLINK_SIGNING_FLAG_SIGN_OUTGOING)) {
  85:c_library_v2/common/../mavlink_helpers.h **** 	    return 0;
  86:c_library_v2/common/../mavlink_helpers.h **** 	}
  87:c_library_v2/common/../mavlink_helpers.h **** 	signature[0] = signing->link_id;
  88:c_library_v2/common/../mavlink_helpers.h **** 	tstamp.t64 = signing->timestamp;
  89:c_library_v2/common/../mavlink_helpers.h **** 	memcpy(&signature[1], tstamp.t8, 6);
  90:c_library_v2/common/../mavlink_helpers.h **** 	signing->timestamp++;
  91:c_library_v2/common/../mavlink_helpers.h **** 	
  92:c_library_v2/common/../mavlink_helpers.h **** 	mavlink_sha256_init(&ctx);
  93:c_library_v2/common/../mavlink_helpers.h **** 	mavlink_sha256_update(&ctx, signing->secret_key, sizeof(signing->secret_key));
  94:c_library_v2/common/../mavlink_helpers.h **** 	mavlink_sha256_update(&ctx, header, header_len);
  95:c_library_v2/common/../mavlink_helpers.h **** 	mavlink_sha256_update(&ctx, packet, packet_len);
  96:c_library_v2/common/../mavlink_helpers.h **** 	mavlink_sha256_update(&ctx, crc, 2);
  97:c_library_v2/common/../mavlink_helpers.h **** 	mavlink_sha256_update(&ctx, signature, 7);
  98:c_library_v2/common/../mavlink_helpers.h **** 	mavlink_sha256_final_48(&ctx, &signature[7]);
  99:c_library_v2/common/../mavlink_helpers.h **** 	
 100:c_library_v2/common/../mavlink_helpers.h **** 	return MAVLINK_SIGNATURE_BLOCK_LEN;
 101:c_library_v2/common/../mavlink_helpers.h **** }
 102:c_library_v2/common/../mavlink_helpers.h **** #endif
 103:c_library_v2/common/../mavlink_helpers.h **** 
 104:c_library_v2/common/../mavlink_helpers.h **** /**
 105:c_library_v2/common/../mavlink_helpers.h ****  * @brief Trim payload of any trailing zero-populated bytes (MAVLink 2 only).
 106:c_library_v2/common/../mavlink_helpers.h ****  *
 107:c_library_v2/common/../mavlink_helpers.h ****  * @param payload Serialised payload buffer.
 108:c_library_v2/common/../mavlink_helpers.h ****  * @param length Length of full-width payload buffer.
 109:c_library_v2/common/../mavlink_helpers.h ****  * @return Length of payload after zero-filled bytes are trimmed.
 110:c_library_v2/common/../mavlink_helpers.h ****  */
 111:c_library_v2/common/../mavlink_helpers.h **** MAVLINK_HELPER uint8_t _mav_trim_payload(const char *payload, uint8_t length)
 112:c_library_v2/common/../mavlink_helpers.h **** {
 113:c_library_v2/common/../mavlink_helpers.h **** 	while (length > 1 && payload[length-1] == 0) {
 114:c_library_v2/common/../mavlink_helpers.h **** 		length--;
 115:c_library_v2/common/../mavlink_helpers.h **** 	}
 116:c_library_v2/common/../mavlink_helpers.h **** 	return length;
 117:c_library_v2/common/../mavlink_helpers.h **** }
 118:c_library_v2/common/../mavlink_helpers.h **** 
 119:c_library_v2/common/../mavlink_helpers.h **** #ifndef MAVLINK_NO_SIGNATURE_CHECK
 120:c_library_v2/common/../mavlink_helpers.h **** /**
 121:c_library_v2/common/../mavlink_helpers.h ****  * @brief check a signature block for a packet
 122:c_library_v2/common/../mavlink_helpers.h ****  */
 123:c_library_v2/common/../mavlink_helpers.h **** MAVLINK_HELPER bool mavlink_signature_check(mavlink_signing_t *signing,
 124:c_library_v2/common/../mavlink_helpers.h **** 					    mavlink_signing_streams_t *signing_streams,
 125:c_library_v2/common/../mavlink_helpers.h **** 					    const mavlink_message_t *msg)
 126:c_library_v2/common/../mavlink_helpers.h **** {
 127:c_library_v2/common/../mavlink_helpers.h **** 	if (signing == NULL) {
 128:c_library_v2/common/../mavlink_helpers.h **** 		return true;
 129:c_library_v2/common/../mavlink_helpers.h **** 	}
 130:c_library_v2/common/../mavlink_helpers.h ****         const uint8_t *p = (const uint8_t *)&msg->magic;
 131:c_library_v2/common/../mavlink_helpers.h **** 	const uint8_t *psig = msg->signature;
 132:c_library_v2/common/../mavlink_helpers.h ****         const uint8_t *incoming_signature = psig+7;
 133:c_library_v2/common/../mavlink_helpers.h **** 	mavlink_sha256_ctx ctx;
 134:c_library_v2/common/../mavlink_helpers.h **** 	uint8_t signature[6];
 135:c_library_v2/common/../mavlink_helpers.h **** 	uint16_t i;
 136:c_library_v2/common/../mavlink_helpers.h ****         
ARM GAS  /tmp/ccNOss9U.s 			page 14


 137:c_library_v2/common/../mavlink_helpers.h **** 	mavlink_sha256_init(&ctx);
 138:c_library_v2/common/../mavlink_helpers.h **** 	mavlink_sha256_update(&ctx, signing->secret_key, sizeof(signing->secret_key));
 139:c_library_v2/common/../mavlink_helpers.h **** 	mavlink_sha256_update(&ctx, p, MAVLINK_NUM_HEADER_BYTES);
 140:c_library_v2/common/../mavlink_helpers.h **** 	mavlink_sha256_update(&ctx, _MAV_PAYLOAD(msg), msg->len);
 141:c_library_v2/common/../mavlink_helpers.h **** 	mavlink_sha256_update(&ctx, msg->ck, 2);
 142:c_library_v2/common/../mavlink_helpers.h **** 	mavlink_sha256_update(&ctx, psig, 1+6);
 143:c_library_v2/common/../mavlink_helpers.h **** 	mavlink_sha256_final_48(&ctx, signature);
 144:c_library_v2/common/../mavlink_helpers.h ****         if (memcmp(signature, incoming_signature, 6) != 0) {
 145:c_library_v2/common/../mavlink_helpers.h ****                 signing->last_status = MAVLINK_SIGNING_STATUS_BAD_SIGNATURE;
 146:c_library_v2/common/../mavlink_helpers.h **** 		return false;
 147:c_library_v2/common/../mavlink_helpers.h **** 	}
 148:c_library_v2/common/../mavlink_helpers.h **** 
 149:c_library_v2/common/../mavlink_helpers.h **** 	// now check timestamp
 150:c_library_v2/common/../mavlink_helpers.h **** 	union tstamp {
 151:c_library_v2/common/../mavlink_helpers.h **** 	    uint64_t t64;
 152:c_library_v2/common/../mavlink_helpers.h **** 	    uint8_t t8[8];
 153:c_library_v2/common/../mavlink_helpers.h **** 	} tstamp;
 154:c_library_v2/common/../mavlink_helpers.h **** 	uint8_t link_id = psig[0];
 155:c_library_v2/common/../mavlink_helpers.h **** 	tstamp.t64 = 0;
 156:c_library_v2/common/../mavlink_helpers.h **** 	memcpy(tstamp.t8, psig+1, 6);
 157:c_library_v2/common/../mavlink_helpers.h **** 
 158:c_library_v2/common/../mavlink_helpers.h **** 	if (signing_streams == NULL) {
 159:c_library_v2/common/../mavlink_helpers.h ****                 signing->last_status = MAVLINK_SIGNING_STATUS_NO_STREAMS;
 160:c_library_v2/common/../mavlink_helpers.h ****                 return false;
 161:c_library_v2/common/../mavlink_helpers.h **** 	}
 162:c_library_v2/common/../mavlink_helpers.h **** 	
 163:c_library_v2/common/../mavlink_helpers.h **** 	// find stream
 164:c_library_v2/common/../mavlink_helpers.h **** 	for (i=0; i<signing_streams->num_signing_streams; i++) {
 165:c_library_v2/common/../mavlink_helpers.h **** 		if (msg->sysid == signing_streams->stream[i].sysid &&
 166:c_library_v2/common/../mavlink_helpers.h **** 		    msg->compid == signing_streams->stream[i].compid &&
 167:c_library_v2/common/../mavlink_helpers.h **** 		    link_id == signing_streams->stream[i].link_id) {
 168:c_library_v2/common/../mavlink_helpers.h **** 			break;
 169:c_library_v2/common/../mavlink_helpers.h **** 		}
 170:c_library_v2/common/../mavlink_helpers.h **** 	}
 171:c_library_v2/common/../mavlink_helpers.h **** 	if (i == signing_streams->num_signing_streams) {
 172:c_library_v2/common/../mavlink_helpers.h **** 		if (signing_streams->num_signing_streams >= MAVLINK_MAX_SIGNING_STREAMS) {
 173:c_library_v2/common/../mavlink_helpers.h **** 			// over max number of streams
 174:c_library_v2/common/../mavlink_helpers.h ****                         signing->last_status = MAVLINK_SIGNING_STATUS_TOO_MANY_STREAMS;
 175:c_library_v2/common/../mavlink_helpers.h ****                         return false;
 176:c_library_v2/common/../mavlink_helpers.h **** 		}
 177:c_library_v2/common/../mavlink_helpers.h **** 		// new stream. Only accept if timestamp is not more than 1 minute old
 178:c_library_v2/common/../mavlink_helpers.h **** 		if (tstamp.t64 + 6000*1000UL < signing->timestamp) {
 179:c_library_v2/common/../mavlink_helpers.h ****                         signing->last_status = MAVLINK_SIGNING_STATUS_OLD_TIMESTAMP;
 180:c_library_v2/common/../mavlink_helpers.h ****                         return false;
 181:c_library_v2/common/../mavlink_helpers.h **** 		}
 182:c_library_v2/common/../mavlink_helpers.h **** 		// add new stream
 183:c_library_v2/common/../mavlink_helpers.h **** 		signing_streams->stream[i].sysid = msg->sysid;
 184:c_library_v2/common/../mavlink_helpers.h **** 		signing_streams->stream[i].compid = msg->compid;
 185:c_library_v2/common/../mavlink_helpers.h **** 		signing_streams->stream[i].link_id = link_id;
 186:c_library_v2/common/../mavlink_helpers.h **** 		signing_streams->num_signing_streams++;
 187:c_library_v2/common/../mavlink_helpers.h **** 	} else {
 188:c_library_v2/common/../mavlink_helpers.h **** 		union tstamp last_tstamp;
 189:c_library_v2/common/../mavlink_helpers.h **** 		last_tstamp.t64 = 0;
 190:c_library_v2/common/../mavlink_helpers.h **** 		memcpy(last_tstamp.t8, signing_streams->stream[i].timestamp_bytes, 6);
 191:c_library_v2/common/../mavlink_helpers.h **** 		if (tstamp.t64 <= last_tstamp.t64) {
 192:c_library_v2/common/../mavlink_helpers.h **** 			// repeating old timestamp
 193:c_library_v2/common/../mavlink_helpers.h ****                         signing->last_status = MAVLINK_SIGNING_STATUS_REPLAY;
ARM GAS  /tmp/ccNOss9U.s 			page 15


 194:c_library_v2/common/../mavlink_helpers.h ****                         return false;
 195:c_library_v2/common/../mavlink_helpers.h **** 		}
 196:c_library_v2/common/../mavlink_helpers.h **** 	}
 197:c_library_v2/common/../mavlink_helpers.h **** 
 198:c_library_v2/common/../mavlink_helpers.h **** 	// remember last timestamp
 199:c_library_v2/common/../mavlink_helpers.h **** 	memcpy(signing_streams->stream[i].timestamp_bytes, psig+1, 6);
 200:c_library_v2/common/../mavlink_helpers.h **** 
 201:c_library_v2/common/../mavlink_helpers.h **** 	// our next timestamp must be at least this timestamp
 202:c_library_v2/common/../mavlink_helpers.h **** 	if (tstamp.t64 > signing->timestamp) {
 203:c_library_v2/common/../mavlink_helpers.h **** 		signing->timestamp = tstamp.t64;
 204:c_library_v2/common/../mavlink_helpers.h **** 	}
 205:c_library_v2/common/../mavlink_helpers.h ****         signing->last_status = MAVLINK_SIGNING_STATUS_OK;
 206:c_library_v2/common/../mavlink_helpers.h ****         return true;
 207:c_library_v2/common/../mavlink_helpers.h **** }
 208:c_library_v2/common/../mavlink_helpers.h **** #endif
 209:c_library_v2/common/../mavlink_helpers.h **** 
 210:c_library_v2/common/../mavlink_helpers.h **** 
 211:c_library_v2/common/../mavlink_helpers.h **** /**
 212:c_library_v2/common/../mavlink_helpers.h ****  * @brief Finalize a MAVLink message with channel assignment
 213:c_library_v2/common/../mavlink_helpers.h ****  *
 214:c_library_v2/common/../mavlink_helpers.h ****  * This function calculates the checksum and sets length and aircraft id correctly.
 215:c_library_v2/common/../mavlink_helpers.h ****  * It assumes that the message id and the payload are already correctly set. This function
 216:c_library_v2/common/../mavlink_helpers.h ****  * can also be used if the message header has already been written before (as in mavlink_msg_xxx_pa
 217:c_library_v2/common/../mavlink_helpers.h ****  * instead of mavlink_msg_xxx_pack_headerless), it just introduces little extra overhead.
 218:c_library_v2/common/../mavlink_helpers.h ****  *
 219:c_library_v2/common/../mavlink_helpers.h ****  * @param msg Message to finalize
 220:c_library_v2/common/../mavlink_helpers.h ****  * @param system_id Id of the sending (this) system, 1-127
 221:c_library_v2/common/../mavlink_helpers.h ****  * @param length Message length
 222:c_library_v2/common/../mavlink_helpers.h ****  */
 223:c_library_v2/common/../mavlink_helpers.h **** MAVLINK_HELPER uint16_t mavlink_finalize_message_buffer(mavlink_message_t* msg, uint8_t system_id, 
 224:c_library_v2/common/../mavlink_helpers.h **** 						      mavlink_status_t* status, uint8_t min_length, uint8_t length, uint8_t crc_extra)
 225:c_library_v2/common/../mavlink_helpers.h **** {
 226:c_library_v2/common/../mavlink_helpers.h **** 	bool mavlink1 = (status->flags & MAVLINK_STATUS_FLAG_OUT_MAVLINK1) != 0;
 227:c_library_v2/common/../mavlink_helpers.h **** #ifndef MAVLINK_NO_SIGN_PACKET
 228:c_library_v2/common/../mavlink_helpers.h **** 	bool signing = 	(!mavlink1) && status->signing && (status->signing->flags & MAVLINK_SIGNING_FLAG_S
 229:c_library_v2/common/../mavlink_helpers.h **** #else
 230:c_library_v2/common/../mavlink_helpers.h **** 	bool signing = false;
 231:c_library_v2/common/../mavlink_helpers.h **** #endif
 232:c_library_v2/common/../mavlink_helpers.h **** 	uint8_t signature_len = signing? MAVLINK_SIGNATURE_BLOCK_LEN : 0;
 233:c_library_v2/common/../mavlink_helpers.h ****         uint8_t header_len = MAVLINK_CORE_HEADER_LEN+1;
 234:c_library_v2/common/../mavlink_helpers.h **** 	uint8_t buf[MAVLINK_CORE_HEADER_LEN+1];
 235:c_library_v2/common/../mavlink_helpers.h **** 	if (mavlink1) {
 236:c_library_v2/common/../mavlink_helpers.h **** 		msg->magic = MAVLINK_STX_MAVLINK1;
 237:c_library_v2/common/../mavlink_helpers.h **** 		header_len = MAVLINK_CORE_HEADER_MAVLINK1_LEN+1;
 238:c_library_v2/common/../mavlink_helpers.h **** 	} else {
 239:c_library_v2/common/../mavlink_helpers.h **** 		msg->magic = MAVLINK_STX;
 240:c_library_v2/common/../mavlink_helpers.h **** 	}
 241:c_library_v2/common/../mavlink_helpers.h **** 	msg->len = mavlink1?min_length:_mav_trim_payload(_MAV_PAYLOAD(msg), length);
 242:c_library_v2/common/../mavlink_helpers.h **** 	msg->sysid = system_id;
 243:c_library_v2/common/../mavlink_helpers.h **** 	msg->compid = component_id;
 244:c_library_v2/common/../mavlink_helpers.h **** 	msg->incompat_flags = 0;
 245:c_library_v2/common/../mavlink_helpers.h **** 	if (signing) {
 246:c_library_v2/common/../mavlink_helpers.h **** 		msg->incompat_flags |= MAVLINK_IFLAG_SIGNED;
 247:c_library_v2/common/../mavlink_helpers.h **** 	}
 248:c_library_v2/common/../mavlink_helpers.h **** 	msg->compat_flags = 0;
 249:c_library_v2/common/../mavlink_helpers.h **** 	msg->seq = status->current_tx_seq;
 250:c_library_v2/common/../mavlink_helpers.h **** 	status->current_tx_seq = status->current_tx_seq + 1;
ARM GAS  /tmp/ccNOss9U.s 			page 16


 251:c_library_v2/common/../mavlink_helpers.h **** 
 252:c_library_v2/common/../mavlink_helpers.h **** 	// form the header as a byte array for the crc
 253:c_library_v2/common/../mavlink_helpers.h **** 	buf[0] = msg->magic;
 254:c_library_v2/common/../mavlink_helpers.h **** 	buf[1] = msg->len;
 255:c_library_v2/common/../mavlink_helpers.h **** 	if (mavlink1) {
 256:c_library_v2/common/../mavlink_helpers.h **** 		buf[2] = msg->seq;
 257:c_library_v2/common/../mavlink_helpers.h **** 		buf[3] = msg->sysid;
 258:c_library_v2/common/../mavlink_helpers.h **** 		buf[4] = msg->compid;
 259:c_library_v2/common/../mavlink_helpers.h **** 		buf[5] = msg->msgid & 0xFF;
 260:c_library_v2/common/../mavlink_helpers.h **** 	} else {
 261:c_library_v2/common/../mavlink_helpers.h **** 		buf[2] = msg->incompat_flags;
 262:c_library_v2/common/../mavlink_helpers.h **** 		buf[3] = msg->compat_flags;
 263:c_library_v2/common/../mavlink_helpers.h **** 		buf[4] = msg->seq;
 264:c_library_v2/common/../mavlink_helpers.h **** 		buf[5] = msg->sysid;
 265:c_library_v2/common/../mavlink_helpers.h **** 		buf[6] = msg->compid;
 266:c_library_v2/common/../mavlink_helpers.h **** 		buf[7] = msg->msgid & 0xFF;
 267:c_library_v2/common/../mavlink_helpers.h **** 		buf[8] = (msg->msgid >> 8) & 0xFF;
 268:c_library_v2/common/../mavlink_helpers.h **** 		buf[9] = (msg->msgid >> 16) & 0xFF;
 269:c_library_v2/common/../mavlink_helpers.h **** 	}
 270:c_library_v2/common/../mavlink_helpers.h **** 	
 271:c_library_v2/common/../mavlink_helpers.h **** 	uint16_t checksum = crc_calculate(&buf[1], header_len-1);
 272:c_library_v2/common/../mavlink_helpers.h **** 	crc_accumulate_buffer(&checksum, _MAV_PAYLOAD(msg), msg->len);
 273:c_library_v2/common/../mavlink_helpers.h **** 	crc_accumulate(crc_extra, &checksum);
 274:c_library_v2/common/../mavlink_helpers.h **** 	mavlink_ck_a(msg) = (uint8_t)(checksum & 0xFF);
 275:c_library_v2/common/../mavlink_helpers.h **** 	mavlink_ck_b(msg) = (uint8_t)(checksum >> 8);
 276:c_library_v2/common/../mavlink_helpers.h **** 
 277:c_library_v2/common/../mavlink_helpers.h **** 	msg->checksum = checksum;
 278:c_library_v2/common/../mavlink_helpers.h **** 
 279:c_library_v2/common/../mavlink_helpers.h **** #ifndef MAVLINK_NO_SIGN_PACKET
 280:c_library_v2/common/../mavlink_helpers.h **** 	if (signing) {
 281:c_library_v2/common/../mavlink_helpers.h **** 		mavlink_sign_packet(status->signing,
 282:c_library_v2/common/../mavlink_helpers.h **** 				    msg->signature,
 283:c_library_v2/common/../mavlink_helpers.h **** 				    (const uint8_t *)buf, header_len,
 284:c_library_v2/common/../mavlink_helpers.h **** 				    (const uint8_t *)_MAV_PAYLOAD(msg), msg->len,
 285:c_library_v2/common/../mavlink_helpers.h **** 				    (const uint8_t *)_MAV_PAYLOAD(msg)+(uint16_t)msg->len);
 286:c_library_v2/common/../mavlink_helpers.h **** 	}
 287:c_library_v2/common/../mavlink_helpers.h **** #endif
 288:c_library_v2/common/../mavlink_helpers.h **** 
 289:c_library_v2/common/../mavlink_helpers.h **** 	return msg->len + header_len + 2 + signature_len;
 290:c_library_v2/common/../mavlink_helpers.h **** }
 291:c_library_v2/common/../mavlink_helpers.h **** 
 292:c_library_v2/common/../mavlink_helpers.h **** MAVLINK_HELPER uint16_t mavlink_finalize_message_chan(mavlink_message_t* msg, uint8_t system_id, ui
 293:c_library_v2/common/../mavlink_helpers.h **** 						      uint8_t chan, uint8_t min_length, uint8_t length, uint8_t crc_extra)
 294:c_library_v2/common/../mavlink_helpers.h **** {
 295:c_library_v2/common/../mavlink_helpers.h **** 	mavlink_status_t *status = mavlink_get_channel_status(chan);
 296:c_library_v2/common/../mavlink_helpers.h **** 	return mavlink_finalize_message_buffer(msg, system_id, component_id, status, min_length, length, c
 297:c_library_v2/common/../mavlink_helpers.h **** }
 298:c_library_v2/common/../mavlink_helpers.h **** 
 299:c_library_v2/common/../mavlink_helpers.h **** /**
 300:c_library_v2/common/../mavlink_helpers.h ****  * @brief Finalize a MAVLink message with MAVLINK_COMM_0 as default channel
 301:c_library_v2/common/../mavlink_helpers.h ****  */
 302:c_library_v2/common/../mavlink_helpers.h **** MAVLINK_HELPER uint16_t mavlink_finalize_message(mavlink_message_t* msg, uint8_t system_id, uint8_t
 303:c_library_v2/common/../mavlink_helpers.h **** 						 uint8_t min_length, uint8_t length, uint8_t crc_extra)
 304:c_library_v2/common/../mavlink_helpers.h **** {
 305:c_library_v2/common/../mavlink_helpers.h ****     return mavlink_finalize_message_chan(msg, system_id, component_id, MAVLINK_COMM_0, min_length, 
 306:c_library_v2/common/../mavlink_helpers.h **** }
 307:c_library_v2/common/../mavlink_helpers.h **** 
ARM GAS  /tmp/ccNOss9U.s 			page 17


 308:c_library_v2/common/../mavlink_helpers.h **** static inline void _mav_parse_error(mavlink_status_t *status)
 309:c_library_v2/common/../mavlink_helpers.h **** {
 310:c_library_v2/common/../mavlink_helpers.h ****     status->parse_error++;
 311:c_library_v2/common/../mavlink_helpers.h **** }
 312:c_library_v2/common/../mavlink_helpers.h **** 
 313:c_library_v2/common/../mavlink_helpers.h **** #ifdef MAVLINK_USE_CONVENIENCE_FUNCTIONS
 314:c_library_v2/common/../mavlink_helpers.h **** MAVLINK_HELPER void _mavlink_send_uart(mavlink_channel_t chan, const char *buf, uint16_t len);
 315:c_library_v2/common/../mavlink_helpers.h **** 
 316:c_library_v2/common/../mavlink_helpers.h **** /**
 317:c_library_v2/common/../mavlink_helpers.h ****  * @brief Finalize a MAVLink message with channel assignment and send
 318:c_library_v2/common/../mavlink_helpers.h ****  */
 319:c_library_v2/common/../mavlink_helpers.h **** MAVLINK_HELPER void _mav_finalize_message_chan_send(mavlink_channel_t chan, uint32_t msgid,
 320:c_library_v2/common/../mavlink_helpers.h ****                                                     const char *packet, 
 321:c_library_v2/common/../mavlink_helpers.h **** 						    uint8_t min_length, uint8_t length, uint8_t crc_extra)
 322:c_library_v2/common/../mavlink_helpers.h **** {
 323:c_library_v2/common/../mavlink_helpers.h **** 	uint16_t checksum;
 324:c_library_v2/common/../mavlink_helpers.h **** 	uint8_t buf[MAVLINK_NUM_HEADER_BYTES];
 325:c_library_v2/common/../mavlink_helpers.h **** 	uint8_t ck[2];
 326:c_library_v2/common/../mavlink_helpers.h **** 	mavlink_status_t *status = mavlink_get_channel_status(chan);
 327:c_library_v2/common/../mavlink_helpers.h ****         uint8_t header_len = MAVLINK_CORE_HEADER_LEN;
 328:c_library_v2/common/../mavlink_helpers.h **** 	uint8_t signature_len = 0;
 329:c_library_v2/common/../mavlink_helpers.h **** 	uint8_t signature[MAVLINK_SIGNATURE_BLOCK_LEN];
 330:c_library_v2/common/../mavlink_helpers.h **** 	bool mavlink1 = (status->flags & MAVLINK_STATUS_FLAG_OUT_MAVLINK1) != 0;
 331:c_library_v2/common/../mavlink_helpers.h **** 	bool signing = 	(!mavlink1) && status->signing && (status->signing->flags & MAVLINK_SIGNING_FLAG_S
 332:c_library_v2/common/../mavlink_helpers.h **** 
 333:c_library_v2/common/../mavlink_helpers.h ****         if (mavlink1) {
 334:c_library_v2/common/../mavlink_helpers.h ****             length = min_length;
 335:c_library_v2/common/../mavlink_helpers.h ****             if (msgid > 255) {
 336:c_library_v2/common/../mavlink_helpers.h ****                 // can't send 16 bit messages
 337:c_library_v2/common/../mavlink_helpers.h ****                 _mav_parse_error(status);
 338:c_library_v2/common/../mavlink_helpers.h ****                 return;
 339:c_library_v2/common/../mavlink_helpers.h ****             }
 340:c_library_v2/common/../mavlink_helpers.h ****             header_len = MAVLINK_CORE_HEADER_MAVLINK1_LEN;
 341:c_library_v2/common/../mavlink_helpers.h ****             buf[0] = MAVLINK_STX_MAVLINK1;
 342:c_library_v2/common/../mavlink_helpers.h ****             buf[1] = length;
 343:c_library_v2/common/../mavlink_helpers.h ****             buf[2] = status->current_tx_seq;
 344:c_library_v2/common/../mavlink_helpers.h ****             buf[3] = mavlink_system.sysid;
 345:c_library_v2/common/../mavlink_helpers.h ****             buf[4] = mavlink_system.compid;
 346:c_library_v2/common/../mavlink_helpers.h ****             buf[5] = msgid & 0xFF;
 347:c_library_v2/common/../mavlink_helpers.h ****         } else {
 348:c_library_v2/common/../mavlink_helpers.h **** 	    uint8_t incompat_flags = 0;
 349:c_library_v2/common/../mavlink_helpers.h **** 	    if (signing) {
 350:c_library_v2/common/../mavlink_helpers.h **** 		incompat_flags |= MAVLINK_IFLAG_SIGNED;
 351:c_library_v2/common/../mavlink_helpers.h **** 	    }
 352:c_library_v2/common/../mavlink_helpers.h ****             length = _mav_trim_payload(packet, length);
 353:c_library_v2/common/../mavlink_helpers.h ****             buf[0] = MAVLINK_STX;
 354:c_library_v2/common/../mavlink_helpers.h ****             buf[1] = length;
 355:c_library_v2/common/../mavlink_helpers.h ****             buf[2] = incompat_flags;
 356:c_library_v2/common/../mavlink_helpers.h ****             buf[3] = 0; // compat_flags
 357:c_library_v2/common/../mavlink_helpers.h ****             buf[4] = status->current_tx_seq;
 358:c_library_v2/common/../mavlink_helpers.h ****             buf[5] = mavlink_system.sysid;
 359:c_library_v2/common/../mavlink_helpers.h ****             buf[6] = mavlink_system.compid;
 360:c_library_v2/common/../mavlink_helpers.h ****             buf[7] = msgid & 0xFF;
 361:c_library_v2/common/../mavlink_helpers.h ****             buf[8] = (msgid >> 8) & 0xFF;
 362:c_library_v2/common/../mavlink_helpers.h ****             buf[9] = (msgid >> 16) & 0xFF;
 363:c_library_v2/common/../mavlink_helpers.h ****         }
 364:c_library_v2/common/../mavlink_helpers.h **** 	status->current_tx_seq++;
ARM GAS  /tmp/ccNOss9U.s 			page 18


 365:c_library_v2/common/../mavlink_helpers.h **** 	checksum = crc_calculate((const uint8_t*)&buf[1], header_len);
 366:c_library_v2/common/../mavlink_helpers.h **** 	crc_accumulate_buffer(&checksum, packet, length);
 367:c_library_v2/common/../mavlink_helpers.h **** 	crc_accumulate(crc_extra, &checksum);
 368:c_library_v2/common/../mavlink_helpers.h **** 	ck[0] = (uint8_t)(checksum & 0xFF);
 369:c_library_v2/common/../mavlink_helpers.h **** 	ck[1] = (uint8_t)(checksum >> 8);
 370:c_library_v2/common/../mavlink_helpers.h **** 
 371:c_library_v2/common/../mavlink_helpers.h **** #ifndef MAVLINK_NO_SIGN_PACKET
 372:c_library_v2/common/../mavlink_helpers.h **** 	if (signing) {
 373:c_library_v2/common/../mavlink_helpers.h **** 		// possibly add a signature
 374:c_library_v2/common/../mavlink_helpers.h **** 		signature_len = mavlink_sign_packet(status->signing, signature, buf, header_len+1,
 375:c_library_v2/common/../mavlink_helpers.h **** 						    (const uint8_t *)packet, length, ck);
 376:c_library_v2/common/../mavlink_helpers.h **** 	}
 377:c_library_v2/common/../mavlink_helpers.h **** #endif
 378:c_library_v2/common/../mavlink_helpers.h **** 
 379:c_library_v2/common/../mavlink_helpers.h **** 	MAVLINK_START_UART_SEND(chan, header_len + 3 + (uint16_t)length + (uint16_t)signature_len);
 380:c_library_v2/common/../mavlink_helpers.h **** 	_mavlink_send_uart(chan, (const char *)buf, header_len+1);
 381:c_library_v2/common/../mavlink_helpers.h **** 	_mavlink_send_uart(chan, packet, length);
 382:c_library_v2/common/../mavlink_helpers.h **** 	_mavlink_send_uart(chan, (const char *)ck, 2);
 383:c_library_v2/common/../mavlink_helpers.h **** 	if (signature_len != 0) {
 384:c_library_v2/common/../mavlink_helpers.h **** 		_mavlink_send_uart(chan, (const char *)signature, signature_len);
 385:c_library_v2/common/../mavlink_helpers.h **** 	}
 386:c_library_v2/common/../mavlink_helpers.h **** 	MAVLINK_END_UART_SEND(chan, header_len + 3 + (uint16_t)length + (uint16_t)signature_len);
 387:c_library_v2/common/../mavlink_helpers.h **** }
 388:c_library_v2/common/../mavlink_helpers.h **** 
 389:c_library_v2/common/../mavlink_helpers.h **** /**
 390:c_library_v2/common/../mavlink_helpers.h ****  * @brief re-send a message over a uart channel
 391:c_library_v2/common/../mavlink_helpers.h ****  * this is more stack efficient than re-marshalling the message
 392:c_library_v2/common/../mavlink_helpers.h ****  * If the message is signed then the original signature is also sent
 393:c_library_v2/common/../mavlink_helpers.h ****  */
 394:c_library_v2/common/../mavlink_helpers.h **** MAVLINK_HELPER void _mavlink_resend_uart(mavlink_channel_t chan, const mavlink_message_t *msg)
 395:c_library_v2/common/../mavlink_helpers.h **** {
 396:c_library_v2/common/../mavlink_helpers.h **** 	uint8_t ck[2];
 397:c_library_v2/common/../mavlink_helpers.h **** 
 398:c_library_v2/common/../mavlink_helpers.h **** 	ck[0] = (uint8_t)(msg->checksum & 0xFF);
 399:c_library_v2/common/../mavlink_helpers.h **** 	ck[1] = (uint8_t)(msg->checksum >> 8);
 400:c_library_v2/common/../mavlink_helpers.h **** 	// XXX use the right sequence here
 401:c_library_v2/common/../mavlink_helpers.h **** 
 402:c_library_v2/common/../mavlink_helpers.h ****         uint8_t header_len;
 403:c_library_v2/common/../mavlink_helpers.h ****         uint8_t signature_len;
 404:c_library_v2/common/../mavlink_helpers.h ****         
 405:c_library_v2/common/../mavlink_helpers.h ****         if (msg->magic == MAVLINK_STX_MAVLINK1) {
 406:c_library_v2/common/../mavlink_helpers.h ****             header_len = MAVLINK_CORE_HEADER_MAVLINK1_LEN + 1;
 407:c_library_v2/common/../mavlink_helpers.h ****             signature_len = 0;
 408:c_library_v2/common/../mavlink_helpers.h ****             MAVLINK_START_UART_SEND(chan, header_len + msg->len + 2 + signature_len);
 409:c_library_v2/common/../mavlink_helpers.h ****             // we can't send the structure directly as it has extra mavlink2 elements in it
 410:c_library_v2/common/../mavlink_helpers.h ****             uint8_t buf[MAVLINK_CORE_HEADER_MAVLINK1_LEN + 1];
 411:c_library_v2/common/../mavlink_helpers.h ****             buf[0] = msg->magic;
 412:c_library_v2/common/../mavlink_helpers.h ****             buf[1] = msg->len;
 413:c_library_v2/common/../mavlink_helpers.h ****             buf[2] = msg->seq;
 414:c_library_v2/common/../mavlink_helpers.h ****             buf[3] = msg->sysid;
 415:c_library_v2/common/../mavlink_helpers.h ****             buf[4] = msg->compid;
 416:c_library_v2/common/../mavlink_helpers.h ****             buf[5] = msg->msgid & 0xFF;
 417:c_library_v2/common/../mavlink_helpers.h ****             _mavlink_send_uart(chan, (const char*)buf, header_len);
 418:c_library_v2/common/../mavlink_helpers.h ****         } else {
 419:c_library_v2/common/../mavlink_helpers.h ****             header_len = MAVLINK_CORE_HEADER_LEN + 1;
 420:c_library_v2/common/../mavlink_helpers.h ****             signature_len = (msg->incompat_flags & MAVLINK_IFLAG_SIGNED)?MAVLINK_SIGNATURE_BLOCK_LE
 421:c_library_v2/common/../mavlink_helpers.h ****             MAVLINK_START_UART_SEND(chan, header_len + msg->len + 2 + signature_len);
ARM GAS  /tmp/ccNOss9U.s 			page 19


 422:c_library_v2/common/../mavlink_helpers.h ****             uint8_t buf[MAVLINK_CORE_HEADER_LEN + 1];
 423:c_library_v2/common/../mavlink_helpers.h ****             buf[0] = msg->magic;
 424:c_library_v2/common/../mavlink_helpers.h ****             buf[1] = msg->len;
 425:c_library_v2/common/../mavlink_helpers.h ****             buf[2] = msg->incompat_flags;
 426:c_library_v2/common/../mavlink_helpers.h ****             buf[3] = msg->compat_flags;
 427:c_library_v2/common/../mavlink_helpers.h ****             buf[4] = msg->seq;
 428:c_library_v2/common/../mavlink_helpers.h ****             buf[5] = msg->sysid;
 429:c_library_v2/common/../mavlink_helpers.h ****             buf[6] = msg->compid;
 430:c_library_v2/common/../mavlink_helpers.h ****             buf[7] = msg->msgid & 0xFF;
 431:c_library_v2/common/../mavlink_helpers.h ****             buf[8] = (msg->msgid >> 8) & 0xFF;
 432:c_library_v2/common/../mavlink_helpers.h ****             buf[9] = (msg->msgid >> 16) & 0xFF;
 433:c_library_v2/common/../mavlink_helpers.h ****             _mavlink_send_uart(chan, (const char *)buf, header_len);
 434:c_library_v2/common/../mavlink_helpers.h ****         }
 435:c_library_v2/common/../mavlink_helpers.h **** 	_mavlink_send_uart(chan, _MAV_PAYLOAD(msg), msg->len);
 436:c_library_v2/common/../mavlink_helpers.h **** 	_mavlink_send_uart(chan, (const char *)ck, 2);
 437:c_library_v2/common/../mavlink_helpers.h ****         if (signature_len != 0) {
 438:c_library_v2/common/../mavlink_helpers.h **** 	    _mavlink_send_uart(chan, (const char *)msg->signature, MAVLINK_SIGNATURE_BLOCK_LEN);
 439:c_library_v2/common/../mavlink_helpers.h ****         }
 440:c_library_v2/common/../mavlink_helpers.h ****         MAVLINK_END_UART_SEND(chan, header_len + msg->len + 2 + signature_len);
 441:c_library_v2/common/../mavlink_helpers.h **** }
 442:c_library_v2/common/../mavlink_helpers.h **** #endif // MAVLINK_USE_CONVENIENCE_FUNCTIONS
 443:c_library_v2/common/../mavlink_helpers.h **** 
 444:c_library_v2/common/../mavlink_helpers.h **** /**
 445:c_library_v2/common/../mavlink_helpers.h ****  * @brief Pack a message to send it over a serial byte stream
 446:c_library_v2/common/../mavlink_helpers.h ****  */
 447:c_library_v2/common/../mavlink_helpers.h **** MAVLINK_HELPER uint16_t mavlink_msg_to_send_buffer(uint8_t *buf, const mavlink_message_t *msg)
 448:c_library_v2/common/../mavlink_helpers.h **** {
 449:c_library_v2/common/../mavlink_helpers.h **** 	uint8_t signature_len, header_len;
 450:c_library_v2/common/../mavlink_helpers.h **** 	uint8_t *ck;
 451:c_library_v2/common/../mavlink_helpers.h ****         uint8_t length = msg->len;
 452:c_library_v2/common/../mavlink_helpers.h ****         
 453:c_library_v2/common/../mavlink_helpers.h **** 	if (msg->magic == MAVLINK_STX_MAVLINK1) {
 454:c_library_v2/common/../mavlink_helpers.h **** 		signature_len = 0;
 455:c_library_v2/common/../mavlink_helpers.h **** 		header_len = MAVLINK_CORE_HEADER_MAVLINK1_LEN;
 456:c_library_v2/common/../mavlink_helpers.h **** 		buf[0] = msg->magic;
 457:c_library_v2/common/../mavlink_helpers.h **** 		buf[1] = length;
 458:c_library_v2/common/../mavlink_helpers.h **** 		buf[2] = msg->seq;
 459:c_library_v2/common/../mavlink_helpers.h **** 		buf[3] = msg->sysid;
 460:c_library_v2/common/../mavlink_helpers.h **** 		buf[4] = msg->compid;
 461:c_library_v2/common/../mavlink_helpers.h **** 		buf[5] = msg->msgid & 0xFF;
 462:c_library_v2/common/../mavlink_helpers.h **** 		memcpy(&buf[6], _MAV_PAYLOAD(msg), msg->len);
 463:c_library_v2/common/../mavlink_helpers.h **** 		ck = buf + header_len + 1 + (uint16_t)msg->len;
 464:c_library_v2/common/../mavlink_helpers.h **** 	} else {
 465:c_library_v2/common/../mavlink_helpers.h **** 		length = _mav_trim_payload(_MAV_PAYLOAD(msg), length);
 466:c_library_v2/common/../mavlink_helpers.h **** 		header_len = MAVLINK_CORE_HEADER_LEN;
 467:c_library_v2/common/../mavlink_helpers.h **** 		buf[0] = msg->magic;
 468:c_library_v2/common/../mavlink_helpers.h **** 		buf[1] = length;
 469:c_library_v2/common/../mavlink_helpers.h **** 		buf[2] = msg->incompat_flags;
 470:c_library_v2/common/../mavlink_helpers.h **** 		buf[3] = msg->compat_flags;
 471:c_library_v2/common/../mavlink_helpers.h **** 		buf[4] = msg->seq;
 472:c_library_v2/common/../mavlink_helpers.h **** 		buf[5] = msg->sysid;
 473:c_library_v2/common/../mavlink_helpers.h **** 		buf[6] = msg->compid;
 474:c_library_v2/common/../mavlink_helpers.h **** 		buf[7] = msg->msgid & 0xFF;
 475:c_library_v2/common/../mavlink_helpers.h **** 		buf[8] = (msg->msgid >> 8) & 0xFF;
 476:c_library_v2/common/../mavlink_helpers.h **** 		buf[9] = (msg->msgid >> 16) & 0xFF;
 477:c_library_v2/common/../mavlink_helpers.h **** 		memcpy(&buf[10], _MAV_PAYLOAD(msg), length);
 478:c_library_v2/common/../mavlink_helpers.h **** 		ck = buf + header_len + 1 + (uint16_t)length;
ARM GAS  /tmp/ccNOss9U.s 			page 20


 479:c_library_v2/common/../mavlink_helpers.h **** 		signature_len = (msg->incompat_flags & MAVLINK_IFLAG_SIGNED)?MAVLINK_SIGNATURE_BLOCK_LEN:0;
 480:c_library_v2/common/../mavlink_helpers.h **** 	}
 481:c_library_v2/common/../mavlink_helpers.h **** 	ck[0] = (uint8_t)(msg->checksum & 0xFF);
 482:c_library_v2/common/../mavlink_helpers.h **** 	ck[1] = (uint8_t)(msg->checksum >> 8);
 483:c_library_v2/common/../mavlink_helpers.h **** 	if (signature_len > 0) {
 484:c_library_v2/common/../mavlink_helpers.h **** 		memcpy(&ck[2], msg->signature, signature_len);
 485:c_library_v2/common/../mavlink_helpers.h **** 	}
 486:c_library_v2/common/../mavlink_helpers.h **** 
 487:c_library_v2/common/../mavlink_helpers.h **** 	return header_len + 1 + 2 + (uint16_t)length + (uint16_t)signature_len;
 488:c_library_v2/common/../mavlink_helpers.h **** }
 489:c_library_v2/common/../mavlink_helpers.h **** 
 490:c_library_v2/common/../mavlink_helpers.h **** union __mavlink_bitfield {
 491:c_library_v2/common/../mavlink_helpers.h **** 	uint8_t uint8;
 492:c_library_v2/common/../mavlink_helpers.h **** 	int8_t int8;
 493:c_library_v2/common/../mavlink_helpers.h **** 	uint16_t uint16;
 494:c_library_v2/common/../mavlink_helpers.h **** 	int16_t int16;
 495:c_library_v2/common/../mavlink_helpers.h **** 	uint32_t uint32;
 496:c_library_v2/common/../mavlink_helpers.h **** 	int32_t int32;
 497:c_library_v2/common/../mavlink_helpers.h **** };
 498:c_library_v2/common/../mavlink_helpers.h **** 
 499:c_library_v2/common/../mavlink_helpers.h **** 
 500:c_library_v2/common/../mavlink_helpers.h **** MAVLINK_HELPER void mavlink_start_checksum(mavlink_message_t* msg)
 501:c_library_v2/common/../mavlink_helpers.h **** {
 502:c_library_v2/common/../mavlink_helpers.h **** 	uint16_t crcTmp = 0;
 503:c_library_v2/common/../mavlink_helpers.h **** 	crc_init(&crcTmp);
 504:c_library_v2/common/../mavlink_helpers.h **** 	msg->checksum = crcTmp;
 505:c_library_v2/common/../mavlink_helpers.h **** }
 506:c_library_v2/common/../mavlink_helpers.h **** 
 507:c_library_v2/common/../mavlink_helpers.h **** MAVLINK_HELPER void mavlink_update_checksum(mavlink_message_t* msg, uint8_t c)
 508:c_library_v2/common/../mavlink_helpers.h **** {
 509:c_library_v2/common/../mavlink_helpers.h **** 	uint16_t checksum = msg->checksum;
 510:c_library_v2/common/../mavlink_helpers.h **** 	crc_accumulate(c, &checksum);
 511:c_library_v2/common/../mavlink_helpers.h **** 	msg->checksum = checksum;
 512:c_library_v2/common/../mavlink_helpers.h **** }
 513:c_library_v2/common/../mavlink_helpers.h **** 
 514:c_library_v2/common/../mavlink_helpers.h **** /*
 515:c_library_v2/common/../mavlink_helpers.h ****   return the crc_entry value for a msgid
 516:c_library_v2/common/../mavlink_helpers.h **** */
 517:c_library_v2/common/../mavlink_helpers.h **** #ifndef MAVLINK_GET_MSG_ENTRY
 518:c_library_v2/common/../mavlink_helpers.h **** MAVLINK_HELPER const mavlink_msg_entry_t *mavlink_get_msg_entry(uint32_t msgid)
 519:c_library_v2/common/../mavlink_helpers.h **** {
 395              		.loc 4 519 1 is_stmt 1 view -0
 396              		.cfi_startproc
 397              		@ args = 0, pretend = 0, frame = 0
 398              		@ frame_needed = 0, uses_anonymous_args = 0
 399              		.loc 4 519 1 is_stmt 0 view .LVU132
 400 0000 00B5     		push	{lr}
 401              	.LCFI3:
 402              		.cfi_def_cfa_offset 4
 403              		.cfi_offset 14, -4
 520:c_library_v2/common/../mavlink_helpers.h **** 	static const mavlink_msg_entry_t mavlink_message_crcs[] = MAVLINK_MESSAGE_CRCS;
 404              		.loc 4 520 2 is_stmt 1 view .LVU133
 521:c_library_v2/common/../mavlink_helpers.h ****         /*
 522:c_library_v2/common/../mavlink_helpers.h **** 	  use a bisection search to find the right entry. A perfect hash may be better
 523:c_library_v2/common/../mavlink_helpers.h **** 	  Note that this assumes the table is sorted by msgid
 524:c_library_v2/common/../mavlink_helpers.h **** 	*/
 525:c_library_v2/common/../mavlink_helpers.h ****         uint32_t low=0, high=sizeof(mavlink_message_crcs)/sizeof(mavlink_message_crcs[0]) - 1;
ARM GAS  /tmp/ccNOss9U.s 			page 21


 405              		.loc 4 525 9 view .LVU134
 406              	.LVL41:
 526:c_library_v2/common/../mavlink_helpers.h ****         while (low < high) {
 407              		.loc 4 526 9 view .LVU135
 525:c_library_v2/common/../mavlink_helpers.h ****         while (low < high) {
 408              		.loc 4 525 25 is_stmt 0 view .LVU136
 409 0002 4FF0E40C 		mov	ip, #228
 525:c_library_v2/common/../mavlink_helpers.h ****         while (low < high) {
 410              		.loc 4 525 18 view .LVU137
 411 0006 4FF0000E 		mov	lr, #0
 412              	.LVL42:
 413              	.L13:
 414              		.loc 4 526 20 is_stmt 1 view .LVU138
 415 000a E645     		cmp	lr, ip
 416 000c 20D2     		bcs	.L21
 417              	.LBB61:
 527:c_library_v2/common/../mavlink_helpers.h ****             uint32_t mid = (low+1+high)/2;
 418              		.loc 4 527 13 view .LVU139
 419              		.loc 4 527 34 is_stmt 0 view .LVU140
 420 000e 0EEB0C03 		add	r3, lr, ip
 421 0012 0133     		adds	r3, r3, #1
 422              		.loc 4 527 22 view .LVU141
 423 0014 5A08     		lsrs	r2, r3, #1
 424              	.LVL43:
 528:c_library_v2/common/../mavlink_helpers.h ****             if (msgid < mavlink_message_crcs[mid].msgid) {
 425              		.loc 4 528 13 is_stmt 1 view .LVU142
 426              		.loc 4 528 50 is_stmt 0 view .LVU143
 427 0016 23F00101 		bic	r1, r3, #1
 428 001a 01EB5303 		add	r3, r1, r3, lsr #1
 429 001e 0E49     		ldr	r1, .L24
 430 0020 51F82330 		ldr	r3, [r1, r3, lsl #2]
 431              		.loc 4 528 16 view .LVU144
 432 0024 8342     		cmp	r3, r0
 433 0026 0ED8     		bhi	.L22
 529:c_library_v2/common/../mavlink_helpers.h ****                 high = mid-1;
 530:c_library_v2/common/../mavlink_helpers.h ****                 continue;
 531:c_library_v2/common/../mavlink_helpers.h ****             }
 532:c_library_v2/common/../mavlink_helpers.h ****             if (msgid > mavlink_message_crcs[mid].msgid) {
 434              		.loc 4 532 13 is_stmt 1 view .LVU145
 435              		.loc 4 532 16 is_stmt 0 view .LVU146
 436 0028 8342     		cmp	r3, r0
 437 002a 0FD3     		bcc	.L23
 438              	.LVL44:
 439              	.L16:
 440              		.loc 4 532 16 view .LVU147
 441              	.LBE61:
 533:c_library_v2/common/../mavlink_helpers.h ****                 low = mid;
 534:c_library_v2/common/../mavlink_helpers.h ****                 continue;
 535:c_library_v2/common/../mavlink_helpers.h ****             }
 536:c_library_v2/common/../mavlink_helpers.h ****             low = mid;
 537:c_library_v2/common/../mavlink_helpers.h ****             break;
 538:c_library_v2/common/../mavlink_helpers.h ****         }
 539:c_library_v2/common/../mavlink_helpers.h ****         if (mavlink_message_crcs[low].msgid != msgid) {
 442              		.loc 4 539 9 is_stmt 1 view .LVU148
 443              		.loc 4 539 38 is_stmt 0 view .LVU149
 444 002c 02EB4203 		add	r3, r2, r2, lsl #1
 445 0030 0949     		ldr	r1, .L24
ARM GAS  /tmp/ccNOss9U.s 			page 22


 446 0032 51F82330 		ldr	r3, [r1, r3, lsl #2]
 447              		.loc 4 539 12 view .LVU150
 448 0036 8342     		cmp	r3, r0
 449 0038 0CD1     		bne	.L19
 540:c_library_v2/common/../mavlink_helpers.h ****             // msgid is not in the table
 541:c_library_v2/common/../mavlink_helpers.h ****             return NULL;
 542:c_library_v2/common/../mavlink_helpers.h ****         }
 543:c_library_v2/common/../mavlink_helpers.h ****         return &mavlink_message_crcs[low];
 450              		.loc 4 543 9 is_stmt 1 view .LVU151
 451              		.loc 4 543 16 is_stmt 0 view .LVU152
 452 003a 02EB4202 		add	r2, r2, r2, lsl #1
 453              	.LVL45:
 454              		.loc 4 543 16 view .LVU153
 455 003e 01EB8200 		add	r0, r1, r2, lsl #2
 456              	.LVL46:
 457              	.L12:
 544:c_library_v2/common/../mavlink_helpers.h **** }
 458              		.loc 4 544 1 view .LVU154
 459 0042 5DF804FB 		ldr	pc, [sp], #4
 460              	.LVL47:
 461              	.L22:
 462              	.LBB62:
 529:c_library_v2/common/../mavlink_helpers.h ****                 continue;
 463              		.loc 4 529 17 is_stmt 1 discriminator 1 view .LVU155
 529:c_library_v2/common/../mavlink_helpers.h ****                 continue;
 464              		.loc 4 529 22 is_stmt 0 discriminator 1 view .LVU156
 465 0046 02F1FF3C 		add	ip, r2, #-1
 466              	.LVL48:
 530:c_library_v2/common/../mavlink_helpers.h ****             }
 467              		.loc 4 530 17 is_stmt 1 discriminator 1 view .LVU157
 468 004a DEE7     		b	.L13
 469              	.L23:
 533:c_library_v2/common/../mavlink_helpers.h ****                 continue;
 470              		.loc 4 533 21 is_stmt 0 view .LVU158
 471 004c 9646     		mov	lr, r2
 472              	.LVL49:
 533:c_library_v2/common/../mavlink_helpers.h ****                 continue;
 473              		.loc 4 533 21 view .LVU159
 474 004e DCE7     		b	.L13
 475              	.LVL50:
 476              	.L21:
 533:c_library_v2/common/../mavlink_helpers.h ****                 continue;
 477              		.loc 4 533 21 view .LVU160
 478              	.LBE62:
 479 0050 7246     		mov	r2, lr
 480 0052 EBE7     		b	.L16
 481              	.LVL51:
 482              	.L19:
 541:c_library_v2/common/../mavlink_helpers.h ****         }
 483              		.loc 4 541 20 view .LVU161
 484 0054 0020     		movs	r0, #0
 485              	.LVL52:
 541:c_library_v2/common/../mavlink_helpers.h ****         }
 486              		.loc 4 541 20 view .LVU162
 487 0056 F4E7     		b	.L12
 488              	.L25:
 489              		.align	2
ARM GAS  /tmp/ccNOss9U.s 			page 23


 490              	.L24:
 491 0058 00000000 		.word	mavlink_message_crcs.2
 492              		.cfi_endproc
 493              	.LFE30:
 495              		.section	.text.mavlink_sha256_update,"ax",%progbits
 496              		.align	1
 497              		.syntax unified
 498              		.thumb
 499              		.thumb_func
 501              	mavlink_sha256_update:
 502              	.LVL53:
 503              	.LFB15:
 151:c_library_v2/common/../mavlink_sha256.h **** 
 152:c_library_v2/common/../mavlink_sha256.h **** MAVLINK_HELPER void mavlink_sha256_update(mavlink_sha256_ctx *m, const void *v, uint32_t len)
 153:c_library_v2/common/../mavlink_sha256.h **** {
 504              		.loc 3 153 1 is_stmt 1 view -0
 505              		.cfi_startproc
 506              		@ args = 0, pretend = 0, frame = 64
 507              		@ frame_needed = 0, uses_anonymous_args = 0
 508              		.loc 3 153 1 is_stmt 0 view .LVU164
 509 0000 2DE9F041 		push	{r4, r5, r6, r7, r8, lr}
 510              	.LCFI4:
 511              		.cfi_def_cfa_offset 24
 512              		.cfi_offset 4, -24
 513              		.cfi_offset 5, -20
 514              		.cfi_offset 6, -16
 515              		.cfi_offset 7, -12
 516              		.cfi_offset 8, -8
 517              		.cfi_offset 14, -4
 518 0004 90B0     		sub	sp, sp, #64
 519              	.LCFI5:
 520              		.cfi_def_cfa_offset 88
 521 0006 8046     		mov	r8, r0
 522 0008 0F46     		mov	r7, r1
 523 000a 1646     		mov	r6, r2
 154:c_library_v2/common/../mavlink_sha256.h ****     const unsigned char *p = (const unsigned char *)v;
 524              		.loc 3 154 5 is_stmt 1 view .LVU165
 525              	.LVL54:
 155:c_library_v2/common/../mavlink_sha256.h ****     uint32_t old_sz = m->sz[0];
 526              		.loc 3 155 5 view .LVU166
 527              		.loc 3 155 14 is_stmt 0 view .LVU167
 528 000c 0568     		ldr	r5, [r0]
 529              	.LVL55:
 156:c_library_v2/common/../mavlink_sha256.h ****     uint32_t offset;
 530              		.loc 3 156 5 is_stmt 1 view .LVU168
 157:c_library_v2/common/../mavlink_sha256.h **** 
 158:c_library_v2/common/../mavlink_sha256.h ****     m->sz[0] += len * 8;
 531              		.loc 3 158 5 view .LVU169
 532              		.loc 3 158 14 is_stmt 0 view .LVU170
 533 000e 05EBC203 		add	r3, r5, r2, lsl #3
 534 0012 0360     		str	r3, [r0]
 159:c_library_v2/common/../mavlink_sha256.h ****     if (m->sz[0] < old_sz)
 535              		.loc 3 159 5 is_stmt 1 view .LVU171
 536              		.loc 3 159 8 is_stmt 0 view .LVU172
 537 0014 AB42     		cmp	r3, r5
 538 0016 02D2     		bcs	.L27
 160:c_library_v2/common/../mavlink_sha256.h **** 	++m->sz[1];
ARM GAS  /tmp/ccNOss9U.s 			page 24


 539              		.loc 3 160 2 is_stmt 1 view .LVU173
 540              		.loc 3 160 9 is_stmt 0 view .LVU174
 541 0018 4368     		ldr	r3, [r0, #4]
 542              		.loc 3 160 2 view .LVU175
 543 001a 0133     		adds	r3, r3, #1
 544 001c 4360     		str	r3, [r0, #4]
 545              	.L27:
 161:c_library_v2/common/../mavlink_sha256.h ****     offset = (old_sz / 8) % 64;
 546              		.loc 3 161 5 is_stmt 1 view .LVU176
 547              		.loc 3 161 12 is_stmt 0 view .LVU177
 548 001e C5F3C505 		ubfx	r5, r5, #3, #6
 549              	.LVL56:
 162:c_library_v2/common/../mavlink_sha256.h ****     while(len > 0){
 550              		.loc 3 162 5 is_stmt 1 view .LVU178
 551              		.loc 3 162 10 is_stmt 0 view .LVU179
 552 0022 0BE0     		b	.L28
 553              	.LVL57:
 554              	.L29:
 555              	.LBB63:
 163:c_library_v2/common/../mavlink_sha256.h **** 	uint32_t l = 64 - offset;
 164:c_library_v2/common/../mavlink_sha256.h ****         if (len < l) {
 165:c_library_v2/common/../mavlink_sha256.h ****             l = len;
 166:c_library_v2/common/../mavlink_sha256.h ****         }
 167:c_library_v2/common/../mavlink_sha256.h **** 	memcpy(m->u.save_bytes + offset, p, l);
 556              		.loc 3 167 2 is_stmt 1 view .LVU180
 557              		.loc 3 167 9 is_stmt 0 view .LVU181
 558 0024 08F12800 		add	r0, r8, #40
 559              		.loc 3 167 2 view .LVU182
 560 0028 2246     		mov	r2, r4
 561 002a 3946     		mov	r1, r7
 562 002c 2844     		add	r0, r0, r5
 563 002e FFF7FEFF 		bl	memcpy
 564              	.LVL58:
 168:c_library_v2/common/../mavlink_sha256.h **** 	offset += l;
 565              		.loc 3 168 2 is_stmt 1 view .LVU183
 566              		.loc 3 168 9 is_stmt 0 view .LVU184
 567 0032 2544     		add	r5, r5, r4
 568              	.LVL59:
 169:c_library_v2/common/../mavlink_sha256.h **** 	p += l;
 569              		.loc 3 169 2 is_stmt 1 view .LVU185
 570              		.loc 3 169 4 is_stmt 0 view .LVU186
 571 0034 2744     		add	r7, r7, r4
 572              	.LVL60:
 170:c_library_v2/common/../mavlink_sha256.h **** 	len -= l;
 573              		.loc 3 170 2 is_stmt 1 view .LVU187
 574              		.loc 3 170 6 is_stmt 0 view .LVU188
 575 0036 361B     		subs	r6, r6, r4
 576              	.LVL61:
 171:c_library_v2/common/../mavlink_sha256.h **** 	if(offset == 64){
 577              		.loc 3 171 2 is_stmt 1 view .LVU189
 578              		.loc 3 171 4 is_stmt 0 view .LVU190
 579 0038 402D     		cmp	r5, #64
 580 003a 06D0     		beq	.L36
 581              	.LVL62:
 582              	.L28:
 583              		.loc 3 171 4 view .LVU191
 584              	.LBE63:
ARM GAS  /tmp/ccNOss9U.s 			page 25


 162:c_library_v2/common/../mavlink_sha256.h **** 	uint32_t l = 64 - offset;
 585              		.loc 3 162 15 is_stmt 1 view .LVU192
 586 003c 36B3     		cbz	r6, .L37
 587              	.LBB66:
 163:c_library_v2/common/../mavlink_sha256.h ****         if (len < l) {
 588              		.loc 3 163 2 view .LVU193
 163:c_library_v2/common/../mavlink_sha256.h ****         if (len < l) {
 589              		.loc 3 163 11 is_stmt 0 view .LVU194
 590 003e C5F14004 		rsb	r4, r5, #64
 591              	.LVL63:
 164:c_library_v2/common/../mavlink_sha256.h ****             l = len;
 592              		.loc 3 164 9 is_stmt 1 view .LVU195
 164:c_library_v2/common/../mavlink_sha256.h ****             l = len;
 593              		.loc 3 164 12 is_stmt 0 view .LVU196
 594 0042 A642     		cmp	r6, r4
 595 0044 EED2     		bcs	.L29
 165:c_library_v2/common/../mavlink_sha256.h ****         }
 596              		.loc 3 165 15 view .LVU197
 597 0046 3446     		mov	r4, r6
 598              	.LVL64:
 165:c_library_v2/common/../mavlink_sha256.h ****         }
 599              		.loc 3 165 15 view .LVU198
 600 0048 ECE7     		b	.L29
 601              	.LVL65:
 602              	.L36:
 603              	.LBB64:
 172:c_library_v2/common/../mavlink_sha256.h **** 	    int i;
 604              		.loc 3 172 6 is_stmt 1 view .LVU199
 173:c_library_v2/common/../mavlink_sha256.h **** 	    uint32_t current[16];
 605              		.loc 3 173 6 view .LVU200
 174:c_library_v2/common/../mavlink_sha256.h **** 	    const uint32_t *u = m->u.save_u32;
 606              		.loc 3 174 6 view .LVU201
 607              		.loc 3 174 22 is_stmt 0 view .LVU202
 608 004a 08F12802 		add	r2, r8, #40
 609              	.LVL66:
 175:c_library_v2/common/../mavlink_sha256.h **** 	    for (i = 0; i < 16; i++){
 610              		.loc 3 175 6 is_stmt 1 view .LVU203
 611              		.loc 3 175 13 is_stmt 0 view .LVU204
 612 004e 0023     		movs	r3, #0
 613              		.loc 3 175 6 view .LVU205
 614 0050 14E0     		b	.L31
 615              	.LVL67:
 616              	.L32:
 617              	.LBB65:
 176:c_library_v2/common/../mavlink_sha256.h ****                 const uint8_t *p1 = (const uint8_t *)&u[i];
 618              		.loc 3 176 17 is_stmt 1 discriminator 3 view .LVU206
 619              		.loc 3 176 32 is_stmt 0 discriminator 3 view .LVU207
 620 0052 02EB830E 		add	lr, r2, r3, lsl #2
 621              	.LVL68:
 177:c_library_v2/common/../mavlink_sha256.h ****                 uint8_t *p2 = (uint8_t *)&current[i];
 622              		.loc 3 177 17 is_stmt 1 discriminator 3 view .LVU208
 623              		.loc 3 177 26 is_stmt 0 discriminator 3 view .LVU209
 624 0056 0DEB830C 		add	ip, sp, r3, lsl #2
 625              	.LVL69:
 178:c_library_v2/common/../mavlink_sha256.h ****                 p2[0] = p1[3];
 626              		.loc 3 178 17 is_stmt 1 discriminator 3 view .LVU210
 627              		.loc 3 178 27 is_stmt 0 discriminator 3 view .LVU211
ARM GAS  /tmp/ccNOss9U.s 			page 26


 628 005a 9EF80310 		ldrb	r1, [lr, #3]	@ zero_extendqisi2
 629              		.loc 3 178 23 discriminator 3 view .LVU212
 630 005e 0DF82310 		strb	r1, [sp, r3, lsl #2]
 179:c_library_v2/common/../mavlink_sha256.h ****                 p2[1] = p1[2];
 631              		.loc 3 179 17 is_stmt 1 discriminator 3 view .LVU213
 632              		.loc 3 179 27 is_stmt 0 discriminator 3 view .LVU214
 633 0062 9EF80210 		ldrb	r1, [lr, #2]	@ zero_extendqisi2
 634              		.loc 3 179 23 discriminator 3 view .LVU215
 635 0066 8CF80110 		strb	r1, [ip, #1]
 180:c_library_v2/common/../mavlink_sha256.h ****                 p2[2] = p1[1];
 636              		.loc 3 180 17 is_stmt 1 discriminator 3 view .LVU216
 637              		.loc 3 180 27 is_stmt 0 discriminator 3 view .LVU217
 638 006a 9EF80110 		ldrb	r1, [lr, #1]	@ zero_extendqisi2
 639              		.loc 3 180 23 discriminator 3 view .LVU218
 640 006e 8CF80210 		strb	r1, [ip, #2]
 181:c_library_v2/common/../mavlink_sha256.h ****                 p2[3] = p1[0];
 641              		.loc 3 181 17 is_stmt 1 discriminator 3 view .LVU219
 642              		.loc 3 181 27 is_stmt 0 discriminator 3 view .LVU220
 643 0072 12F82310 		ldrb	r1, [r2, r3, lsl #2]	@ zero_extendqisi2
 644              		.loc 3 181 23 discriminator 3 view .LVU221
 645 0076 8CF80310 		strb	r1, [ip, #3]
 646              	.LBE65:
 175:c_library_v2/common/../mavlink_sha256.h ****                 const uint8_t *p1 = (const uint8_t *)&u[i];
 647              		.loc 3 175 27 is_stmt 1 discriminator 3 view .LVU222
 648 007a 0133     		adds	r3, r3, #1
 649              	.LVL70:
 650              	.L31:
 175:c_library_v2/common/../mavlink_sha256.h ****                 const uint8_t *p1 = (const uint8_t *)&u[i];
 651              		.loc 3 175 20 discriminator 1 view .LVU223
 652 007c 0F2B     		cmp	r3, #15
 653 007e E8DD     		ble	.L32
 182:c_library_v2/common/../mavlink_sha256.h **** 	    }
 183:c_library_v2/common/../mavlink_sha256.h **** 	    mavlink_sha256_calc(m, current);
 654              		.loc 3 183 6 view .LVU224
 655 0080 6946     		mov	r1, sp
 656 0082 4046     		mov	r0, r8
 657 0084 FFF7FEFF 		bl	mavlink_sha256_calc
 658              	.LVL71:
 184:c_library_v2/common/../mavlink_sha256.h **** 	    offset = 0;
 659              		.loc 3 184 6 view .LVU225
 660              		.loc 3 184 13 is_stmt 0 view .LVU226
 661 0088 0025     		movs	r5, #0
 662 008a D7E7     		b	.L28
 663              	.LVL72:
 664              	.L37:
 665              		.loc 3 184 13 view .LVU227
 666              	.LBE64:
 667              	.LBE66:
 185:c_library_v2/common/../mavlink_sha256.h **** 	}
 186:c_library_v2/common/../mavlink_sha256.h ****     }
 187:c_library_v2/common/../mavlink_sha256.h **** }
 668              		.loc 3 187 1 view .LVU228
 669 008c 10B0     		add	sp, sp, #64
 670              	.LCFI6:
 671              		.cfi_def_cfa_offset 24
 672              		@ sp needed
 673 008e BDE8F081 		pop	{r4, r5, r6, r7, r8, pc}
ARM GAS  /tmp/ccNOss9U.s 			page 27


 674              		.loc 3 187 1 view .LVU229
 675              		.cfi_endproc
 676              	.LFE15:
 678              		.section	.text.mavlink_sha256_final_48,"ax",%progbits
 679              		.align	1
 680              		.syntax unified
 681              		.thumb
 682              		.thumb_func
 684              	mavlink_sha256_final_48:
 685              	.LVL73:
 686              	.LFB16:
 188:c_library_v2/common/../mavlink_sha256.h **** 
 189:c_library_v2/common/../mavlink_sha256.h **** /*
 190:c_library_v2/common/../mavlink_sha256.h ****   get first 48 bits of final sha256 hash
 191:c_library_v2/common/../mavlink_sha256.h ****  */
 192:c_library_v2/common/../mavlink_sha256.h **** MAVLINK_HELPER void mavlink_sha256_final_48(mavlink_sha256_ctx *m, uint8_t result[6])
 193:c_library_v2/common/../mavlink_sha256.h **** {
 687              		.loc 3 193 1 is_stmt 1 view -0
 688              		.cfi_startproc
 689              		@ args = 0, pretend = 0, frame = 72
 690              		@ frame_needed = 0, uses_anonymous_args = 0
 691              		.loc 3 193 1 is_stmt 0 view .LVU231
 692 0000 F0B5     		push	{r4, r5, r6, r7, lr}
 693              	.LCFI7:
 694              		.cfi_def_cfa_offset 20
 695              		.cfi_offset 4, -20
 696              		.cfi_offset 5, -16
 697              		.cfi_offset 6, -12
 698              		.cfi_offset 7, -8
 699              		.cfi_offset 14, -4
 700 0002 93B0     		sub	sp, sp, #76
 701              	.LCFI8:
 702              		.cfi_def_cfa_offset 96
 703 0004 0546     		mov	r5, r0
 704 0006 0E46     		mov	r6, r1
 194:c_library_v2/common/../mavlink_sha256.h ****     unsigned char zeros[72];
 705              		.loc 3 194 5 is_stmt 1 view .LVU232
 195:c_library_v2/common/../mavlink_sha256.h ****     unsigned offset = (m->sz[0] / 8) % 64;
 706              		.loc 3 195 5 view .LVU233
 707              		.loc 3 195 29 is_stmt 0 view .LVU234
 708 0008 0468     		ldr	r4, [r0]
 709              		.loc 3 195 33 view .LVU235
 710 000a E408     		lsrs	r4, r4, #3
 711              	.LVL74:
 196:c_library_v2/common/../mavlink_sha256.h ****     unsigned int dstart = (120 - offset - 1) % 64 + 1;
 712              		.loc 3 196 5 is_stmt 1 view .LVU236
 713 000c C4F17704 		rsb	r4, r4, #119
 714              	.LVL75:
 715              		.loc 3 196 5 is_stmt 0 view .LVU237
 716 0010 04F03F04 		and	r4, r4, #63
 717              	.LVL76:
 197:c_library_v2/common/../mavlink_sha256.h ****     uint8_t *p = (uint8_t *)&m->counter[0];
 718              		.loc 3 197 5 is_stmt 1 view .LVU238
 198:c_library_v2/common/../mavlink_sha256.h ****     
 199:c_library_v2/common/../mavlink_sha256.h ****     *zeros = 0x80;
 719              		.loc 3 199 5 view .LVU239
 720              		.loc 3 199 12 is_stmt 0 view .LVU240
ARM GAS  /tmp/ccNOss9U.s 			page 28


 721 0014 8023     		movs	r3, #128
 722 0016 8DF80030 		strb	r3, [sp]
 723              	.LVL77:
 200:c_library_v2/common/../mavlink_sha256.h ****     memset (zeros + 1, 0, sizeof(zeros) - 1);
 724              		.loc 3 200 5 is_stmt 1 view .LVU241
 725 001a 4722     		movs	r2, #71
 726 001c 0021     		movs	r1, #0
 727              	.LVL78:
 728              		.loc 3 200 5 is_stmt 0 view .LVU242
 729 001e 0DF10100 		add	r0, sp, #1
 730              	.LVL79:
 731              		.loc 3 200 5 view .LVU243
 732 0022 FFF7FEFF 		bl	memset
 733              	.LVL80:
 201:c_library_v2/common/../mavlink_sha256.h ****     zeros[dstart+7] = (m->sz[0] >> 0) & 0xff;
 734              		.loc 3 201 5 is_stmt 1 view .LVU244
 735              		.loc 3 201 33 is_stmt 0 view .LVU245
 736 0026 2B68     		ldr	r3, [r5]
 737              		.loc 3 201 21 view .LVU246
 738 0028 04F15002 		add	r2, r4, #80
 739 002c 6A44     		add	r2, sp, r2
 740 002e 02F8483C 		strb	r3, [r2, #-72]
 202:c_library_v2/common/../mavlink_sha256.h ****     zeros[dstart+6] = (m->sz[0] >> 8) & 0xff;
 741              		.loc 3 202 5 is_stmt 1 view .LVU247
 742              		.loc 3 202 33 is_stmt 0 view .LVU248
 743 0032 190A     		lsrs	r1, r3, #8
 744              		.loc 3 202 21 view .LVU249
 745 0034 04F14F02 		add	r2, r4, #79
 746 0038 6A44     		add	r2, sp, r2
 747 003a 02F8481C 		strb	r1, [r2, #-72]
 203:c_library_v2/common/../mavlink_sha256.h ****     zeros[dstart+5] = (m->sz[0] >> 16) & 0xff;
 748              		.loc 3 203 5 is_stmt 1 view .LVU250
 749              		.loc 3 203 33 is_stmt 0 view .LVU251
 750 003e 190C     		lsrs	r1, r3, #16
 751              		.loc 3 203 21 view .LVU252
 752 0040 04F14E02 		add	r2, r4, #78
 753 0044 6A44     		add	r2, sp, r2
 754 0046 02F8481C 		strb	r1, [r2, #-72]
 204:c_library_v2/common/../mavlink_sha256.h ****     zeros[dstart+4] = (m->sz[0] >> 24) & 0xff;
 755              		.loc 3 204 5 is_stmt 1 view .LVU253
 756              		.loc 3 204 33 is_stmt 0 view .LVU254
 757 004a 1B0E     		lsrs	r3, r3, #24
 758              		.loc 3 204 21 view .LVU255
 759 004c 04F14D02 		add	r2, r4, #77
 760 0050 6A44     		add	r2, sp, r2
 761 0052 02F8483C 		strb	r3, [r2, #-72]
 205:c_library_v2/common/../mavlink_sha256.h ****     zeros[dstart+3] = (m->sz[1] >> 0) & 0xff;
 762              		.loc 3 205 5 is_stmt 1 view .LVU256
 763              		.loc 3 205 33 is_stmt 0 view .LVU257
 764 0056 6B68     		ldr	r3, [r5, #4]
 765              		.loc 3 205 21 view .LVU258
 766 0058 04F14C02 		add	r2, r4, #76
 767 005c 6A44     		add	r2, sp, r2
 768 005e 02F8483C 		strb	r3, [r2, #-72]
 206:c_library_v2/common/../mavlink_sha256.h ****     zeros[dstart+2] = (m->sz[1] >> 8) & 0xff;
 769              		.loc 3 206 5 is_stmt 1 view .LVU259
 770              		.loc 3 206 33 is_stmt 0 view .LVU260
ARM GAS  /tmp/ccNOss9U.s 			page 29


 771 0062 190A     		lsrs	r1, r3, #8
 772              		.loc 3 206 21 view .LVU261
 773 0064 04F14B02 		add	r2, r4, #75
 774 0068 6A44     		add	r2, sp, r2
 775 006a 02F8481C 		strb	r1, [r2, #-72]
 207:c_library_v2/common/../mavlink_sha256.h ****     zeros[dstart+1] = (m->sz[1] >> 16) & 0xff;
 776              		.loc 3 207 5 is_stmt 1 view .LVU262
 777              		.loc 3 207 33 is_stmt 0 view .LVU263
 778 006e 190C     		lsrs	r1, r3, #16
 779              		.loc 3 207 21 view .LVU264
 780 0070 04F14A02 		add	r2, r4, #74
 781 0074 6A44     		add	r2, sp, r2
 782 0076 02F8481C 		strb	r1, [r2, #-72]
 208:c_library_v2/common/../mavlink_sha256.h ****     zeros[dstart+0] = (m->sz[1] >> 24) & 0xff;
 783              		.loc 3 208 5 is_stmt 1 view .LVU265
 784              		.loc 3 208 33 is_stmt 0 view .LVU266
 785 007a 1B0E     		lsrs	r3, r3, #24
 786              		.loc 3 208 21 view .LVU267
 787 007c 04F14902 		add	r2, r4, #73
 788 0080 0DEB0207 		add	r7, sp, r2
 789              	.LVL81:
 790              		.loc 3 208 21 view .LVU268
 791 0084 07F8483C 		strb	r3, [r7, #-72]
 209:c_library_v2/common/../mavlink_sha256.h **** 
 210:c_library_v2/common/../mavlink_sha256.h ****     mavlink_sha256_update(m, zeros, dstart + 8);
 792              		.loc 3 210 5 is_stmt 1 view .LVU269
 793 0088 04F10902 		add	r2, r4, #9
 794 008c 6946     		mov	r1, sp
 795 008e 2846     		mov	r0, r5
 796 0090 FFF7FEFF 		bl	mavlink_sha256_update
 797              	.LVL82:
 211:c_library_v2/common/../mavlink_sha256.h **** 
 212:c_library_v2/common/../mavlink_sha256.h ****     // this ordering makes the result consistent with taking the first
 213:c_library_v2/common/../mavlink_sha256.h ****     // 6 bytes of more conventional sha256 functions. It assumes
 214:c_library_v2/common/../mavlink_sha256.h ****     // little-endian ordering of m->counter
 215:c_library_v2/common/../mavlink_sha256.h ****     result[0] = p[3];
 798              		.loc 3 215 5 view .LVU270
 799              		.loc 3 215 15 is_stmt 0 view .LVU271
 800 0094 EB7A     		ldrb	r3, [r5, #11]	@ zero_extendqisi2
 801 0096 3370     		strb	r3, [r6]
 216:c_library_v2/common/../mavlink_sha256.h ****     result[1] = p[2];
 802              		.loc 3 216 5 is_stmt 1 view .LVU272
 803              		.loc 3 216 15 is_stmt 0 view .LVU273
 804 0098 AB7A     		ldrb	r3, [r5, #10]	@ zero_extendqisi2
 805 009a 7370     		strb	r3, [r6, #1]
 217:c_library_v2/common/../mavlink_sha256.h ****     result[2] = p[1];
 806              		.loc 3 217 5 is_stmt 1 view .LVU274
 807              		.loc 3 217 15 is_stmt 0 view .LVU275
 808 009c 6B7A     		ldrb	r3, [r5, #9]	@ zero_extendqisi2
 809 009e B370     		strb	r3, [r6, #2]
 218:c_library_v2/common/../mavlink_sha256.h ****     result[3] = p[0];
 810              		.loc 3 218 5 is_stmt 1 view .LVU276
 811              		.loc 3 218 18 is_stmt 0 view .LVU277
 812 00a0 2B7A     		ldrb	r3, [r5, #8]	@ zero_extendqisi2
 813              		.loc 3 218 15 view .LVU278
 814 00a2 F370     		strb	r3, [r6, #3]
 219:c_library_v2/common/../mavlink_sha256.h ****     result[4] = p[7];
ARM GAS  /tmp/ccNOss9U.s 			page 30


 815              		.loc 3 219 5 is_stmt 1 view .LVU279
 816              		.loc 3 219 15 is_stmt 0 view .LVU280
 817 00a4 EB7B     		ldrb	r3, [r5, #15]	@ zero_extendqisi2
 818 00a6 3371     		strb	r3, [r6, #4]
 220:c_library_v2/common/../mavlink_sha256.h ****     result[5] = p[6];
 819              		.loc 3 220 5 is_stmt 1 view .LVU281
 820              		.loc 3 220 15 is_stmt 0 view .LVU282
 821 00a8 AB7B     		ldrb	r3, [r5, #14]	@ zero_extendqisi2
 822 00aa 7371     		strb	r3, [r6, #5]
 221:c_library_v2/common/../mavlink_sha256.h **** }
 823              		.loc 3 221 1 view .LVU283
 824 00ac 13B0     		add	sp, sp, #76
 825              	.LCFI9:
 826              		.cfi_def_cfa_offset 20
 827              		@ sp needed
 828 00ae F0BD     		pop	{r4, r5, r6, r7, pc}
 829              		.loc 3 221 1 view .LVU284
 830              		.cfi_endproc
 831              	.LFE16:
 833              		.section	.text.mavlink_signature_check,"ax",%progbits
 834              		.align	1
 835              		.syntax unified
 836              		.thumb
 837              		.thumb_func
 839              	mavlink_signature_check:
 840              	.LVL83:
 841              	.LFB22:
 126:c_library_v2/common/../mavlink_helpers.h **** 	if (signing == NULL) {
 842              		.loc 4 126 1 is_stmt 1 view -0
 843              		.cfi_startproc
 844              		@ args = 0, pretend = 0, frame = 128
 845              		@ frame_needed = 0, uses_anonymous_args = 0
 127:c_library_v2/common/../mavlink_helpers.h **** 		return true;
 846              		.loc 4 127 2 view .LVU286
 127:c_library_v2/common/../mavlink_helpers.h **** 		return true;
 847              		.loc 4 127 5 is_stmt 0 view .LVU287
 848 0000 0028     		cmp	r0, #0
 849 0002 00F0DA80 		beq	.L53
 126:c_library_v2/common/../mavlink_helpers.h **** 	if (signing == NULL) {
 850              		.loc 4 126 1 view .LVU288
 851 0006 2DE9F043 		push	{r4, r5, r6, r7, r8, r9, lr}
 852              	.LCFI10:
 853              		.cfi_def_cfa_offset 28
 854              		.cfi_offset 4, -28
 855              		.cfi_offset 5, -24
 856              		.cfi_offset 6, -20
 857              		.cfi_offset 7, -16
 858              		.cfi_offset 8, -12
 859              		.cfi_offset 9, -8
 860              		.cfi_offset 14, -4
 861 000a A1B0     		sub	sp, sp, #132
 862              	.LCFI11:
 863              		.cfi_def_cfa_offset 160
 864 000c 0C46     		mov	r4, r1
 865 000e 1546     		mov	r5, r2
 866 0010 0646     		mov	r6, r0
 130:c_library_v2/common/../mavlink_helpers.h **** 	const uint8_t *psig = msg->signature;
ARM GAS  /tmp/ccNOss9U.s 			page 31


 867              		.loc 4 130 9 is_stmt 1 view .LVU289
 130:c_library_v2/common/../mavlink_helpers.h **** 	const uint8_t *psig = msg->signature;
 868              		.loc 4 130 24 is_stmt 0 view .LVU290
 869 0012 02F10209 		add	r9, r2, #2
 131:c_library_v2/common/../mavlink_helpers.h ****         const uint8_t *incoming_signature = psig+7;
 870              		.loc 4 131 2 is_stmt 1 view .LVU291
 131:c_library_v2/common/../mavlink_helpers.h ****         const uint8_t *incoming_signature = psig+7;
 871              		.loc 4 131 17 is_stmt 0 view .LVU292
 872 0016 02F58B78 		add	r8, r2, #278
 132:c_library_v2/common/../mavlink_helpers.h **** 	mavlink_sha256_ctx ctx;
 873              		.loc 4 132 9 is_stmt 1 view .LVU293
 132:c_library_v2/common/../mavlink_helpers.h **** 	mavlink_sha256_ctx ctx;
 874              		.loc 4 132 24 is_stmt 0 view .LVU294
 875 001a 02F21D17 		addw	r7, r2, #285
 133:c_library_v2/common/../mavlink_helpers.h **** 	uint8_t signature[6];
 876              		.loc 4 133 2 is_stmt 1 view .LVU295
 134:c_library_v2/common/../mavlink_helpers.h **** 	uint16_t i;
 877              		.loc 4 134 2 view .LVU296
 135:c_library_v2/common/../mavlink_helpers.h ****         
 878              		.loc 4 135 2 view .LVU297
 137:c_library_v2/common/../mavlink_helpers.h **** 	mavlink_sha256_update(&ctx, signing->secret_key, sizeof(signing->secret_key));
 879              		.loc 4 137 2 view .LVU298
 880              	.LVL84:
 881              	.LBB67:
 882              	.LBI67:
  91:c_library_v2/common/../mavlink_sha256.h **** {
 883              		.loc 3 91 21 view .LVU299
 884              	.LBB68:
  93:c_library_v2/common/../mavlink_sha256.h ****     m->sz[1] = 0;
 885              		.loc 3 93 5 view .LVU300
  93:c_library_v2/common/../mavlink_sha256.h ****     m->sz[1] = 0;
 886              		.loc 3 93 14 is_stmt 0 view .LVU301
 887 001e 0023     		movs	r3, #0
 888 0020 0693     		str	r3, [sp, #24]
  94:c_library_v2/common/../mavlink_sha256.h ****     m->counter[0] = 0x6a09e667;
 889              		.loc 3 94 5 is_stmt 1 view .LVU302
  94:c_library_v2/common/../mavlink_sha256.h ****     m->counter[0] = 0x6a09e667;
 890              		.loc 3 94 14 is_stmt 0 view .LVU303
 891 0022 0793     		str	r3, [sp, #28]
  95:c_library_v2/common/../mavlink_sha256.h ****     m->counter[1] = 0xbb67ae85;
 892              		.loc 3 95 5 is_stmt 1 view .LVU304
  95:c_library_v2/common/../mavlink_sha256.h ****     m->counter[1] = 0xbb67ae85;
 893              		.loc 3 95 19 is_stmt 0 view .LVU305
 894 0024 664B     		ldr	r3, .L63
 895 0026 0893     		str	r3, [sp, #32]
  96:c_library_v2/common/../mavlink_sha256.h ****     m->counter[2] = 0x3c6ef372;
 896              		.loc 3 96 5 is_stmt 1 view .LVU306
  96:c_library_v2/common/../mavlink_sha256.h ****     m->counter[2] = 0x3c6ef372;
 897              		.loc 3 96 19 is_stmt 0 view .LVU307
 898 0028 664B     		ldr	r3, .L63+4
 899 002a 0993     		str	r3, [sp, #36]
  97:c_library_v2/common/../mavlink_sha256.h ****     m->counter[3] = 0xa54ff53a;
 900              		.loc 3 97 5 is_stmt 1 view .LVU308
  97:c_library_v2/common/../mavlink_sha256.h ****     m->counter[3] = 0xa54ff53a;
 901              		.loc 3 97 19 is_stmt 0 view .LVU309
 902 002c 664B     		ldr	r3, .L63+8
 903 002e 0A93     		str	r3, [sp, #40]
ARM GAS  /tmp/ccNOss9U.s 			page 32


  98:c_library_v2/common/../mavlink_sha256.h ****     m->counter[4] = 0x510e527f;
 904              		.loc 3 98 5 is_stmt 1 view .LVU310
  98:c_library_v2/common/../mavlink_sha256.h ****     m->counter[4] = 0x510e527f;
 905              		.loc 3 98 19 is_stmt 0 view .LVU311
 906 0030 664B     		ldr	r3, .L63+12
 907 0032 0B93     		str	r3, [sp, #44]
  99:c_library_v2/common/../mavlink_sha256.h ****     m->counter[5] = 0x9b05688c;
 908              		.loc 3 99 5 is_stmt 1 view .LVU312
  99:c_library_v2/common/../mavlink_sha256.h ****     m->counter[5] = 0x9b05688c;
 909              		.loc 3 99 19 is_stmt 0 view .LVU313
 910 0034 664B     		ldr	r3, .L63+16
 911 0036 0C93     		str	r3, [sp, #48]
 100:c_library_v2/common/../mavlink_sha256.h ****     m->counter[6] = 0x1f83d9ab;
 912              		.loc 3 100 5 is_stmt 1 view .LVU314
 100:c_library_v2/common/../mavlink_sha256.h ****     m->counter[6] = 0x1f83d9ab;
 913              		.loc 3 100 19 is_stmt 0 view .LVU315
 914 0038 664B     		ldr	r3, .L63+20
 915 003a 0D93     		str	r3, [sp, #52]
 101:c_library_v2/common/../mavlink_sha256.h ****     m->counter[7] = 0x5be0cd19;
 916              		.loc 3 101 5 is_stmt 1 view .LVU316
 101:c_library_v2/common/../mavlink_sha256.h ****     m->counter[7] = 0x5be0cd19;
 917              		.loc 3 101 19 is_stmt 0 view .LVU317
 918 003c 664B     		ldr	r3, .L63+24
 919 003e 0E93     		str	r3, [sp, #56]
 102:c_library_v2/common/../mavlink_sha256.h **** }
 920              		.loc 3 102 5 is_stmt 1 view .LVU318
 102:c_library_v2/common/../mavlink_sha256.h **** }
 921              		.loc 3 102 19 is_stmt 0 view .LVU319
 922 0040 03F17453 		add	r3, r3, #1023410176
 923 0044 A3F52303 		sub	r3, r3, #10682368
 924 0048 A3F69243 		subw	r3, r3, #3218
 925 004c 0F93     		str	r3, [sp, #60]
 926              	.LVL85:
 102:c_library_v2/common/../mavlink_sha256.h **** }
 927              		.loc 3 102 19 view .LVU320
 928              	.LBE68:
 929              	.LBE67:
 138:c_library_v2/common/../mavlink_helpers.h **** 	mavlink_sha256_update(&ctx, p, MAVLINK_NUM_HEADER_BYTES);
 930              		.loc 4 138 2 is_stmt 1 view .LVU321
 931 004e 2022     		movs	r2, #32
 932              	.LVL86:
 138:c_library_v2/common/../mavlink_helpers.h **** 	mavlink_sha256_update(&ctx, p, MAVLINK_NUM_HEADER_BYTES);
 933              		.loc 4 138 2 is_stmt 0 view .LVU322
 934 0050 00F11001 		add	r1, r0, #16
 935              	.LVL87:
 138:c_library_v2/common/../mavlink_helpers.h **** 	mavlink_sha256_update(&ctx, p, MAVLINK_NUM_HEADER_BYTES);
 936              		.loc 4 138 2 view .LVU323
 937 0054 06A8     		add	r0, sp, #24
 938              	.LVL88:
 138:c_library_v2/common/../mavlink_helpers.h **** 	mavlink_sha256_update(&ctx, p, MAVLINK_NUM_HEADER_BYTES);
 939              		.loc 4 138 2 view .LVU324
 940 0056 FFF7FEFF 		bl	mavlink_sha256_update
 941              	.LVL89:
 139:c_library_v2/common/../mavlink_helpers.h **** 	mavlink_sha256_update(&ctx, _MAV_PAYLOAD(msg), msg->len);
 942              		.loc 4 139 2 is_stmt 1 view .LVU325
 943 005a 0A22     		movs	r2, #10
 944 005c 4946     		mov	r1, r9
ARM GAS  /tmp/ccNOss9U.s 			page 33


 945 005e 06A8     		add	r0, sp, #24
 946 0060 FFF7FEFF 		bl	mavlink_sha256_update
 947              	.LVL90:
 140:c_library_v2/common/../mavlink_helpers.h **** 	mavlink_sha256_update(&ctx, msg->ck, 2);
 948              		.loc 4 140 2 view .LVU326
 949 0064 EA78     		ldrb	r2, [r5, #3]	@ zero_extendqisi2
 950 0066 05F10C01 		add	r1, r5, #12
 951 006a 06A8     		add	r0, sp, #24
 952 006c FFF7FEFF 		bl	mavlink_sha256_update
 953              	.LVL91:
 141:c_library_v2/common/../mavlink_helpers.h **** 	mavlink_sha256_update(&ctx, psig, 1+6);
 954              		.loc 4 141 2 view .LVU327
 955 0070 0222     		movs	r2, #2
 956 0072 05F58A71 		add	r1, r5, #276
 957 0076 06A8     		add	r0, sp, #24
 958 0078 FFF7FEFF 		bl	mavlink_sha256_update
 959              	.LVL92:
 142:c_library_v2/common/../mavlink_helpers.h **** 	mavlink_sha256_final_48(&ctx, signature);
 960              		.loc 4 142 2 view .LVU328
 961 007c 0722     		movs	r2, #7
 962 007e 4146     		mov	r1, r8
 963 0080 06A8     		add	r0, sp, #24
 964 0082 FFF7FEFF 		bl	mavlink_sha256_update
 965              	.LVL93:
 143:c_library_v2/common/../mavlink_helpers.h ****         if (memcmp(signature, incoming_signature, 6) != 0) {
 966              		.loc 4 143 2 view .LVU329
 967 0086 04A9     		add	r1, sp, #16
 968 0088 06A8     		add	r0, sp, #24
 969 008a FFF7FEFF 		bl	mavlink_sha256_final_48
 970              	.LVL94:
 144:c_library_v2/common/../mavlink_helpers.h ****                 signing->last_status = MAVLINK_SIGNING_STATUS_BAD_SIGNATURE;
 971              		.loc 4 144 9 view .LVU330
 144:c_library_v2/common/../mavlink_helpers.h ****                 signing->last_status = MAVLINK_SIGNING_STATUS_BAD_SIGNATURE;
 972              		.loc 4 144 13 is_stmt 0 view .LVU331
 973 008e 0622     		movs	r2, #6
 974 0090 3946     		mov	r1, r7
 975 0092 04A8     		add	r0, sp, #16
 976 0094 FFF7FEFF 		bl	memcmp
 977              	.LVL95:
 144:c_library_v2/common/../mavlink_helpers.h ****                 signing->last_status = MAVLINK_SIGNING_STATUS_BAD_SIGNATURE;
 978              		.loc 4 144 12 view .LVU332
 979 0098 30B1     		cbz	r0, .L42
 145:c_library_v2/common/../mavlink_helpers.h **** 		return false;
 980              		.loc 4 145 17 is_stmt 1 view .LVU333
 145:c_library_v2/common/../mavlink_helpers.h **** 		return false;
 981              		.loc 4 145 38 is_stmt 0 view .LVU334
 982 009a 0223     		movs	r3, #2
 983 009c 86F83430 		strb	r3, [r6, #52]
 146:c_library_v2/common/../mavlink_helpers.h **** 	}
 984              		.loc 4 146 3 is_stmt 1 view .LVU335
 146:c_library_v2/common/../mavlink_helpers.h **** 	}
 985              		.loc 4 146 10 is_stmt 0 view .LVU336
 986 00a0 0020     		movs	r0, #0
 987              	.LVL96:
 988              	.L41:
 207:c_library_v2/common/../mavlink_helpers.h **** #endif
 989              		.loc 4 207 1 view .LVU337
ARM GAS  /tmp/ccNOss9U.s 			page 34


 990 00a2 21B0     		add	sp, sp, #132
 991              	.LCFI12:
 992              		.cfi_remember_state
 993              		.cfi_def_cfa_offset 28
 994              		@ sp needed
 995 00a4 BDE8F083 		pop	{r4, r5, r6, r7, r8, r9, pc}
 996              	.LVL97:
 997              	.L42:
 998              	.LCFI13:
 999              		.cfi_restore_state
 150:c_library_v2/common/../mavlink_helpers.h **** 	    uint64_t t64;
 1000              		.loc 4 150 2 is_stmt 1 view .LVU338
 154:c_library_v2/common/../mavlink_helpers.h **** 	tstamp.t64 = 0;
 1001              		.loc 4 154 2 view .LVU339
 154:c_library_v2/common/../mavlink_helpers.h **** 	tstamp.t64 = 0;
 1002              		.loc 4 154 10 is_stmt 0 view .LVU340
 1003 00a8 95F81671 		ldrb	r7, [r5, #278]	@ zero_extendqisi2
 1004              	.LVL98:
 155:c_library_v2/common/../mavlink_helpers.h **** 	memcpy(tstamp.t8, psig+1, 6);
 1005              		.loc 4 155 2 is_stmt 1 view .LVU341
 155:c_library_v2/common/../mavlink_helpers.h **** 	memcpy(tstamp.t8, psig+1, 6);
 1006              		.loc 4 155 13 is_stmt 0 view .LVU342
 1007 00ac 0022     		movs	r2, #0
 1008 00ae 0023     		movs	r3, #0
 1009 00b0 CDE90223 		strd	r2, [sp, #8]
 156:c_library_v2/common/../mavlink_helpers.h **** 
 1010              		.loc 4 156 2 is_stmt 1 view .LVU343
 156:c_library_v2/common/../mavlink_helpers.h **** 
 1011              		.loc 4 156 24 is_stmt 0 view .LVU344
 1012 00b4 05F2171E 		addw	lr, r5, #279
 156:c_library_v2/common/../mavlink_helpers.h **** 
 1013              		.loc 4 156 2 view .LVU345
 1014 00b8 D5F81701 		ldr	r0, [r5, #279]	@ unaligned
 1015 00bc 0290     		str	r0, [sp, #8]
 1016 00be B5F81B31 		ldrh	r3, [r5, #283]	@ unaligned
 1017 00c2 ADF80C30 		strh	r3, [sp, #12]	@ unaligned
 158:c_library_v2/common/../mavlink_helpers.h ****                 signing->last_status = MAVLINK_SIGNING_STATUS_NO_STREAMS;
 1018              		.loc 4 158 2 is_stmt 1 view .LVU346
 158:c_library_v2/common/../mavlink_helpers.h ****                 signing->last_status = MAVLINK_SIGNING_STATUS_NO_STREAMS;
 1019              		.loc 4 158 5 is_stmt 0 view .LVU347
 1020 00c6 0CB1     		cbz	r4, .L59
 164:c_library_v2/common/../mavlink_helpers.h **** 		if (msg->sysid == signing_streams->stream[i].sysid &&
 1021              		.loc 4 164 8 view .LVU348
 1022 00c8 0023     		movs	r3, #0
 1023 00ca 06E0     		b	.L43
 1024              	.L59:
 159:c_library_v2/common/../mavlink_helpers.h ****                 return false;
 1025              		.loc 4 159 17 is_stmt 1 view .LVU349
 159:c_library_v2/common/../mavlink_helpers.h ****                 return false;
 1026              		.loc 4 159 38 is_stmt 0 view .LVU350
 1027 00cc 0323     		movs	r3, #3
 1028 00ce 86F83430 		strb	r3, [r6, #52]
 160:c_library_v2/common/../mavlink_helpers.h **** 	}
 1029              		.loc 4 160 17 is_stmt 1 view .LVU351
 160:c_library_v2/common/../mavlink_helpers.h **** 	}
 1030              		.loc 4 160 24 is_stmt 0 view .LVU352
 1031 00d2 0020     		movs	r0, #0
ARM GAS  /tmp/ccNOss9U.s 			page 35


 1032 00d4 E5E7     		b	.L41
 1033              	.LVL99:
 1034              	.L44:
 164:c_library_v2/common/../mavlink_helpers.h **** 		if (msg->sysid == signing_streams->stream[i].sysid &&
 1035              		.loc 4 164 53 is_stmt 1 discriminator 2 view .LVU353
 1036 00d6 0133     		adds	r3, r3, #1
 1037              	.LVL100:
 164:c_library_v2/common/../mavlink_helpers.h **** 		if (msg->sysid == signing_streams->stream[i].sysid &&
 1038              		.loc 4 164 53 is_stmt 0 discriminator 2 view .LVU354
 1039 00d8 9BB2     		uxth	r3, r3
 1040              	.LVL101:
 1041              	.L43:
 164:c_library_v2/common/../mavlink_helpers.h **** 		if (msg->sysid == signing_streams->stream[i].sysid &&
 1042              		.loc 4 164 13 is_stmt 1 discriminator 1 view .LVU355
 164:c_library_v2/common/../mavlink_helpers.h **** 		if (msg->sysid == signing_streams->stream[i].sysid &&
 1043              		.loc 4 164 29 is_stmt 0 discriminator 1 view .LVU356
 1044 00da 2288     		ldrh	r2, [r4]
 164:c_library_v2/common/../mavlink_helpers.h **** 		if (msg->sysid == signing_streams->stream[i].sysid &&
 1045              		.loc 4 164 13 discriminator 1 view .LVU357
 1046 00dc 9A42     		cmp	r2, r3
 1047 00de 15D9     		bls	.L45
 165:c_library_v2/common/../mavlink_helpers.h **** 		    msg->compid == signing_streams->stream[i].compid &&
 1048              		.loc 4 165 3 is_stmt 1 view .LVU358
 165:c_library_v2/common/../mavlink_helpers.h **** 		    msg->compid == signing_streams->stream[i].compid &&
 1049              		.loc 4 165 10 is_stmt 0 view .LVU359
 1050 00e0 95F807C0 		ldrb	ip, [r5, #7]	@ zero_extendqisi2
 165:c_library_v2/common/../mavlink_helpers.h **** 		    msg->compid == signing_streams->stream[i].compid &&
 1051              		.loc 4 165 47 view .LVU360
 1052 00e4 03EBC300 		add	r0, r3, r3, lsl #3
 1053 00e8 2044     		add	r0, r0, r4
 1054 00ea C178     		ldrb	r1, [r0, #3]	@ zero_extendqisi2
 165:c_library_v2/common/../mavlink_helpers.h **** 		    msg->compid == signing_streams->stream[i].compid &&
 1055              		.loc 4 165 6 view .LVU361
 1056 00ec 8C45     		cmp	ip, r1
 1057 00ee F2D1     		bne	.L44
 166:c_library_v2/common/../mavlink_helpers.h **** 		    link_id == signing_streams->stream[i].link_id) {
 1058              		.loc 4 166 10 discriminator 1 view .LVU362
 1059 00f0 287A     		ldrb	r0, [r5, #8]	@ zero_extendqisi2
 166:c_library_v2/common/../mavlink_helpers.h **** 		    link_id == signing_streams->stream[i].link_id) {
 1060              		.loc 4 166 48 discriminator 1 view .LVU363
 1061 00f2 03EBC301 		add	r1, r3, r3, lsl #3
 1062 00f6 2144     		add	r1, r1, r4
 1063 00f8 0979     		ldrb	r1, [r1, #4]	@ zero_extendqisi2
 165:c_library_v2/common/../mavlink_helpers.h **** 		    msg->compid == signing_streams->stream[i].compid &&
 1064              		.loc 4 165 54 discriminator 1 view .LVU364
 1065 00fa 8842     		cmp	r0, r1
 1066 00fc EBD1     		bne	.L44
 167:c_library_v2/common/../mavlink_helpers.h **** 			break;
 1067              		.loc 4 167 44 view .LVU365
 1068 00fe 03EBC308 		add	r8, r3, r3, lsl #3
 1069 0102 A044     		add	r8, r8, r4
 1070 0104 98F80210 		ldrb	r1, [r8, #2]	@ zero_extendqisi2
 166:c_library_v2/common/../mavlink_helpers.h **** 		    link_id == signing_streams->stream[i].link_id) {
 1071              		.loc 4 166 56 view .LVU366
 1072 0108 B942     		cmp	r1, r7
 1073 010a E4D1     		bne	.L44
 1074              	.L45:
ARM GAS  /tmp/ccNOss9U.s 			page 36


 171:c_library_v2/common/../mavlink_helpers.h **** 		if (signing_streams->num_signing_streams >= MAVLINK_MAX_SIGNING_STREAMS) {
 1075              		.loc 4 171 2 is_stmt 1 view .LVU367
 171:c_library_v2/common/../mavlink_helpers.h **** 		if (signing_streams->num_signing_streams >= MAVLINK_MAX_SIGNING_STREAMS) {
 1076              		.loc 4 171 5 is_stmt 0 view .LVU368
 1077 010c 9A42     		cmp	r2, r3
 1078 010e 23D1     		bne	.L47
 172:c_library_v2/common/../mavlink_helpers.h **** 			// over max number of streams
 1079              		.loc 4 172 3 is_stmt 1 view .LVU369
 172:c_library_v2/common/../mavlink_helpers.h **** 			// over max number of streams
 1080              		.loc 4 172 6 is_stmt 0 view .LVU370
 1081 0110 0F2A     		cmp	r2, #15
 1082 0112 17D8     		bhi	.L60
 178:c_library_v2/common/../mavlink_helpers.h ****                         signing->last_status = MAVLINK_SIGNING_STATUS_OLD_TIMESTAMP;
 1083              		.loc 4 178 3 is_stmt 1 view .LVU371
 178:c_library_v2/common/../mavlink_helpers.h ****                         signing->last_status = MAVLINK_SIGNING_STATUS_OLD_TIMESTAMP;
 1084              		.loc 4 178 13 is_stmt 0 view .LVU372
 1085 0114 0299     		ldr	r1, [sp, #8]
 178:c_library_v2/common/../mavlink_helpers.h ****                         signing->last_status = MAVLINK_SIGNING_STATUS_OLD_TIMESTAMP;
 1086              		.loc 4 178 18 view .LVU373
 1087 0116 3148     		ldr	r0, .L63+28
 1088 0118 11EB000C 		adds	ip, r1, r0
 1089 011c 0398     		ldr	r0, [sp, #12]
 1090 011e 40F10008 		adc	r8, r0, #0
 178:c_library_v2/common/../mavlink_helpers.h ****                         signing->last_status = MAVLINK_SIGNING_STATUS_OLD_TIMESTAMP;
 1091              		.loc 4 178 41 view .LVU374
 1092 0122 B068     		ldr	r0, [r6, #8]
 1093 0124 F168     		ldr	r1, [r6, #12]
 178:c_library_v2/common/../mavlink_helpers.h ****                         signing->last_status = MAVLINK_SIGNING_STATUS_OLD_TIMESTAMP;
 1094              		.loc 4 178 6 view .LVU375
 1095 0126 8445     		cmp	ip, r0
 1096 0128 78EB0100 		sbcs	r0, r8, r1
 1097 012c 0FD3     		bcc	.L61
 183:c_library_v2/common/../mavlink_helpers.h **** 		signing_streams->stream[i].compid = msg->compid;
 1098              		.loc 4 183 3 is_stmt 1 view .LVU376
 183:c_library_v2/common/../mavlink_helpers.h **** 		signing_streams->stream[i].compid = msg->compid;
 1099              		.loc 4 183 41 is_stmt 0 view .LVU377
 1100 012e E879     		ldrb	r0, [r5, #7]	@ zero_extendqisi2
 183:c_library_v2/common/../mavlink_helpers.h **** 		signing_streams->stream[i].compid = msg->compid;
 1101              		.loc 4 183 36 view .LVU378
 1102 0130 03EBC301 		add	r1, r3, r3, lsl #3
 1103 0134 2144     		add	r1, r1, r4
 1104 0136 C870     		strb	r0, [r1, #3]
 184:c_library_v2/common/../mavlink_helpers.h **** 		signing_streams->stream[i].link_id = link_id;
 1105              		.loc 4 184 3 is_stmt 1 view .LVU379
 184:c_library_v2/common/../mavlink_helpers.h **** 		signing_streams->stream[i].link_id = link_id;
 1106              		.loc 4 184 42 is_stmt 0 view .LVU380
 1107 0138 287A     		ldrb	r0, [r5, #8]	@ zero_extendqisi2
 184:c_library_v2/common/../mavlink_helpers.h **** 		signing_streams->stream[i].link_id = link_id;
 1108              		.loc 4 184 37 view .LVU381
 1109 013a 0871     		strb	r0, [r1, #4]
 185:c_library_v2/common/../mavlink_helpers.h **** 		signing_streams->num_signing_streams++;
 1110              		.loc 4 185 3 is_stmt 1 view .LVU382
 185:c_library_v2/common/../mavlink_helpers.h **** 		signing_streams->num_signing_streams++;
 1111              		.loc 4 185 38 is_stmt 0 view .LVU383
 1112 013c 8F70     		strb	r7, [r1, #2]
 186:c_library_v2/common/../mavlink_helpers.h **** 	} else {
 1113              		.loc 4 186 3 is_stmt 1 view .LVU384
ARM GAS  /tmp/ccNOss9U.s 			page 37


 186:c_library_v2/common/../mavlink_helpers.h **** 	} else {
 1114              		.loc 4 186 39 is_stmt 0 view .LVU385
 1115 013e 0132     		adds	r2, r2, #1
 1116 0140 2280     		strh	r2, [r4]	@ movhi
 1117 0142 1DE0     		b	.L50
 1118              	.L60:
 174:c_library_v2/common/../mavlink_helpers.h ****                         return false;
 1119              		.loc 4 174 25 is_stmt 1 view .LVU386
 174:c_library_v2/common/../mavlink_helpers.h ****                         return false;
 1120              		.loc 4 174 46 is_stmt 0 view .LVU387
 1121 0144 0423     		movs	r3, #4
 1122              	.LVL102:
 174:c_library_v2/common/../mavlink_helpers.h ****                         return false;
 1123              		.loc 4 174 46 view .LVU388
 1124 0146 86F83430 		strb	r3, [r6, #52]
 175:c_library_v2/common/../mavlink_helpers.h **** 		}
 1125              		.loc 4 175 25 is_stmt 1 view .LVU389
 175:c_library_v2/common/../mavlink_helpers.h **** 		}
 1126              		.loc 4 175 32 is_stmt 0 view .LVU390
 1127 014a 0020     		movs	r0, #0
 1128 014c A9E7     		b	.L41
 1129              	.LVL103:
 1130              	.L61:
 179:c_library_v2/common/../mavlink_helpers.h ****                         return false;
 1131              		.loc 4 179 25 is_stmt 1 view .LVU391
 179:c_library_v2/common/../mavlink_helpers.h ****                         return false;
 1132              		.loc 4 179 46 is_stmt 0 view .LVU392
 1133 014e 0523     		movs	r3, #5
 1134              	.LVL104:
 179:c_library_v2/common/../mavlink_helpers.h ****                         return false;
 1135              		.loc 4 179 46 view .LVU393
 1136 0150 86F83430 		strb	r3, [r6, #52]
 180:c_library_v2/common/../mavlink_helpers.h **** 		}
 1137              		.loc 4 180 25 is_stmt 1 view .LVU394
 180:c_library_v2/common/../mavlink_helpers.h **** 		}
 1138              		.loc 4 180 32 is_stmt 0 view .LVU395
 1139 0154 0020     		movs	r0, #0
 1140 0156 A4E7     		b	.L41
 1141              	.LVL105:
 1142              	.L47:
 1143              	.LBB69:
 188:c_library_v2/common/../mavlink_helpers.h **** 		last_tstamp.t64 = 0;
 1144              		.loc 4 188 3 is_stmt 1 view .LVU396
 189:c_library_v2/common/../mavlink_helpers.h **** 		memcpy(last_tstamp.t8, signing_streams->stream[i].timestamp_bytes, 6);
 1145              		.loc 4 189 3 view .LVU397
 189:c_library_v2/common/../mavlink_helpers.h **** 		memcpy(last_tstamp.t8, signing_streams->stream[i].timestamp_bytes, 6);
 1146              		.loc 4 189 19 is_stmt 0 view .LVU398
 1147 0158 0020     		movs	r0, #0
 1148 015a 0021     		movs	r1, #0
 1149 015c CDE90001 		strd	r0, [sp]
 190:c_library_v2/common/../mavlink_helpers.h **** 		if (tstamp.t64 <= last_tstamp.t64) {
 1150              		.loc 4 190 3 is_stmt 1 view .LVU399
 190:c_library_v2/common/../mavlink_helpers.h **** 		if (tstamp.t64 <= last_tstamp.t64) {
 1151              		.loc 4 190 52 is_stmt 0 view .LVU400
 1152 0160 03EBC302 		add	r2, r3, r3, lsl #3
 1153 0164 2244     		add	r2, r2, r4
 190:c_library_v2/common/../mavlink_helpers.h **** 		if (tstamp.t64 <= last_tstamp.t64) {
ARM GAS  /tmp/ccNOss9U.s 			page 38


 1154              		.loc 4 190 3 view .LVU401
 1155 0166 D2F80500 		ldr	r0, [r2, #5]	@ unaligned
 1156 016a 0090     		str	r0, [sp]
 1157 016c B2F80920 		ldrh	r2, [r2, #9]	@ unaligned
 1158 0170 ADF80420 		strh	r2, [sp, #4]	@ unaligned
 191:c_library_v2/common/../mavlink_helpers.h **** 			// repeating old timestamp
 1159              		.loc 4 191 3 is_stmt 1 view .LVU402
 191:c_library_v2/common/../mavlink_helpers.h **** 			// repeating old timestamp
 1160              		.loc 4 191 6 is_stmt 0 view .LVU403
 1161 0174 029A     		ldr	r2, [sp, #8]
 1162 0176 9042     		cmp	r0, r2
 1163 0178 0399     		ldr	r1, [sp, #12]
 1164 017a 019A     		ldr	r2, [sp, #4]
 1165 017c 8A41     		sbcs	r2, r2, r1
 1166 017e 17D2     		bcs	.L62
 1167              	.L50:
 191:c_library_v2/common/../mavlink_helpers.h **** 			// repeating old timestamp
 1168              		.loc 4 191 6 view .LVU404
 1169              	.LBE69:
 199:c_library_v2/common/../mavlink_helpers.h **** 
 1170              		.loc 4 199 2 is_stmt 1 view .LVU405
 199:c_library_v2/common/../mavlink_helpers.h **** 
 1171              		.loc 4 199 35 is_stmt 0 view .LVU406
 1172 0180 03EBC303 		add	r3, r3, r3, lsl #3
 1173              	.LVL106:
 199:c_library_v2/common/../mavlink_helpers.h **** 
 1174              		.loc 4 199 35 view .LVU407
 1175 0184 1C44     		add	r4, r4, r3
 1176              	.LVL107:
 199:c_library_v2/common/../mavlink_helpers.h **** 
 1177              		.loc 4 199 2 view .LVU408
 1178 0186 D5F81731 		ldr	r3, [r5, #279]	@ unaligned
 1179 018a C4F80530 		str	r3, [r4, #5]	@ unaligned
 1180 018e BEF80430 		ldrh	r3, [lr, #4]	@ unaligned
 1181 0192 A4F80930 		strh	r3, [r4, #9]	@ unaligned
 202:c_library_v2/common/../mavlink_helpers.h **** 		signing->timestamp = tstamp.t64;
 1182              		.loc 4 202 2 is_stmt 1 view .LVU409
 202:c_library_v2/common/../mavlink_helpers.h **** 		signing->timestamp = tstamp.t64;
 1183              		.loc 4 202 12 is_stmt 0 view .LVU410
 1184 0196 0299     		ldr	r1, [sp, #8]
 1185 0198 039A     		ldr	r2, [sp, #12]
 202:c_library_v2/common/../mavlink_helpers.h **** 		signing->timestamp = tstamp.t64;
 1186              		.loc 4 202 26 view .LVU411
 1187 019a B068     		ldr	r0, [r6, #8]
 1188 019c F368     		ldr	r3, [r6, #12]
 202:c_library_v2/common/../mavlink_helpers.h **** 		signing->timestamp = tstamp.t64;
 1189              		.loc 4 202 5 view .LVU412
 1190 019e 8842     		cmp	r0, r1
 1191 01a0 9341     		sbcs	r3, r3, r2
 1192 01a2 01D2     		bcs	.L52
 203:c_library_v2/common/../mavlink_helpers.h **** 	}
 1193              		.loc 4 203 3 is_stmt 1 view .LVU413
 203:c_library_v2/common/../mavlink_helpers.h **** 	}
 1194              		.loc 4 203 22 is_stmt 0 view .LVU414
 1195 01a4 B160     		str	r1, [r6, #8]
 1196 01a6 F260     		str	r2, [r6, #12]
 1197              	.L52:
ARM GAS  /tmp/ccNOss9U.s 			page 39


 205:c_library_v2/common/../mavlink_helpers.h ****         return true;
 1198              		.loc 4 205 9 is_stmt 1 view .LVU415
 205:c_library_v2/common/../mavlink_helpers.h ****         return true;
 1199              		.loc 4 205 30 is_stmt 0 view .LVU416
 1200 01a8 0120     		movs	r0, #1
 1201 01aa 86F83400 		strb	r0, [r6, #52]
 206:c_library_v2/common/../mavlink_helpers.h **** }
 1202              		.loc 4 206 9 is_stmt 1 view .LVU417
 206:c_library_v2/common/../mavlink_helpers.h **** }
 1203              		.loc 4 206 16 is_stmt 0 view .LVU418
 1204 01ae 78E7     		b	.L41
 1205              	.LVL108:
 1206              	.L62:
 1207              	.LBB70:
 193:c_library_v2/common/../mavlink_helpers.h ****                         return false;
 1208              		.loc 4 193 25 is_stmt 1 view .LVU419
 193:c_library_v2/common/../mavlink_helpers.h ****                         return false;
 1209              		.loc 4 193 46 is_stmt 0 view .LVU420
 1210 01b0 0623     		movs	r3, #6
 1211              	.LVL109:
 193:c_library_v2/common/../mavlink_helpers.h ****                         return false;
 1212              		.loc 4 193 46 view .LVU421
 1213 01b2 86F83430 		strb	r3, [r6, #52]
 194:c_library_v2/common/../mavlink_helpers.h **** 		}
 1214              		.loc 4 194 25 is_stmt 1 view .LVU422
 194:c_library_v2/common/../mavlink_helpers.h **** 		}
 1215              		.loc 4 194 32 is_stmt 0 view .LVU423
 1216 01b6 0020     		movs	r0, #0
 1217 01b8 73E7     		b	.L41
 1218              	.LVL110:
 1219              	.L53:
 1220              	.LCFI14:
 1221              		.cfi_def_cfa_offset 0
 1222              		.cfi_restore 4
 1223              		.cfi_restore 5
 1224              		.cfi_restore 6
 1225              		.cfi_restore 7
 1226              		.cfi_restore 8
 1227              		.cfi_restore 9
 1228              		.cfi_restore 14
 194:c_library_v2/common/../mavlink_helpers.h **** 		}
 1229              		.loc 4 194 32 view .LVU424
 1230              	.LBE70:
 128:c_library_v2/common/../mavlink_helpers.h **** 	}
 1231              		.loc 4 128 10 view .LVU425
 1232 01ba 0120     		movs	r0, #1
 1233              	.LVL111:
 207:c_library_v2/common/../mavlink_helpers.h **** #endif
 1234              		.loc 4 207 1 view .LVU426
 1235 01bc 7047     		bx	lr
 1236              	.L64:
 1237 01be 00BF     		.align	2
 1238              	.L63:
 1239 01c0 67E6096A 		.word	1779033703
 1240 01c4 85AE67BB 		.word	-1150833019
 1241 01c8 72F36E3C 		.word	1013904242
 1242 01cc 3AF54FA5 		.word	-1521486534
ARM GAS  /tmp/ccNOss9U.s 			page 40


 1243 01d0 7F520E51 		.word	1359893119
 1244 01d4 8C68059B 		.word	-1694144372
 1245 01d8 ABD9831F 		.word	528734635
 1246 01dc 808D5B00 		.word	6000000
 1247              		.cfi_endproc
 1248              	.LFE22:
 1250              		.section	.text.mavlink_frame_char_buffer,"ax",%progbits
 1251              		.align	1
 1252              		.syntax unified
 1253              		.thumb
 1254              		.thumb_func
 1256              	mavlink_frame_char_buffer:
 1257              	.LVL112:
 1258              	.LFB34:
 545:c_library_v2/common/../mavlink_helpers.h **** #endif // MAVLINK_GET_MSG_ENTRY
 546:c_library_v2/common/../mavlink_helpers.h **** 
 547:c_library_v2/common/../mavlink_helpers.h **** /*
 548:c_library_v2/common/../mavlink_helpers.h ****   return the crc_extra value for a message
 549:c_library_v2/common/../mavlink_helpers.h **** */
 550:c_library_v2/common/../mavlink_helpers.h **** MAVLINK_HELPER uint8_t mavlink_get_crc_extra(const mavlink_message_t *msg)
 551:c_library_v2/common/../mavlink_helpers.h **** {
 552:c_library_v2/common/../mavlink_helpers.h **** 	const mavlink_msg_entry_t *e = mavlink_get_msg_entry(msg->msgid);
 553:c_library_v2/common/../mavlink_helpers.h **** 	return e?e->crc_extra:0;
 554:c_library_v2/common/../mavlink_helpers.h **** }
 555:c_library_v2/common/../mavlink_helpers.h **** 
 556:c_library_v2/common/../mavlink_helpers.h **** /*
 557:c_library_v2/common/../mavlink_helpers.h ****   return the min message length
 558:c_library_v2/common/../mavlink_helpers.h **** */
 559:c_library_v2/common/../mavlink_helpers.h **** #define MAVLINK_HAVE_MIN_MESSAGE_LENGTH
 560:c_library_v2/common/../mavlink_helpers.h **** MAVLINK_HELPER uint8_t mavlink_min_message_length(const mavlink_message_t *msg)
 561:c_library_v2/common/../mavlink_helpers.h **** {
 562:c_library_v2/common/../mavlink_helpers.h **** 	const mavlink_msg_entry_t *e = mavlink_get_msg_entry(msg->msgid);
 563:c_library_v2/common/../mavlink_helpers.h ****         return e?e->min_msg_len:0;
 564:c_library_v2/common/../mavlink_helpers.h **** }
 565:c_library_v2/common/../mavlink_helpers.h **** 
 566:c_library_v2/common/../mavlink_helpers.h **** /*
 567:c_library_v2/common/../mavlink_helpers.h ****   return the max message length (including extensions)
 568:c_library_v2/common/../mavlink_helpers.h **** */
 569:c_library_v2/common/../mavlink_helpers.h **** #define MAVLINK_HAVE_MAX_MESSAGE_LENGTH
 570:c_library_v2/common/../mavlink_helpers.h **** MAVLINK_HELPER uint8_t mavlink_max_message_length(const mavlink_message_t *msg)
 571:c_library_v2/common/../mavlink_helpers.h **** {
 572:c_library_v2/common/../mavlink_helpers.h **** 	const mavlink_msg_entry_t *e = mavlink_get_msg_entry(msg->msgid);
 573:c_library_v2/common/../mavlink_helpers.h ****         return e?e->max_msg_len:0;
 574:c_library_v2/common/../mavlink_helpers.h **** }
 575:c_library_v2/common/../mavlink_helpers.h **** 
 576:c_library_v2/common/../mavlink_helpers.h **** /**
 577:c_library_v2/common/../mavlink_helpers.h ****  * This is a variant of mavlink_frame_char() but with caller supplied
 578:c_library_v2/common/../mavlink_helpers.h ****  * parsing buffers. It is useful when you want to create a MAVLink
 579:c_library_v2/common/../mavlink_helpers.h ****  * parser in a library that doesn't use any global variables
 580:c_library_v2/common/../mavlink_helpers.h ****  *
 581:c_library_v2/common/../mavlink_helpers.h ****  * @param rxmsg    parsing message buffer
 582:c_library_v2/common/../mavlink_helpers.h ****  * @param status   parsing status buffer
 583:c_library_v2/common/../mavlink_helpers.h ****  * @param c        The char to parse
 584:c_library_v2/common/../mavlink_helpers.h ****  *
 585:c_library_v2/common/../mavlink_helpers.h ****  * @param r_message NULL if no message could be decoded, otherwise the message data
 586:c_library_v2/common/../mavlink_helpers.h ****  * @param r_mavlink_status if a message was decoded, this is filled with the channel's stats
 587:c_library_v2/common/../mavlink_helpers.h ****  * @return 0 if no message could be decoded, 1 on good message and CRC, 2 on bad CRC
ARM GAS  /tmp/ccNOss9U.s 			page 41


 588:c_library_v2/common/../mavlink_helpers.h ****  *
 589:c_library_v2/common/../mavlink_helpers.h ****  */
 590:c_library_v2/common/../mavlink_helpers.h **** MAVLINK_HELPER uint8_t mavlink_frame_char_buffer(mavlink_message_t* rxmsg, 
 591:c_library_v2/common/../mavlink_helpers.h ****                                                  mavlink_status_t* status,
 592:c_library_v2/common/../mavlink_helpers.h ****                                                  uint8_t c, 
 593:c_library_v2/common/../mavlink_helpers.h ****                                                  mavlink_message_t* r_message, 
 594:c_library_v2/common/../mavlink_helpers.h ****                                                  mavlink_status_t* r_mavlink_status)
 595:c_library_v2/common/../mavlink_helpers.h **** {
 1259              		.loc 4 595 1 is_stmt 1 view -0
 1260              		.cfi_startproc
 1261              		@ args = 4, pretend = 0, frame = 8
 1262              		@ frame_needed = 0, uses_anonymous_args = 0
 1263              		.loc 4 595 1 is_stmt 0 view .LVU428
 1264 0000 2DE9F043 		push	{r4, r5, r6, r7, r8, r9, lr}
 1265              	.LCFI15:
 1266              		.cfi_def_cfa_offset 28
 1267              		.cfi_offset 4, -28
 1268              		.cfi_offset 5, -24
 1269              		.cfi_offset 6, -20
 1270              		.cfi_offset 7, -16
 1271              		.cfi_offset 8, -12
 1272              		.cfi_offset 9, -8
 1273              		.cfi_offset 14, -4
 1274 0004 83B0     		sub	sp, sp, #12
 1275              	.LCFI16:
 1276              		.cfi_def_cfa_offset 40
 1277 0006 0546     		mov	r5, r0
 1278 0008 0C46     		mov	r4, r1
 1279 000a 9046     		mov	r8, r2
 1280 000c 1F46     		mov	r7, r3
 1281 000e 0A9E     		ldr	r6, [sp, #40]
 596:c_library_v2/common/../mavlink_helpers.h **** 
 597:c_library_v2/common/../mavlink_helpers.h **** 	status->msg_received = MAVLINK_FRAMING_INCOMPLETE;
 1282              		.loc 4 597 2 is_stmt 1 view .LVU429
 1283              		.loc 4 597 23 is_stmt 0 view .LVU430
 1284 0010 0023     		movs	r3, #0
 1285              	.LVL113:
 1286              		.loc 4 597 23 view .LVU431
 1287 0012 0B70     		strb	r3, [r1]
 598:c_library_v2/common/../mavlink_helpers.h **** 
 599:c_library_v2/common/../mavlink_helpers.h **** 	switch (status->parse_state)
 1288              		.loc 4 599 2 is_stmt 1 view .LVU432
 1289              		.loc 4 599 16 is_stmt 0 view .LVU433
 1290 0014 CB78     		ldrb	r3, [r1, #3]	@ zero_extendqisi2
 1291              		.loc 4 599 2 view .LVU434
 1292 0016 0F2B     		cmp	r3, #15
 1293 0018 7BD8     		bhi	.L66
 1294 001a DFE813F0 		tbh	[pc, r3, lsl #1]
 1295              	.LVL114:
 1296              	.L68:
 1297 001e 1000     		.2byte	(.L81-.L68)/2
 1298 0020 1000     		.2byte	(.L81-.L68)/2
 1299 0022 3400     		.2byte	(.L80-.L68)/2
 1300 0024 5000     		.2byte	(.L79-.L68)/2
 1301 0026 6B00     		.2byte	(.L78-.L68)/2
 1302 0028 9900     		.2byte	(.L77-.L68)/2
 1303 002a A900     		.2byte	(.L76-.L68)/2
ARM GAS  /tmp/ccNOss9U.s 			page 42


 1304 002c B900     		.2byte	(.L75-.L68)/2
 1305 002e C900     		.2byte	(.L74-.L68)/2
 1306 0030 E800     		.2byte	(.L73-.L68)/2
 1307 0032 0501     		.2byte	(.L72-.L68)/2
 1308 0034 2701     		.2byte	(.L71-.L68)/2
 1309 0036 4101     		.2byte	(.L70-.L68)/2
 1310 0038 7401     		.2byte	(.L69-.L68)/2
 1311 003a 7401     		.2byte	(.L69-.L68)/2
 1312 003c AF01     		.2byte	(.L67-.L68)/2
 1313              		.p2align 1
 1314              	.L81:
 600:c_library_v2/common/../mavlink_helpers.h **** 	{
 601:c_library_v2/common/../mavlink_helpers.h **** 	case MAVLINK_PARSE_STATE_UNINIT:
 602:c_library_v2/common/../mavlink_helpers.h **** 	case MAVLINK_PARSE_STATE_IDLE:
 603:c_library_v2/common/../mavlink_helpers.h **** 		if (c == MAVLINK_STX)
 1315              		.loc 4 603 3 is_stmt 1 view .LVU435
 1316              		.loc 4 603 6 is_stmt 0 view .LVU436
 1317 003e B8F1FD0F 		cmp	r8, #253
 1318 0042 11D0     		beq	.L107
 604:c_library_v2/common/../mavlink_helpers.h **** 		{
 605:c_library_v2/common/../mavlink_helpers.h **** 			status->parse_state = MAVLINK_PARSE_STATE_GOT_STX;
 606:c_library_v2/common/../mavlink_helpers.h **** 			rxmsg->len = 0;
 607:c_library_v2/common/../mavlink_helpers.h **** 			rxmsg->magic = c;
 608:c_library_v2/common/../mavlink_helpers.h ****                         status->flags &= ~MAVLINK_STATUS_FLAG_IN_MAVLINK1;
 609:c_library_v2/common/../mavlink_helpers.h **** 			mavlink_start_checksum(rxmsg);
 610:c_library_v2/common/../mavlink_helpers.h **** 		} else if (c == MAVLINK_STX_MAVLINK1)
 1319              		.loc 4 610 10 is_stmt 1 view .LVU437
 1320              		.loc 4 610 13 is_stmt 0 view .LVU438
 1321 0044 B8F1FE0F 		cmp	r8, #254
 1322 0048 63D1     		bne	.L66
 611:c_library_v2/common/../mavlink_helpers.h **** 		{
 612:c_library_v2/common/../mavlink_helpers.h **** 			status->parse_state = MAVLINK_PARSE_STATE_GOT_STX;
 1323              		.loc 4 612 4 is_stmt 1 view .LVU439
 1324              		.loc 4 612 24 is_stmt 0 view .LVU440
 1325 004a 0223     		movs	r3, #2
 1326 004c CB70     		strb	r3, [r1, #3]
 613:c_library_v2/common/../mavlink_helpers.h **** 			rxmsg->len = 0;
 1327              		.loc 4 613 4 is_stmt 1 view .LVU441
 1328              		.loc 4 613 15 is_stmt 0 view .LVU442
 1329 004e 0023     		movs	r3, #0
 1330 0050 C370     		strb	r3, [r0, #3]
 614:c_library_v2/common/../mavlink_helpers.h **** 			rxmsg->magic = c;
 1331              		.loc 4 614 4 is_stmt 1 view .LVU443
 1332              		.loc 4 614 17 is_stmt 0 view .LVU444
 1333 0052 80F80280 		strb	r8, [r0, #2]
 615:c_library_v2/common/../mavlink_helpers.h ****                         status->flags |= MAVLINK_STATUS_FLAG_IN_MAVLINK1;
 1334              		.loc 4 615 25 is_stmt 1 view .LVU445
 1335              		.loc 4 615 31 is_stmt 0 view .LVU446
 1336 0056 0B7B     		ldrb	r3, [r1, #12]	@ zero_extendqisi2
 1337              		.loc 4 615 39 view .LVU447
 1338 0058 43F00103 		orr	r3, r3, #1
 1339 005c 0B73     		strb	r3, [r1, #12]
 616:c_library_v2/common/../mavlink_helpers.h **** 			mavlink_start_checksum(rxmsg);
 1340              		.loc 4 616 4 is_stmt 1 view .LVU448
 1341              	.LVL115:
 1342              	.LBB71:
 1343              	.LBI71:
ARM GAS  /tmp/ccNOss9U.s 			page 43


 500:c_library_v2/common/../mavlink_helpers.h **** {
 1344              		.loc 4 500 21 view .LVU449
 1345              	.LBB72:
 502:c_library_v2/common/../mavlink_helpers.h **** 	crc_init(&crcTmp);
 1346              		.loc 4 502 2 view .LVU450
 503:c_library_v2/common/../mavlink_helpers.h **** 	msg->checksum = crcTmp;
 1347              		.loc 4 503 2 view .LVU451
 504:c_library_v2/common/../mavlink_helpers.h **** }
 1348              		.loc 4 504 2 view .LVU452
 504:c_library_v2/common/../mavlink_helpers.h **** }
 1349              		.loc 4 504 16 is_stmt 0 view .LVU453
 1350 005e 4FF0FF33 		mov	r3, #-1
 1351 0062 0370     		strb	r3, [r0]
 1352 0064 4370     		strb	r3, [r0, #1]
 1353              	.LVL116:
 505:c_library_v2/common/../mavlink_helpers.h **** 
 1354              		.loc 4 505 1 view .LVU454
 1355 0066 54E0     		b	.L66
 1356              	.LVL117:
 1357              	.L107:
 505:c_library_v2/common/../mavlink_helpers.h **** 
 1358              		.loc 4 505 1 view .LVU455
 1359              	.LBE72:
 1360              	.LBE71:
 605:c_library_v2/common/../mavlink_helpers.h **** 			rxmsg->len = 0;
 1361              		.loc 4 605 4 is_stmt 1 view .LVU456
 605:c_library_v2/common/../mavlink_helpers.h **** 			rxmsg->len = 0;
 1362              		.loc 4 605 24 is_stmt 0 view .LVU457
 1363 0068 0223     		movs	r3, #2
 1364 006a CB70     		strb	r3, [r1, #3]
 606:c_library_v2/common/../mavlink_helpers.h **** 			rxmsg->magic = c;
 1365              		.loc 4 606 4 is_stmt 1 view .LVU458
 606:c_library_v2/common/../mavlink_helpers.h **** 			rxmsg->magic = c;
 1366              		.loc 4 606 15 is_stmt 0 view .LVU459
 1367 006c 0023     		movs	r3, #0
 1368 006e C370     		strb	r3, [r0, #3]
 607:c_library_v2/common/../mavlink_helpers.h ****                         status->flags &= ~MAVLINK_STATUS_FLAG_IN_MAVLINK1;
 1369              		.loc 4 607 4 is_stmt 1 view .LVU460
 607:c_library_v2/common/../mavlink_helpers.h ****                         status->flags &= ~MAVLINK_STATUS_FLAG_IN_MAVLINK1;
 1370              		.loc 4 607 17 is_stmt 0 view .LVU461
 1371 0070 80F80280 		strb	r8, [r0, #2]
 608:c_library_v2/common/../mavlink_helpers.h **** 			mavlink_start_checksum(rxmsg);
 1372              		.loc 4 608 25 is_stmt 1 view .LVU462
 608:c_library_v2/common/../mavlink_helpers.h **** 			mavlink_start_checksum(rxmsg);
 1373              		.loc 4 608 31 is_stmt 0 view .LVU463
 1374 0074 0B7B     		ldrb	r3, [r1, #12]	@ zero_extendqisi2
 608:c_library_v2/common/../mavlink_helpers.h **** 			mavlink_start_checksum(rxmsg);
 1375              		.loc 4 608 39 view .LVU464
 1376 0076 23F00103 		bic	r3, r3, #1
 1377 007a 0B73     		strb	r3, [r1, #12]
 609:c_library_v2/common/../mavlink_helpers.h **** 		} else if (c == MAVLINK_STX_MAVLINK1)
 1378              		.loc 4 609 4 is_stmt 1 view .LVU465
 1379              	.LVL118:
 1380              	.LBB73:
 1381              	.LBI73:
 500:c_library_v2/common/../mavlink_helpers.h **** {
 1382              		.loc 4 500 21 view .LVU466
ARM GAS  /tmp/ccNOss9U.s 			page 44


 1383              	.LBB74:
 502:c_library_v2/common/../mavlink_helpers.h **** 	crc_init(&crcTmp);
 1384              		.loc 4 502 2 view .LVU467
 503:c_library_v2/common/../mavlink_helpers.h **** 	msg->checksum = crcTmp;
 1385              		.loc 4 503 2 view .LVU468
 504:c_library_v2/common/../mavlink_helpers.h **** }
 1386              		.loc 4 504 2 view .LVU469
 504:c_library_v2/common/../mavlink_helpers.h **** }
 1387              		.loc 4 504 16 is_stmt 0 view .LVU470
 1388 007c 4FF0FF33 		mov	r3, #-1
 1389 0080 0370     		strb	r3, [r0]
 1390 0082 4370     		strb	r3, [r0, #1]
 1391              	.LVL119:
 505:c_library_v2/common/../mavlink_helpers.h **** 
 1392              		.loc 4 505 1 view .LVU471
 1393 0084 45E0     		b	.L66
 1394              	.LVL120:
 1395              	.L80:
 505:c_library_v2/common/../mavlink_helpers.h **** 
 1396              		.loc 4 505 1 view .LVU472
 1397              	.LBE74:
 1398              	.LBE73:
 617:c_library_v2/common/../mavlink_helpers.h **** 		}
 618:c_library_v2/common/../mavlink_helpers.h **** 		break;
 619:c_library_v2/common/../mavlink_helpers.h **** 
 620:c_library_v2/common/../mavlink_helpers.h **** 	case MAVLINK_PARSE_STATE_GOT_STX:
 621:c_library_v2/common/../mavlink_helpers.h **** 			if (status->msg_received 
 1399              		.loc 4 621 4 is_stmt 1 view .LVU473
 622:c_library_v2/common/../mavlink_helpers.h **** /* Support shorter buffers than the
 623:c_library_v2/common/../mavlink_helpers.h ****    default maximum packet size */
 624:c_library_v2/common/../mavlink_helpers.h **** #if (MAVLINK_MAX_PAYLOAD_LEN < 255)
 625:c_library_v2/common/../mavlink_helpers.h **** 				|| c > MAVLINK_MAX_PAYLOAD_LEN
 626:c_library_v2/common/../mavlink_helpers.h **** #endif
 627:c_library_v2/common/../mavlink_helpers.h **** 				)
 628:c_library_v2/common/../mavlink_helpers.h **** 		{
 629:c_library_v2/common/../mavlink_helpers.h **** 			status->buffer_overrun++;
 630:c_library_v2/common/../mavlink_helpers.h **** 			_mav_parse_error(status);
 631:c_library_v2/common/../mavlink_helpers.h **** 			status->msg_received = 0;
 632:c_library_v2/common/../mavlink_helpers.h **** 			status->parse_state = MAVLINK_PARSE_STATE_IDLE;
 633:c_library_v2/common/../mavlink_helpers.h **** 		}
 634:c_library_v2/common/../mavlink_helpers.h **** 		else
 635:c_library_v2/common/../mavlink_helpers.h **** 		{
 636:c_library_v2/common/../mavlink_helpers.h **** 			// NOT counting STX, LENGTH, SEQ, SYSID, COMPID, MSGID, CRC1 and CRC2
 637:c_library_v2/common/../mavlink_helpers.h **** 			rxmsg->len = c;
 1400              		.loc 4 637 4 view .LVU474
 1401              		.loc 4 637 15 is_stmt 0 view .LVU475
 1402 0086 80F80380 		strb	r8, [r0, #3]
 638:c_library_v2/common/../mavlink_helpers.h **** 			status->packet_idx = 0;
 1403              		.loc 4 638 4 is_stmt 1 view .LVU476
 1404              		.loc 4 638 23 is_stmt 0 view .LVU477
 1405 008a 0023     		movs	r3, #0
 1406 008c 0B71     		strb	r3, [r1, #4]
 639:c_library_v2/common/../mavlink_helpers.h **** 			mavlink_update_checksum(rxmsg, c);
 1407              		.loc 4 639 4 is_stmt 1 view .LVU478
 1408              	.LVL121:
 1409              	.LBB75:
 1410              	.LBI75:
ARM GAS  /tmp/ccNOss9U.s 			page 45


 507:c_library_v2/common/../mavlink_helpers.h **** {
 1411              		.loc 4 507 21 view .LVU479
 1412              	.LBB76:
 509:c_library_v2/common/../mavlink_helpers.h **** 	crc_accumulate(c, &checksum);
 1413              		.loc 4 509 2 view .LVU480
 509:c_library_v2/common/../mavlink_helpers.h **** 	crc_accumulate(c, &checksum);
 1414              		.loc 4 509 25 is_stmt 0 view .LVU481
 1415 008e 0388     		ldrh	r3, [r0]	@ unaligned
 509:c_library_v2/common/../mavlink_helpers.h **** 	crc_accumulate(c, &checksum);
 1416              		.loc 4 509 11 view .LVU482
 1417 0090 ADF80630 		strh	r3, [sp, #6]	@ movhi
 510:c_library_v2/common/../mavlink_helpers.h **** 	msg->checksum = checksum;
 1418              		.loc 4 510 2 is_stmt 1 view .LVU483
 1419 0094 0DF10601 		add	r1, sp, #6
 1420              	.LVL122:
 510:c_library_v2/common/../mavlink_helpers.h **** 	msg->checksum = checksum;
 1421              		.loc 4 510 2 is_stmt 0 view .LVU484
 1422 0098 4046     		mov	r0, r8
 1423              	.LVL123:
 510:c_library_v2/common/../mavlink_helpers.h **** 	msg->checksum = checksum;
 1424              		.loc 4 510 2 view .LVU485
 1425 009a FFF7FEFF 		bl	crc_accumulate
 1426              	.LVL124:
 511:c_library_v2/common/../mavlink_helpers.h **** }
 1427              		.loc 4 511 2 is_stmt 1 view .LVU486
 511:c_library_v2/common/../mavlink_helpers.h **** }
 1428              		.loc 4 511 16 is_stmt 0 view .LVU487
 1429 009e BDF80630 		ldrh	r3, [sp, #6]
 1430 00a2 2B80     		strh	r3, [r5]	@ unaligned
 1431              	.LVL125:
 511:c_library_v2/common/../mavlink_helpers.h **** }
 1432              		.loc 4 511 16 view .LVU488
 1433              	.LBE76:
 1434              	.LBE75:
 640:c_library_v2/common/../mavlink_helpers.h ****                         if (status->flags & MAVLINK_STATUS_FLAG_IN_MAVLINK1) {
 1435              		.loc 4 640 25 is_stmt 1 view .LVU489
 1436              		.loc 4 640 35 is_stmt 0 view .LVU490
 1437 00a4 237B     		ldrb	r3, [r4, #12]	@ zero_extendqisi2
 1438              		.loc 4 640 28 view .LVU491
 1439 00a6 13F0010F 		tst	r3, #1
 1440 00aa 05D0     		beq	.L83
 641:c_library_v2/common/../mavlink_helpers.h ****                             rxmsg->incompat_flags = 0;
 1441              		.loc 4 641 29 is_stmt 1 view .LVU492
 1442              		.loc 4 641 51 is_stmt 0 view .LVU493
 1443 00ac 0023     		movs	r3, #0
 1444 00ae 2B71     		strb	r3, [r5, #4]
 642:c_library_v2/common/../mavlink_helpers.h ****                             rxmsg->compat_flags = 0;
 1445              		.loc 4 642 29 is_stmt 1 view .LVU494
 1446              		.loc 4 642 49 is_stmt 0 view .LVU495
 1447 00b0 6B71     		strb	r3, [r5, #5]
 643:c_library_v2/common/../mavlink_helpers.h ****                             status->parse_state = MAVLINK_PARSE_STATE_GOT_COMPAT_FLAGS;
 1448              		.loc 4 643 29 is_stmt 1 view .LVU496
 1449              		.loc 4 643 49 is_stmt 0 view .LVU497
 1450 00b2 0523     		movs	r3, #5
 1451 00b4 E370     		strb	r3, [r4, #3]
 1452 00b6 2CE0     		b	.L66
 1453              	.L83:
ARM GAS  /tmp/ccNOss9U.s 			page 46


 644:c_library_v2/common/../mavlink_helpers.h ****                         } else {
 645:c_library_v2/common/../mavlink_helpers.h ****                             status->parse_state = MAVLINK_PARSE_STATE_GOT_LENGTH;
 1454              		.loc 4 645 29 is_stmt 1 view .LVU498
 1455              		.loc 4 645 49 is_stmt 0 view .LVU499
 1456 00b8 0323     		movs	r3, #3
 1457 00ba E370     		strb	r3, [r4, #3]
 1458 00bc 29E0     		b	.L66
 1459              	.LVL126:
 1460              	.L79:
 646:c_library_v2/common/../mavlink_helpers.h ****                         }
 647:c_library_v2/common/../mavlink_helpers.h **** 		}
 648:c_library_v2/common/../mavlink_helpers.h **** 		break;
 649:c_library_v2/common/../mavlink_helpers.h **** 
 650:c_library_v2/common/../mavlink_helpers.h **** 	case MAVLINK_PARSE_STATE_GOT_LENGTH:
 651:c_library_v2/common/../mavlink_helpers.h **** 		rxmsg->incompat_flags = c;
 1461              		.loc 4 651 3 is_stmt 1 view .LVU500
 1462              		.loc 4 651 25 is_stmt 0 view .LVU501
 1463 00be 80F80480 		strb	r8, [r0, #4]
 652:c_library_v2/common/../mavlink_helpers.h **** 		if ((rxmsg->incompat_flags & ~MAVLINK_IFLAG_MASK) != 0) {
 1464              		.loc 4 652 3 is_stmt 1 view .LVU502
 1465              		.loc 4 652 6 is_stmt 0 view .LVU503
 1466 00c2 B8F1010F 		cmp	r8, #1
 1467 00c6 07D9     		bls	.L84
 653:c_library_v2/common/../mavlink_helpers.h **** 			// message includes an incompatible feature flag
 654:c_library_v2/common/../mavlink_helpers.h **** 			_mav_parse_error(status);
 1468              		.loc 4 654 4 is_stmt 1 view .LVU504
 1469              	.LVL127:
 1470              	.LBB77:
 1471              	.LBI77:
 308:c_library_v2/common/../mavlink_helpers.h **** {
 1472              		.loc 4 308 20 view .LVU505
 1473              	.LBB78:
 310:c_library_v2/common/../mavlink_helpers.h **** }
 1474              		.loc 4 310 5 view .LVU506
 310:c_library_v2/common/../mavlink_helpers.h **** }
 1475              		.loc 4 310 11 is_stmt 0 view .LVU507
 1476 00c8 8B78     		ldrb	r3, [r1, #2]	@ zero_extendqisi2
 310:c_library_v2/common/../mavlink_helpers.h **** }
 1477              		.loc 4 310 24 view .LVU508
 1478 00ca 0133     		adds	r3, r3, #1
 1479 00cc 8B70     		strb	r3, [r1, #2]
 1480              	.LVL128:
 310:c_library_v2/common/../mavlink_helpers.h **** }
 1481              		.loc 4 310 24 view .LVU509
 1482              	.LBE78:
 1483              	.LBE77:
 655:c_library_v2/common/../mavlink_helpers.h **** 			status->msg_received = 0;
 1484              		.loc 4 655 4 is_stmt 1 view .LVU510
 1485              		.loc 4 655 25 is_stmt 0 view .LVU511
 1486 00ce 0023     		movs	r3, #0
 1487 00d0 0B70     		strb	r3, [r1]
 656:c_library_v2/common/../mavlink_helpers.h **** 			status->parse_state = MAVLINK_PARSE_STATE_IDLE;
 1488              		.loc 4 656 4 is_stmt 1 view .LVU512
 1489              		.loc 4 656 24 is_stmt 0 view .LVU513
 1490 00d2 0123     		movs	r3, #1
 1491 00d4 CB70     		strb	r3, [r1, #3]
 657:c_library_v2/common/../mavlink_helpers.h **** 			break;
ARM GAS  /tmp/ccNOss9U.s 			page 47


 1492              		.loc 4 657 4 is_stmt 1 view .LVU514
 1493 00d6 1CE0     		b	.L66
 1494              	.L84:
 658:c_library_v2/common/../mavlink_helpers.h **** 		}
 659:c_library_v2/common/../mavlink_helpers.h **** 		mavlink_update_checksum(rxmsg, c);
 1495              		.loc 4 659 3 view .LVU515
 1496              	.LVL129:
 1497              	.LBB79:
 1498              	.LBI79:
 507:c_library_v2/common/../mavlink_helpers.h **** {
 1499              		.loc 4 507 21 view .LVU516
 1500              	.LBB80:
 509:c_library_v2/common/../mavlink_helpers.h **** 	crc_accumulate(c, &checksum);
 1501              		.loc 4 509 2 view .LVU517
 509:c_library_v2/common/../mavlink_helpers.h **** 	crc_accumulate(c, &checksum);
 1502              		.loc 4 509 25 is_stmt 0 view .LVU518
 1503 00d8 0388     		ldrh	r3, [r0]	@ unaligned
 509:c_library_v2/common/../mavlink_helpers.h **** 	crc_accumulate(c, &checksum);
 1504              		.loc 4 509 11 view .LVU519
 1505 00da ADF80630 		strh	r3, [sp, #6]	@ movhi
 510:c_library_v2/common/../mavlink_helpers.h **** 	msg->checksum = checksum;
 1506              		.loc 4 510 2 is_stmt 1 view .LVU520
 1507 00de 0DF10601 		add	r1, sp, #6
 1508              	.LVL130:
 510:c_library_v2/common/../mavlink_helpers.h **** 	msg->checksum = checksum;
 1509              		.loc 4 510 2 is_stmt 0 view .LVU521
 1510 00e2 4046     		mov	r0, r8
 1511              	.LVL131:
 510:c_library_v2/common/../mavlink_helpers.h **** 	msg->checksum = checksum;
 1512              		.loc 4 510 2 view .LVU522
 1513 00e4 FFF7FEFF 		bl	crc_accumulate
 1514              	.LVL132:
 511:c_library_v2/common/../mavlink_helpers.h **** }
 1515              		.loc 4 511 2 is_stmt 1 view .LVU523
 511:c_library_v2/common/../mavlink_helpers.h **** }
 1516              		.loc 4 511 16 is_stmt 0 view .LVU524
 1517 00e8 BDF80630 		ldrh	r3, [sp, #6]
 1518 00ec 2B80     		strh	r3, [r5]	@ unaligned
 1519              	.LVL133:
 511:c_library_v2/common/../mavlink_helpers.h **** }
 1520              		.loc 4 511 16 view .LVU525
 1521              	.LBE80:
 1522              	.LBE79:
 660:c_library_v2/common/../mavlink_helpers.h **** 		status->parse_state = MAVLINK_PARSE_STATE_GOT_INCOMPAT_FLAGS;
 1523              		.loc 4 660 3 is_stmt 1 view .LVU526
 1524              		.loc 4 660 23 is_stmt 0 view .LVU527
 1525 00ee 0423     		movs	r3, #4
 1526 00f0 E370     		strb	r3, [r4, #3]
 661:c_library_v2/common/../mavlink_helpers.h **** 		break;
 1527              		.loc 4 661 3 is_stmt 1 view .LVU528
 1528 00f2 0EE0     		b	.L66
 1529              	.LVL134:
 1530              	.L78:
 662:c_library_v2/common/../mavlink_helpers.h **** 
 663:c_library_v2/common/../mavlink_helpers.h **** 	case MAVLINK_PARSE_STATE_GOT_INCOMPAT_FLAGS:
 664:c_library_v2/common/../mavlink_helpers.h **** 		rxmsg->compat_flags = c;
 1531              		.loc 4 664 3 view .LVU529
ARM GAS  /tmp/ccNOss9U.s 			page 48


 1532              		.loc 4 664 23 is_stmt 0 view .LVU530
 1533 00f4 80F80580 		strb	r8, [r0, #5]
 665:c_library_v2/common/../mavlink_helpers.h **** 		mavlink_update_checksum(rxmsg, c);
 1534              		.loc 4 665 3 is_stmt 1 view .LVU531
 1535              	.LVL135:
 1536              	.LBB81:
 1537              	.LBI81:
 507:c_library_v2/common/../mavlink_helpers.h **** {
 1538              		.loc 4 507 21 view .LVU532
 1539              	.LBB82:
 509:c_library_v2/common/../mavlink_helpers.h **** 	crc_accumulate(c, &checksum);
 1540              		.loc 4 509 2 view .LVU533
 509:c_library_v2/common/../mavlink_helpers.h **** 	crc_accumulate(c, &checksum);
 1541              		.loc 4 509 25 is_stmt 0 view .LVU534
 1542 00f8 0388     		ldrh	r3, [r0]	@ unaligned
 509:c_library_v2/common/../mavlink_helpers.h **** 	crc_accumulate(c, &checksum);
 1543              		.loc 4 509 11 view .LVU535
 1544 00fa ADF80630 		strh	r3, [sp, #6]	@ movhi
 510:c_library_v2/common/../mavlink_helpers.h **** 	msg->checksum = checksum;
 1545              		.loc 4 510 2 is_stmt 1 view .LVU536
 1546 00fe 0DF10601 		add	r1, sp, #6
 1547              	.LVL136:
 510:c_library_v2/common/../mavlink_helpers.h **** 	msg->checksum = checksum;
 1548              		.loc 4 510 2 is_stmt 0 view .LVU537
 1549 0102 4046     		mov	r0, r8
 1550              	.LVL137:
 510:c_library_v2/common/../mavlink_helpers.h **** 	msg->checksum = checksum;
 1551              		.loc 4 510 2 view .LVU538
 1552 0104 FFF7FEFF 		bl	crc_accumulate
 1553              	.LVL138:
 511:c_library_v2/common/../mavlink_helpers.h **** }
 1554              		.loc 4 511 2 is_stmt 1 view .LVU539
 511:c_library_v2/common/../mavlink_helpers.h **** }
 1555              		.loc 4 511 16 is_stmt 0 view .LVU540
 1556 0108 BDF80630 		ldrh	r3, [sp, #6]
 1557 010c 2B80     		strh	r3, [r5]	@ unaligned
 1558              	.LVL139:
 511:c_library_v2/common/../mavlink_helpers.h **** }
 1559              		.loc 4 511 16 view .LVU541
 1560              	.LBE82:
 1561              	.LBE81:
 666:c_library_v2/common/../mavlink_helpers.h **** 		status->parse_state = MAVLINK_PARSE_STATE_GOT_COMPAT_FLAGS;
 1562              		.loc 4 666 3 is_stmt 1 view .LVU542
 1563              		.loc 4 666 23 is_stmt 0 view .LVU543
 1564 010e 0523     		movs	r3, #5
 1565 0110 E370     		strb	r3, [r4, #3]
 667:c_library_v2/common/../mavlink_helpers.h **** 		break;
 1566              		.loc 4 667 3 is_stmt 1 view .LVU544
 1567              	.L66:
 668:c_library_v2/common/../mavlink_helpers.h **** 
 669:c_library_v2/common/../mavlink_helpers.h **** 	case MAVLINK_PARSE_STATE_GOT_COMPAT_FLAGS:
 670:c_library_v2/common/../mavlink_helpers.h **** 		rxmsg->seq = c;
 671:c_library_v2/common/../mavlink_helpers.h **** 		mavlink_update_checksum(rxmsg, c);
 672:c_library_v2/common/../mavlink_helpers.h **** 		status->parse_state = MAVLINK_PARSE_STATE_GOT_SEQ;
 673:c_library_v2/common/../mavlink_helpers.h **** 		break;
 674:c_library_v2/common/../mavlink_helpers.h ****                 
 675:c_library_v2/common/../mavlink_helpers.h **** 	case MAVLINK_PARSE_STATE_GOT_SEQ:
ARM GAS  /tmp/ccNOss9U.s 			page 49


 676:c_library_v2/common/../mavlink_helpers.h **** 		rxmsg->sysid = c;
 677:c_library_v2/common/../mavlink_helpers.h **** 		mavlink_update_checksum(rxmsg, c);
 678:c_library_v2/common/../mavlink_helpers.h **** 		status->parse_state = MAVLINK_PARSE_STATE_GOT_SYSID;
 679:c_library_v2/common/../mavlink_helpers.h **** 		break;
 680:c_library_v2/common/../mavlink_helpers.h **** 
 681:c_library_v2/common/../mavlink_helpers.h **** 	case MAVLINK_PARSE_STATE_GOT_SYSID:
 682:c_library_v2/common/../mavlink_helpers.h **** 		rxmsg->compid = c;
 683:c_library_v2/common/../mavlink_helpers.h **** 		mavlink_update_checksum(rxmsg, c);
 684:c_library_v2/common/../mavlink_helpers.h ****                 status->parse_state = MAVLINK_PARSE_STATE_GOT_COMPID;
 685:c_library_v2/common/../mavlink_helpers.h **** 		break;
 686:c_library_v2/common/../mavlink_helpers.h **** 
 687:c_library_v2/common/../mavlink_helpers.h **** 	case MAVLINK_PARSE_STATE_GOT_COMPID:
 688:c_library_v2/common/../mavlink_helpers.h **** 		rxmsg->msgid = c;
 689:c_library_v2/common/../mavlink_helpers.h **** 		mavlink_update_checksum(rxmsg, c);
 690:c_library_v2/common/../mavlink_helpers.h **** 		if (status->flags & MAVLINK_STATUS_FLAG_IN_MAVLINK1) {
 691:c_library_v2/common/../mavlink_helpers.h **** 			if(rxmsg->len > 0) {
 692:c_library_v2/common/../mavlink_helpers.h **** 				status->parse_state = MAVLINK_PARSE_STATE_GOT_MSGID3;
 693:c_library_v2/common/../mavlink_helpers.h **** 			} else {
 694:c_library_v2/common/../mavlink_helpers.h **** 				status->parse_state = MAVLINK_PARSE_STATE_GOT_PAYLOAD;
 695:c_library_v2/common/../mavlink_helpers.h **** 			}
 696:c_library_v2/common/../mavlink_helpers.h **** #ifdef MAVLINK_CHECK_MESSAGE_LENGTH
 697:c_library_v2/common/../mavlink_helpers.h **** 			if (rxmsg->len < mavlink_min_message_length(rxmsg) ||
 698:c_library_v2/common/../mavlink_helpers.h **** 				rxmsg->len > mavlink_max_message_length(rxmsg)) {
 699:c_library_v2/common/../mavlink_helpers.h **** 				_mav_parse_error(status);
 700:c_library_v2/common/../mavlink_helpers.h **** 				status->parse_state = MAVLINK_PARSE_STATE_IDLE;
 701:c_library_v2/common/../mavlink_helpers.h **** 				break;
 702:c_library_v2/common/../mavlink_helpers.h **** 			}
 703:c_library_v2/common/../mavlink_helpers.h **** #endif
 704:c_library_v2/common/../mavlink_helpers.h **** 		} else {
 705:c_library_v2/common/../mavlink_helpers.h **** 			status->parse_state = MAVLINK_PARSE_STATE_GOT_MSGID1;
 706:c_library_v2/common/../mavlink_helpers.h **** 		}
 707:c_library_v2/common/../mavlink_helpers.h **** 		break;
 708:c_library_v2/common/../mavlink_helpers.h **** 
 709:c_library_v2/common/../mavlink_helpers.h **** 	case MAVLINK_PARSE_STATE_GOT_MSGID1:
 710:c_library_v2/common/../mavlink_helpers.h **** 		rxmsg->msgid |= ((uint32_t)c)<<8;
 711:c_library_v2/common/../mavlink_helpers.h **** 		mavlink_update_checksum(rxmsg, c);
 712:c_library_v2/common/../mavlink_helpers.h **** 		status->parse_state = MAVLINK_PARSE_STATE_GOT_MSGID2;
 713:c_library_v2/common/../mavlink_helpers.h **** 		break;
 714:c_library_v2/common/../mavlink_helpers.h **** 
 715:c_library_v2/common/../mavlink_helpers.h **** 	case MAVLINK_PARSE_STATE_GOT_MSGID2:
 716:c_library_v2/common/../mavlink_helpers.h **** 		rxmsg->msgid |= ((uint32_t)c)<<16;
 717:c_library_v2/common/../mavlink_helpers.h **** 		mavlink_update_checksum(rxmsg, c);
 718:c_library_v2/common/../mavlink_helpers.h **** 		if(rxmsg->len > 0){
 719:c_library_v2/common/../mavlink_helpers.h **** 			status->parse_state = MAVLINK_PARSE_STATE_GOT_MSGID3;
 720:c_library_v2/common/../mavlink_helpers.h **** 		} else {
 721:c_library_v2/common/../mavlink_helpers.h **** 			status->parse_state = MAVLINK_PARSE_STATE_GOT_PAYLOAD;
 722:c_library_v2/common/../mavlink_helpers.h **** 		}
 723:c_library_v2/common/../mavlink_helpers.h **** #ifdef MAVLINK_CHECK_MESSAGE_LENGTH
 724:c_library_v2/common/../mavlink_helpers.h ****         if (rxmsg->len < mavlink_min_message_length(rxmsg) ||
 725:c_library_v2/common/../mavlink_helpers.h ****             rxmsg->len > mavlink_max_message_length(rxmsg))
 726:c_library_v2/common/../mavlink_helpers.h ****         {
 727:c_library_v2/common/../mavlink_helpers.h **** 			_mav_parse_error(status);
 728:c_library_v2/common/../mavlink_helpers.h **** 			status->parse_state = MAVLINK_PARSE_STATE_IDLE;
 729:c_library_v2/common/../mavlink_helpers.h **** 			break;
 730:c_library_v2/common/../mavlink_helpers.h ****         }
 731:c_library_v2/common/../mavlink_helpers.h **** #endif
 732:c_library_v2/common/../mavlink_helpers.h **** 		break;
ARM GAS  /tmp/ccNOss9U.s 			page 50


 733:c_library_v2/common/../mavlink_helpers.h ****                 
 734:c_library_v2/common/../mavlink_helpers.h **** 	case MAVLINK_PARSE_STATE_GOT_MSGID3:
 735:c_library_v2/common/../mavlink_helpers.h **** 		_MAV_PAYLOAD_NON_CONST(rxmsg)[status->packet_idx++] = (char)c;
 736:c_library_v2/common/../mavlink_helpers.h **** 		mavlink_update_checksum(rxmsg, c);
 737:c_library_v2/common/../mavlink_helpers.h **** 		if (status->packet_idx == rxmsg->len)
 738:c_library_v2/common/../mavlink_helpers.h **** 		{
 739:c_library_v2/common/../mavlink_helpers.h **** 			status->parse_state = MAVLINK_PARSE_STATE_GOT_PAYLOAD;
 740:c_library_v2/common/../mavlink_helpers.h **** 		}
 741:c_library_v2/common/../mavlink_helpers.h **** 		break;
 742:c_library_v2/common/../mavlink_helpers.h **** 
 743:c_library_v2/common/../mavlink_helpers.h **** 	case MAVLINK_PARSE_STATE_GOT_PAYLOAD: {
 744:c_library_v2/common/../mavlink_helpers.h **** 		const mavlink_msg_entry_t *e = mavlink_get_msg_entry(rxmsg->msgid);
 745:c_library_v2/common/../mavlink_helpers.h **** 		if (e == NULL) {
 746:c_library_v2/common/../mavlink_helpers.h **** 			// Message not found in CRC_EXTRA table.
 747:c_library_v2/common/../mavlink_helpers.h **** 			status->parse_state = MAVLINK_PARSE_STATE_GOT_BAD_CRC1;
 748:c_library_v2/common/../mavlink_helpers.h **** 			rxmsg->ck[0] = c;
 749:c_library_v2/common/../mavlink_helpers.h **** 		} else {
 750:c_library_v2/common/../mavlink_helpers.h **** 			uint8_t crc_extra = e->crc_extra;
 751:c_library_v2/common/../mavlink_helpers.h **** 			mavlink_update_checksum(rxmsg, crc_extra);
 752:c_library_v2/common/../mavlink_helpers.h **** 			if (c != (rxmsg->checksum & 0xFF)) {
 753:c_library_v2/common/../mavlink_helpers.h **** 				status->parse_state = MAVLINK_PARSE_STATE_GOT_BAD_CRC1;
 754:c_library_v2/common/../mavlink_helpers.h **** 			} else {
 755:c_library_v2/common/../mavlink_helpers.h **** 				status->parse_state = MAVLINK_PARSE_STATE_GOT_CRC1;
 756:c_library_v2/common/../mavlink_helpers.h **** 			}
 757:c_library_v2/common/../mavlink_helpers.h **** 			rxmsg->ck[0] = c;
 758:c_library_v2/common/../mavlink_helpers.h **** 
 759:c_library_v2/common/../mavlink_helpers.h **** 			// zero-fill the packet to cope with short incoming packets
 760:c_library_v2/common/../mavlink_helpers.h **** 				if (e && status->packet_idx < e->max_msg_len) {
 761:c_library_v2/common/../mavlink_helpers.h **** 					memset(&_MAV_PAYLOAD_NON_CONST(rxmsg)[status->packet_idx], 0, e->max_msg_len - status->packet_
 762:c_library_v2/common/../mavlink_helpers.h **** 			}
 763:c_library_v2/common/../mavlink_helpers.h **** 		}
 764:c_library_v2/common/../mavlink_helpers.h **** 		break;
 765:c_library_v2/common/../mavlink_helpers.h ****         }
 766:c_library_v2/common/../mavlink_helpers.h **** 
 767:c_library_v2/common/../mavlink_helpers.h **** 	case MAVLINK_PARSE_STATE_GOT_CRC1:
 768:c_library_v2/common/../mavlink_helpers.h **** 	case MAVLINK_PARSE_STATE_GOT_BAD_CRC1:
 769:c_library_v2/common/../mavlink_helpers.h **** 		if (status->parse_state == MAVLINK_PARSE_STATE_GOT_BAD_CRC1 || c != (rxmsg->checksum >> 8)) {
 770:c_library_v2/common/../mavlink_helpers.h **** 			// got a bad CRC message
 771:c_library_v2/common/../mavlink_helpers.h **** 			status->msg_received = MAVLINK_FRAMING_BAD_CRC;
 772:c_library_v2/common/../mavlink_helpers.h **** 		} else {
 773:c_library_v2/common/../mavlink_helpers.h **** 			// Successfully got message
 774:c_library_v2/common/../mavlink_helpers.h **** 			status->msg_received = MAVLINK_FRAMING_OK;
 775:c_library_v2/common/../mavlink_helpers.h **** 		}
 776:c_library_v2/common/../mavlink_helpers.h **** 		rxmsg->ck[1] = c;
 777:c_library_v2/common/../mavlink_helpers.h **** 
 778:c_library_v2/common/../mavlink_helpers.h **** 		if (rxmsg->incompat_flags & MAVLINK_IFLAG_SIGNED) {
 779:c_library_v2/common/../mavlink_helpers.h **** 			status->parse_state = MAVLINK_PARSE_STATE_SIGNATURE_WAIT;
 780:c_library_v2/common/../mavlink_helpers.h **** 			status->signature_wait = MAVLINK_SIGNATURE_BLOCK_LEN;
 781:c_library_v2/common/../mavlink_helpers.h **** 
 782:c_library_v2/common/../mavlink_helpers.h **** 			// If the CRC is already wrong, don't overwrite msg_received,
 783:c_library_v2/common/../mavlink_helpers.h **** 			// otherwise we can end up with garbage flagged as valid.
 784:c_library_v2/common/../mavlink_helpers.h **** 			if (status->msg_received != MAVLINK_FRAMING_BAD_CRC) {
 785:c_library_v2/common/../mavlink_helpers.h **** 				status->msg_received = MAVLINK_FRAMING_INCOMPLETE;
 786:c_library_v2/common/../mavlink_helpers.h **** 			}
 787:c_library_v2/common/../mavlink_helpers.h **** 		} else {
 788:c_library_v2/common/../mavlink_helpers.h **** 			if (status->signing &&
 789:c_library_v2/common/../mavlink_helpers.h **** 			   	(status->signing->accept_unsigned_callback == NULL ||
ARM GAS  /tmp/ccNOss9U.s 			page 51


 790:c_library_v2/common/../mavlink_helpers.h **** 			   	 !status->signing->accept_unsigned_callback(status, rxmsg->msgid))) {
 791:c_library_v2/common/../mavlink_helpers.h **** 
 792:c_library_v2/common/../mavlink_helpers.h **** 				// If the CRC is already wrong, don't overwrite msg_received.
 793:c_library_v2/common/../mavlink_helpers.h **** 				if (status->msg_received != MAVLINK_FRAMING_BAD_CRC) {
 794:c_library_v2/common/../mavlink_helpers.h **** 					status->msg_received = MAVLINK_FRAMING_BAD_SIGNATURE;
 795:c_library_v2/common/../mavlink_helpers.h **** 				}
 796:c_library_v2/common/../mavlink_helpers.h **** 			}
 797:c_library_v2/common/../mavlink_helpers.h **** 			status->parse_state = MAVLINK_PARSE_STATE_IDLE;
 798:c_library_v2/common/../mavlink_helpers.h **** 			if (r_message != NULL) {
 799:c_library_v2/common/../mavlink_helpers.h **** 				memcpy(r_message, rxmsg, sizeof(mavlink_message_t));
 800:c_library_v2/common/../mavlink_helpers.h **** 			}
 801:c_library_v2/common/../mavlink_helpers.h **** 		}
 802:c_library_v2/common/../mavlink_helpers.h **** 		break;
 803:c_library_v2/common/../mavlink_helpers.h **** 	case MAVLINK_PARSE_STATE_SIGNATURE_WAIT:
 804:c_library_v2/common/../mavlink_helpers.h **** 		rxmsg->signature[MAVLINK_SIGNATURE_BLOCK_LEN-status->signature_wait] = c;
 805:c_library_v2/common/../mavlink_helpers.h **** 		status->signature_wait--;
 806:c_library_v2/common/../mavlink_helpers.h **** 		if (status->signature_wait == 0) {
 807:c_library_v2/common/../mavlink_helpers.h **** 			// we have the whole signature, check it is OK
 808:c_library_v2/common/../mavlink_helpers.h **** #ifndef MAVLINK_NO_SIGNATURE_CHECK
 809:c_library_v2/common/../mavlink_helpers.h **** 			bool sig_ok = mavlink_signature_check(status->signing, status->signing_streams, rxmsg);
 810:c_library_v2/common/../mavlink_helpers.h **** #else
 811:c_library_v2/common/../mavlink_helpers.h **** 			bool sig_ok = true;
 812:c_library_v2/common/../mavlink_helpers.h **** #endif
 813:c_library_v2/common/../mavlink_helpers.h **** 			if (!sig_ok &&
 814:c_library_v2/common/../mavlink_helpers.h **** 			   	(status->signing->accept_unsigned_callback &&
 815:c_library_v2/common/../mavlink_helpers.h **** 			   	 status->signing->accept_unsigned_callback(status, rxmsg->msgid))) {
 816:c_library_v2/common/../mavlink_helpers.h **** 				// accepted via application level override
 817:c_library_v2/common/../mavlink_helpers.h **** 				sig_ok = true;
 818:c_library_v2/common/../mavlink_helpers.h **** 			}
 819:c_library_v2/common/../mavlink_helpers.h **** 			if (sig_ok) {
 820:c_library_v2/common/../mavlink_helpers.h **** 				status->msg_received = MAVLINK_FRAMING_OK;
 821:c_library_v2/common/../mavlink_helpers.h **** 			} else {
 822:c_library_v2/common/../mavlink_helpers.h **** 				status->msg_received = MAVLINK_FRAMING_BAD_SIGNATURE;
 823:c_library_v2/common/../mavlink_helpers.h **** 			}
 824:c_library_v2/common/../mavlink_helpers.h **** 			status->parse_state = MAVLINK_PARSE_STATE_IDLE;
 825:c_library_v2/common/../mavlink_helpers.h **** 			if (r_message !=NULL) {
 826:c_library_v2/common/../mavlink_helpers.h **** 				memcpy(r_message, rxmsg, sizeof(mavlink_message_t));
 827:c_library_v2/common/../mavlink_helpers.h **** 			}
 828:c_library_v2/common/../mavlink_helpers.h **** 		}
 829:c_library_v2/common/../mavlink_helpers.h **** 		break;
 830:c_library_v2/common/../mavlink_helpers.h **** 	}
 831:c_library_v2/common/../mavlink_helpers.h **** 
 832:c_library_v2/common/../mavlink_helpers.h **** 	// If a message has been successfully decoded, check index
 833:c_library_v2/common/../mavlink_helpers.h **** 	if (status->msg_received == MAVLINK_FRAMING_OK)
 1568              		.loc 4 833 2 view .LVU545
 1569              		.loc 4 833 12 is_stmt 0 view .LVU546
 1570 0112 2378     		ldrb	r3, [r4]	@ zero_extendqisi2
 1571              		.loc 4 833 5 view .LVU547
 1572 0114 012B     		cmp	r3, #1
 1573 0116 00F06281 		beq	.L108
 1574              	.L100:
 834:c_library_v2/common/../mavlink_helpers.h **** 	{
 835:c_library_v2/common/../mavlink_helpers.h **** 		//while(status->current_seq != rxmsg->seq)
 836:c_library_v2/common/../mavlink_helpers.h **** 		//{
 837:c_library_v2/common/../mavlink_helpers.h **** 		//	status->packet_rx_drop_count++;
 838:c_library_v2/common/../mavlink_helpers.h **** 		//               status->current_seq++;
 839:c_library_v2/common/../mavlink_helpers.h **** 		//}
ARM GAS  /tmp/ccNOss9U.s 			page 52


 840:c_library_v2/common/../mavlink_helpers.h **** 		status->current_rx_seq = rxmsg->seq;
 841:c_library_v2/common/../mavlink_helpers.h **** 		// Initial condition: If no packet has been received so far, drop count is undefined
 842:c_library_v2/common/../mavlink_helpers.h **** 		if (status->packet_rx_success_count == 0) status->packet_rx_drop_count = 0;
 843:c_library_v2/common/../mavlink_helpers.h **** 		// Count this packet as received
 844:c_library_v2/common/../mavlink_helpers.h **** 		status->packet_rx_success_count++;
 845:c_library_v2/common/../mavlink_helpers.h **** 	}
 846:c_library_v2/common/../mavlink_helpers.h **** 
 847:c_library_v2/common/../mavlink_helpers.h ****        if (r_message != NULL) {
 1575              		.loc 4 847 8 is_stmt 1 view .LVU548
 1576              		.loc 4 847 11 is_stmt 0 view .LVU549
 1577 011a 0FB1     		cbz	r7, .L102
 848:c_library_v2/common/../mavlink_helpers.h ****            r_message->len = rxmsg->len; // Provide visibility on how far we are into current msg
 1578              		.loc 4 848 12 is_stmt 1 view .LVU550
 1579              		.loc 4 848 34 is_stmt 0 view .LVU551
 1580 011c EB78     		ldrb	r3, [r5, #3]	@ zero_extendqisi2
 1581              		.loc 4 848 27 view .LVU552
 1582 011e FB70     		strb	r3, [r7, #3]
 1583              	.L102:
 849:c_library_v2/common/../mavlink_helpers.h ****        }
 850:c_library_v2/common/../mavlink_helpers.h ****        if (r_mavlink_status != NULL) {	
 1584              		.loc 4 850 8 is_stmt 1 view .LVU553
 1585              		.loc 4 850 11 is_stmt 0 view .LVU554
 1586 0120 66B1     		cbz	r6, .L103
 851:c_library_v2/common/../mavlink_helpers.h ****            r_mavlink_status->parse_state = status->parse_state;
 1587              		.loc 4 851 12 is_stmt 1 view .LVU555
 1588              		.loc 4 851 50 is_stmt 0 view .LVU556
 1589 0122 E378     		ldrb	r3, [r4, #3]	@ zero_extendqisi2
 1590              		.loc 4 851 42 view .LVU557
 1591 0124 F370     		strb	r3, [r6, #3]
 852:c_library_v2/common/../mavlink_helpers.h ****            r_mavlink_status->packet_idx = status->packet_idx;
 1592              		.loc 4 852 12 is_stmt 1 view .LVU558
 1593              		.loc 4 852 49 is_stmt 0 view .LVU559
 1594 0126 2379     		ldrb	r3, [r4, #4]	@ zero_extendqisi2
 1595              		.loc 4 852 41 view .LVU560
 1596 0128 3371     		strb	r3, [r6, #4]
 853:c_library_v2/common/../mavlink_helpers.h ****            r_mavlink_status->current_rx_seq = status->current_rx_seq+1;
 1597              		.loc 4 853 12 is_stmt 1 view .LVU561
 1598              		.loc 4 853 53 is_stmt 0 view .LVU562
 1599 012a 6379     		ldrb	r3, [r4, #5]	@ zero_extendqisi2
 1600              		.loc 4 853 69 view .LVU563
 1601 012c 0133     		adds	r3, r3, #1
 1602              		.loc 4 853 45 view .LVU564
 1603 012e 7371     		strb	r3, [r6, #5]
 854:c_library_v2/common/../mavlink_helpers.h ****            r_mavlink_status->packet_rx_success_count = status->packet_rx_success_count;
 1604              		.loc 4 854 12 is_stmt 1 view .LVU565
 1605              		.loc 4 854 62 is_stmt 0 view .LVU566
 1606 0130 2389     		ldrh	r3, [r4, #8]
 1607              		.loc 4 854 54 view .LVU567
 1608 0132 3381     		strh	r3, [r6, #8]	@ movhi
 855:c_library_v2/common/../mavlink_helpers.h ****            r_mavlink_status->packet_rx_drop_count = status->parse_error;
 1609              		.loc 4 855 12 is_stmt 1 view .LVU568
 1610              		.loc 4 855 59 is_stmt 0 view .LVU569
 1611 0134 A378     		ldrb	r3, [r4, #2]	@ zero_extendqisi2
 1612              		.loc 4 855 51 view .LVU570
 1613 0136 7381     		strh	r3, [r6, #10]	@ movhi
 856:c_library_v2/common/../mavlink_helpers.h ****            r_mavlink_status->flags = status->flags;
 1614              		.loc 4 856 12 is_stmt 1 view .LVU571
ARM GAS  /tmp/ccNOss9U.s 			page 53


 1615              		.loc 4 856 44 is_stmt 0 view .LVU572
 1616 0138 237B     		ldrb	r3, [r4, #12]	@ zero_extendqisi2
 1617              		.loc 4 856 36 view .LVU573
 1618 013a 3373     		strb	r3, [r6, #12]
 1619              	.L103:
 857:c_library_v2/common/../mavlink_helpers.h ****        }
 858:c_library_v2/common/../mavlink_helpers.h ****        status->parse_error = 0;
 1620              		.loc 4 858 8 is_stmt 1 view .LVU574
 1621              		.loc 4 858 28 is_stmt 0 view .LVU575
 1622 013c 0023     		movs	r3, #0
 1623 013e A370     		strb	r3, [r4, #2]
 859:c_library_v2/common/../mavlink_helpers.h **** 
 860:c_library_v2/common/../mavlink_helpers.h **** 	if (status->msg_received == MAVLINK_FRAMING_BAD_CRC) {
 1624              		.loc 4 860 2 is_stmt 1 view .LVU576
 1625              		.loc 4 860 12 is_stmt 0 view .LVU577
 1626 0140 2378     		ldrb	r3, [r4]	@ zero_extendqisi2
 1627              		.loc 4 860 5 view .LVU578
 1628 0142 022B     		cmp	r3, #2
 1629 0144 00F05481 		beq	.L109
 1630              	.L104:
 861:c_library_v2/common/../mavlink_helpers.h **** 		/*
 862:c_library_v2/common/../mavlink_helpers.h **** 		  the CRC came out wrong. We now need to overwrite the
 863:c_library_v2/common/../mavlink_helpers.h **** 		  msg CRC with the one on the wire so that if the
 864:c_library_v2/common/../mavlink_helpers.h **** 		  caller decides to forward the message anyway that
 865:c_library_v2/common/../mavlink_helpers.h **** 		  mavlink_msg_to_send_buffer() won't overwrite the
 866:c_library_v2/common/../mavlink_helpers.h **** 		  checksum
 867:c_library_v2/common/../mavlink_helpers.h **** 		 */
 868:c_library_v2/common/../mavlink_helpers.h ****             if (r_message != NULL) {
 869:c_library_v2/common/../mavlink_helpers.h ****                 r_message->checksum = rxmsg->ck[0] | (rxmsg->ck[1]<<8);
 870:c_library_v2/common/../mavlink_helpers.h ****             }
 871:c_library_v2/common/../mavlink_helpers.h **** 	}
 872:c_library_v2/common/../mavlink_helpers.h **** 
 873:c_library_v2/common/../mavlink_helpers.h **** 	return status->msg_received;
 1631              		.loc 4 873 2 is_stmt 1 view .LVU579
 874:c_library_v2/common/../mavlink_helpers.h **** }
 1632              		.loc 4 874 1 is_stmt 0 view .LVU580
 1633 0148 2078     		ldrb	r0, [r4]	@ zero_extendqisi2
 1634 014a 03B0     		add	sp, sp, #12
 1635              	.LCFI17:
 1636              		.cfi_remember_state
 1637              		.cfi_def_cfa_offset 28
 1638              		@ sp needed
 1639 014c BDE8F083 		pop	{r4, r5, r6, r7, r8, r9, pc}
 1640              	.LVL140:
 1641              	.L77:
 1642              	.LCFI18:
 1643              		.cfi_restore_state
 670:c_library_v2/common/../mavlink_helpers.h **** 		mavlink_update_checksum(rxmsg, c);
 1644              		.loc 4 670 3 is_stmt 1 view .LVU581
 670:c_library_v2/common/../mavlink_helpers.h **** 		mavlink_update_checksum(rxmsg, c);
 1645              		.loc 4 670 14 is_stmt 0 view .LVU582
 1646 0150 80F80680 		strb	r8, [r0, #6]
 671:c_library_v2/common/../mavlink_helpers.h **** 		status->parse_state = MAVLINK_PARSE_STATE_GOT_SEQ;
 1647              		.loc 4 671 3 is_stmt 1 view .LVU583
 1648              	.LVL141:
 1649              	.LBB83:
 1650              	.LBI83:
ARM GAS  /tmp/ccNOss9U.s 			page 54


 507:c_library_v2/common/../mavlink_helpers.h **** {
 1651              		.loc 4 507 21 view .LVU584
 1652              	.LBB84:
 509:c_library_v2/common/../mavlink_helpers.h **** 	crc_accumulate(c, &checksum);
 1653              		.loc 4 509 2 view .LVU585
 509:c_library_v2/common/../mavlink_helpers.h **** 	crc_accumulate(c, &checksum);
 1654              		.loc 4 509 25 is_stmt 0 view .LVU586
 1655 0154 0388     		ldrh	r3, [r0]	@ unaligned
 509:c_library_v2/common/../mavlink_helpers.h **** 	crc_accumulate(c, &checksum);
 1656              		.loc 4 509 11 view .LVU587
 1657 0156 ADF80630 		strh	r3, [sp, #6]	@ movhi
 510:c_library_v2/common/../mavlink_helpers.h **** 	msg->checksum = checksum;
 1658              		.loc 4 510 2 is_stmt 1 view .LVU588
 1659 015a 0DF10601 		add	r1, sp, #6
 1660              	.LVL142:
 510:c_library_v2/common/../mavlink_helpers.h **** 	msg->checksum = checksum;
 1661              		.loc 4 510 2 is_stmt 0 view .LVU589
 1662 015e 4046     		mov	r0, r8
 1663              	.LVL143:
 510:c_library_v2/common/../mavlink_helpers.h **** 	msg->checksum = checksum;
 1664              		.loc 4 510 2 view .LVU590
 1665 0160 FFF7FEFF 		bl	crc_accumulate
 1666              	.LVL144:
 511:c_library_v2/common/../mavlink_helpers.h **** }
 1667              		.loc 4 511 2 is_stmt 1 view .LVU591
 511:c_library_v2/common/../mavlink_helpers.h **** }
 1668              		.loc 4 511 16 is_stmt 0 view .LVU592
 1669 0164 BDF80630 		ldrh	r3, [sp, #6]
 1670 0168 2B80     		strh	r3, [r5]	@ unaligned
 1671              	.LVL145:
 511:c_library_v2/common/../mavlink_helpers.h **** }
 1672              		.loc 4 511 16 view .LVU593
 1673              	.LBE84:
 1674              	.LBE83:
 672:c_library_v2/common/../mavlink_helpers.h **** 		break;
 1675              		.loc 4 672 3 is_stmt 1 view .LVU594
 672:c_library_v2/common/../mavlink_helpers.h **** 		break;
 1676              		.loc 4 672 23 is_stmt 0 view .LVU595
 1677 016a 0623     		movs	r3, #6
 1678 016c E370     		strb	r3, [r4, #3]
 673:c_library_v2/common/../mavlink_helpers.h ****                 
 1679              		.loc 4 673 3 is_stmt 1 view .LVU596
 1680 016e D0E7     		b	.L66
 1681              	.LVL146:
 1682              	.L76:
 676:c_library_v2/common/../mavlink_helpers.h **** 		mavlink_update_checksum(rxmsg, c);
 1683              		.loc 4 676 3 view .LVU597
 676:c_library_v2/common/../mavlink_helpers.h **** 		mavlink_update_checksum(rxmsg, c);
 1684              		.loc 4 676 16 is_stmt 0 view .LVU598
 1685 0170 80F80780 		strb	r8, [r0, #7]
 677:c_library_v2/common/../mavlink_helpers.h **** 		status->parse_state = MAVLINK_PARSE_STATE_GOT_SYSID;
 1686              		.loc 4 677 3 is_stmt 1 view .LVU599
 1687              	.LVL147:
 1688              	.LBB85:
 1689              	.LBI85:
 507:c_library_v2/common/../mavlink_helpers.h **** {
 1690              		.loc 4 507 21 view .LVU600
ARM GAS  /tmp/ccNOss9U.s 			page 55


 1691              	.LBB86:
 509:c_library_v2/common/../mavlink_helpers.h **** 	crc_accumulate(c, &checksum);
 1692              		.loc 4 509 2 view .LVU601
 509:c_library_v2/common/../mavlink_helpers.h **** 	crc_accumulate(c, &checksum);
 1693              		.loc 4 509 25 is_stmt 0 view .LVU602
 1694 0174 0388     		ldrh	r3, [r0]	@ unaligned
 509:c_library_v2/common/../mavlink_helpers.h **** 	crc_accumulate(c, &checksum);
 1695              		.loc 4 509 11 view .LVU603
 1696 0176 ADF80630 		strh	r3, [sp, #6]	@ movhi
 510:c_library_v2/common/../mavlink_helpers.h **** 	msg->checksum = checksum;
 1697              		.loc 4 510 2 is_stmt 1 view .LVU604
 1698 017a 0DF10601 		add	r1, sp, #6
 1699              	.LVL148:
 510:c_library_v2/common/../mavlink_helpers.h **** 	msg->checksum = checksum;
 1700              		.loc 4 510 2 is_stmt 0 view .LVU605
 1701 017e 4046     		mov	r0, r8
 1702              	.LVL149:
 510:c_library_v2/common/../mavlink_helpers.h **** 	msg->checksum = checksum;
 1703              		.loc 4 510 2 view .LVU606
 1704 0180 FFF7FEFF 		bl	crc_accumulate
 1705              	.LVL150:
 511:c_library_v2/common/../mavlink_helpers.h **** }
 1706              		.loc 4 511 2 is_stmt 1 view .LVU607
 511:c_library_v2/common/../mavlink_helpers.h **** }
 1707              		.loc 4 511 16 is_stmt 0 view .LVU608
 1708 0184 BDF80630 		ldrh	r3, [sp, #6]
 1709 0188 2B80     		strh	r3, [r5]	@ unaligned
 1710              	.LVL151:
 511:c_library_v2/common/../mavlink_helpers.h **** }
 1711              		.loc 4 511 16 view .LVU609
 1712              	.LBE86:
 1713              	.LBE85:
 678:c_library_v2/common/../mavlink_helpers.h **** 		break;
 1714              		.loc 4 678 3 is_stmt 1 view .LVU610
 678:c_library_v2/common/../mavlink_helpers.h **** 		break;
 1715              		.loc 4 678 23 is_stmt 0 view .LVU611
 1716 018a 0723     		movs	r3, #7
 1717 018c E370     		strb	r3, [r4, #3]
 679:c_library_v2/common/../mavlink_helpers.h **** 
 1718              		.loc 4 679 3 is_stmt 1 view .LVU612
 1719 018e C0E7     		b	.L66
 1720              	.LVL152:
 1721              	.L75:
 682:c_library_v2/common/../mavlink_helpers.h **** 		mavlink_update_checksum(rxmsg, c);
 1722              		.loc 4 682 3 view .LVU613
 682:c_library_v2/common/../mavlink_helpers.h **** 		mavlink_update_checksum(rxmsg, c);
 1723              		.loc 4 682 17 is_stmt 0 view .LVU614
 1724 0190 80F80880 		strb	r8, [r0, #8]
 683:c_library_v2/common/../mavlink_helpers.h ****                 status->parse_state = MAVLINK_PARSE_STATE_GOT_COMPID;
 1725              		.loc 4 683 3 is_stmt 1 view .LVU615
 1726              	.LVL153:
 1727              	.LBB87:
 1728              	.LBI87:
 507:c_library_v2/common/../mavlink_helpers.h **** {
 1729              		.loc 4 507 21 view .LVU616
 1730              	.LBB88:
 509:c_library_v2/common/../mavlink_helpers.h **** 	crc_accumulate(c, &checksum);
ARM GAS  /tmp/ccNOss9U.s 			page 56


 1731              		.loc 4 509 2 view .LVU617
 509:c_library_v2/common/../mavlink_helpers.h **** 	crc_accumulate(c, &checksum);
 1732              		.loc 4 509 25 is_stmt 0 view .LVU618
 1733 0194 0388     		ldrh	r3, [r0]	@ unaligned
 509:c_library_v2/common/../mavlink_helpers.h **** 	crc_accumulate(c, &checksum);
 1734              		.loc 4 509 11 view .LVU619
 1735 0196 ADF80630 		strh	r3, [sp, #6]	@ movhi
 510:c_library_v2/common/../mavlink_helpers.h **** 	msg->checksum = checksum;
 1736              		.loc 4 510 2 is_stmt 1 view .LVU620
 1737 019a 0DF10601 		add	r1, sp, #6
 1738              	.LVL154:
 510:c_library_v2/common/../mavlink_helpers.h **** 	msg->checksum = checksum;
 1739              		.loc 4 510 2 is_stmt 0 view .LVU621
 1740 019e 4046     		mov	r0, r8
 1741              	.LVL155:
 510:c_library_v2/common/../mavlink_helpers.h **** 	msg->checksum = checksum;
 1742              		.loc 4 510 2 view .LVU622
 1743 01a0 FFF7FEFF 		bl	crc_accumulate
 1744              	.LVL156:
 511:c_library_v2/common/../mavlink_helpers.h **** }
 1745              		.loc 4 511 2 is_stmt 1 view .LVU623
 511:c_library_v2/common/../mavlink_helpers.h **** }
 1746              		.loc 4 511 16 is_stmt 0 view .LVU624
 1747 01a4 BDF80630 		ldrh	r3, [sp, #6]
 1748 01a8 2B80     		strh	r3, [r5]	@ unaligned
 1749              	.LVL157:
 511:c_library_v2/common/../mavlink_helpers.h **** }
 1750              		.loc 4 511 16 view .LVU625
 1751              	.LBE88:
 1752              	.LBE87:
 684:c_library_v2/common/../mavlink_helpers.h **** 		break;
 1753              		.loc 4 684 17 is_stmt 1 view .LVU626
 684:c_library_v2/common/../mavlink_helpers.h **** 		break;
 1754              		.loc 4 684 37 is_stmt 0 view .LVU627
 1755 01aa 0823     		movs	r3, #8
 1756 01ac E370     		strb	r3, [r4, #3]
 685:c_library_v2/common/../mavlink_helpers.h **** 
 1757              		.loc 4 685 3 is_stmt 1 view .LVU628
 1758 01ae B0E7     		b	.L66
 1759              	.LVL158:
 1760              	.L74:
 688:c_library_v2/common/../mavlink_helpers.h **** 		mavlink_update_checksum(rxmsg, c);
 1761              		.loc 4 688 3 view .LVU629
 688:c_library_v2/common/../mavlink_helpers.h **** 		mavlink_update_checksum(rxmsg, c);
 1762              		.loc 4 688 16 is_stmt 0 view .LVU630
 1763 01b0 80F80980 		strb	r8, [r0, #9]
 1764 01b4 0023     		movs	r3, #0
 1765 01b6 8372     		strb	r3, [r0, #10]
 1766 01b8 C372     		strb	r3, [r0, #11]
 689:c_library_v2/common/../mavlink_helpers.h **** 		if (status->flags & MAVLINK_STATUS_FLAG_IN_MAVLINK1) {
 1767              		.loc 4 689 3 is_stmt 1 view .LVU631
 1768              	.LVL159:
 1769              	.LBB89:
 1770              	.LBI89:
 507:c_library_v2/common/../mavlink_helpers.h **** {
 1771              		.loc 4 507 21 view .LVU632
 1772              	.LBB90:
ARM GAS  /tmp/ccNOss9U.s 			page 57


 509:c_library_v2/common/../mavlink_helpers.h **** 	crc_accumulate(c, &checksum);
 1773              		.loc 4 509 2 view .LVU633
 509:c_library_v2/common/../mavlink_helpers.h **** 	crc_accumulate(c, &checksum);
 1774              		.loc 4 509 25 is_stmt 0 view .LVU634
 1775 01ba 0388     		ldrh	r3, [r0]	@ unaligned
 509:c_library_v2/common/../mavlink_helpers.h **** 	crc_accumulate(c, &checksum);
 1776              		.loc 4 509 11 view .LVU635
 1777 01bc ADF80630 		strh	r3, [sp, #6]	@ movhi
 510:c_library_v2/common/../mavlink_helpers.h **** 	msg->checksum = checksum;
 1778              		.loc 4 510 2 is_stmt 1 view .LVU636
 1779 01c0 0DF10601 		add	r1, sp, #6
 1780              	.LVL160:
 510:c_library_v2/common/../mavlink_helpers.h **** 	msg->checksum = checksum;
 1781              		.loc 4 510 2 is_stmt 0 view .LVU637
 1782 01c4 4046     		mov	r0, r8
 1783              	.LVL161:
 510:c_library_v2/common/../mavlink_helpers.h **** 	msg->checksum = checksum;
 1784              		.loc 4 510 2 view .LVU638
 1785 01c6 FFF7FEFF 		bl	crc_accumulate
 1786              	.LVL162:
 511:c_library_v2/common/../mavlink_helpers.h **** }
 1787              		.loc 4 511 2 is_stmt 1 view .LVU639
 511:c_library_v2/common/../mavlink_helpers.h **** }
 1788              		.loc 4 511 16 is_stmt 0 view .LVU640
 1789 01ca BDF80630 		ldrh	r3, [sp, #6]
 1790 01ce 2B80     		strh	r3, [r5]	@ unaligned
 1791              	.LVL163:
 511:c_library_v2/common/../mavlink_helpers.h **** }
 1792              		.loc 4 511 16 view .LVU641
 1793              	.LBE90:
 1794              	.LBE89:
 690:c_library_v2/common/../mavlink_helpers.h **** 			if(rxmsg->len > 0) {
 1795              		.loc 4 690 3 is_stmt 1 view .LVU642
 690:c_library_v2/common/../mavlink_helpers.h **** 			if(rxmsg->len > 0) {
 1796              		.loc 4 690 13 is_stmt 0 view .LVU643
 1797 01d0 237B     		ldrb	r3, [r4, #12]	@ zero_extendqisi2
 690:c_library_v2/common/../mavlink_helpers.h **** 			if(rxmsg->len > 0) {
 1798              		.loc 4 690 6 view .LVU644
 1799 01d2 13F0010F 		tst	r3, #1
 1800 01d6 07D0     		beq	.L85
 691:c_library_v2/common/../mavlink_helpers.h **** 				status->parse_state = MAVLINK_PARSE_STATE_GOT_MSGID3;
 1801              		.loc 4 691 4 is_stmt 1 view .LVU645
 691:c_library_v2/common/../mavlink_helpers.h **** 				status->parse_state = MAVLINK_PARSE_STATE_GOT_MSGID3;
 1802              		.loc 4 691 12 is_stmt 0 view .LVU646
 1803 01d8 EB78     		ldrb	r3, [r5, #3]	@ zero_extendqisi2
 691:c_library_v2/common/../mavlink_helpers.h **** 				status->parse_state = MAVLINK_PARSE_STATE_GOT_MSGID3;
 1804              		.loc 4 691 6 view .LVU647
 1805 01da 13B1     		cbz	r3, .L86
 692:c_library_v2/common/../mavlink_helpers.h **** 			} else {
 1806              		.loc 4 692 5 is_stmt 1 view .LVU648
 692:c_library_v2/common/../mavlink_helpers.h **** 			} else {
 1807              		.loc 4 692 25 is_stmt 0 view .LVU649
 1808 01dc 0B23     		movs	r3, #11
 1809 01de E370     		strb	r3, [r4, #3]
 1810 01e0 97E7     		b	.L66
 1811              	.L86:
 694:c_library_v2/common/../mavlink_helpers.h **** 			}
ARM GAS  /tmp/ccNOss9U.s 			page 58


 1812              		.loc 4 694 5 is_stmt 1 view .LVU650
 694:c_library_v2/common/../mavlink_helpers.h **** 			}
 1813              		.loc 4 694 25 is_stmt 0 view .LVU651
 1814 01e2 0C23     		movs	r3, #12
 1815 01e4 E370     		strb	r3, [r4, #3]
 1816 01e6 94E7     		b	.L66
 1817              	.L85:
 705:c_library_v2/common/../mavlink_helpers.h **** 		}
 1818              		.loc 4 705 4 is_stmt 1 view .LVU652
 705:c_library_v2/common/../mavlink_helpers.h **** 		}
 1819              		.loc 4 705 24 is_stmt 0 view .LVU653
 1820 01e8 0923     		movs	r3, #9
 1821 01ea E370     		strb	r3, [r4, #3]
 1822 01ec 91E7     		b	.L66
 1823              	.LVL164:
 1824              	.L73:
 710:c_library_v2/common/../mavlink_helpers.h **** 		mavlink_update_checksum(rxmsg, c);
 1825              		.loc 4 710 3 is_stmt 1 view .LVU654
 710:c_library_v2/common/../mavlink_helpers.h **** 		mavlink_update_checksum(rxmsg, c);
 1826              		.loc 4 710 8 is_stmt 0 view .LVU655
 1827 01ee 437A     		ldrb	r3, [r0, #9]	@ zero_extendqisi2
 1828 01f0 827A     		ldrb	r2, [r0, #10]	@ zero_extendqisi2
 1829 01f2 43EA0223 		orr	r3, r3, r2, lsl #8
 1830 01f6 C27A     		ldrb	r2, [r0, #11]	@ zero_extendqisi2
 1831 01f8 43EA0243 		orr	r3, r3, r2, lsl #16
 710:c_library_v2/common/../mavlink_helpers.h **** 		mavlink_update_checksum(rxmsg, c);
 1832              		.loc 4 710 16 view .LVU656
 1833 01fc 43EA0822 		orr	r2, r3, r8, lsl #8
 1834 0200 4372     		strb	r3, [r0, #9]
 1835 0202 C2F30723 		ubfx	r3, r2, #8, #8
 1836 0206 8372     		strb	r3, [r0, #10]
 1837 0208 120C     		lsrs	r2, r2, #16
 1838 020a C272     		strb	r2, [r0, #11]
 711:c_library_v2/common/../mavlink_helpers.h **** 		status->parse_state = MAVLINK_PARSE_STATE_GOT_MSGID2;
 1839              		.loc 4 711 3 is_stmt 1 view .LVU657
 1840              	.LVL165:
 1841              	.LBB91:
 1842              	.LBI91:
 507:c_library_v2/common/../mavlink_helpers.h **** {
 1843              		.loc 4 507 21 view .LVU658
 1844              	.LBB92:
 509:c_library_v2/common/../mavlink_helpers.h **** 	crc_accumulate(c, &checksum);
 1845              		.loc 4 509 2 view .LVU659
 509:c_library_v2/common/../mavlink_helpers.h **** 	crc_accumulate(c, &checksum);
 1846              		.loc 4 509 25 is_stmt 0 view .LVU660
 1847 020c 0388     		ldrh	r3, [r0]	@ unaligned
 509:c_library_v2/common/../mavlink_helpers.h **** 	crc_accumulate(c, &checksum);
 1848              		.loc 4 509 11 view .LVU661
 1849 020e ADF80630 		strh	r3, [sp, #6]	@ movhi
 510:c_library_v2/common/../mavlink_helpers.h **** 	msg->checksum = checksum;
 1850              		.loc 4 510 2 is_stmt 1 view .LVU662
 1851 0212 0DF10601 		add	r1, sp, #6
 1852              	.LVL166:
 510:c_library_v2/common/../mavlink_helpers.h **** 	msg->checksum = checksum;
 1853              		.loc 4 510 2 is_stmt 0 view .LVU663
 1854 0216 4046     		mov	r0, r8
 1855              	.LVL167:
ARM GAS  /tmp/ccNOss9U.s 			page 59


 510:c_library_v2/common/../mavlink_helpers.h **** 	msg->checksum = checksum;
 1856              		.loc 4 510 2 view .LVU664
 1857 0218 FFF7FEFF 		bl	crc_accumulate
 1858              	.LVL168:
 511:c_library_v2/common/../mavlink_helpers.h **** }
 1859              		.loc 4 511 2 is_stmt 1 view .LVU665
 511:c_library_v2/common/../mavlink_helpers.h **** }
 1860              		.loc 4 511 16 is_stmt 0 view .LVU666
 1861 021c BDF80630 		ldrh	r3, [sp, #6]
 1862 0220 2B80     		strh	r3, [r5]	@ unaligned
 1863              	.LVL169:
 511:c_library_v2/common/../mavlink_helpers.h **** }
 1864              		.loc 4 511 16 view .LVU667
 1865              	.LBE92:
 1866              	.LBE91:
 712:c_library_v2/common/../mavlink_helpers.h **** 		break;
 1867              		.loc 4 712 3 is_stmt 1 view .LVU668
 712:c_library_v2/common/../mavlink_helpers.h **** 		break;
 1868              		.loc 4 712 23 is_stmt 0 view .LVU669
 1869 0222 0A23     		movs	r3, #10
 1870 0224 E370     		strb	r3, [r4, #3]
 713:c_library_v2/common/../mavlink_helpers.h **** 
 1871              		.loc 4 713 3 is_stmt 1 view .LVU670
 1872 0226 74E7     		b	.L66
 1873              	.LVL170:
 1874              	.L72:
 716:c_library_v2/common/../mavlink_helpers.h **** 		mavlink_update_checksum(rxmsg, c);
 1875              		.loc 4 716 3 view .LVU671
 716:c_library_v2/common/../mavlink_helpers.h **** 		mavlink_update_checksum(rxmsg, c);
 1876              		.loc 4 716 8 is_stmt 0 view .LVU672
 1877 0228 437A     		ldrb	r3, [r0, #9]	@ zero_extendqisi2
 1878 022a 827A     		ldrb	r2, [r0, #10]	@ zero_extendqisi2
 1879 022c 43EA0223 		orr	r3, r3, r2, lsl #8
 1880 0230 C27A     		ldrb	r2, [r0, #11]	@ zero_extendqisi2
 1881 0232 43EA0243 		orr	r3, r3, r2, lsl #16
 716:c_library_v2/common/../mavlink_helpers.h **** 		mavlink_update_checksum(rxmsg, c);
 1882              		.loc 4 716 16 view .LVU673
 1883 0236 43EA0842 		orr	r2, r3, r8, lsl #16
 1884 023a 4372     		strb	r3, [r0, #9]
 1885 023c C3F30723 		ubfx	r3, r3, #8, #8
 1886 0240 8372     		strb	r3, [r0, #10]
 1887 0242 130C     		lsrs	r3, r2, #16
 1888 0244 C372     		strb	r3, [r0, #11]
 717:c_library_v2/common/../mavlink_helpers.h **** 		if(rxmsg->len > 0){
 1889              		.loc 4 717 3 is_stmt 1 view .LVU674
 1890              	.LVL171:
 1891              	.LBB93:
 1892              	.LBI93:
 507:c_library_v2/common/../mavlink_helpers.h **** {
 1893              		.loc 4 507 21 view .LVU675
 1894              	.LBB94:
 509:c_library_v2/common/../mavlink_helpers.h **** 	crc_accumulate(c, &checksum);
 1895              		.loc 4 509 2 view .LVU676
 509:c_library_v2/common/../mavlink_helpers.h **** 	crc_accumulate(c, &checksum);
 1896              		.loc 4 509 25 is_stmt 0 view .LVU677
 1897 0246 0388     		ldrh	r3, [r0]	@ unaligned
 509:c_library_v2/common/../mavlink_helpers.h **** 	crc_accumulate(c, &checksum);
ARM GAS  /tmp/ccNOss9U.s 			page 60


 1898              		.loc 4 509 11 view .LVU678
 1899 0248 ADF80630 		strh	r3, [sp, #6]	@ movhi
 510:c_library_v2/common/../mavlink_helpers.h **** 	msg->checksum = checksum;
 1900              		.loc 4 510 2 is_stmt 1 view .LVU679
 1901 024c 0DF10601 		add	r1, sp, #6
 1902              	.LVL172:
 510:c_library_v2/common/../mavlink_helpers.h **** 	msg->checksum = checksum;
 1903              		.loc 4 510 2 is_stmt 0 view .LVU680
 1904 0250 4046     		mov	r0, r8
 1905              	.LVL173:
 510:c_library_v2/common/../mavlink_helpers.h **** 	msg->checksum = checksum;
 1906              		.loc 4 510 2 view .LVU681
 1907 0252 FFF7FEFF 		bl	crc_accumulate
 1908              	.LVL174:
 511:c_library_v2/common/../mavlink_helpers.h **** }
 1909              		.loc 4 511 2 is_stmt 1 view .LVU682
 511:c_library_v2/common/../mavlink_helpers.h **** }
 1910              		.loc 4 511 16 is_stmt 0 view .LVU683
 1911 0256 BDF80630 		ldrh	r3, [sp, #6]
 1912 025a 2B80     		strh	r3, [r5]	@ unaligned
 1913              	.LVL175:
 511:c_library_v2/common/../mavlink_helpers.h **** }
 1914              		.loc 4 511 16 view .LVU684
 1915              	.LBE94:
 1916              	.LBE93:
 718:c_library_v2/common/../mavlink_helpers.h **** 			status->parse_state = MAVLINK_PARSE_STATE_GOT_MSGID3;
 1917              		.loc 4 718 3 is_stmt 1 view .LVU685
 718:c_library_v2/common/../mavlink_helpers.h **** 			status->parse_state = MAVLINK_PARSE_STATE_GOT_MSGID3;
 1918              		.loc 4 718 11 is_stmt 0 view .LVU686
 1919 025c EB78     		ldrb	r3, [r5, #3]	@ zero_extendqisi2
 718:c_library_v2/common/../mavlink_helpers.h **** 			status->parse_state = MAVLINK_PARSE_STATE_GOT_MSGID3;
 1920              		.loc 4 718 5 view .LVU687
 1921 025e 13B1     		cbz	r3, .L87
 719:c_library_v2/common/../mavlink_helpers.h **** 		} else {
 1922              		.loc 4 719 4 is_stmt 1 view .LVU688
 719:c_library_v2/common/../mavlink_helpers.h **** 		} else {
 1923              		.loc 4 719 24 is_stmt 0 view .LVU689
 1924 0260 0B23     		movs	r3, #11
 1925 0262 E370     		strb	r3, [r4, #3]
 1926 0264 55E7     		b	.L66
 1927              	.L87:
 721:c_library_v2/common/../mavlink_helpers.h **** 		}
 1928              		.loc 4 721 4 is_stmt 1 view .LVU690
 721:c_library_v2/common/../mavlink_helpers.h **** 		}
 1929              		.loc 4 721 24 is_stmt 0 view .LVU691
 1930 0266 0C23     		movs	r3, #12
 1931 0268 E370     		strb	r3, [r4, #3]
 1932 026a 52E7     		b	.L66
 1933              	.LVL176:
 1934              	.L71:
 735:c_library_v2/common/../mavlink_helpers.h **** 		mavlink_update_checksum(rxmsg, c);
 1935              		.loc 4 735 3 is_stmt 1 view .LVU692
 1936 026c 00F10C03 		add	r3, r0, #12
 735:c_library_v2/common/../mavlink_helpers.h **** 		mavlink_update_checksum(rxmsg, c);
 1937              		.loc 4 735 39 is_stmt 0 view .LVU693
 1938 0270 0A79     		ldrb	r2, [r1, #4]	@ zero_extendqisi2
 735:c_library_v2/common/../mavlink_helpers.h **** 		mavlink_update_checksum(rxmsg, c);
ARM GAS  /tmp/ccNOss9U.s 			page 61


 1939              		.loc 4 735 51 view .LVU694
 1940 0272 511C     		adds	r1, r2, #1
 1941              	.LVL177:
 735:c_library_v2/common/../mavlink_helpers.h **** 		mavlink_update_checksum(rxmsg, c);
 1942              		.loc 4 735 51 view .LVU695
 1943 0274 2171     		strb	r1, [r4, #4]
 735:c_library_v2/common/../mavlink_helpers.h **** 		mavlink_update_checksum(rxmsg, c);
 1944              		.loc 4 735 55 view .LVU696
 1945 0276 03F80280 		strb	r8, [r3, r2]
 736:c_library_v2/common/../mavlink_helpers.h **** 		if (status->packet_idx == rxmsg->len)
 1946              		.loc 4 736 3 is_stmt 1 view .LVU697
 1947              	.LVL178:
 1948              	.LBB95:
 1949              	.LBI95:
 507:c_library_v2/common/../mavlink_helpers.h **** {
 1950              		.loc 4 507 21 view .LVU698
 1951              	.LBB96:
 509:c_library_v2/common/../mavlink_helpers.h **** 	crc_accumulate(c, &checksum);
 1952              		.loc 4 509 2 view .LVU699
 509:c_library_v2/common/../mavlink_helpers.h **** 	crc_accumulate(c, &checksum);
 1953              		.loc 4 509 25 is_stmt 0 view .LVU700
 1954 027a 0388     		ldrh	r3, [r0]	@ unaligned
 509:c_library_v2/common/../mavlink_helpers.h **** 	crc_accumulate(c, &checksum);
 1955              		.loc 4 509 11 view .LVU701
 1956 027c ADF80630 		strh	r3, [sp, #6]	@ movhi
 510:c_library_v2/common/../mavlink_helpers.h **** 	msg->checksum = checksum;
 1957              		.loc 4 510 2 is_stmt 1 view .LVU702
 1958 0280 0DF10601 		add	r1, sp, #6
 1959 0284 4046     		mov	r0, r8
 1960              	.LVL179:
 510:c_library_v2/common/../mavlink_helpers.h **** 	msg->checksum = checksum;
 1961              		.loc 4 510 2 is_stmt 0 view .LVU703
 1962 0286 FFF7FEFF 		bl	crc_accumulate
 1963              	.LVL180:
 511:c_library_v2/common/../mavlink_helpers.h **** }
 1964              		.loc 4 511 2 is_stmt 1 view .LVU704
 511:c_library_v2/common/../mavlink_helpers.h **** }
 1965              		.loc 4 511 16 is_stmt 0 view .LVU705
 1966 028a BDF80630 		ldrh	r3, [sp, #6]
 1967 028e 2B80     		strh	r3, [r5]	@ unaligned
 1968              	.LVL181:
 511:c_library_v2/common/../mavlink_helpers.h **** }
 1969              		.loc 4 511 16 view .LVU706
 1970              	.LBE96:
 1971              	.LBE95:
 737:c_library_v2/common/../mavlink_helpers.h **** 		{
 1972              		.loc 4 737 3 is_stmt 1 view .LVU707
 737:c_library_v2/common/../mavlink_helpers.h **** 		{
 1973              		.loc 4 737 13 is_stmt 0 view .LVU708
 1974 0290 2279     		ldrb	r2, [r4, #4]	@ zero_extendqisi2
 737:c_library_v2/common/../mavlink_helpers.h **** 		{
 1975              		.loc 4 737 34 view .LVU709
 1976 0292 EB78     		ldrb	r3, [r5, #3]	@ zero_extendqisi2
 737:c_library_v2/common/../mavlink_helpers.h **** 		{
 1977              		.loc 4 737 6 view .LVU710
 1978 0294 9A42     		cmp	r2, r3
 1979 0296 7FF43CAF 		bne	.L66
ARM GAS  /tmp/ccNOss9U.s 			page 62


 739:c_library_v2/common/../mavlink_helpers.h **** 		}
 1980              		.loc 4 739 4 is_stmt 1 view .LVU711
 739:c_library_v2/common/../mavlink_helpers.h **** 		}
 1981              		.loc 4 739 24 is_stmt 0 view .LVU712
 1982 029a 0C23     		movs	r3, #12
 1983 029c E370     		strb	r3, [r4, #3]
 1984 029e 38E7     		b	.L66
 1985              	.LVL182:
 1986              	.L70:
 1987              	.LBB97:
 744:c_library_v2/common/../mavlink_helpers.h **** 		if (e == NULL) {
 1988              		.loc 4 744 3 is_stmt 1 view .LVU713
 744:c_library_v2/common/../mavlink_helpers.h **** 		if (e == NULL) {
 1989              		.loc 4 744 61 is_stmt 0 view .LVU714
 1990 02a0 437A     		ldrb	r3, [r0, #9]	@ zero_extendqisi2
 1991 02a2 827A     		ldrb	r2, [r0, #10]	@ zero_extendqisi2
 1992 02a4 43EA0223 		orr	r3, r3, r2, lsl #8
 1993 02a8 C07A     		ldrb	r0, [r0, #11]	@ zero_extendqisi2
 1994              	.LVL183:
 744:c_library_v2/common/../mavlink_helpers.h **** 		if (e == NULL) {
 1995              		.loc 4 744 34 view .LVU715
 1996 02aa 43EA0040 		orr	r0, r3, r0, lsl #16
 1997 02ae FFF7FEFF 		bl	mavlink_get_msg_entry
 1998              	.LVL184:
 745:c_library_v2/common/../mavlink_helpers.h **** 			// Message not found in CRC_EXTRA table.
 1999              		.loc 4 745 3 is_stmt 1 view .LVU716
 745:c_library_v2/common/../mavlink_helpers.h **** 			// Message not found in CRC_EXTRA table.
 2000              		.loc 4 745 6 is_stmt 0 view .LVU717
 2001 02b2 8146     		mov	r9, r0
 2002 02b4 F8B1     		cbz	r0, .L110
 2003              	.LBB98:
 750:c_library_v2/common/../mavlink_helpers.h **** 			mavlink_update_checksum(rxmsg, crc_extra);
 2004              		.loc 4 750 4 is_stmt 1 view .LVU718
 750:c_library_v2/common/../mavlink_helpers.h **** 			mavlink_update_checksum(rxmsg, crc_extra);
 2005              		.loc 4 750 12 is_stmt 0 view .LVU719
 2006 02b6 0079     		ldrb	r0, [r0, #4]	@ zero_extendqisi2
 2007              	.LVL185:
 751:c_library_v2/common/../mavlink_helpers.h **** 			if (c != (rxmsg->checksum & 0xFF)) {
 2008              		.loc 4 751 4 is_stmt 1 view .LVU720
 2009              	.LBB99:
 2010              	.LBI99:
 507:c_library_v2/common/../mavlink_helpers.h **** {
 2011              		.loc 4 507 21 view .LVU721
 2012              	.LBB100:
 509:c_library_v2/common/../mavlink_helpers.h **** 	crc_accumulate(c, &checksum);
 2013              		.loc 4 509 2 view .LVU722
 509:c_library_v2/common/../mavlink_helpers.h **** 	crc_accumulate(c, &checksum);
 2014              		.loc 4 509 25 is_stmt 0 view .LVU723
 2015 02b8 2B88     		ldrh	r3, [r5]	@ unaligned
 509:c_library_v2/common/../mavlink_helpers.h **** 	crc_accumulate(c, &checksum);
 2016              		.loc 4 509 11 view .LVU724
 2017 02ba ADF80630 		strh	r3, [sp, #6]	@ movhi
 2018              	.LVL186:
 510:c_library_v2/common/../mavlink_helpers.h **** 	msg->checksum = checksum;
 2019              		.loc 4 510 2 is_stmt 1 view .LVU725
 2020 02be 0DF10601 		add	r1, sp, #6
 2021 02c2 FFF7FEFF 		bl	crc_accumulate
ARM GAS  /tmp/ccNOss9U.s 			page 63


 2022              	.LVL187:
 511:c_library_v2/common/../mavlink_helpers.h **** }
 2023              		.loc 4 511 2 view .LVU726
 511:c_library_v2/common/../mavlink_helpers.h **** }
 2024              		.loc 4 511 16 is_stmt 0 view .LVU727
 2025 02c6 BDF80630 		ldrh	r3, [sp, #6]
 2026 02ca 2B80     		strh	r3, [r5]	@ unaligned
 2027              	.LVL188:
 511:c_library_v2/common/../mavlink_helpers.h **** }
 2028              		.loc 4 511 16 view .LVU728
 2029              	.LBE100:
 2030              	.LBE99:
 752:c_library_v2/common/../mavlink_helpers.h **** 				status->parse_state = MAVLINK_PARSE_STATE_GOT_BAD_CRC1;
 2031              		.loc 4 752 4 is_stmt 1 view .LVU729
 752:c_library_v2/common/../mavlink_helpers.h **** 				status->parse_state = MAVLINK_PARSE_STATE_GOT_BAD_CRC1;
 2032              		.loc 4 752 30 is_stmt 0 view .LVU730
 2033 02cc DBB2     		uxtb	r3, r3
 752:c_library_v2/common/../mavlink_helpers.h **** 				status->parse_state = MAVLINK_PARSE_STATE_GOT_BAD_CRC1;
 2034              		.loc 4 752 7 view .LVU731
 2035 02ce 9845     		cmp	r8, r3
 2036 02d0 16D0     		beq	.L89
 753:c_library_v2/common/../mavlink_helpers.h **** 			} else {
 2037              		.loc 4 753 5 is_stmt 1 view .LVU732
 753:c_library_v2/common/../mavlink_helpers.h **** 			} else {
 2038              		.loc 4 753 25 is_stmt 0 view .LVU733
 2039 02d2 0E23     		movs	r3, #14
 2040 02d4 E370     		strb	r3, [r4, #3]
 2041              	.L90:
 757:c_library_v2/common/../mavlink_helpers.h **** 
 2042              		.loc 4 757 4 is_stmt 1 view .LVU734
 757:c_library_v2/common/../mavlink_helpers.h **** 
 2043              		.loc 4 757 17 is_stmt 0 view .LVU735
 2044 02d6 85F81481 		strb	r8, [r5, #276]
 760:c_library_v2/common/../mavlink_helpers.h **** 					memset(&_MAV_PAYLOAD_NON_CONST(rxmsg)[status->packet_idx], 0, e->max_msg_len - status->packet_
 2045              		.loc 4 760 5 is_stmt 1 view .LVU736
 760:c_library_v2/common/../mavlink_helpers.h **** 					memset(&_MAV_PAYLOAD_NON_CONST(rxmsg)[status->packet_idx], 0, e->max_msg_len - status->packet_
 2046              		.loc 4 760 20 is_stmt 0 view .LVU737
 2047 02da 2379     		ldrb	r3, [r4, #4]	@ zero_extendqisi2
 760:c_library_v2/common/../mavlink_helpers.h **** 					memset(&_MAV_PAYLOAD_NON_CONST(rxmsg)[status->packet_idx], 0, e->max_msg_len - status->packet_
 2048              		.loc 4 760 36 view .LVU738
 2049 02dc 99F80620 		ldrb	r2, [r9, #6]	@ zero_extendqisi2
 760:c_library_v2/common/../mavlink_helpers.h **** 					memset(&_MAV_PAYLOAD_NON_CONST(rxmsg)[status->packet_idx], 0, e->max_msg_len - status->packet_
 2050              		.loc 4 760 11 view .LVU739
 2051 02e0 9342     		cmp	r3, r2
 2052 02e2 BFF416AF 		bcs	.L66
 761:c_library_v2/common/../mavlink_helpers.h **** 			}
 2053              		.loc 4 761 6 is_stmt 1 view .LVU740
 761:c_library_v2/common/../mavlink_helpers.h **** 			}
 2054              		.loc 4 761 14 is_stmt 0 view .LVU741
 2055 02e6 05F10C00 		add	r0, r5, #12
 761:c_library_v2/common/../mavlink_helpers.h **** 			}
 2056              		.loc 4 761 6 view .LVU742
 2057 02ea D21A     		subs	r2, r2, r3
 2058 02ec 0021     		movs	r1, #0
 2059 02ee 1844     		add	r0, r0, r3
 2060 02f0 FFF7FEFF 		bl	memset
 2061              	.LVL189:
ARM GAS  /tmp/ccNOss9U.s 			page 64


 2062 02f4 0DE7     		b	.L66
 2063              	.LVL190:
 2064              	.L110:
 761:c_library_v2/common/../mavlink_helpers.h **** 			}
 2065              		.loc 4 761 6 view .LVU743
 2066              	.LBE98:
 747:c_library_v2/common/../mavlink_helpers.h **** 			rxmsg->ck[0] = c;
 2067              		.loc 4 747 4 is_stmt 1 view .LVU744
 747:c_library_v2/common/../mavlink_helpers.h **** 			rxmsg->ck[0] = c;
 2068              		.loc 4 747 24 is_stmt 0 view .LVU745
 2069 02f6 0E23     		movs	r3, #14
 2070 02f8 E370     		strb	r3, [r4, #3]
 748:c_library_v2/common/../mavlink_helpers.h **** 		} else {
 2071              		.loc 4 748 4 is_stmt 1 view .LVU746
 748:c_library_v2/common/../mavlink_helpers.h **** 		} else {
 2072              		.loc 4 748 17 is_stmt 0 view .LVU747
 2073 02fa 85F81481 		strb	r8, [r5, #276]
 2074 02fe 08E7     		b	.L66
 2075              	.LVL191:
 2076              	.L89:
 2077              	.LBB101:
 755:c_library_v2/common/../mavlink_helpers.h **** 			}
 2078              		.loc 4 755 5 is_stmt 1 view .LVU748
 755:c_library_v2/common/../mavlink_helpers.h **** 			}
 2079              		.loc 4 755 25 is_stmt 0 view .LVU749
 2080 0300 0D23     		movs	r3, #13
 2081 0302 E370     		strb	r3, [r4, #3]
 2082 0304 E7E7     		b	.L90
 2083              	.LVL192:
 2084              	.L69:
 755:c_library_v2/common/../mavlink_helpers.h **** 			}
 2085              		.loc 4 755 25 view .LVU750
 2086              	.LBE101:
 2087              	.LBE97:
 769:c_library_v2/common/../mavlink_helpers.h **** 			// got a bad CRC message
 2088              		.loc 4 769 3 is_stmt 1 view .LVU751
 769:c_library_v2/common/../mavlink_helpers.h **** 			// got a bad CRC message
 2089              		.loc 4 769 6 is_stmt 0 view .LVU752
 2090 0306 0E2B     		cmp	r3, #14
 2091 0308 03D0     		beq	.L91
 769:c_library_v2/common/../mavlink_helpers.h **** 			// got a bad CRC message
 2092              		.loc 4 769 77 discriminator 1 view .LVU753
 2093 030a 0388     		ldrh	r3, [r0]	@ unaligned
 769:c_library_v2/common/../mavlink_helpers.h **** 			// got a bad CRC message
 2094              		.loc 4 769 63 discriminator 1 view .LVU754
 2095 030c B8EB132F 		cmp	r8, r3, lsr #8
 2096 0310 12D0     		beq	.L92
 2097              	.L91:
 771:c_library_v2/common/../mavlink_helpers.h **** 		} else {
 2098              		.loc 4 771 4 is_stmt 1 view .LVU755
 771:c_library_v2/common/../mavlink_helpers.h **** 		} else {
 2099              		.loc 4 771 25 is_stmt 0 view .LVU756
 2100 0312 0223     		movs	r3, #2
 2101 0314 2370     		strb	r3, [r4]
 2102              	.L93:
 776:c_library_v2/common/../mavlink_helpers.h **** 
 2103              		.loc 4 776 3 is_stmt 1 view .LVU757
ARM GAS  /tmp/ccNOss9U.s 			page 65


 776:c_library_v2/common/../mavlink_helpers.h **** 
 2104              		.loc 4 776 16 is_stmt 0 view .LVU758
 2105 0316 85F81581 		strb	r8, [r5, #277]
 778:c_library_v2/common/../mavlink_helpers.h **** 			status->parse_state = MAVLINK_PARSE_STATE_SIGNATURE_WAIT;
 2106              		.loc 4 778 3 is_stmt 1 view .LVU759
 778:c_library_v2/common/../mavlink_helpers.h **** 			status->parse_state = MAVLINK_PARSE_STATE_SIGNATURE_WAIT;
 2107              		.loc 4 778 12 is_stmt 0 view .LVU760
 2108 031a 2B79     		ldrb	r3, [r5, #4]	@ zero_extendqisi2
 778:c_library_v2/common/../mavlink_helpers.h **** 			status->parse_state = MAVLINK_PARSE_STATE_SIGNATURE_WAIT;
 2109              		.loc 4 778 6 view .LVU761
 2110 031c 13F0010F 		tst	r3, #1
 2111 0320 0DD0     		beq	.L94
 779:c_library_v2/common/../mavlink_helpers.h **** 			status->signature_wait = MAVLINK_SIGNATURE_BLOCK_LEN;
 2112              		.loc 4 779 4 is_stmt 1 view .LVU762
 779:c_library_v2/common/../mavlink_helpers.h **** 			status->signature_wait = MAVLINK_SIGNATURE_BLOCK_LEN;
 2113              		.loc 4 779 24 is_stmt 0 view .LVU763
 2114 0322 0F23     		movs	r3, #15
 2115 0324 E370     		strb	r3, [r4, #3]
 780:c_library_v2/common/../mavlink_helpers.h **** 
 2116              		.loc 4 780 4 is_stmt 1 view .LVU764
 780:c_library_v2/common/../mavlink_helpers.h **** 
 2117              		.loc 4 780 27 is_stmt 0 view .LVU765
 2118 0326 0D23     		movs	r3, #13
 2119 0328 6373     		strb	r3, [r4, #13]
 784:c_library_v2/common/../mavlink_helpers.h **** 				status->msg_received = MAVLINK_FRAMING_INCOMPLETE;
 2120              		.loc 4 784 4 is_stmt 1 view .LVU766
 784:c_library_v2/common/../mavlink_helpers.h **** 				status->msg_received = MAVLINK_FRAMING_INCOMPLETE;
 2121              		.loc 4 784 14 is_stmt 0 view .LVU767
 2122 032a 2378     		ldrb	r3, [r4]	@ zero_extendqisi2
 784:c_library_v2/common/../mavlink_helpers.h **** 				status->msg_received = MAVLINK_FRAMING_INCOMPLETE;
 2123              		.loc 4 784 7 view .LVU768
 2124 032c 022B     		cmp	r3, #2
 2125 032e 3FF4F0AE 		beq	.L66
 785:c_library_v2/common/../mavlink_helpers.h **** 			}
 2126              		.loc 4 785 5 is_stmt 1 view .LVU769
 785:c_library_v2/common/../mavlink_helpers.h **** 			}
 2127              		.loc 4 785 26 is_stmt 0 view .LVU770
 2128 0332 0023     		movs	r3, #0
 2129 0334 2370     		strb	r3, [r4]
 2130 0336 ECE6     		b	.L66
 2131              	.L92:
 774:c_library_v2/common/../mavlink_helpers.h **** 		}
 2132              		.loc 4 774 4 is_stmt 1 view .LVU771
 774:c_library_v2/common/../mavlink_helpers.h **** 		}
 2133              		.loc 4 774 25 is_stmt 0 view .LVU772
 2134 0338 0123     		movs	r3, #1
 2135 033a 0B70     		strb	r3, [r1]
 2136 033c EBE7     		b	.L93
 2137              	.L94:
 788:c_library_v2/common/../mavlink_helpers.h **** 			   	(status->signing->accept_unsigned_callback == NULL ||
 2138              		.loc 4 788 4 is_stmt 1 view .LVU773
 788:c_library_v2/common/../mavlink_helpers.h **** 			   	(status->signing->accept_unsigned_callback == NULL ||
 2139              		.loc 4 788 14 is_stmt 0 view .LVU774
 2140 033e 2369     		ldr	r3, [r4, #16]
 788:c_library_v2/common/../mavlink_helpers.h **** 			   	(status->signing->accept_unsigned_callback == NULL ||
 2141              		.loc 4 788 7 view .LVU775
 2142 0340 83B1     		cbz	r3, .L95
ARM GAS  /tmp/ccNOss9U.s 			page 66


 789:c_library_v2/common/../mavlink_helpers.h **** 			   	 !status->signing->accept_unsigned_callback(status, rxmsg->msgid))) {
 2143              		.loc 4 789 24 discriminator 1 view .LVU776
 2144 0342 1A6B     		ldr	r2, [r3, #48]
 788:c_library_v2/common/../mavlink_helpers.h **** 			   	(status->signing->accept_unsigned_callback == NULL ||
 2145              		.loc 4 788 24 discriminator 1 view .LVU777
 2146 0344 4AB1     		cbz	r2, .L96
 790:c_library_v2/common/../mavlink_helpers.h **** 
 2147              		.loc 4 790 65 view .LVU778
 2148 0346 6B7A     		ldrb	r3, [r5, #9]	@ zero_extendqisi2
 2149 0348 A97A     		ldrb	r1, [r5, #10]	@ zero_extendqisi2
 2150              	.LVL193:
 790:c_library_v2/common/../mavlink_helpers.h **** 
 2151              		.loc 4 790 65 view .LVU779
 2152 034a 43EA0123 		orr	r3, r3, r1, lsl #8
 2153 034e E97A     		ldrb	r1, [r5, #11]	@ zero_extendqisi2
 790:c_library_v2/common/../mavlink_helpers.h **** 
 2154              		.loc 4 790 10 view .LVU780
 2155 0350 43EA0141 		orr	r1, r3, r1, lsl #16
 2156 0354 2046     		mov	r0, r4
 2157              	.LVL194:
 790:c_library_v2/common/../mavlink_helpers.h **** 
 2158              		.loc 4 790 10 view .LVU781
 2159 0356 9047     		blx	r2
 2160              	.LVL195:
 789:c_library_v2/common/../mavlink_helpers.h **** 			   	 !status->signing->accept_unsigned_callback(status, rxmsg->msgid))) {
 2161              		.loc 4 789 59 view .LVU782
 2162 0358 20B9     		cbnz	r0, .L95
 2163              	.L96:
 793:c_library_v2/common/../mavlink_helpers.h **** 					status->msg_received = MAVLINK_FRAMING_BAD_SIGNATURE;
 2164              		.loc 4 793 5 is_stmt 1 view .LVU783
 793:c_library_v2/common/../mavlink_helpers.h **** 					status->msg_received = MAVLINK_FRAMING_BAD_SIGNATURE;
 2165              		.loc 4 793 15 is_stmt 0 view .LVU784
 2166 035a 2378     		ldrb	r3, [r4]	@ zero_extendqisi2
 793:c_library_v2/common/../mavlink_helpers.h **** 					status->msg_received = MAVLINK_FRAMING_BAD_SIGNATURE;
 2167              		.loc 4 793 8 view .LVU785
 2168 035c 022B     		cmp	r3, #2
 2169 035e 01D0     		beq	.L95
 794:c_library_v2/common/../mavlink_helpers.h **** 				}
 2170              		.loc 4 794 6 is_stmt 1 view .LVU786
 794:c_library_v2/common/../mavlink_helpers.h **** 				}
 2171              		.loc 4 794 27 is_stmt 0 view .LVU787
 2172 0360 0323     		movs	r3, #3
 2173 0362 2370     		strb	r3, [r4]
 2174              	.L95:
 797:c_library_v2/common/../mavlink_helpers.h **** 			if (r_message != NULL) {
 2175              		.loc 4 797 4 is_stmt 1 view .LVU788
 797:c_library_v2/common/../mavlink_helpers.h **** 			if (r_message != NULL) {
 2176              		.loc 4 797 24 is_stmt 0 view .LVU789
 2177 0364 0123     		movs	r3, #1
 2178 0366 E370     		strb	r3, [r4, #3]
 798:c_library_v2/common/../mavlink_helpers.h **** 				memcpy(r_message, rxmsg, sizeof(mavlink_message_t));
 2179              		.loc 4 798 4 is_stmt 1 view .LVU790
 798:c_library_v2/common/../mavlink_helpers.h **** 				memcpy(r_message, rxmsg, sizeof(mavlink_message_t));
 2180              		.loc 4 798 7 is_stmt 0 view .LVU791
 2181 0368 002F     		cmp	r7, #0
 2182 036a 3FF4D2AE 		beq	.L66
 799:c_library_v2/common/../mavlink_helpers.h **** 			}
ARM GAS  /tmp/ccNOss9U.s 			page 67


 2183              		.loc 4 799 5 is_stmt 1 view .LVU792
 2184 036e 40F22312 		movw	r2, #291
 2185 0372 2946     		mov	r1, r5
 2186 0374 3846     		mov	r0, r7
 2187 0376 FFF7FEFF 		bl	memcpy
 2188              	.LVL196:
 2189 037a CAE6     		b	.L66
 2190              	.LVL197:
 2191              	.L67:
 804:c_library_v2/common/../mavlink_helpers.h **** 		status->signature_wait--;
 2192              		.loc 4 804 3 view .LVU793
 804:c_library_v2/common/../mavlink_helpers.h **** 		status->signature_wait--;
 2193              		.loc 4 804 54 is_stmt 0 view .LVU794
 2194 037c 4B7B     		ldrb	r3, [r1, #13]	@ zero_extendqisi2
 804:c_library_v2/common/../mavlink_helpers.h **** 		status->signature_wait--;
 2195              		.loc 4 804 47 view .LVU795
 2196 037e C3F10D03 		rsb	r3, r3, #13
 804:c_library_v2/common/../mavlink_helpers.h **** 		status->signature_wait--;
 2197              		.loc 4 804 72 view .LVU796
 2198 0382 0344     		add	r3, r3, r0
 2199 0384 83F81681 		strb	r8, [r3, #278]
 805:c_library_v2/common/../mavlink_helpers.h **** 		if (status->signature_wait == 0) {
 2200              		.loc 4 805 3 is_stmt 1 view .LVU797
 805:c_library_v2/common/../mavlink_helpers.h **** 		if (status->signature_wait == 0) {
 2201              		.loc 4 805 9 is_stmt 0 view .LVU798
 2202 0388 4B7B     		ldrb	r3, [r1, #13]	@ zero_extendqisi2
 805:c_library_v2/common/../mavlink_helpers.h **** 		if (status->signature_wait == 0) {
 2203              		.loc 4 805 25 view .LVU799
 2204 038a 013B     		subs	r3, r3, #1
 2205 038c DBB2     		uxtb	r3, r3
 2206 038e 4B73     		strb	r3, [r1, #13]
 806:c_library_v2/common/../mavlink_helpers.h **** 			// we have the whole signature, check it is OK
 2207              		.loc 4 806 3 is_stmt 1 view .LVU800
 806:c_library_v2/common/../mavlink_helpers.h **** 			// we have the whole signature, check it is OK
 2208              		.loc 4 806 6 is_stmt 0 view .LVU801
 2209 0390 002B     		cmp	r3, #0
 2210 0392 7FF4BEAE 		bne	.L66
 2211              	.LBB102:
 809:c_library_v2/common/../mavlink_helpers.h **** #else
 2212              		.loc 4 809 4 is_stmt 1 view .LVU802
 809:c_library_v2/common/../mavlink_helpers.h **** #else
 2213              		.loc 4 809 18 is_stmt 0 view .LVU803
 2214 0396 0246     		mov	r2, r0
 2215 0398 4969     		ldr	r1, [r1, #20]
 2216              	.LVL198:
 809:c_library_v2/common/../mavlink_helpers.h **** #else
 2217              		.loc 4 809 18 view .LVU804
 2218 039a 2069     		ldr	r0, [r4, #16]
 2219              	.LVL199:
 809:c_library_v2/common/../mavlink_helpers.h **** #else
 2220              		.loc 4 809 18 view .LVU805
 2221 039c FFF7FEFF 		bl	mavlink_signature_check
 2222              	.LVL200:
 813:c_library_v2/common/../mavlink_helpers.h **** 			   	(status->signing->accept_unsigned_callback &&
 2223              		.loc 4 813 4 is_stmt 1 view .LVU806
 813:c_library_v2/common/../mavlink_helpers.h **** 			   	(status->signing->accept_unsigned_callback &&
 2224              		.loc 4 813 7 is_stmt 0 view .LVU807
ARM GAS  /tmp/ccNOss9U.s 			page 68


 2225 03a0 78B9     		cbnz	r0, .L97
 814:c_library_v2/common/../mavlink_helpers.h **** 			   	 status->signing->accept_unsigned_callback(status, rxmsg->msgid))) {
 2226              		.loc 4 814 15 discriminator 1 view .LVU808
 2227 03a2 2369     		ldr	r3, [r4, #16]
 814:c_library_v2/common/../mavlink_helpers.h **** 			   	 status->signing->accept_unsigned_callback(status, rxmsg->msgid))) {
 2228              		.loc 4 814 24 discriminator 1 view .LVU809
 2229 03a4 1B6B     		ldr	r3, [r3, #48]
 813:c_library_v2/common/../mavlink_helpers.h **** 			   	(status->signing->accept_unsigned_callback &&
 2230              		.loc 4 813 16 discriminator 1 view .LVU810
 2231 03a6 4BB1     		cbz	r3, .L98
 815:c_library_v2/common/../mavlink_helpers.h **** 				// accepted via application level override
 2232              		.loc 4 815 64 view .LVU811
 2233 03a8 6A7A     		ldrb	r2, [r5, #9]	@ zero_extendqisi2
 2234 03aa A97A     		ldrb	r1, [r5, #10]	@ zero_extendqisi2
 2235 03ac 42EA0122 		orr	r2, r2, r1, lsl #8
 2236 03b0 E97A     		ldrb	r1, [r5, #11]	@ zero_extendqisi2
 815:c_library_v2/common/../mavlink_helpers.h **** 				// accepted via application level override
 2237              		.loc 4 815 9 view .LVU812
 2238 03b2 42EA0141 		orr	r1, r2, r1, lsl #16
 2239 03b6 2046     		mov	r0, r4
 2240              	.LVL201:
 815:c_library_v2/common/../mavlink_helpers.h **** 				// accepted via application level override
 2241              		.loc 4 815 9 view .LVU813
 2242 03b8 9847     		blx	r3
 2243              	.LVL202:
 814:c_library_v2/common/../mavlink_helpers.h **** 			   	 status->signing->accept_unsigned_callback(status, rxmsg->msgid))) {
 2244              		.loc 4 814 51 view .LVU814
 2245 03ba 10B9     		cbnz	r0, .L97
 2246              	.L98:
 819:c_library_v2/common/../mavlink_helpers.h **** 				status->msg_received = MAVLINK_FRAMING_OK;
 2247              		.loc 4 819 4 is_stmt 1 view .LVU815
 822:c_library_v2/common/../mavlink_helpers.h **** 			}
 2248              		.loc 4 822 5 view .LVU816
 822:c_library_v2/common/../mavlink_helpers.h **** 			}
 2249              		.loc 4 822 26 is_stmt 0 view .LVU817
 2250 03bc 0323     		movs	r3, #3
 2251 03be 2370     		strb	r3, [r4]
 2252 03c0 01E0     		b	.L99
 2253              	.L97:
 2254              	.LVL203:
 820:c_library_v2/common/../mavlink_helpers.h **** 			} else {
 2255              		.loc 4 820 5 is_stmt 1 view .LVU818
 820:c_library_v2/common/../mavlink_helpers.h **** 			} else {
 2256              		.loc 4 820 26 is_stmt 0 view .LVU819
 2257 03c2 0123     		movs	r3, #1
 2258 03c4 2370     		strb	r3, [r4]
 2259              	.L99:
 824:c_library_v2/common/../mavlink_helpers.h **** 			if (r_message !=NULL) {
 2260              		.loc 4 824 4 is_stmt 1 view .LVU820
 824:c_library_v2/common/../mavlink_helpers.h **** 			if (r_message !=NULL) {
 2261              		.loc 4 824 24 is_stmt 0 view .LVU821
 2262 03c6 0123     		movs	r3, #1
 2263 03c8 E370     		strb	r3, [r4, #3]
 825:c_library_v2/common/../mavlink_helpers.h **** 				memcpy(r_message, rxmsg, sizeof(mavlink_message_t));
 2264              		.loc 4 825 4 is_stmt 1 view .LVU822
 825:c_library_v2/common/../mavlink_helpers.h **** 				memcpy(r_message, rxmsg, sizeof(mavlink_message_t));
 2265              		.loc 4 825 7 is_stmt 0 view .LVU823
ARM GAS  /tmp/ccNOss9U.s 			page 69


 2266 03ca 002F     		cmp	r7, #0
 2267 03cc 3FF4A1AE 		beq	.L66
 826:c_library_v2/common/../mavlink_helpers.h **** 			}
 2268              		.loc 4 826 5 is_stmt 1 view .LVU824
 2269 03d0 40F22312 		movw	r2, #291
 2270 03d4 2946     		mov	r1, r5
 2271 03d6 3846     		mov	r0, r7
 2272 03d8 FFF7FEFF 		bl	memcpy
 2273              	.LVL204:
 2274 03dc 99E6     		b	.L66
 2275              	.L108:
 826:c_library_v2/common/../mavlink_helpers.h **** 			}
 2276              		.loc 4 826 5 is_stmt 0 view .LVU825
 2277              	.LBE102:
 840:c_library_v2/common/../mavlink_helpers.h **** 		// Initial condition: If no packet has been received so far, drop count is undefined
 2278              		.loc 4 840 3 is_stmt 1 view .LVU826
 840:c_library_v2/common/../mavlink_helpers.h **** 		// Initial condition: If no packet has been received so far, drop count is undefined
 2279              		.loc 4 840 33 is_stmt 0 view .LVU827
 2280 03de AB79     		ldrb	r3, [r5, #6]	@ zero_extendqisi2
 840:c_library_v2/common/../mavlink_helpers.h **** 		// Initial condition: If no packet has been received so far, drop count is undefined
 2281              		.loc 4 840 26 view .LVU828
 2282 03e0 6371     		strb	r3, [r4, #5]
 842:c_library_v2/common/../mavlink_helpers.h **** 		// Count this packet as received
 2283              		.loc 4 842 3 is_stmt 1 view .LVU829
 842:c_library_v2/common/../mavlink_helpers.h **** 		// Count this packet as received
 2284              		.loc 4 842 13 is_stmt 0 view .LVU830
 2285 03e2 2389     		ldrh	r3, [r4, #8]
 842:c_library_v2/common/../mavlink_helpers.h **** 		// Count this packet as received
 2286              		.loc 4 842 6 view .LVU831
 2287 03e4 0BB9     		cbnz	r3, .L101
 842:c_library_v2/common/../mavlink_helpers.h **** 		// Count this packet as received
 2288              		.loc 4 842 45 is_stmt 1 discriminator 1 view .LVU832
 842:c_library_v2/common/../mavlink_helpers.h **** 		// Count this packet as received
 2289              		.loc 4 842 74 is_stmt 0 discriminator 1 view .LVU833
 2290 03e6 0022     		movs	r2, #0
 2291 03e8 6281     		strh	r2, [r4, #10]	@ movhi
 2292              	.L101:
 844:c_library_v2/common/../mavlink_helpers.h **** 	}
 2293              		.loc 4 844 3 is_stmt 1 view .LVU834
 844:c_library_v2/common/../mavlink_helpers.h **** 	}
 2294              		.loc 4 844 34 is_stmt 0 view .LVU835
 2295 03ea 0133     		adds	r3, r3, #1
 2296 03ec 2381     		strh	r3, [r4, #8]	@ movhi
 2297 03ee 94E6     		b	.L100
 2298              	.L109:
 868:c_library_v2/common/../mavlink_helpers.h ****                 r_message->checksum = rxmsg->ck[0] | (rxmsg->ck[1]<<8);
 2299              		.loc 4 868 13 is_stmt 1 view .LVU836
 868:c_library_v2/common/../mavlink_helpers.h ****                 r_message->checksum = rxmsg->ck[0] | (rxmsg->ck[1]<<8);
 2300              		.loc 4 868 16 is_stmt 0 view .LVU837
 2301 03f0 002F     		cmp	r7, #0
 2302 03f2 3FF4A9AE 		beq	.L104
 869:c_library_v2/common/../mavlink_helpers.h ****             }
 2303              		.loc 4 869 17 is_stmt 1 view .LVU838
 869:c_library_v2/common/../mavlink_helpers.h ****             }
 2304              		.loc 4 869 48 is_stmt 0 view .LVU839
 2305 03f6 95F81431 		ldrb	r3, [r5, #276]	@ zero_extendqisi2
 869:c_library_v2/common/../mavlink_helpers.h ****             }
ARM GAS  /tmp/ccNOss9U.s 			page 70


 2306              		.loc 4 869 64 view .LVU840
 2307 03fa 95F81521 		ldrb	r2, [r5, #277]	@ zero_extendqisi2
 869:c_library_v2/common/../mavlink_helpers.h ****             }
 2308              		.loc 4 869 52 view .LVU841
 2309 03fe 43EA0223 		orr	r3, r3, r2, lsl #8
 869:c_library_v2/common/../mavlink_helpers.h ****             }
 2310              		.loc 4 869 37 view .LVU842
 2311 0402 3B80     		strh	r3, [r7]	@ unaligned
 2312 0404 A0E6     		b	.L104
 2313              		.cfi_endproc
 2314              	.LFE34:
 2316              		.section	.text.mavlink_parse_char,"ax",%progbits
 2317              		.align	1
 2318              		.syntax unified
 2319              		.thumb
 2320              		.thumb_func
 2322              	mavlink_parse_char:
 2323              	.LVL205:
 2324              	.LFB38:
 875:c_library_v2/common/../mavlink_helpers.h **** 
 876:c_library_v2/common/../mavlink_helpers.h **** /**
 877:c_library_v2/common/../mavlink_helpers.h ****  * This is a convenience function which handles the complete MAVLink parsing.
 878:c_library_v2/common/../mavlink_helpers.h ****  * the function will parse one byte at a time and return the complete packet once
 879:c_library_v2/common/../mavlink_helpers.h ****  * it could be successfully decoded. This function will return 0, 1 or
 880:c_library_v2/common/../mavlink_helpers.h ****  * 2 (MAVLINK_FRAMING_INCOMPLETE, MAVLINK_FRAMING_OK or MAVLINK_FRAMING_BAD_CRC)
 881:c_library_v2/common/../mavlink_helpers.h ****  *
 882:c_library_v2/common/../mavlink_helpers.h ****  * Messages are parsed into an internal buffer (one for each channel). When a complete
 883:c_library_v2/common/../mavlink_helpers.h ****  * message is received it is copies into *r_message and the channel's status is
 884:c_library_v2/common/../mavlink_helpers.h ****  * copied into *r_mavlink_status.
 885:c_library_v2/common/../mavlink_helpers.h ****  *
 886:c_library_v2/common/../mavlink_helpers.h ****  * @param chan     ID of the channel to be parsed.
 887:c_library_v2/common/../mavlink_helpers.h ****  *                 A channel is not a physical message channel like a serial port, but a logical pa
 888:c_library_v2/common/../mavlink_helpers.h ****  *                 the communication streams. COMM_NB is the limit for the number of channels
 889:c_library_v2/common/../mavlink_helpers.h ****  *                 on MCU (e.g. ARM7), while COMM_NB_HIGH is the limit for the number of channels i
 890:c_library_v2/common/../mavlink_helpers.h ****  * @param c        The char to parse
 891:c_library_v2/common/../mavlink_helpers.h ****  *
 892:c_library_v2/common/../mavlink_helpers.h ****  * @param r_message NULL if no message could be decoded, otherwise the message data
 893:c_library_v2/common/../mavlink_helpers.h ****  * @param r_mavlink_status if a message was decoded, this is filled with the channel's stats
 894:c_library_v2/common/../mavlink_helpers.h ****  * @return 0 if no message could be decoded, 1 on good message and CRC, 2 on bad CRC
 895:c_library_v2/common/../mavlink_helpers.h ****  *
 896:c_library_v2/common/../mavlink_helpers.h ****  * A typical use scenario of this function call is:
 897:c_library_v2/common/../mavlink_helpers.h ****  *
 898:c_library_v2/common/../mavlink_helpers.h ****  * @code
 899:c_library_v2/common/../mavlink_helpers.h ****  * #include <mavlink.h>
 900:c_library_v2/common/../mavlink_helpers.h ****  *
 901:c_library_v2/common/../mavlink_helpers.h ****  * mavlink_status_t status;
 902:c_library_v2/common/../mavlink_helpers.h ****  * mavlink_message_t msg;
 903:c_library_v2/common/../mavlink_helpers.h ****  * int chan = 0;
 904:c_library_v2/common/../mavlink_helpers.h ****  *
 905:c_library_v2/common/../mavlink_helpers.h ****  *
 906:c_library_v2/common/../mavlink_helpers.h ****  * while(serial.bytesAvailable > 0)
 907:c_library_v2/common/../mavlink_helpers.h ****  * {
 908:c_library_v2/common/../mavlink_helpers.h ****  *   uint8_t byte = serial.getNextByte();
 909:c_library_v2/common/../mavlink_helpers.h ****  *   if (mavlink_frame_char(chan, byte, &msg, &status) != MAVLINK_FRAMING_INCOMPLETE)
 910:c_library_v2/common/../mavlink_helpers.h ****  *     {
 911:c_library_v2/common/../mavlink_helpers.h ****  *     printf("Received message with ID %d, sequence: %d from component %d of system %d", msg.msgid
 912:c_library_v2/common/../mavlink_helpers.h ****  *     }
ARM GAS  /tmp/ccNOss9U.s 			page 71


 913:c_library_v2/common/../mavlink_helpers.h ****  * }
 914:c_library_v2/common/../mavlink_helpers.h ****  *
 915:c_library_v2/common/../mavlink_helpers.h ****  *
 916:c_library_v2/common/../mavlink_helpers.h ****  * @endcode
 917:c_library_v2/common/../mavlink_helpers.h ****  */
 918:c_library_v2/common/../mavlink_helpers.h **** MAVLINK_HELPER uint8_t mavlink_frame_char(uint8_t chan, uint8_t c, mavlink_message_t* r_message, ma
 919:c_library_v2/common/../mavlink_helpers.h **** {
 920:c_library_v2/common/../mavlink_helpers.h **** 	return mavlink_frame_char_buffer(mavlink_get_channel_buffer(chan),
 921:c_library_v2/common/../mavlink_helpers.h **** 					 mavlink_get_channel_status(chan),
 922:c_library_v2/common/../mavlink_helpers.h **** 					 c,
 923:c_library_v2/common/../mavlink_helpers.h **** 					 r_message,
 924:c_library_v2/common/../mavlink_helpers.h **** 					 r_mavlink_status);
 925:c_library_v2/common/../mavlink_helpers.h **** }
 926:c_library_v2/common/../mavlink_helpers.h **** 
 927:c_library_v2/common/../mavlink_helpers.h **** /**
 928:c_library_v2/common/../mavlink_helpers.h ****  * Set the protocol version
 929:c_library_v2/common/../mavlink_helpers.h ****  */
 930:c_library_v2/common/../mavlink_helpers.h **** MAVLINK_HELPER void mavlink_set_proto_version(uint8_t chan, unsigned int version)
 931:c_library_v2/common/../mavlink_helpers.h **** {
 932:c_library_v2/common/../mavlink_helpers.h **** 	mavlink_status_t *status = mavlink_get_channel_status(chan);
 933:c_library_v2/common/../mavlink_helpers.h **** 	if (version > 1) {
 934:c_library_v2/common/../mavlink_helpers.h **** 		status->flags &= ~(MAVLINK_STATUS_FLAG_OUT_MAVLINK1);
 935:c_library_v2/common/../mavlink_helpers.h **** 	} else {
 936:c_library_v2/common/../mavlink_helpers.h **** 		status->flags |= MAVLINK_STATUS_FLAG_OUT_MAVLINK1;
 937:c_library_v2/common/../mavlink_helpers.h **** 	}
 938:c_library_v2/common/../mavlink_helpers.h **** }
 939:c_library_v2/common/../mavlink_helpers.h **** 
 940:c_library_v2/common/../mavlink_helpers.h **** /**
 941:c_library_v2/common/../mavlink_helpers.h ****  * Get the protocol version
 942:c_library_v2/common/../mavlink_helpers.h ****  *
 943:c_library_v2/common/../mavlink_helpers.h ****  * @return 1 for v1, 2 for v2
 944:c_library_v2/common/../mavlink_helpers.h ****  */
 945:c_library_v2/common/../mavlink_helpers.h **** MAVLINK_HELPER unsigned int mavlink_get_proto_version(uint8_t chan)
 946:c_library_v2/common/../mavlink_helpers.h **** {
 947:c_library_v2/common/../mavlink_helpers.h **** 	mavlink_status_t *status = mavlink_get_channel_status(chan);
 948:c_library_v2/common/../mavlink_helpers.h **** 	if ((status->flags & MAVLINK_STATUS_FLAG_OUT_MAVLINK1) > 0) {
 949:c_library_v2/common/../mavlink_helpers.h **** 		return 1;
 950:c_library_v2/common/../mavlink_helpers.h **** 	} else {
 951:c_library_v2/common/../mavlink_helpers.h **** 		return 2;
 952:c_library_v2/common/../mavlink_helpers.h **** 	}
 953:c_library_v2/common/../mavlink_helpers.h **** }
 954:c_library_v2/common/../mavlink_helpers.h **** 
 955:c_library_v2/common/../mavlink_helpers.h **** /**
 956:c_library_v2/common/../mavlink_helpers.h ****  * This is a convenience function which handles the complete MAVLink parsing.
 957:c_library_v2/common/../mavlink_helpers.h ****  * the function will parse one byte at a time and return the complete packet once
 958:c_library_v2/common/../mavlink_helpers.h ****  * it could be successfully decoded. This function will return 0 or 1.
 959:c_library_v2/common/../mavlink_helpers.h ****  *
 960:c_library_v2/common/../mavlink_helpers.h ****  * Messages are parsed into an internal buffer (one for each channel). When a complete
 961:c_library_v2/common/../mavlink_helpers.h ****  * message is received it is copies into *r_message and the channel's status is
 962:c_library_v2/common/../mavlink_helpers.h ****  * copied into *r_mavlink_status.
 963:c_library_v2/common/../mavlink_helpers.h ****  *
 964:c_library_v2/common/../mavlink_helpers.h ****  * @param chan     ID of the channel to be parsed.
 965:c_library_v2/common/../mavlink_helpers.h ****  *                 A channel is not a physical message channel like a serial port, but a logical pa
 966:c_library_v2/common/../mavlink_helpers.h ****  *                 the communication streams. COMM_NB is the limit for the number of channels
 967:c_library_v2/common/../mavlink_helpers.h ****  *                 on MCU (e.g. ARM7), while COMM_NB_HIGH is the limit for the number of channels i
 968:c_library_v2/common/../mavlink_helpers.h ****  * @param c        The char to parse
 969:c_library_v2/common/../mavlink_helpers.h ****  *
ARM GAS  /tmp/ccNOss9U.s 			page 72


 970:c_library_v2/common/../mavlink_helpers.h ****  * @param r_message NULL if no message could be decoded, otherwise the message data
 971:c_library_v2/common/../mavlink_helpers.h ****  * @param r_mavlink_status if a message was decoded, this is filled with the channel's stats
 972:c_library_v2/common/../mavlink_helpers.h ****  * @return 0 if no message could be decoded or bad CRC, 1 on good message and CRC
 973:c_library_v2/common/../mavlink_helpers.h ****  *
 974:c_library_v2/common/../mavlink_helpers.h ****  * A typical use scenario of this function call is:
 975:c_library_v2/common/../mavlink_helpers.h ****  *
 976:c_library_v2/common/../mavlink_helpers.h ****  * @code
 977:c_library_v2/common/../mavlink_helpers.h ****  * #include <mavlink.h>
 978:c_library_v2/common/../mavlink_helpers.h ****  *
 979:c_library_v2/common/../mavlink_helpers.h ****  * mavlink_status_t status;
 980:c_library_v2/common/../mavlink_helpers.h ****  * mavlink_message_t msg;
 981:c_library_v2/common/../mavlink_helpers.h ****  * int chan = 0;
 982:c_library_v2/common/../mavlink_helpers.h ****  *
 983:c_library_v2/common/../mavlink_helpers.h ****  *
 984:c_library_v2/common/../mavlink_helpers.h ****  * while(serial.bytesAvailable > 0)
 985:c_library_v2/common/../mavlink_helpers.h ****  * {
 986:c_library_v2/common/../mavlink_helpers.h ****  *   uint8_t byte = serial.getNextByte();
 987:c_library_v2/common/../mavlink_helpers.h ****  *   if (mavlink_parse_char(chan, byte, &msg, &status))
 988:c_library_v2/common/../mavlink_helpers.h ****  *     {
 989:c_library_v2/common/../mavlink_helpers.h ****  *     printf("Received message with ID %d, sequence: %d from component %d of system %d", msg.msgid
 990:c_library_v2/common/../mavlink_helpers.h ****  *     }
 991:c_library_v2/common/../mavlink_helpers.h ****  * }
 992:c_library_v2/common/../mavlink_helpers.h ****  *
 993:c_library_v2/common/../mavlink_helpers.h ****  *
 994:c_library_v2/common/../mavlink_helpers.h ****  * @endcode
 995:c_library_v2/common/../mavlink_helpers.h ****  */
 996:c_library_v2/common/../mavlink_helpers.h **** MAVLINK_HELPER uint8_t mavlink_parse_char(uint8_t chan, uint8_t c, mavlink_message_t* r_message, ma
 997:c_library_v2/common/../mavlink_helpers.h **** {
 2325              		.loc 4 997 1 is_stmt 1 view -0
 2326              		.cfi_startproc
 2327              		@ args = 0, pretend = 0, frame = 0
 2328              		@ frame_needed = 0, uses_anonymous_args = 0
 2329              		.loc 4 997 1 is_stmt 0 view .LVU844
 2330 0000 30B5     		push	{r4, r5, lr}
 2331              	.LCFI19:
 2332              		.cfi_def_cfa_offset 12
 2333              		.cfi_offset 4, -12
 2334              		.cfi_offset 5, -8
 2335              		.cfi_offset 14, -4
 2336 0002 83B0     		sub	sp, sp, #12
 2337              	.LCFI20:
 2338              		.cfi_def_cfa_offset 24
 2339 0004 0446     		mov	r4, r0
 2340 0006 0D46     		mov	r5, r1
 998:c_library_v2/common/../mavlink_helpers.h ****     uint8_t msg_received = mavlink_frame_char(chan, c, r_message, r_mavlink_status);
 2341              		.loc 4 998 5 is_stmt 1 view .LVU845
 2342              	.LVL206:
 2343              	.LBB103:
 2344              	.LBI103:
 918:c_library_v2/common/../mavlink_helpers.h **** {
 2345              		.loc 4 918 24 view .LVU846
 2346              	.LBB104:
 920:c_library_v2/common/../mavlink_helpers.h **** 					 mavlink_get_channel_status(chan),
 2347              		.loc 4 920 2 view .LVU847
 2348              	.LBB105:
 2349              	.LBI105:
  39:c_library_v2/common/../mavlink_helpers.h **** {
ARM GAS  /tmp/ccNOss9U.s 			page 73


 2350              		.loc 4 39 35 view .LVU848
 2351              	.LBB106:
  46:c_library_v2/common/../mavlink_helpers.h **** #endif
 2352              		.loc 4 46 2 view .LVU849
  48:c_library_v2/common/../mavlink_helpers.h **** }
 2353              		.loc 4 48 2 view .LVU850
  48:c_library_v2/common/../mavlink_helpers.h **** }
 2354              		.loc 4 48 2 is_stmt 0 view .LVU851
 2355              	.LBE106:
 2356              	.LBE105:
 2357              	.LBB107:
 2358              	.LBI107:
  23:c_library_v2/common/../mavlink_helpers.h **** {
 2359              		.loc 4 23 34 is_stmt 1 view .LVU852
 2360              	.LBB108:
  29:c_library_v2/common/../mavlink_helpers.h **** #endif
 2361              		.loc 4 29 2 view .LVU853
  31:c_library_v2/common/../mavlink_helpers.h **** }
 2362              		.loc 4 31 2 view .LVU854
  31:c_library_v2/common/../mavlink_helpers.h **** }
 2363              		.loc 4 31 9 is_stmt 0 view .LVU855
 2364 0008 00EB4000 		add	r0, r0, r0, lsl #1
 2365              	.LVL207:
  31:c_library_v2/common/../mavlink_helpers.h **** }
 2366              		.loc 4 31 9 view .LVU856
 2367              	.LBE108:
 2368              	.LBE107:
 920:c_library_v2/common/../mavlink_helpers.h **** 					 mavlink_get_channel_status(chan),
 2369              		.loc 4 920 9 view .LVU857
 2370 000c 0093     		str	r3, [sp]
 2371 000e 1346     		mov	r3, r2
 2372              	.LVL208:
 920:c_library_v2/common/../mavlink_helpers.h **** 					 mavlink_get_channel_status(chan),
 2373              		.loc 4 920 9 view .LVU858
 2374 0010 0A46     		mov	r2, r1
 2375              	.LVL209:
 920:c_library_v2/common/../mavlink_helpers.h **** 					 mavlink_get_channel_status(chan),
 2376              		.loc 4 920 9 view .LVU859
 2377 0012 1A49     		ldr	r1, .L117
 2378              	.LVL210:
 920:c_library_v2/common/../mavlink_helpers.h **** 					 mavlink_get_channel_status(chan),
 2379              		.loc 4 920 9 view .LVU860
 2380 0014 01EBC001 		add	r1, r1, r0, lsl #3
 2381 0018 40F2231C 		movw	ip, #291
 2382 001c 1848     		ldr	r0, .L117+4
 2383 001e 0CFB0400 		mla	r0, ip, r4, r0
 2384 0022 FFF7FEFF 		bl	mavlink_frame_char_buffer
 2385              	.LVL211:
 920:c_library_v2/common/../mavlink_helpers.h **** 					 mavlink_get_channel_status(chan),
 2386              		.loc 4 920 9 view .LVU861
 2387              	.LBE104:
 2388              	.LBE103:
 999:c_library_v2/common/../mavlink_helpers.h ****     if (msg_received == MAVLINK_FRAMING_BAD_CRC ||
 2389              		.loc 4 999 5 is_stmt 1 view .LVU862
 2390              		.loc 4 999 49 is_stmt 0 view .LVU863
 2391 0026 831E     		subs	r3, r0, #2
 2392 0028 DBB2     		uxtb	r3, r3
ARM GAS  /tmp/ccNOss9U.s 			page 74


 2393              		.loc 4 999 8 view .LVU864
 2394 002a 012B     		cmp	r3, #1
 2395 002c 01D9     		bls	.L115
 2396              	.LVL212:
 2397              	.L112:
1000:c_library_v2/common/../mavlink_helpers.h **** 	msg_received == MAVLINK_FRAMING_BAD_SIGNATURE) {
1001:c_library_v2/common/../mavlink_helpers.h **** 	    // we got a bad CRC. Treat as a parse failure
1002:c_library_v2/common/../mavlink_helpers.h **** 	    mavlink_message_t* rxmsg = mavlink_get_channel_buffer(chan);
1003:c_library_v2/common/../mavlink_helpers.h **** 	    mavlink_status_t* status = mavlink_get_channel_status(chan);
1004:c_library_v2/common/../mavlink_helpers.h **** 	    _mav_parse_error(status);
1005:c_library_v2/common/../mavlink_helpers.h **** 	    status->msg_received = MAVLINK_FRAMING_INCOMPLETE;
1006:c_library_v2/common/../mavlink_helpers.h **** 	    status->parse_state = MAVLINK_PARSE_STATE_IDLE;
1007:c_library_v2/common/../mavlink_helpers.h **** 	    if (c == MAVLINK_STX)
1008:c_library_v2/common/../mavlink_helpers.h **** 	    {
1009:c_library_v2/common/../mavlink_helpers.h **** 		    status->parse_state = MAVLINK_PARSE_STATE_GOT_STX;
1010:c_library_v2/common/../mavlink_helpers.h **** 		    rxmsg->len = 0;
1011:c_library_v2/common/../mavlink_helpers.h **** 		    mavlink_start_checksum(rxmsg);
1012:c_library_v2/common/../mavlink_helpers.h **** 	    }
1013:c_library_v2/common/../mavlink_helpers.h **** 	    return 0;
1014:c_library_v2/common/../mavlink_helpers.h ****     }
1015:c_library_v2/common/../mavlink_helpers.h ****     return msg_received;
1016:c_library_v2/common/../mavlink_helpers.h **** }
 2398              		.loc 4 1016 1 view .LVU865
 2399 002e 03B0     		add	sp, sp, #12
 2400              	.LCFI21:
 2401              		.cfi_remember_state
 2402              		.cfi_def_cfa_offset 12
 2403              		@ sp needed
 2404 0030 30BD     		pop	{r4, r5, pc}
 2405              	.LVL213:
 2406              	.L115:
 2407              	.LCFI22:
 2408              		.cfi_restore_state
 2409              	.LBB109:
1002:c_library_v2/common/../mavlink_helpers.h **** 	    mavlink_status_t* status = mavlink_get_channel_status(chan);
 2410              		.loc 4 1002 6 is_stmt 1 view .LVU866
 2411              	.LBB110:
 2412              	.LBI110:
  39:c_library_v2/common/../mavlink_helpers.h **** {
 2413              		.loc 4 39 35 view .LVU867
  46:c_library_v2/common/../mavlink_helpers.h **** #endif
 2414              		.loc 4 46 2 view .LVU868
  48:c_library_v2/common/../mavlink_helpers.h **** }
 2415              		.loc 4 48 2 view .LVU869
  48:c_library_v2/common/../mavlink_helpers.h **** }
 2416              		.loc 4 48 2 is_stmt 0 view .LVU870
 2417              	.LBE110:
1003:c_library_v2/common/../mavlink_helpers.h **** 	    _mav_parse_error(status);
 2418              		.loc 4 1003 6 is_stmt 1 view .LVU871
 2419              	.LBB111:
 2420              	.LBI111:
  23:c_library_v2/common/../mavlink_helpers.h **** {
 2421              		.loc 4 23 34 view .LVU872
  29:c_library_v2/common/../mavlink_helpers.h **** #endif
 2422              		.loc 4 29 2 view .LVU873
  31:c_library_v2/common/../mavlink_helpers.h **** }
 2423              		.loc 4 31 2 view .LVU874
ARM GAS  /tmp/ccNOss9U.s 			page 75


  31:c_library_v2/common/../mavlink_helpers.h **** }
 2424              		.loc 4 31 2 is_stmt 0 view .LVU875
 2425              	.LBE111:
1004:c_library_v2/common/../mavlink_helpers.h **** 	    status->msg_received = MAVLINK_FRAMING_INCOMPLETE;
 2426              		.loc 4 1004 6 is_stmt 1 view .LVU876
 2427              	.LBB112:
 2428              	.LBI112:
 308:c_library_v2/common/../mavlink_helpers.h **** {
 2429              		.loc 4 308 20 view .LVU877
 2430              	.LBB113:
 310:c_library_v2/common/../mavlink_helpers.h **** }
 2431              		.loc 4 310 5 view .LVU878
 310:c_library_v2/common/../mavlink_helpers.h **** }
 2432              		.loc 4 310 11 is_stmt 0 view .LVU879
 2433 0032 1249     		ldr	r1, .L117
 2434 0034 04EB4403 		add	r3, r4, r4, lsl #1
 2435 0038 D800     		lsls	r0, r3, #3
 2436              	.LVL214:
 310:c_library_v2/common/../mavlink_helpers.h **** }
 2437              		.loc 4 310 11 view .LVU880
 2438 003a 01EBC303 		add	r3, r1, r3, lsl #3
 2439 003e 9A78     		ldrb	r2, [r3, #2]	@ zero_extendqisi2
 310:c_library_v2/common/../mavlink_helpers.h **** }
 2440              		.loc 4 310 24 view .LVU881
 2441 0040 0132     		adds	r2, r2, #1
 2442 0042 9A70     		strb	r2, [r3, #2]
 2443              	.LVL215:
 310:c_library_v2/common/../mavlink_helpers.h **** }
 2444              		.loc 4 310 24 view .LVU882
 2445              	.LBE113:
 2446              	.LBE112:
1005:c_library_v2/common/../mavlink_helpers.h **** 	    status->parse_state = MAVLINK_PARSE_STATE_IDLE;
 2447              		.loc 4 1005 6 is_stmt 1 view .LVU883
1005:c_library_v2/common/../mavlink_helpers.h **** 	    status->parse_state = MAVLINK_PARSE_STATE_IDLE;
 2448              		.loc 4 1005 27 is_stmt 0 view .LVU884
 2449 0044 0022     		movs	r2, #0
 2450 0046 0A54     		strb	r2, [r1, r0]
1006:c_library_v2/common/../mavlink_helpers.h **** 	    if (c == MAVLINK_STX)
 2451              		.loc 4 1006 6 is_stmt 1 view .LVU885
1006:c_library_v2/common/../mavlink_helpers.h **** 	    if (c == MAVLINK_STX)
 2452              		.loc 4 1006 26 is_stmt 0 view .LVU886
 2453 0048 0122     		movs	r2, #1
 2454 004a DA70     		strb	r2, [r3, #3]
1007:c_library_v2/common/../mavlink_helpers.h **** 	    {
 2455              		.loc 4 1007 6 is_stmt 1 view .LVU887
1007:c_library_v2/common/../mavlink_helpers.h **** 	    {
 2456              		.loc 4 1007 9 is_stmt 0 view .LVU888
 2457 004c FD2D     		cmp	r5, #253
 2458 004e 01D0     		beq	.L116
 2459              	.LVL216:
 2460              	.L113:
1013:c_library_v2/common/../mavlink_helpers.h ****     }
 2461              		.loc 4 1013 6 is_stmt 1 view .LVU889
1013:c_library_v2/common/../mavlink_helpers.h ****     }
 2462              		.loc 4 1013 13 is_stmt 0 view .LVU890
 2463 0050 0020     		movs	r0, #0
 2464 0052 ECE7     		b	.L112
ARM GAS  /tmp/ccNOss9U.s 			page 76


 2465              	.LVL217:
 2466              	.L116:
1009:c_library_v2/common/../mavlink_helpers.h **** 		    rxmsg->len = 0;
 2467              		.loc 4 1009 7 is_stmt 1 view .LVU891
1009:c_library_v2/common/../mavlink_helpers.h **** 		    rxmsg->len = 0;
 2468              		.loc 4 1009 27 is_stmt 0 view .LVU892
 2469 0054 04EB4402 		add	r2, r4, r4, lsl #1
 2470 0058 01EBC203 		add	r3, r1, r2, lsl #3
 2471 005c 0222     		movs	r2, #2
 2472 005e DA70     		strb	r2, [r3, #3]
1010:c_library_v2/common/../mavlink_helpers.h **** 		    mavlink_start_checksum(rxmsg);
 2473              		.loc 4 1010 7 is_stmt 1 view .LVU893
1010:c_library_v2/common/../mavlink_helpers.h **** 		    mavlink_start_checksum(rxmsg);
 2474              		.loc 4 1010 18 is_stmt 0 view .LVU894
 2475 0060 0749     		ldr	r1, .L117+4
 2476 0062 40F22313 		movw	r3, #291
 2477 0066 03FB04F4 		mul	r4, r3, r4
 2478              	.LVL218:
1010:c_library_v2/common/../mavlink_helpers.h **** 		    mavlink_start_checksum(rxmsg);
 2479              		.loc 4 1010 18 view .LVU895
 2480 006a 0B19     		adds	r3, r1, r4
 2481 006c 0022     		movs	r2, #0
 2482 006e DA70     		strb	r2, [r3, #3]
1011:c_library_v2/common/../mavlink_helpers.h **** 	    }
 2483              		.loc 4 1011 7 is_stmt 1 view .LVU896
 2484              	.LVL219:
 2485              	.LBB114:
 2486              	.LBI114:
 500:c_library_v2/common/../mavlink_helpers.h **** {
 2487              		.loc 4 500 21 view .LVU897
 2488              	.LBB115:
 502:c_library_v2/common/../mavlink_helpers.h **** 	crc_init(&crcTmp);
 2489              		.loc 4 502 2 view .LVU898
 503:c_library_v2/common/../mavlink_helpers.h **** 	msg->checksum = crcTmp;
 2490              		.loc 4 503 2 view .LVU899
 504:c_library_v2/common/../mavlink_helpers.h **** }
 2491              		.loc 4 504 2 view .LVU900
 504:c_library_v2/common/../mavlink_helpers.h **** }
 2492              		.loc 4 504 16 is_stmt 0 view .LVU901
 2493 0070 4FF0FF32 		mov	r2, #-1
 2494 0074 0A55     		strb	r2, [r1, r4]
 2495 0076 5A70     		strb	r2, [r3, #1]
 2496              	.LVL220:
 505:c_library_v2/common/../mavlink_helpers.h **** 
 2497              		.loc 4 505 1 view .LVU902
 2498 0078 EAE7     		b	.L113
 2499              	.L118:
 2500 007a 00BF     		.align	2
 2501              	.L117:
 2502 007c 00000000 		.word	m_mavlink_status.0
 2503 0080 00000000 		.word	m_mavlink_buffer.1
 2504              	.LBE115:
 2505              	.LBE114:
 2506              	.LBE109:
 2507              		.cfi_endproc
 2508              	.LFE38:
 2510              		.section	.text.comms_init,"ax",%progbits
ARM GAS  /tmp/ccNOss9U.s 			page 77


 2511              		.align	1
 2512              		.global	comms_init
 2513              		.syntax unified
 2514              		.thumb
 2515              		.thumb_func
 2517              	comms_init:
 2518              	.LVL221:
 2519              	.LFB3801:
   1:Core/Src/comms.c **** #include "comms.h"
   2:Core/Src/comms.c **** #include "stm32f4xx_hal.h"
   3:Core/Src/comms.c **** #include "cmsis_os.h"
   4:Core/Src/comms.c **** 
   5:Core/Src/comms.c **** static bool is_new_message = false;
   6:Core/Src/comms.c **** static mavlink_message_t mavlink_message;
   7:Core/Src/comms.c **** static mavlink_status_t message_status;
   8:Core/Src/comms.c **** static UART_HandleTypeDef *commsUART;
   9:Core/Src/comms.c **** 
  10:Core/Src/comms.c **** 
  11:Core/Src/comms.c **** 
  12:Core/Src/comms.c **** error_t comms_init(UART_HandleTypeDef *huart)
  13:Core/Src/comms.c **** {
 2520              		.loc 1 13 1 is_stmt 1 view -0
 2521              		.cfi_startproc
 2522              		@ args = 0, pretend = 0, frame = 0
 2523              		@ frame_needed = 0, uses_anonymous_args = 0
 2524              		@ link register save eliminated.
  14:Core/Src/comms.c ****     /**
  15:Core/Src/comms.c ****      * TODO: init the UART driver 
  16:Core/Src/comms.c ****      * 
  17:Core/Src/comms.c ****      */
  18:Core/Src/comms.c ****     return NO_ERR;
 2525              		.loc 1 18 5 view .LVU904
  19:Core/Src/comms.c **** }
 2526              		.loc 1 19 1 is_stmt 0 view .LVU905
 2527 0000 0020     		movs	r0, #0
 2528              	.LVL222:
 2529              		.loc 1 19 1 view .LVU906
 2530 0002 7047     		bx	lr
 2531              		.cfi_endproc
 2532              	.LFE3801:
 2534              		.section	.text.comms_parse_byte,"ax",%progbits
 2535              		.align	1
 2536              		.global	comms_parse_byte
 2537              		.syntax unified
 2538              		.thumb
 2539              		.thumb_func
 2541              	comms_parse_byte:
 2542              	.LVL223:
 2543              	.LFB3802:
  20:Core/Src/comms.c **** 
  21:Core/Src/comms.c **** void comms_parse_byte(uint8_t byte)
  22:Core/Src/comms.c **** {
 2544              		.loc 1 22 1 is_stmt 1 view -0
 2545              		.cfi_startproc
 2546              		@ args = 0, pretend = 0, frame = 0
 2547              		@ frame_needed = 0, uses_anonymous_args = 0
 2548              		.loc 1 22 1 is_stmt 0 view .LVU908
ARM GAS  /tmp/ccNOss9U.s 			page 78


 2549 0000 08B5     		push	{r3, lr}
 2550              	.LCFI23:
 2551              		.cfi_def_cfa_offset 8
 2552              		.cfi_offset 3, -8
 2553              		.cfi_offset 14, -4
 2554 0002 0146     		mov	r1, r0
  23:Core/Src/comms.c ****     if(mavlink_parse_char(COMMS_DEFAULT_CHANNEL, byte, &mavlink_message, &message_status))
 2555              		.loc 1 23 5 is_stmt 1 view .LVU909
 2556              		.loc 1 23 8 is_stmt 0 view .LVU910
 2557 0004 044B     		ldr	r3, .L123
 2558 0006 054A     		ldr	r2, .L123+4
 2559 0008 0020     		movs	r0, #0
 2560              	.LVL224:
 2561              		.loc 1 23 8 view .LVU911
 2562 000a FFF7FEFF 		bl	mavlink_parse_char
 2563              	.LVL225:
 2564              		.loc 1 23 7 view .LVU912
 2565 000e 10B9     		cbnz	r0, .L120
  24:Core/Src/comms.c ****     {
  25:Core/Src/comms.c ****        //dispatcher_enqueue(&mavlink_message); 
  26:Core/Src/comms.c ****     }
  27:Core/Src/comms.c ****     else
  28:Core/Src/comms.c ****     {
  29:Core/Src/comms.c ****         is_new_message = false;
 2566              		.loc 1 29 9 is_stmt 1 view .LVU913
 2567              		.loc 1 29 24 is_stmt 0 view .LVU914
 2568 0010 034B     		ldr	r3, .L123+8
 2569 0012 0022     		movs	r2, #0
 2570 0014 1A70     		strb	r2, [r3]
 2571              	.L120:
  30:Core/Src/comms.c ****     }
  31:Core/Src/comms.c **** }
 2572              		.loc 1 31 1 view .LVU915
 2573 0016 08BD     		pop	{r3, pc}
 2574              	.L124:
 2575              		.align	2
 2576              	.L123:
 2577 0018 00000000 		.word	message_status
 2578 001c 00000000 		.word	mavlink_message
 2579 0020 00000000 		.word	is_new_message
 2580              		.cfi_endproc
 2581              	.LFE3802:
 2583              		.section	.text.comms_transmit_message,"ax",%progbits
 2584              		.align	1
 2585              		.global	comms_transmit_message
 2586              		.syntax unified
 2587              		.thumb
 2588              		.thumb_func
 2590              	comms_transmit_message:
 2591              	.LVL226:
 2592              	.LFB3803:
  32:Core/Src/comms.c **** 
  33:Core/Src/comms.c **** /**
  34:Core/Src/comms.c ****  * TODO: The transmission should pull the oldest message from a transmission queue
  35:Core/Src/comms.c ****  */
  36:Core/Src/comms.c **** void comms_transmit_message(mavlink_message_t *mavlink_message)
  37:Core/Src/comms.c **** {
ARM GAS  /tmp/ccNOss9U.s 			page 79


 2593              		.loc 1 37 1 is_stmt 1 view -0
 2594              		.cfi_startproc
 2595              		@ args = 0, pretend = 0, frame = 0
 2596              		@ frame_needed = 0, uses_anonymous_args = 0
 2597              		@ link register save eliminated.
  38:Core/Src/comms.c ****     /** TODO: Tie to the UART driver */
  39:Core/Src/comms.c ****     //HAL_UART_Transmit(commsUART, )
  40:Core/Src/comms.c **** }
 2598              		.loc 1 40 1 view .LVU917
 2599 0000 7047     		bx	lr
 2600              		.cfi_endproc
 2601              	.LFE3803:
 2603              		.section	.text.startCommsTask,"ax",%progbits
 2604              		.align	1
 2605              		.global	startCommsTask
 2606              		.syntax unified
 2607              		.thumb
 2608              		.thumb_func
 2610              	startCommsTask:
 2611              	.LFB3804:
  41:Core/Src/comms.c **** 
  42:Core/Src/comms.c **** void startCommsTask(void)
  43:Core/Src/comms.c **** {
 2612              		.loc 1 43 1 view -0
 2613              		.cfi_startproc
 2614              		@ Volatile: function does not return.
 2615              		@ args = 0, pretend = 0, frame = 0
 2616              		@ frame_needed = 0, uses_anonymous_args = 0
 2617              		@ link register save eliminated.
 2618              	.L127:
  44:Core/Src/comms.c ****     for(;;)
 2619              		.loc 1 44 5 discriminator 1 view .LVU919
  45:Core/Src/comms.c ****     {
  46:Core/Src/comms.c **** 
  47:Core/Src/comms.c ****     }
 2620              		.loc 1 47 5 discriminator 1 view .LVU920
  44:Core/Src/comms.c ****     for(;;)
 2621              		.loc 1 44 5 discriminator 1 view .LVU921
 2622 0000 FEE7     		b	.L127
 2623              		.cfi_endproc
 2624              	.LFE3804:
 2626              		.section	.bss.m_mavlink_status.0,"aw",%nobits
 2627              		.align	2
 2630              	m_mavlink_status.0:
 2631 0000 00000000 		.space	96
 2631      00000000 
 2631      00000000 
 2631      00000000 
 2631      00000000 
 2632              		.section	.bss.m_mavlink_buffer.1,"aw",%nobits
 2633              		.align	2
 2636              	m_mavlink_buffer.1:
 2637 0000 00000000 		.space	1164
 2637      00000000 
 2637      00000000 
 2637      00000000 
 2637      00000000 
ARM GAS  /tmp/ccNOss9U.s 			page 80


 2638              		.section	.rodata.mavlink_message_crcs.2,"a"
 2639              		.align	2
 2642              	mavlink_message_crcs.2:
 2643 0000 00000000 		.word	0
 2644 0004 32       		.byte	50
 2645 0005 09       		.byte	9
 2646 0006 09       		.byte	9
 2647 0007 00       		.byte	0
 2648 0008 00       		.byte	0
 2649 0009 00       		.byte	0
 2650 000a 0000     		.space	2
 2651 000c 01000000 		.word	1
 2652 0010 7C       		.byte	124
 2653 0011 1F       		.byte	31
 2654 0012 2B       		.byte	43
 2655 0013 00       		.byte	0
 2656 0014 00       		.byte	0
 2657 0015 00       		.byte	0
 2658 0016 0000     		.space	2
 2659 0018 02000000 		.word	2
 2660 001c 89       		.byte	-119
 2661 001d 0C       		.byte	12
 2662 001e 0C       		.byte	12
 2663 001f 00       		.byte	0
 2664 0020 00       		.byte	0
 2665 0021 00       		.byte	0
 2666 0022 0000     		.space	2
 2667 0024 04000000 		.word	4
 2668 0028 ED       		.byte	-19
 2669 0029 0E       		.byte	14
 2670 002a 0E       		.byte	14
 2671 002b 03       		.byte	3
 2672 002c 0C       		.byte	12
 2673 002d 0D       		.byte	13
 2674 002e 0000     		.space	2
 2675 0030 05000000 		.word	5
 2676 0034 D9       		.byte	-39
 2677 0035 1C       		.byte	28
 2678 0036 1C       		.byte	28
 2679 0037 01       		.byte	1
 2680 0038 00       		.byte	0
 2681 0039 00       		.byte	0
 2682 003a 0000     		.space	2
 2683 003c 06000000 		.word	6
 2684 0040 68       		.byte	104
 2685 0041 03       		.byte	3
 2686 0042 03       		.byte	3
 2687 0043 00       		.byte	0
 2688 0044 00       		.byte	0
 2689 0045 00       		.byte	0
 2690 0046 0000     		.space	2
 2691 0048 07000000 		.word	7
 2692 004c 77       		.byte	119
 2693 004d 20       		.byte	32
 2694 004e 20       		.byte	32
 2695 004f 00       		.byte	0
 2696 0050 00       		.byte	0
ARM GAS  /tmp/ccNOss9U.s 			page 81


 2697 0051 00       		.byte	0
 2698 0052 0000     		.space	2
 2699 0054 08000000 		.word	8
 2700 0058 75       		.byte	117
 2701 0059 24       		.byte	36
 2702 005a 24       		.byte	36
 2703 005b 00       		.byte	0
 2704 005c 00       		.byte	0
 2705 005d 00       		.byte	0
 2706 005e 0000     		.space	2
 2707 0060 0B000000 		.word	11
 2708 0064 59       		.byte	89
 2709 0065 06       		.byte	6
 2710 0066 06       		.byte	6
 2711 0067 01       		.byte	1
 2712 0068 04       		.byte	4
 2713 0069 00       		.byte	0
 2714 006a 0000     		.space	2
 2715 006c 14000000 		.word	20
 2716 0070 D6       		.byte	-42
 2717 0071 14       		.byte	20
 2718 0072 14       		.byte	20
 2719 0073 03       		.byte	3
 2720 0074 02       		.byte	2
 2721 0075 03       		.byte	3
 2722 0076 0000     		.space	2
 2723 0078 15000000 		.word	21
 2724 007c 9F       		.byte	-97
 2725 007d 02       		.byte	2
 2726 007e 02       		.byte	2
 2727 007f 03       		.byte	3
 2728 0080 00       		.byte	0
 2729 0081 01       		.byte	1
 2730 0082 0000     		.space	2
 2731 0084 16000000 		.word	22
 2732 0088 DC       		.byte	-36
 2733 0089 19       		.byte	25
 2734 008a 19       		.byte	25
 2735 008b 00       		.byte	0
 2736 008c 00       		.byte	0
 2737 008d 00       		.byte	0
 2738 008e 0000     		.space	2
 2739 0090 17000000 		.word	23
 2740 0094 A8       		.byte	-88
 2741 0095 17       		.byte	23
 2742 0096 17       		.byte	23
 2743 0097 03       		.byte	3
 2744 0098 04       		.byte	4
 2745 0099 05       		.byte	5
 2746 009a 0000     		.space	2
 2747 009c 18000000 		.word	24
 2748 00a0 18       		.byte	24
 2749 00a1 1E       		.byte	30
 2750 00a2 34       		.byte	52
 2751 00a3 00       		.byte	0
 2752 00a4 00       		.byte	0
 2753 00a5 00       		.byte	0
ARM GAS  /tmp/ccNOss9U.s 			page 82


 2754 00a6 0000     		.space	2
 2755 00a8 19000000 		.word	25
 2756 00ac 17       		.byte	23
 2757 00ad 65       		.byte	101
 2758 00ae 65       		.byte	101
 2759 00af 00       		.byte	0
 2760 00b0 00       		.byte	0
 2761 00b1 00       		.byte	0
 2762 00b2 0000     		.space	2
 2763 00b4 1A000000 		.word	26
 2764 00b8 AA       		.byte	-86
 2765 00b9 16       		.byte	22
 2766 00ba 18       		.byte	24
 2767 00bb 00       		.byte	0
 2768 00bc 00       		.byte	0
 2769 00bd 00       		.byte	0
 2770 00be 0000     		.space	2
 2771 00c0 1B000000 		.word	27
 2772 00c4 90       		.byte	-112
 2773 00c5 1A       		.byte	26
 2774 00c6 1D       		.byte	29
 2775 00c7 00       		.byte	0
 2776 00c8 00       		.byte	0
 2777 00c9 00       		.byte	0
 2778 00ca 0000     		.space	2
 2779 00cc 1C000000 		.word	28
 2780 00d0 43       		.byte	67
 2781 00d1 10       		.byte	16
 2782 00d2 10       		.byte	16
 2783 00d3 00       		.byte	0
 2784 00d4 00       		.byte	0
 2785 00d5 00       		.byte	0
 2786 00d6 0000     		.space	2
 2787 00d8 1D000000 		.word	29
 2788 00dc 73       		.byte	115
 2789 00dd 0E       		.byte	14
 2790 00de 10       		.byte	16
 2791 00df 00       		.byte	0
 2792 00e0 00       		.byte	0
 2793 00e1 00       		.byte	0
 2794 00e2 0000     		.space	2
 2795 00e4 1E000000 		.word	30
 2796 00e8 27       		.byte	39
 2797 00e9 1C       		.byte	28
 2798 00ea 1C       		.byte	28
 2799 00eb 00       		.byte	0
 2800 00ec 00       		.byte	0
 2801 00ed 00       		.byte	0
 2802 00ee 0000     		.space	2
 2803 00f0 1F000000 		.word	31
 2804 00f4 F6       		.byte	-10
 2805 00f5 20       		.byte	32
 2806 00f6 30       		.byte	48
 2807 00f7 00       		.byte	0
 2808 00f8 00       		.byte	0
 2809 00f9 00       		.byte	0
 2810 00fa 0000     		.space	2
ARM GAS  /tmp/ccNOss9U.s 			page 83


 2811 00fc 20000000 		.word	32
 2812 0100 B9       		.byte	-71
 2813 0101 1C       		.byte	28
 2814 0102 1C       		.byte	28
 2815 0103 00       		.byte	0
 2816 0104 00       		.byte	0
 2817 0105 00       		.byte	0
 2818 0106 0000     		.space	2
 2819 0108 21000000 		.word	33
 2820 010c 68       		.byte	104
 2821 010d 1C       		.byte	28
 2822 010e 1C       		.byte	28
 2823 010f 00       		.byte	0
 2824 0110 00       		.byte	0
 2825 0111 00       		.byte	0
 2826 0112 0000     		.space	2
 2827 0114 22000000 		.word	34
 2828 0118 ED       		.byte	-19
 2829 0119 16       		.byte	22
 2830 011a 16       		.byte	22
 2831 011b 00       		.byte	0
 2832 011c 00       		.byte	0
 2833 011d 00       		.byte	0
 2834 011e 0000     		.space	2
 2835 0120 23000000 		.word	35
 2836 0124 F4       		.byte	-12
 2837 0125 16       		.byte	22
 2838 0126 16       		.byte	22
 2839 0127 00       		.byte	0
 2840 0128 00       		.byte	0
 2841 0129 00       		.byte	0
 2842 012a 0000     		.space	2
 2843 012c 24000000 		.word	36
 2844 0130 DE       		.byte	-34
 2845 0131 15       		.byte	21
 2846 0132 25       		.byte	37
 2847 0133 00       		.byte	0
 2848 0134 00       		.byte	0
 2849 0135 00       		.byte	0
 2850 0136 0000     		.space	2
 2851 0138 25000000 		.word	37
 2852 013c D4       		.byte	-44
 2853 013d 06       		.byte	6
 2854 013e 07       		.byte	7
 2855 013f 03       		.byte	3
 2856 0140 04       		.byte	4
 2857 0141 05       		.byte	5
 2858 0142 0000     		.space	2
 2859 0144 26000000 		.word	38
 2860 0148 09       		.byte	9
 2861 0149 06       		.byte	6
 2862 014a 07       		.byte	7
 2863 014b 03       		.byte	3
 2864 014c 04       		.byte	4
 2865 014d 05       		.byte	5
 2866 014e 0000     		.space	2
 2867 0150 27000000 		.word	39
ARM GAS  /tmp/ccNOss9U.s 			page 84


 2868 0154 FE       		.byte	-2
 2869 0155 25       		.byte	37
 2870 0156 26       		.byte	38
 2871 0157 03       		.byte	3
 2872 0158 20       		.byte	32
 2873 0159 21       		.byte	33
 2874 015a 0000     		.space	2
 2875 015c 28000000 		.word	40
 2876 0160 E6       		.byte	-26
 2877 0161 04       		.byte	4
 2878 0162 05       		.byte	5
 2879 0163 03       		.byte	3
 2880 0164 02       		.byte	2
 2881 0165 03       		.byte	3
 2882 0166 0000     		.space	2
 2883 0168 29000000 		.word	41
 2884 016c 1C       		.byte	28
 2885 016d 04       		.byte	4
 2886 016e 04       		.byte	4
 2887 016f 03       		.byte	3
 2888 0170 02       		.byte	2
 2889 0171 03       		.byte	3
 2890 0172 0000     		.space	2
 2891 0174 2A000000 		.word	42
 2892 0178 1C       		.byte	28
 2893 0179 02       		.byte	2
 2894 017a 12       		.byte	18
 2895 017b 00       		.byte	0
 2896 017c 00       		.byte	0
 2897 017d 00       		.byte	0
 2898 017e 0000     		.space	2
 2899 0180 2B000000 		.word	43
 2900 0184 84       		.byte	-124
 2901 0185 02       		.byte	2
 2902 0186 03       		.byte	3
 2903 0187 03       		.byte	3
 2904 0188 00       		.byte	0
 2905 0189 01       		.byte	1
 2906 018a 0000     		.space	2
 2907 018c 2C000000 		.word	44
 2908 0190 DD       		.byte	-35
 2909 0191 04       		.byte	4
 2910 0192 09       		.byte	9
 2911 0193 03       		.byte	3
 2912 0194 02       		.byte	2
 2913 0195 03       		.byte	3
 2914 0196 0000     		.space	2
 2915 0198 2D000000 		.word	45
 2916 019c E8       		.byte	-24
 2917 019d 02       		.byte	2
 2918 019e 03       		.byte	3
 2919 019f 03       		.byte	3
 2920 01a0 00       		.byte	0
 2921 01a1 01       		.byte	1
 2922 01a2 0000     		.space	2
 2923 01a4 2E000000 		.word	46
 2924 01a8 0B       		.byte	11
ARM GAS  /tmp/ccNOss9U.s 			page 85


 2925 01a9 02       		.byte	2
 2926 01aa 02       		.byte	2
 2927 01ab 00       		.byte	0
 2928 01ac 00       		.byte	0
 2929 01ad 00       		.byte	0
 2930 01ae 0000     		.space	2
 2931 01b0 2F000000 		.word	47
 2932 01b4 99       		.byte	-103
 2933 01b5 03       		.byte	3
 2934 01b6 08       		.byte	8
 2935 01b7 03       		.byte	3
 2936 01b8 00       		.byte	0
 2937 01b9 01       		.byte	1
 2938 01ba 0000     		.space	2
 2939 01bc 30000000 		.word	48
 2940 01c0 29       		.byte	41
 2941 01c1 0D       		.byte	13
 2942 01c2 15       		.byte	21
 2943 01c3 01       		.byte	1
 2944 01c4 0C       		.byte	12
 2945 01c5 00       		.byte	0
 2946 01c6 0000     		.space	2
 2947 01c8 31000000 		.word	49
 2948 01cc 27       		.byte	39
 2949 01cd 0C       		.byte	12
 2950 01ce 14       		.byte	20
 2951 01cf 00       		.byte	0
 2952 01d0 00       		.byte	0
 2953 01d1 00       		.byte	0
 2954 01d2 0000     		.space	2
 2955 01d4 32000000 		.word	50
 2956 01d8 4E       		.byte	78
 2957 01d9 25       		.byte	37
 2958 01da 25       		.byte	37
 2959 01db 03       		.byte	3
 2960 01dc 12       		.byte	18
 2961 01dd 13       		.byte	19
 2962 01de 0000     		.space	2
 2963 01e0 33000000 		.word	51
 2964 01e4 C4       		.byte	-60
 2965 01e5 04       		.byte	4
 2966 01e6 05       		.byte	5
 2967 01e7 03       		.byte	3
 2968 01e8 02       		.byte	2
 2969 01e9 03       		.byte	3
 2970 01ea 0000     		.space	2
 2971 01ec 36000000 		.word	54
 2972 01f0 0F       		.byte	15
 2973 01f1 1B       		.byte	27
 2974 01f2 1B       		.byte	27
 2975 01f3 03       		.byte	3
 2976 01f4 18       		.byte	24
 2977 01f5 19       		.byte	25
 2978 01f6 0000     		.space	2
 2979 01f8 37000000 		.word	55
 2980 01fc 03       		.byte	3
 2981 01fd 19       		.byte	25
ARM GAS  /tmp/ccNOss9U.s 			page 86


 2982 01fe 19       		.byte	25
 2983 01ff 00       		.byte	0
 2984 0200 00       		.byte	0
 2985 0201 00       		.byte	0
 2986 0202 0000     		.space	2
 2987 0204 3D000000 		.word	61
 2988 0208 A7       		.byte	-89
 2989 0209 48       		.byte	72
 2990 020a 48       		.byte	72
 2991 020b 00       		.byte	0
 2992 020c 00       		.byte	0
 2993 020d 00       		.byte	0
 2994 020e 0000     		.space	2
 2995 0210 3E000000 		.word	62
 2996 0214 B7       		.byte	-73
 2997 0215 1A       		.byte	26
 2998 0216 1A       		.byte	26
 2999 0217 00       		.byte	0
 3000 0218 00       		.byte	0
 3001 0219 00       		.byte	0
 3002 021a 0000     		.space	2
 3003 021c 3F000000 		.word	63
 3004 0220 77       		.byte	119
 3005 0221 B5       		.byte	-75
 3006 0222 B5       		.byte	-75
 3007 0223 00       		.byte	0
 3008 0224 00       		.byte	0
 3009 0225 00       		.byte	0
 3010 0226 0000     		.space	2
 3011 0228 40000000 		.word	64
 3012 022c BF       		.byte	-65
 3013 022d E1       		.byte	-31
 3014 022e E1       		.byte	-31
 3015 022f 00       		.byte	0
 3016 0230 00       		.byte	0
 3017 0231 00       		.byte	0
 3018 0232 0000     		.space	2
 3019 0234 41000000 		.word	65
 3020 0238 76       		.byte	118
 3021 0239 2A       		.byte	42
 3022 023a 2A       		.byte	42
 3023 023b 00       		.byte	0
 3024 023c 00       		.byte	0
 3025 023d 00       		.byte	0
 3026 023e 0000     		.space	2
 3027 0240 42000000 		.word	66
 3028 0244 94       		.byte	-108
 3029 0245 06       		.byte	6
 3030 0246 06       		.byte	6
 3031 0247 03       		.byte	3
 3032 0248 02       		.byte	2
 3033 0249 03       		.byte	3
 3034 024a 0000     		.space	2
 3035 024c 43000000 		.word	67
 3036 0250 15       		.byte	21
 3037 0251 04       		.byte	4
 3038 0252 04       		.byte	4
ARM GAS  /tmp/ccNOss9U.s 			page 87


 3039 0253 00       		.byte	0
 3040 0254 00       		.byte	0
 3041 0255 00       		.byte	0
 3042 0256 0000     		.space	2
 3043 0258 45000000 		.word	69
 3044 025c F3       		.byte	-13
 3045 025d 0B       		.byte	11
 3046 025e 1E       		.byte	30
 3047 025f 01       		.byte	1
 3048 0260 0A       		.byte	10
 3049 0261 00       		.byte	0
 3050 0262 0000     		.space	2
 3051 0264 46000000 		.word	70
 3052 0268 7C       		.byte	124
 3053 0269 12       		.byte	18
 3054 026a 26       		.byte	38
 3055 026b 03       		.byte	3
 3056 026c 10       		.byte	16
 3057 026d 11       		.byte	17
 3058 026e 0000     		.space	2
 3059 0270 49000000 		.word	73
 3060 0274 26       		.byte	38
 3061 0275 25       		.byte	37
 3062 0276 26       		.byte	38
 3063 0277 03       		.byte	3
 3064 0278 20       		.byte	32
 3065 0279 21       		.byte	33
 3066 027a 0000     		.space	2
 3067 027c 4A000000 		.word	74
 3068 0280 14       		.byte	20
 3069 0281 14       		.byte	20
 3070 0282 14       		.byte	20
 3071 0283 00       		.byte	0
 3072 0284 00       		.byte	0
 3073 0285 00       		.byte	0
 3074 0286 0000     		.space	2
 3075 0288 4B000000 		.word	75
 3076 028c 9E       		.byte	-98
 3077 028d 23       		.byte	35
 3078 028e 23       		.byte	35
 3079 028f 03       		.byte	3
 3080 0290 1E       		.byte	30
 3081 0291 1F       		.byte	31
 3082 0292 0000     		.space	2
 3083 0294 4C000000 		.word	76
 3084 0298 98       		.byte	-104
 3085 0299 21       		.byte	33
 3086 029a 21       		.byte	33
 3087 029b 03       		.byte	3
 3088 029c 1E       		.byte	30
 3089 029d 1F       		.byte	31
 3090 029e 0000     		.space	2
 3091 02a0 4D000000 		.word	77
 3092 02a4 8F       		.byte	-113
 3093 02a5 03       		.byte	3
 3094 02a6 0A       		.byte	10
 3095 02a7 03       		.byte	3
ARM GAS  /tmp/ccNOss9U.s 			page 88


 3096 02a8 08       		.byte	8
 3097 02a9 09       		.byte	9
 3098 02aa 0000     		.space	2
 3099 02ac 50000000 		.word	80
 3100 02b0 0E       		.byte	14
 3101 02b1 04       		.byte	4
 3102 02b2 04       		.byte	4
 3103 02b3 03       		.byte	3
 3104 02b4 02       		.byte	2
 3105 02b5 03       		.byte	3
 3106 02b6 0000     		.space	2
 3107 02b8 51000000 		.word	81
 3108 02bc 6A       		.byte	106
 3109 02bd 16       		.byte	22
 3110 02be 16       		.byte	22
 3111 02bf 00       		.byte	0
 3112 02c0 00       		.byte	0
 3113 02c1 00       		.byte	0
 3114 02c2 0000     		.space	2
 3115 02c4 52000000 		.word	82
 3116 02c8 31       		.byte	49
 3117 02c9 27       		.byte	39
 3118 02ca 33       		.byte	51
 3119 02cb 03       		.byte	3
 3120 02cc 24       		.byte	36
 3121 02cd 25       		.byte	37
 3122 02ce 0000     		.space	2
 3123 02d0 53000000 		.word	83
 3124 02d4 16       		.byte	22
 3125 02d5 25       		.byte	37
 3126 02d6 25       		.byte	37
 3127 02d7 00       		.byte	0
 3128 02d8 00       		.byte	0
 3129 02d9 00       		.byte	0
 3130 02da 0000     		.space	2
 3131 02dc 54000000 		.word	84
 3132 02e0 8F       		.byte	-113
 3133 02e1 35       		.byte	53
 3134 02e2 35       		.byte	53
 3135 02e3 03       		.byte	3
 3136 02e4 32       		.byte	50
 3137 02e5 33       		.byte	51
 3138 02e6 0000     		.space	2
 3139 02e8 55000000 		.word	85
 3140 02ec 8C       		.byte	-116
 3141 02ed 33       		.byte	51
 3142 02ee 33       		.byte	51
 3143 02ef 00       		.byte	0
 3144 02f0 00       		.byte	0
 3145 02f1 00       		.byte	0
 3146 02f2 0000     		.space	2
 3147 02f4 56000000 		.word	86
 3148 02f8 05       		.byte	5
 3149 02f9 35       		.byte	53
 3150 02fa 35       		.byte	53
 3151 02fb 03       		.byte	3
 3152 02fc 32       		.byte	50
ARM GAS  /tmp/ccNOss9U.s 			page 89


 3153 02fd 33       		.byte	51
 3154 02fe 0000     		.space	2
 3155 0300 57000000 		.word	87
 3156 0304 96       		.byte	-106
 3157 0305 33       		.byte	51
 3158 0306 33       		.byte	51
 3159 0307 00       		.byte	0
 3160 0308 00       		.byte	0
 3161 0309 00       		.byte	0
 3162 030a 0000     		.space	2
 3163 030c 59000000 		.word	89
 3164 0310 E7       		.byte	-25
 3165 0311 1C       		.byte	28
 3166 0312 1C       		.byte	28
 3167 0313 00       		.byte	0
 3168 0314 00       		.byte	0
 3169 0315 00       		.byte	0
 3170 0316 0000     		.space	2
 3171 0318 5A000000 		.word	90
 3172 031c B7       		.byte	-73
 3173 031d 38       		.byte	56
 3174 031e 38       		.byte	56
 3175 031f 00       		.byte	0
 3176 0320 00       		.byte	0
 3177 0321 00       		.byte	0
 3178 0322 0000     		.space	2
 3179 0324 5B000000 		.word	91
 3180 0328 3F       		.byte	63
 3181 0329 2A       		.byte	42
 3182 032a 2A       		.byte	42
 3183 032b 00       		.byte	0
 3184 032c 00       		.byte	0
 3185 032d 00       		.byte	0
 3186 032e 0000     		.space	2
 3187 0330 5C000000 		.word	92
 3188 0334 36       		.byte	54
 3189 0335 21       		.byte	33
 3190 0336 21       		.byte	33
 3191 0337 00       		.byte	0
 3192 0338 00       		.byte	0
 3193 0339 00       		.byte	0
 3194 033a 0000     		.space	2
 3195 033c 5D000000 		.word	93
 3196 0340 2F       		.byte	47
 3197 0341 51       		.byte	81
 3198 0342 51       		.byte	81
 3199 0343 00       		.byte	0
 3200 0344 00       		.byte	0
 3201 0345 00       		.byte	0
 3202 0346 0000     		.space	2
 3203 0348 64000000 		.word	100
 3204 034c AF       		.byte	-81
 3205 034d 1A       		.byte	26
 3206 034e 22       		.byte	34
 3207 034f 00       		.byte	0
 3208 0350 00       		.byte	0
 3209 0351 00       		.byte	0
ARM GAS  /tmp/ccNOss9U.s 			page 90


 3210 0352 0000     		.space	2
 3211 0354 65000000 		.word	101
 3212 0358 66       		.byte	102
 3213 0359 20       		.byte	32
 3214 035a 75       		.byte	117
 3215 035b 00       		.byte	0
 3216 035c 00       		.byte	0
 3217 035d 00       		.byte	0
 3218 035e 0000     		.space	2
 3219 0360 66000000 		.word	102
 3220 0364 9E       		.byte	-98
 3221 0365 20       		.byte	32
 3222 0366 75       		.byte	117
 3223 0367 00       		.byte	0
 3224 0368 00       		.byte	0
 3225 0369 00       		.byte	0
 3226 036a 0000     		.space	2
 3227 036c 67000000 		.word	103
 3228 0370 D0       		.byte	-48
 3229 0371 14       		.byte	20
 3230 0372 39       		.byte	57
 3231 0373 00       		.byte	0
 3232 0374 00       		.byte	0
 3233 0375 00       		.byte	0
 3234 0376 0000     		.space	2
 3235 0378 68000000 		.word	104
 3236 037c 38       		.byte	56
 3237 037d 20       		.byte	32
 3238 037e 74       		.byte	116
 3239 037f 00       		.byte	0
 3240 0380 00       		.byte	0
 3241 0381 00       		.byte	0
 3242 0382 0000     		.space	2
 3243 0384 69000000 		.word	105
 3244 0388 5D       		.byte	93
 3245 0389 3E       		.byte	62
 3246 038a 3F       		.byte	63
 3247 038b 00       		.byte	0
 3248 038c 00       		.byte	0
 3249 038d 00       		.byte	0
 3250 038e 0000     		.space	2
 3251 0390 6A000000 		.word	106
 3252 0394 8A       		.byte	-118
 3253 0395 2C       		.byte	44
 3254 0396 2C       		.byte	44
 3255 0397 00       		.byte	0
 3256 0398 00       		.byte	0
 3257 0399 00       		.byte	0
 3258 039a 0000     		.space	2
 3259 039c 6B000000 		.word	107
 3260 03a0 6C       		.byte	108
 3261 03a1 40       		.byte	64
 3262 03a2 41       		.byte	65
 3263 03a3 00       		.byte	0
 3264 03a4 00       		.byte	0
 3265 03a5 00       		.byte	0
 3266 03a6 0000     		.space	2
ARM GAS  /tmp/ccNOss9U.s 			page 91


 3267 03a8 6C000000 		.word	108
 3268 03ac 20       		.byte	32
 3269 03ad 54       		.byte	84
 3270 03ae 5C       		.byte	92
 3271 03af 00       		.byte	0
 3272 03b0 00       		.byte	0
 3273 03b1 00       		.byte	0
 3274 03b2 0000     		.space	2
 3275 03b4 6D000000 		.word	109
 3276 03b8 B9       		.byte	-71
 3277 03b9 09       		.byte	9
 3278 03ba 09       		.byte	9
 3279 03bb 00       		.byte	0
 3280 03bc 00       		.byte	0
 3281 03bd 00       		.byte	0
 3282 03be 0000     		.space	2
 3283 03c0 6E000000 		.word	110
 3284 03c4 54       		.byte	84
 3285 03c5 FE       		.byte	-2
 3286 03c6 FE       		.byte	-2
 3287 03c7 03       		.byte	3
 3288 03c8 01       		.byte	1
 3289 03c9 02       		.byte	2
 3290 03ca 0000     		.space	2
 3291 03cc 6F000000 		.word	111
 3292 03d0 22       		.byte	34
 3293 03d1 10       		.byte	16
 3294 03d2 12       		.byte	18
 3295 03d3 03       		.byte	3
 3296 03d4 10       		.byte	16
 3297 03d5 11       		.byte	17
 3298 03d6 0000     		.space	2
 3299 03d8 70000000 		.word	112
 3300 03dc AE       		.byte	-82
 3301 03dd 0C       		.byte	12
 3302 03de 0C       		.byte	12
 3303 03df 00       		.byte	0
 3304 03e0 00       		.byte	0
 3305 03e1 00       		.byte	0
 3306 03e2 0000     		.space	2
 3307 03e4 71000000 		.word	113
 3308 03e8 7C       		.byte	124
 3309 03e9 24       		.byte	36
 3310 03ea 27       		.byte	39
 3311 03eb 00       		.byte	0
 3312 03ec 00       		.byte	0
 3313 03ed 00       		.byte	0
 3314 03ee 0000     		.space	2
 3315 03f0 72000000 		.word	114
 3316 03f4 ED       		.byte	-19
 3317 03f5 2C       		.byte	44
 3318 03f6 2C       		.byte	44
 3319 03f7 00       		.byte	0
 3320 03f8 00       		.byte	0
 3321 03f9 00       		.byte	0
 3322 03fa 0000     		.space	2
 3323 03fc 73000000 		.word	115
ARM GAS  /tmp/ccNOss9U.s 			page 92


 3324 0400 04       		.byte	4
 3325 0401 40       		.byte	64
 3326 0402 40       		.byte	64
 3327 0403 00       		.byte	0
 3328 0404 00       		.byte	0
 3329 0405 00       		.byte	0
 3330 0406 0000     		.space	2
 3331 0408 74000000 		.word	116
 3332 040c 4C       		.byte	76
 3333 040d 16       		.byte	22
 3334 040e 18       		.byte	24
 3335 040f 00       		.byte	0
 3336 0410 00       		.byte	0
 3337 0411 00       		.byte	0
 3338 0412 0000     		.space	2
 3339 0414 75000000 		.word	117
 3340 0418 80       		.byte	-128
 3341 0419 06       		.byte	6
 3342 041a 06       		.byte	6
 3343 041b 03       		.byte	3
 3344 041c 04       		.byte	4
 3345 041d 05       		.byte	5
 3346 041e 0000     		.space	2
 3347 0420 76000000 		.word	118
 3348 0424 38       		.byte	56
 3349 0425 0E       		.byte	14
 3350 0426 0E       		.byte	14
 3351 0427 00       		.byte	0
 3352 0428 00       		.byte	0
 3353 0429 00       		.byte	0
 3354 042a 0000     		.space	2
 3355 042c 77000000 		.word	119
 3356 0430 74       		.byte	116
 3357 0431 0C       		.byte	12
 3358 0432 0C       		.byte	12
 3359 0433 03       		.byte	3
 3360 0434 0A       		.byte	10
 3361 0435 0B       		.byte	11
 3362 0436 0000     		.space	2
 3363 0438 78000000 		.word	120
 3364 043c 86       		.byte	-122
 3365 043d 61       		.byte	97
 3366 043e 61       		.byte	97
 3367 043f 00       		.byte	0
 3368 0440 00       		.byte	0
 3369 0441 00       		.byte	0
 3370 0442 0000     		.space	2
 3371 0444 79000000 		.word	121
 3372 0448 ED       		.byte	-19
 3373 0449 02       		.byte	2
 3374 044a 02       		.byte	2
 3375 044b 03       		.byte	3
 3376 044c 00       		.byte	0
 3377 044d 01       		.byte	1
 3378 044e 0000     		.space	2
 3379 0450 7A000000 		.word	122
 3380 0454 CB       		.byte	-53
ARM GAS  /tmp/ccNOss9U.s 			page 93


 3381 0455 02       		.byte	2
 3382 0456 02       		.byte	2
 3383 0457 03       		.byte	3
 3384 0458 00       		.byte	0
 3385 0459 01       		.byte	1
 3386 045a 0000     		.space	2
 3387 045c 7B000000 		.word	123
 3388 0460 FA       		.byte	-6
 3389 0461 71       		.byte	113
 3390 0462 71       		.byte	113
 3391 0463 03       		.byte	3
 3392 0464 00       		.byte	0
 3393 0465 01       		.byte	1
 3394 0466 0000     		.space	2
 3395 0468 7C000000 		.word	124
 3396 046c 57       		.byte	87
 3397 046d 23       		.byte	35
 3398 046e 39       		.byte	57
 3399 046f 00       		.byte	0
 3400 0470 00       		.byte	0
 3401 0471 00       		.byte	0
 3402 0472 0000     		.space	2
 3403 0474 7D000000 		.word	125
 3404 0478 CB       		.byte	-53
 3405 0479 06       		.byte	6
 3406 047a 06       		.byte	6
 3407 047b 00       		.byte	0
 3408 047c 00       		.byte	0
 3409 047d 00       		.byte	0
 3410 047e 0000     		.space	2
 3411 0480 7E000000 		.word	126
 3412 0484 DC       		.byte	-36
 3413 0485 4F       		.byte	79
 3414 0486 51       		.byte	81
 3415 0487 03       		.byte	3
 3416 0488 4F       		.byte	79
 3417 0489 50       		.byte	80
 3418 048a 0000     		.space	2
 3419 048c 7F000000 		.word	127
 3420 0490 19       		.byte	25
 3421 0491 23       		.byte	35
 3422 0492 23       		.byte	35
 3423 0493 00       		.byte	0
 3424 0494 00       		.byte	0
 3425 0495 00       		.byte	0
 3426 0496 0000     		.space	2
 3427 0498 80000000 		.word	128
 3428 049c E2       		.byte	-30
 3429 049d 23       		.byte	35
 3430 049e 23       		.byte	35
 3431 049f 00       		.byte	0
 3432 04a0 00       		.byte	0
 3433 04a1 00       		.byte	0
 3434 04a2 0000     		.space	2
 3435 04a4 81000000 		.word	129
 3436 04a8 2E       		.byte	46
 3437 04a9 16       		.byte	22
ARM GAS  /tmp/ccNOss9U.s 			page 94


 3438 04aa 18       		.byte	24
 3439 04ab 00       		.byte	0
 3440 04ac 00       		.byte	0
 3441 04ad 00       		.byte	0
 3442 04ae 0000     		.space	2
 3443 04b0 82000000 		.word	130
 3444 04b4 1D       		.byte	29
 3445 04b5 0D       		.byte	13
 3446 04b6 0D       		.byte	13
 3447 04b7 00       		.byte	0
 3448 04b8 00       		.byte	0
 3449 04b9 00       		.byte	0
 3450 04ba 0000     		.space	2
 3451 04bc 83000000 		.word	131
 3452 04c0 DF       		.byte	-33
 3453 04c1 FF       		.byte	-1
 3454 04c2 FF       		.byte	-1
 3455 04c3 00       		.byte	0
 3456 04c4 00       		.byte	0
 3457 04c5 00       		.byte	0
 3458 04c6 0000     		.space	2
 3459 04c8 84000000 		.word	132
 3460 04cc 55       		.byte	85
 3461 04cd 0E       		.byte	14
 3462 04ce 27       		.byte	39
 3463 04cf 00       		.byte	0
 3464 04d0 00       		.byte	0
 3465 04d1 00       		.byte	0
 3466 04d2 0000     		.space	2
 3467 04d4 85000000 		.word	133
 3468 04d8 06       		.byte	6
 3469 04d9 12       		.byte	18
 3470 04da 12       		.byte	18
 3471 04db 00       		.byte	0
 3472 04dc 00       		.byte	0
 3473 04dd 00       		.byte	0
 3474 04de 0000     		.space	2
 3475 04e0 86000000 		.word	134
 3476 04e4 E5       		.byte	-27
 3477 04e5 2B       		.byte	43
 3478 04e6 2B       		.byte	43
 3479 04e7 00       		.byte	0
 3480 04e8 00       		.byte	0
 3481 04e9 00       		.byte	0
 3482 04ea 0000     		.space	2
 3483 04ec 87000000 		.word	135
 3484 04f0 CB       		.byte	-53
 3485 04f1 08       		.byte	8
 3486 04f2 08       		.byte	8
 3487 04f3 00       		.byte	0
 3488 04f4 00       		.byte	0
 3489 04f5 00       		.byte	0
 3490 04f6 0000     		.space	2
 3491 04f8 88000000 		.word	136
 3492 04fc 01       		.byte	1
 3493 04fd 16       		.byte	22
 3494 04fe 16       		.byte	22
ARM GAS  /tmp/ccNOss9U.s 			page 95


 3495 04ff 00       		.byte	0
 3496 0500 00       		.byte	0
 3497 0501 00       		.byte	0
 3498 0502 0000     		.space	2
 3499 0504 89000000 		.word	137
 3500 0508 C3       		.byte	-61
 3501 0509 0E       		.byte	14
 3502 050a 10       		.byte	16
 3503 050b 00       		.byte	0
 3504 050c 00       		.byte	0
 3505 050d 00       		.byte	0
 3506 050e 0000     		.space	2
 3507 0510 8A000000 		.word	138
 3508 0514 6D       		.byte	109
 3509 0515 24       		.byte	36
 3510 0516 78       		.byte	120
 3511 0517 00       		.byte	0
 3512 0518 00       		.byte	0
 3513 0519 00       		.byte	0
 3514 051a 0000     		.space	2
 3515 051c 8B000000 		.word	139
 3516 0520 A8       		.byte	-88
 3517 0521 2B       		.byte	43
 3518 0522 2B       		.byte	43
 3519 0523 03       		.byte	3
 3520 0524 29       		.byte	41
 3521 0525 2A       		.byte	42
 3522 0526 0000     		.space	2
 3523 0528 8C000000 		.word	140
 3524 052c B5       		.byte	-75
 3525 052d 29       		.byte	41
 3526 052e 29       		.byte	41
 3527 052f 00       		.byte	0
 3528 0530 00       		.byte	0
 3529 0531 00       		.byte	0
 3530 0532 0000     		.space	2
 3531 0534 8D000000 		.word	141
 3532 0538 2F       		.byte	47
 3533 0539 20       		.byte	32
 3534 053a 20       		.byte	32
 3535 053b 00       		.byte	0
 3536 053c 00       		.byte	0
 3537 053d 00       		.byte	0
 3538 053e 0000     		.space	2
 3539 0540 8E000000 		.word	142
 3540 0544 48       		.byte	72
 3541 0545 F3       		.byte	-13
 3542 0546 F3       		.byte	-13
 3543 0547 00       		.byte	0
 3544 0548 00       		.byte	0
 3545 0549 00       		.byte	0
 3546 054a 0000     		.space	2
 3547 054c 8F000000 		.word	143
 3548 0550 83       		.byte	-125
 3549 0551 0E       		.byte	14
 3550 0552 10       		.byte	16
 3551 0553 00       		.byte	0
ARM GAS  /tmp/ccNOss9U.s 			page 96


 3552 0554 00       		.byte	0
 3553 0555 00       		.byte	0
 3554 0556 0000     		.space	2
 3555 0558 90000000 		.word	144
 3556 055c 7F       		.byte	127
 3557 055d 5D       		.byte	93
 3558 055e 5D       		.byte	93
 3559 055f 00       		.byte	0
 3560 0560 00       		.byte	0
 3561 0561 00       		.byte	0
 3562 0562 0000     		.space	2
 3563 0564 92000000 		.word	146
 3564 0568 67       		.byte	103
 3565 0569 64       		.byte	100
 3566 056a 64       		.byte	100
 3567 056b 00       		.byte	0
 3568 056c 00       		.byte	0
 3569 056d 00       		.byte	0
 3570 056e 0000     		.space	2
 3571 0570 93000000 		.word	147
 3572 0574 9A       		.byte	-102
 3573 0575 24       		.byte	36
 3574 0576 36       		.byte	54
 3575 0577 00       		.byte	0
 3576 0578 00       		.byte	0
 3577 0579 00       		.byte	0
 3578 057a 0000     		.space	2
 3579 057c 94000000 		.word	148
 3580 0580 B2       		.byte	-78
 3581 0581 3C       		.byte	60
 3582 0582 4E       		.byte	78
 3583 0583 00       		.byte	0
 3584 0584 00       		.byte	0
 3585 0585 00       		.byte	0
 3586 0586 0000     		.space	2
 3587 0588 95000000 		.word	149
 3588 058c C8       		.byte	-56
 3589 058d 1E       		.byte	30
 3590 058e 3C       		.byte	60
 3591 058f 00       		.byte	0
 3592 0590 00       		.byte	0
 3593 0591 00       		.byte	0
 3594 0592 0000     		.space	2
 3595 0594 A2000000 		.word	162
 3596 0598 BD       		.byte	-67
 3597 0599 08       		.byte	8
 3598 059a 09       		.byte	9
 3599 059b 00       		.byte	0
 3600 059c 00       		.byte	0
 3601 059d 00       		.byte	0
 3602 059e 0000     		.space	2
 3603 05a0 C0000000 		.word	192
 3604 05a4 24       		.byte	36
 3605 05a5 2C       		.byte	44
 3606 05a6 36       		.byte	54
 3607 05a7 00       		.byte	0
 3608 05a8 00       		.byte	0
ARM GAS  /tmp/ccNOss9U.s 			page 97


 3609 05a9 00       		.byte	0
 3610 05aa 0000     		.space	2
 3611 05ac E1000000 		.word	225
 3612 05b0 D0       		.byte	-48
 3613 05b1 41       		.byte	65
 3614 05b2 49       		.byte	73
 3615 05b3 00       		.byte	0
 3616 05b4 00       		.byte	0
 3617 05b5 00       		.byte	0
 3618 05b6 0000     		.space	2
 3619 05b8 E6000000 		.word	230
 3620 05bc A3       		.byte	-93
 3621 05bd 2A       		.byte	42
 3622 05be 2A       		.byte	42
 3623 05bf 00       		.byte	0
 3624 05c0 00       		.byte	0
 3625 05c1 00       		.byte	0
 3626 05c2 0000     		.space	2
 3627 05c4 E7000000 		.word	231
 3628 05c8 69       		.byte	105
 3629 05c9 28       		.byte	40
 3630 05ca 28       		.byte	40
 3631 05cb 00       		.byte	0
 3632 05cc 00       		.byte	0
 3633 05cd 00       		.byte	0
 3634 05ce 0000     		.space	2
 3635 05d0 E8000000 		.word	232
 3636 05d4 97       		.byte	-105
 3637 05d5 3F       		.byte	63
 3638 05d6 41       		.byte	65
 3639 05d7 00       		.byte	0
 3640 05d8 00       		.byte	0
 3641 05d9 00       		.byte	0
 3642 05da 0000     		.space	2
 3643 05dc E9000000 		.word	233
 3644 05e0 23       		.byte	35
 3645 05e1 B6       		.byte	-74
 3646 05e2 B6       		.byte	-74
 3647 05e3 00       		.byte	0
 3648 05e4 00       		.byte	0
 3649 05e5 00       		.byte	0
 3650 05e6 0000     		.space	2
 3651 05e8 EA000000 		.word	234
 3652 05ec 96       		.byte	-106
 3653 05ed 28       		.byte	40
 3654 05ee 28       		.byte	40
 3655 05ef 00       		.byte	0
 3656 05f0 00       		.byte	0
 3657 05f1 00       		.byte	0
 3658 05f2 0000     		.space	2
 3659 05f4 EB000000 		.word	235
 3660 05f8 B3       		.byte	-77
 3661 05f9 2A       		.byte	42
 3662 05fa 2A       		.byte	42
 3663 05fb 00       		.byte	0
 3664 05fc 00       		.byte	0
 3665 05fd 00       		.byte	0
ARM GAS  /tmp/ccNOss9U.s 			page 98


 3666 05fe 0000     		.space	2
 3667 0600 F1000000 		.word	241
 3668 0604 5A       		.byte	90
 3669 0605 20       		.byte	32
 3670 0606 20       		.byte	32
 3671 0607 00       		.byte	0
 3672 0608 00       		.byte	0
 3673 0609 00       		.byte	0
 3674 060a 0000     		.space	2
 3675 060c F2000000 		.word	242
 3676 0610 68       		.byte	104
 3677 0611 34       		.byte	52
 3678 0612 3C       		.byte	60
 3679 0613 00       		.byte	0
 3680 0614 00       		.byte	0
 3681 0615 00       		.byte	0
 3682 0616 0000     		.space	2
 3683 0618 F3000000 		.word	243
 3684 061c 55       		.byte	85
 3685 061d 35       		.byte	53
 3686 061e 3D       		.byte	61
 3687 061f 01       		.byte	1
 3688 0620 34       		.byte	52
 3689 0621 00       		.byte	0
 3690 0622 0000     		.space	2
 3691 0624 F4000000 		.word	244
 3692 0628 5F       		.byte	95
 3693 0629 06       		.byte	6
 3694 062a 06       		.byte	6
 3695 062b 00       		.byte	0
 3696 062c 00       		.byte	0
 3697 062d 00       		.byte	0
 3698 062e 0000     		.space	2
 3699 0630 F5000000 		.word	245
 3700 0634 82       		.byte	-126
 3701 0635 02       		.byte	2
 3702 0636 02       		.byte	2
 3703 0637 00       		.byte	0
 3704 0638 00       		.byte	0
 3705 0639 00       		.byte	0
 3706 063a 0000     		.space	2
 3707 063c F6000000 		.word	246
 3708 0640 B8       		.byte	-72
 3709 0641 26       		.byte	38
 3710 0642 26       		.byte	38
 3711 0643 00       		.byte	0
 3712 0644 00       		.byte	0
 3713 0645 00       		.byte	0
 3714 0646 0000     		.space	2
 3715 0648 F7000000 		.word	247
 3716 064c 51       		.byte	81
 3717 064d 13       		.byte	19
 3718 064e 13       		.byte	19
 3719 064f 00       		.byte	0
 3720 0650 00       		.byte	0
 3721 0651 00       		.byte	0
 3722 0652 0000     		.space	2
ARM GAS  /tmp/ccNOss9U.s 			page 99


 3723 0654 F8000000 		.word	248
 3724 0658 08       		.byte	8
 3725 0659 FE       		.byte	-2
 3726 065a FE       		.byte	-2
 3727 065b 03       		.byte	3
 3728 065c 03       		.byte	3
 3729 065d 04       		.byte	4
 3730 065e 0000     		.space	2
 3731 0660 F9000000 		.word	249
 3732 0664 CC       		.byte	-52
 3733 0665 24       		.byte	36
 3734 0666 24       		.byte	36
 3735 0667 00       		.byte	0
 3736 0668 00       		.byte	0
 3737 0669 00       		.byte	0
 3738 066a 0000     		.space	2
 3739 066c FA000000 		.word	250
 3740 0670 31       		.byte	49
 3741 0671 1E       		.byte	30
 3742 0672 1E       		.byte	30
 3743 0673 00       		.byte	0
 3744 0674 00       		.byte	0
 3745 0675 00       		.byte	0
 3746 0676 0000     		.space	2
 3747 0678 FB000000 		.word	251
 3748 067c AA       		.byte	-86
 3749 067d 12       		.byte	18
 3750 067e 12       		.byte	18
 3751 067f 00       		.byte	0
 3752 0680 00       		.byte	0
 3753 0681 00       		.byte	0
 3754 0682 0000     		.space	2
 3755 0684 FC000000 		.word	252
 3756 0688 2C       		.byte	44
 3757 0689 12       		.byte	18
 3758 068a 12       		.byte	18
 3759 068b 00       		.byte	0
 3760 068c 00       		.byte	0
 3761 068d 00       		.byte	0
 3762 068e 0000     		.space	2
 3763 0690 FD000000 		.word	253
 3764 0694 53       		.byte	83
 3765 0695 33       		.byte	51
 3766 0696 36       		.byte	54
 3767 0697 00       		.byte	0
 3768 0698 00       		.byte	0
 3769 0699 00       		.byte	0
 3770 069a 0000     		.space	2
 3771 069c FE000000 		.word	254
 3772 06a0 2E       		.byte	46
 3773 06a1 09       		.byte	9
 3774 06a2 09       		.byte	9
 3775 06a3 00       		.byte	0
 3776 06a4 00       		.byte	0
 3777 06a5 00       		.byte	0
 3778 06a6 0000     		.space	2
 3779 06a8 00010000 		.word	256
ARM GAS  /tmp/ccNOss9U.s 			page 100


 3780 06ac 47       		.byte	71
 3781 06ad 2A       		.byte	42
 3782 06ae 2A       		.byte	42
 3783 06af 03       		.byte	3
 3784 06b0 08       		.byte	8
 3785 06b1 09       		.byte	9
 3786 06b2 0000     		.space	2
 3787 06b4 01010000 		.word	257
 3788 06b8 83       		.byte	-125
 3789 06b9 09       		.byte	9
 3790 06ba 09       		.byte	9
 3791 06bb 00       		.byte	0
 3792 06bc 00       		.byte	0
 3793 06bd 00       		.byte	0
 3794 06be 0000     		.space	2
 3795 06c0 02010000 		.word	258
 3796 06c4 BB       		.byte	-69
 3797 06c5 20       		.byte	32
 3798 06c6 E8       		.byte	-24
 3799 06c7 03       		.byte	3
 3800 06c8 00       		.byte	0
 3801 06c9 01       		.byte	1
 3802 06ca 0000     		.space	2
 3803 06cc 03010000 		.word	259
 3804 06d0 5C       		.byte	92
 3805 06d1 EB       		.byte	-21
 3806 06d2 ED       		.byte	-19
 3807 06d3 00       		.byte	0
 3808 06d4 00       		.byte	0
 3809 06d5 00       		.byte	0
 3810 06d6 0000     		.space	2
 3811 06d8 04010000 		.word	260
 3812 06dc 92       		.byte	-110
 3813 06dd 05       		.byte	5
 3814 06de 0E       		.byte	14
 3815 06df 00       		.byte	0
 3816 06e0 00       		.byte	0
 3817 06e1 00       		.byte	0
 3818 06e2 0000     		.space	2
 3819 06e4 05010000 		.word	261
 3820 06e8 B3       		.byte	-77
 3821 06e9 1B       		.byte	27
 3822 06ea 3D       		.byte	61
 3823 06eb 00       		.byte	0
 3824 06ec 00       		.byte	0
 3825 06ed 00       		.byte	0
 3826 06ee 0000     		.space	2
 3827 06f0 06010000 		.word	262
 3828 06f4 0C       		.byte	12
 3829 06f5 12       		.byte	18
 3830 06f6 17       		.byte	23
 3831 06f7 00       		.byte	0
 3832 06f8 00       		.byte	0
 3833 06f9 00       		.byte	0
 3834 06fa 0000     		.space	2
 3835 06fc 07010000 		.word	263
 3836 0700 85       		.byte	-123
ARM GAS  /tmp/ccNOss9U.s 			page 101


 3837 0701 FF       		.byte	-1
 3838 0702 FF       		.byte	-1
 3839 0703 00       		.byte	0
 3840 0704 00       		.byte	0
 3841 0705 00       		.byte	0
 3842 0706 0000     		.space	2
 3843 0708 08010000 		.word	264
 3844 070c 31       		.byte	49
 3845 070d 1C       		.byte	28
 3846 070e 20       		.byte	32
 3847 070f 00       		.byte	0
 3848 0710 00       		.byte	0
 3849 0711 00       		.byte	0
 3850 0712 0000     		.space	2
 3851 0714 09010000 		.word	265
 3852 0718 1A       		.byte	26
 3853 0719 10       		.byte	16
 3854 071a 14       		.byte	20
 3855 071b 00       		.byte	0
 3856 071c 00       		.byte	0
 3857 071d 00       		.byte	0
 3858 071e 0000     		.space	2
 3859 0720 0A010000 		.word	266
 3860 0724 C1       		.byte	-63
 3861 0725 FF       		.byte	-1
 3862 0726 FF       		.byte	-1
 3863 0727 03       		.byte	3
 3864 0728 02       		.byte	2
 3865 0729 03       		.byte	3
 3866 072a 0000     		.space	2
 3867 072c 0B010000 		.word	267
 3868 0730 23       		.byte	35
 3869 0731 FF       		.byte	-1
 3870 0732 FF       		.byte	-1
 3871 0733 03       		.byte	3
 3872 0734 02       		.byte	2
 3873 0735 03       		.byte	3
 3874 0736 0000     		.space	2
 3875 0738 0C010000 		.word	268
 3876 073c 0E       		.byte	14
 3877 073d 04       		.byte	4
 3878 073e 04       		.byte	4
 3879 073f 03       		.byte	3
 3880 0740 02       		.byte	2
 3881 0741 03       		.byte	3
 3882 0742 0000     		.space	2
 3883 0744 0D010000 		.word	269
 3884 0748 6D       		.byte	109
 3885 0749 D5       		.byte	-43
 3886 074a D7       		.byte	-41
 3887 074b 00       		.byte	0
 3888 074c 00       		.byte	0
 3889 074d 00       		.byte	0
 3890 074e 0000     		.space	2
 3891 0750 0E010000 		.word	270
 3892 0754 3B       		.byte	59
 3893 0755 13       		.byte	19
ARM GAS  /tmp/ccNOss9U.s 			page 102


 3894 0756 14       		.byte	20
 3895 0757 00       		.byte	0
 3896 0758 00       		.byte	0
 3897 0759 00       		.byte	0
 3898 075a 0000     		.space	2
 3899 075c 0F010000 		.word	271
 3900 0760 16       		.byte	22
 3901 0761 34       		.byte	52
 3902 0762 35       		.byte	53
 3903 0763 00       		.byte	0
 3904 0764 00       		.byte	0
 3905 0765 00       		.byte	0
 3906 0766 0000     		.space	2
 3907 0768 13010000 		.word	275
 3908 076c 7E       		.byte	126
 3909 076d 1F       		.byte	31
 3910 076e 20       		.byte	32
 3911 076f 00       		.byte	0
 3912 0770 00       		.byte	0
 3913 0771 00       		.byte	0
 3914 0772 0000     		.space	2
 3915 0774 14010000 		.word	276
 3916 0778 12       		.byte	18
 3917 0779 31       		.byte	49
 3918 077a 32       		.byte	50
 3919 077b 00       		.byte	0
 3920 077c 00       		.byte	0
 3921 077d 00       		.byte	0
 3922 077e 0000     		.space	2
 3923 0780 15010000 		.word	277
 3924 0784 3E       		.byte	62
 3925 0785 1E       		.byte	30
 3926 0786 1E       		.byte	30
 3927 0787 00       		.byte	0
 3928 0788 00       		.byte	0
 3929 0789 00       		.byte	0
 3930 078a 0000     		.space	2
 3931 078c 18010000 		.word	280
 3932 0790 46       		.byte	70
 3933 0791 21       		.byte	33
 3934 0792 21       		.byte	33
 3935 0793 00       		.byte	0
 3936 0794 00       		.byte	0
 3937 0795 00       		.byte	0
 3938 0796 0000     		.space	2
 3939 0798 19010000 		.word	281
 3940 079c 30       		.byte	48
 3941 079d 0D       		.byte	13
 3942 079e 0D       		.byte	13
 3943 079f 00       		.byte	0
 3944 07a0 00       		.byte	0
 3945 07a1 00       		.byte	0
 3946 07a2 0000     		.space	2
 3947 07a4 1A010000 		.word	282
 3948 07a8 7B       		.byte	123
 3949 07a9 23       		.byte	35
 3950 07aa 23       		.byte	35
ARM GAS  /tmp/ccNOss9U.s 			page 103


 3951 07ab 03       		.byte	3
 3952 07ac 20       		.byte	32
 3953 07ad 21       		.byte	33
 3954 07ae 0000     		.space	2
 3955 07b0 1B010000 		.word	283
 3956 07b4 4A       		.byte	74
 3957 07b5 90       		.byte	-112
 3958 07b6 91       		.byte	-111
 3959 07b7 00       		.byte	0
 3960 07b8 00       		.byte	0
 3961 07b9 00       		.byte	0
 3962 07ba 0000     		.space	2
 3963 07bc 1C010000 		.word	284
 3964 07c0 63       		.byte	99
 3965 07c1 20       		.byte	32
 3966 07c2 20       		.byte	32
 3967 07c3 03       		.byte	3
 3968 07c4 1E       		.byte	30
 3969 07c5 1F       		.byte	31
 3970 07c6 0000     		.space	2
 3971 07c8 1D010000 		.word	285
 3972 07cc 89       		.byte	-119
 3973 07cd 28       		.byte	40
 3974 07ce 31       		.byte	49
 3975 07cf 03       		.byte	3
 3976 07d0 26       		.byte	38
 3977 07d1 27       		.byte	39
 3978 07d2 0000     		.space	2
 3979 07d4 1E010000 		.word	286
 3980 07d8 D2       		.byte	-46
 3981 07d9 35       		.byte	53
 3982 07da 39       		.byte	57
 3983 07db 03       		.byte	3
 3984 07dc 32       		.byte	50
 3985 07dd 33       		.byte	51
 3986 07de 0000     		.space	2
 3987 07e0 1F010000 		.word	287
 3988 07e4 01       		.byte	1
 3989 07e5 17       		.byte	23
 3990 07e6 17       		.byte	23
 3991 07e7 03       		.byte	3
 3992 07e8 14       		.byte	20
 3993 07e9 15       		.byte	21
 3994 07ea 0000     		.space	2
 3995 07ec 20010000 		.word	288
 3996 07f0 14       		.byte	20
 3997 07f1 17       		.byte	23
 3998 07f2 17       		.byte	23
 3999 07f3 03       		.byte	3
 4000 07f4 14       		.byte	20
 4001 07f5 15       		.byte	21
 4002 07f6 0000     		.space	2
 4003 07f8 22010000 		.word	290
 4004 07fc FB       		.byte	-5
 4005 07fd 2E       		.byte	46
 4006 07fe 2E       		.byte	46
 4007 07ff 00       		.byte	0
ARM GAS  /tmp/ccNOss9U.s 			page 104


 4008 0800 00       		.byte	0
 4009 0801 00       		.byte	0
 4010 0802 0000     		.space	2
 4011 0804 23010000 		.word	291
 4012 0808 0A       		.byte	10
 4013 0809 39       		.byte	57
 4014 080a 39       		.byte	57
 4015 080b 00       		.byte	0
 4016 080c 00       		.byte	0
 4017 080d 00       		.byte	0
 4018 080e 0000     		.space	2
 4019 0810 2B010000 		.word	299
 4020 0814 13       		.byte	19
 4021 0815 60       		.byte	96
 4022 0816 62       		.byte	98
 4023 0817 00       		.byte	0
 4024 0818 00       		.byte	0
 4025 0819 00       		.byte	0
 4026 081a 0000     		.space	2
 4027 081c 2C010000 		.word	300
 4028 0820 D9       		.byte	-39
 4029 0821 16       		.byte	22
 4030 0822 16       		.byte	22
 4031 0823 00       		.byte	0
 4032 0824 00       		.byte	0
 4033 0825 00       		.byte	0
 4034 0826 0000     		.space	2
 4035 0828 2D010000 		.word	301
 4036 082c F3       		.byte	-13
 4037 082d 3A       		.byte	58
 4038 082e 3A       		.byte	58
 4039 082f 00       		.byte	0
 4040 0830 00       		.byte	0
 4041 0831 00       		.byte	0
 4042 0832 0000     		.space	2
 4043 0834 36010000 		.word	310
 4044 0838 1C       		.byte	28
 4045 0839 11       		.byte	17
 4046 083a 11       		.byte	17
 4047 083b 00       		.byte	0
 4048 083c 00       		.byte	0
 4049 083d 00       		.byte	0
 4050 083e 0000     		.space	2
 4051 0840 37010000 		.word	311
 4052 0844 5F       		.byte	95
 4053 0845 74       		.byte	116
 4054 0846 74       		.byte	116
 4055 0847 00       		.byte	0
 4056 0848 00       		.byte	0
 4057 0849 00       		.byte	0
 4058 084a 0000     		.space	2
 4059 084c 40010000 		.word	320
 4060 0850 F3       		.byte	-13
 4061 0851 14       		.byte	20
 4062 0852 14       		.byte	20
 4063 0853 03       		.byte	3
 4064 0854 02       		.byte	2
ARM GAS  /tmp/ccNOss9U.s 			page 105


 4065 0855 03       		.byte	3
 4066 0856 0000     		.space	2
 4067 0858 41010000 		.word	321
 4068 085c 58       		.byte	88
 4069 085d 02       		.byte	2
 4070 085e 02       		.byte	2
 4071 085f 03       		.byte	3
 4072 0860 00       		.byte	0
 4073 0861 01       		.byte	1
 4074 0862 0000     		.space	2
 4075 0864 42010000 		.word	322
 4076 0868 F3       		.byte	-13
 4077 0869 95       		.byte	-107
 4078 086a 95       		.byte	-107
 4079 086b 00       		.byte	0
 4080 086c 00       		.byte	0
 4081 086d 00       		.byte	0
 4082 086e 0000     		.space	2
 4083 0870 43010000 		.word	323
 4084 0874 4E       		.byte	78
 4085 0875 93       		.byte	-109
 4086 0876 93       		.byte	-109
 4087 0877 03       		.byte	3
 4088 0878 00       		.byte	0
 4089 0879 01       		.byte	1
 4090 087a 0000     		.space	2
 4091 087c 44010000 		.word	324
 4092 0880 84       		.byte	-124
 4093 0881 92       		.byte	-110
 4094 0882 92       		.byte	-110
 4095 0883 00       		.byte	0
 4096 0884 00       		.byte	0
 4097 0885 00       		.byte	0
 4098 0886 0000     		.space	2
 4099 0888 4A010000 		.word	330
 4100 088c 17       		.byte	23
 4101 088d 9E       		.byte	-98
 4102 088e A7       		.byte	-89
 4103 088f 00       		.byte	0
 4104 0890 00       		.byte	0
 4105 0891 00       		.byte	0
 4106 0892 0000     		.space	2
 4107 0894 4B010000 		.word	331
 4108 0898 5B       		.byte	91
 4109 0899 E6       		.byte	-26
 4110 089a E9       		.byte	-23
 4111 089b 00       		.byte	0
 4112 089c 00       		.byte	0
 4113 089d 00       		.byte	0
 4114 089e 0000     		.space	2
 4115 08a0 4C010000 		.word	332
 4116 08a4 EC       		.byte	-20
 4117 08a5 EF       		.byte	-17
 4118 08a6 EF       		.byte	-17
 4119 08a7 00       		.byte	0
 4120 08a8 00       		.byte	0
 4121 08a9 00       		.byte	0
ARM GAS  /tmp/ccNOss9U.s 			page 106


 4122 08aa 0000     		.space	2
 4123 08ac 4D010000 		.word	333
 4124 08b0 E7       		.byte	-25
 4125 08b1 6D       		.byte	109
 4126 08b2 6D       		.byte	109
 4127 08b3 00       		.byte	0
 4128 08b4 00       		.byte	0
 4129 08b5 00       		.byte	0
 4130 08b6 0000     		.space	2
 4131 08b8 4E010000 		.word	334
 4132 08bc 48       		.byte	72
 4133 08bd 0A       		.byte	10
 4134 08be 0A       		.byte	10
 4135 08bf 00       		.byte	0
 4136 08c0 00       		.byte	0
 4137 08c1 00       		.byte	0
 4138 08c2 0000     		.space	2
 4139 08c4 4F010000 		.word	335
 4140 08c8 E1       		.byte	-31
 4141 08c9 18       		.byte	24
 4142 08ca 18       		.byte	24
 4143 08cb 00       		.byte	0
 4144 08cc 00       		.byte	0
 4145 08cd 00       		.byte	0
 4146 08ce 0000     		.space	2
 4147 08d0 50010000 		.word	336
 4148 08d4 F5       		.byte	-11
 4149 08d5 54       		.byte	84
 4150 08d6 54       		.byte	84
 4151 08d7 00       		.byte	0
 4152 08d8 00       		.byte	0
 4153 08d9 00       		.byte	0
 4154 08da 0000     		.space	2
 4155 08dc 53010000 		.word	339
 4156 08e0 C7       		.byte	-57
 4157 08e1 05       		.byte	5
 4158 08e2 05       		.byte	5
 4159 08e3 00       		.byte	0
 4160 08e4 00       		.byte	0
 4161 08e5 00       		.byte	0
 4162 08e6 0000     		.space	2
 4163 08e8 54010000 		.word	340
 4164 08ec 63       		.byte	99
 4165 08ed 46       		.byte	70
 4166 08ee 46       		.byte	70
 4167 08ef 00       		.byte	0
 4168 08f0 00       		.byte	0
 4169 08f1 00       		.byte	0
 4170 08f2 0000     		.space	2
 4171 08f4 5E010000 		.word	350
 4172 08f8 E8       		.byte	-24
 4173 08f9 14       		.byte	20
 4174 08fa FC       		.byte	-4
 4175 08fb 00       		.byte	0
 4176 08fc 00       		.byte	0
 4177 08fd 00       		.byte	0
 4178 08fe 0000     		.space	2
ARM GAS  /tmp/ccNOss9U.s 			page 107


 4179 0900 68010000 		.word	360
 4180 0904 0B       		.byte	11
 4181 0905 19       		.byte	25
 4182 0906 19       		.byte	25
 4183 0907 00       		.byte	0
 4184 0908 00       		.byte	0
 4185 0909 00       		.byte	0
 4186 090a 0000     		.space	2
 4187 090c 72010000 		.word	370
 4188 0910 4B       		.byte	75
 4189 0911 57       		.byte	87
 4190 0912 6D       		.byte	109
 4191 0913 00       		.byte	0
 4192 0914 00       		.byte	0
 4193 0915 00       		.byte	0
 4194 0916 0000     		.space	2
 4195 0918 73010000 		.word	371
 4196 091c 0A       		.byte	10
 4197 091d 1A       		.byte	26
 4198 091e 1A       		.byte	26
 4199 091f 00       		.byte	0
 4200 0920 00       		.byte	0
 4201 0921 00       		.byte	0
 4202 0922 0000     		.space	2
 4203 0924 74010000 		.word	372
 4204 0928 1A       		.byte	26
 4205 0929 8C       		.byte	-116
 4206 092a 8C       		.byte	-116
 4207 092b 00       		.byte	0
 4208 092c 00       		.byte	0
 4209 092d 00       		.byte	0
 4210 092e 0000     		.space	2
 4211 0930 75010000 		.word	373
 4212 0934 75       		.byte	117
 4213 0935 2A       		.byte	42
 4214 0936 2A       		.byte	42
 4215 0937 00       		.byte	0
 4216 0938 00       		.byte	0
 4217 0939 00       		.byte	0
 4218 093a 0000     		.space	2
 4219 093c 77010000 		.word	375
 4220 0940 FB       		.byte	-5
 4221 0941 8C       		.byte	-116
 4222 0942 8C       		.byte	-116
 4223 0943 00       		.byte	0
 4224 0944 00       		.byte	0
 4225 0945 00       		.byte	0
 4226 0946 0000     		.space	2
 4227 0948 7C010000 		.word	380
 4228 094c E8       		.byte	-24
 4229 094d 14       		.byte	20
 4230 094e 14       		.byte	20
 4231 094f 00       		.byte	0
 4232 0950 00       		.byte	0
 4233 0951 00       		.byte	0
 4234 0952 0000     		.space	2
 4235 0954 81010000 		.word	385
ARM GAS  /tmp/ccNOss9U.s 			page 108


 4236 0958 93       		.byte	-109
 4237 0959 85       		.byte	-123
 4238 095a 85       		.byte	-123
 4239 095b 03       		.byte	3
 4240 095c 02       		.byte	2
 4241 095d 03       		.byte	3
 4242 095e 0000     		.space	2
 4243 0960 82010000 		.word	386
 4244 0964 84       		.byte	-124
 4245 0965 10       		.byte	16
 4246 0966 10       		.byte	16
 4247 0967 03       		.byte	3
 4248 0968 04       		.byte	4
 4249 0969 05       		.byte	5
 4250 096a 0000     		.space	2
 4251 096c 83010000 		.word	387
 4252 0970 04       		.byte	4
 4253 0971 48       		.byte	72
 4254 0972 48       		.byte	72
 4255 0973 03       		.byte	3
 4256 0974 04       		.byte	4
 4257 0975 05       		.byte	5
 4258 0976 0000     		.space	2
 4259 0978 84010000 		.word	388
 4260 097c 08       		.byte	8
 4261 097d 25       		.byte	37
 4262 097e 25       		.byte	37
 4263 097f 03       		.byte	3
 4264 0980 20       		.byte	32
 4265 0981 21       		.byte	33
 4266 0982 0000     		.space	2
 4267 0984 86010000 		.word	390
 4268 0988 9C       		.byte	-100
 4269 0989 EE       		.byte	-18
 4270 098a EE       		.byte	-18
 4271 098b 00       		.byte	0
 4272 098c 00       		.byte	0
 4273 098d 00       		.byte	0
 4274 098e 0000     		.space	2
 4275 0990 8B010000 		.word	395
 4276 0994 00       		.byte	0
 4277 0995 D4       		.byte	-44
 4278 0996 D4       		.byte	-44
 4279 0997 00       		.byte	0
 4280 0998 00       		.byte	0
 4281 0999 00       		.byte	0
 4282 099a 0000     		.space	2
 4283 099c 8C010000 		.word	396
 4284 09a0 32       		.byte	50
 4285 09a1 A0       		.byte	-96
 4286 09a2 A0       		.byte	-96
 4287 09a3 00       		.byte	0
 4288 09a4 00       		.byte	0
 4289 09a5 00       		.byte	0
 4290 09a6 0000     		.space	2
 4291 09a8 8D010000 		.word	397
 4292 09ac B6       		.byte	-74
ARM GAS  /tmp/ccNOss9U.s 			page 109


 4293 09ad 6C       		.byte	108
 4294 09ae 6C       		.byte	108
 4295 09af 00       		.byte	0
 4296 09b0 00       		.byte	0
 4297 09b1 00       		.byte	0
 4298 09b2 0000     		.space	2
 4299 09b4 90010000 		.word	400
 4300 09b8 6E       		.byte	110
 4301 09b9 FE       		.byte	-2
 4302 09ba FE       		.byte	-2
 4303 09bb 03       		.byte	3
 4304 09bc 04       		.byte	4
 4305 09bd 05       		.byte	5
 4306 09be 0000     		.space	2
 4307 09c0 91010000 		.word	401
 4308 09c4 B7       		.byte	-73
 4309 09c5 06       		.byte	6
 4310 09c6 06       		.byte	6
 4311 09c7 03       		.byte	3
 4312 09c8 04       		.byte	4
 4313 09c9 05       		.byte	5
 4314 09ca 0000     		.space	2
 4315 09cc 9A010000 		.word	410
 4316 09d0 A0       		.byte	-96
 4317 09d1 35       		.byte	53
 4318 09d2 35       		.byte	53
 4319 09d3 00       		.byte	0
 4320 09d4 00       		.byte	0
 4321 09d5 00       		.byte	0
 4322 09d6 0000     		.space	2
 4323 09d8 9B010000 		.word	411
 4324 09dc 6A       		.byte	106
 4325 09dd 03       		.byte	3
 4326 09de 03       		.byte	3
 4327 09df 00       		.byte	0
 4328 09e0 00       		.byte	0
 4329 09e1 00       		.byte	0
 4330 09e2 0000     		.space	2
 4331 09e4 9C010000 		.word	412
 4332 09e8 21       		.byte	33
 4333 09e9 06       		.byte	6
 4334 09ea 06       		.byte	6
 4335 09eb 03       		.byte	3
 4336 09ec 04       		.byte	4
 4337 09ed 05       		.byte	5
 4338 09ee 0000     		.space	2
 4339 09f0 9D010000 		.word	413
 4340 09f4 4D       		.byte	77
 4341 09f5 07       		.byte	7
 4342 09f6 07       		.byte	7
 4343 09f7 03       		.byte	3
 4344 09f8 04       		.byte	4
 4345 09f9 05       		.byte	5
 4346 09fa 0000     		.space	2
 4347 09fc B3010000 		.word	435
 4348 0a00 86       		.byte	-122
 4349 0a01 2E       		.byte	46
ARM GAS  /tmp/ccNOss9U.s 			page 110


 4350 0a02 2E       		.byte	46
 4351 0a03 00       		.byte	0
 4352 0a04 00       		.byte	0
 4353 0a05 00       		.byte	0
 4354 0a06 0000     		.space	2
 4355 0a08 B4010000 		.word	436
 4356 0a0c C1       		.byte	-63
 4357 0a0d 09       		.byte	9
 4358 0a0e 09       		.byte	9
 4359 0a0f 00       		.byte	0
 4360 0a10 00       		.byte	0
 4361 0a11 00       		.byte	0
 4362 0a12 0000     		.space	2
 4363 0a14 B5010000 		.word	437
 4364 0a18 1E       		.byte	30
 4365 0a19 01       		.byte	1
 4366 0a1a 01       		.byte	1
 4367 0a1b 00       		.byte	0
 4368 0a1c 00       		.byte	0
 4369 0a1d 00       		.byte	0
 4370 0a1e 0000     		.space	2
 4371 0a20 B8010000 		.word	440
 4372 0a24 42       		.byte	66
 4373 0a25 23       		.byte	35
 4374 0a26 23       		.byte	35
 4375 0a27 00       		.byte	0
 4376 0a28 00       		.byte	0
 4377 0a29 00       		.byte	0
 4378 0a2a 0000     		.space	2
 4379 0a2c 28230000 		.word	9000
 4380 0a30 71       		.byte	113
 4381 0a31 89       		.byte	-119
 4382 0a32 89       		.byte	-119
 4383 0a33 00       		.byte	0
 4384 0a34 00       		.byte	0
 4385 0a35 00       		.byte	0
 4386 0a36 0000     		.space	2
 4387 0a38 2D230000 		.word	9005
 4388 0a3c 75       		.byte	117
 4389 0a3d 22       		.byte	34
 4390 0a3e 22       		.byte	34
 4391 0a3f 00       		.byte	0
 4392 0a40 00       		.byte	0
 4393 0a41 00       		.byte	0
 4394 0a42 0000     		.space	2
 4395 0a44 64320000 		.word	12900
 4396 0a48 72       		.byte	114
 4397 0a49 2C       		.byte	44
 4398 0a4a 2C       		.byte	44
 4399 0a4b 03       		.byte	3
 4400 0a4c 00       		.byte	0
 4401 0a4d 01       		.byte	1
 4402 0a4e 0000     		.space	2
 4403 0a50 65320000 		.word	12901
 4404 0a54 FE       		.byte	-2
 4405 0a55 3B       		.byte	59
 4406 0a56 3B       		.byte	59
ARM GAS  /tmp/ccNOss9U.s 			page 111


 4407 0a57 03       		.byte	3
 4408 0a58 1E       		.byte	30
 4409 0a59 1F       		.byte	31
 4410 0a5a 0000     		.space	2
 4411 0a5c 66320000 		.word	12902
 4412 0a60 8C       		.byte	-116
 4413 0a61 35       		.byte	53
 4414 0a62 35       		.byte	53
 4415 0a63 03       		.byte	3
 4416 0a64 04       		.byte	4
 4417 0a65 05       		.byte	5
 4418 0a66 0000     		.space	2
 4419 0a68 67320000 		.word	12903
 4420 0a6c F9       		.byte	-7
 4421 0a6d 2E       		.byte	46
 4422 0a6e 2E       		.byte	46
 4423 0a6f 03       		.byte	3
 4424 0a70 00       		.byte	0
 4425 0a71 01       		.byte	1
 4426 0a72 0000     		.space	2
 4427 0a74 68320000 		.word	12904
 4428 0a78 4D       		.byte	77
 4429 0a79 36       		.byte	54
 4430 0a7a 36       		.byte	54
 4431 0a7b 03       		.byte	3
 4432 0a7c 1C       		.byte	28
 4433 0a7d 1D       		.byte	29
 4434 0a7e 0000     		.space	2
 4435 0a80 69320000 		.word	12905
 4436 0a84 31       		.byte	49
 4437 0a85 2B       		.byte	43
 4438 0a86 2B       		.byte	43
 4439 0a87 03       		.byte	3
 4440 0a88 00       		.byte	0
 4441 0a89 01       		.byte	1
 4442 0a8a 0000     		.space	2
 4443 0a8c 73320000 		.word	12915
 4444 0a90 5E       		.byte	94
 4445 0a91 F9       		.byte	-7
 4446 0a92 F9       		.byte	-7
 4447 0a93 03       		.byte	3
 4448 0a94 00       		.byte	0
 4449 0a95 01       		.byte	1
 4450 0a96 0000     		.space	2
 4451 0a98 76320000 		.word	12918
 4452 0a9c 8B       		.byte	-117
 4453 0a9d 33       		.byte	51
 4454 0a9e 33       		.byte	51
 4455 0a9f 00       		.byte	0
 4456 0aa0 00       		.byte	0
 4457 0aa1 00       		.byte	0
 4458 0aa2 0000     		.space	2
 4459 0aa4 77320000 		.word	12919
 4460 0aa8 07       		.byte	7
 4461 0aa9 12       		.byte	18
 4462 0aaa 12       		.byte	18
 4463 0aab 03       		.byte	3
ARM GAS  /tmp/ccNOss9U.s 			page 112


 4464 0aac 10       		.byte	16
 4465 0aad 11       		.byte	17
 4466 0aae 0000     		.space	2
 4467 0ab0 78320000 		.word	12920
 4468 0ab4 14       		.byte	20
 4469 0ab5 05       		.byte	5
 4470 0ab6 05       		.byte	5
 4471 0ab7 00       		.byte	0
 4472 0ab8 00       		.byte	0
 4473 0ab9 00       		.byte	0
 4474 0aba 0000     		.space	2
 4475              		.section	.bss.message_status,"aw",%nobits
 4476              		.align	2
 4479              	message_status:
 4480 0000 00000000 		.space	24
 4480      00000000 
 4480      00000000 
 4480      00000000 
 4480      00000000 
 4481              		.section	.bss.mavlink_message,"aw",%nobits
 4482              		.align	2
 4485              	mavlink_message:
 4486 0000 00000000 		.space	291
 4486      00000000 
 4486      00000000 
 4486      00000000 
 4486      00000000 
 4487              		.section	.bss.is_new_message,"aw",%nobits
 4490              	is_new_message:
 4491 0000 00       		.space	1
 4492              		.section	.rodata.mavlink_sha256_constant_256,"a"
 4493              		.align	2
 4496              	mavlink_sha256_constant_256:
 4497 0000 982F8A42 		.word	1116352408
 4498 0004 91443771 		.word	1899447441
 4499 0008 CFFBC0B5 		.word	-1245643825
 4500 000c A5DBB5E9 		.word	-373957723
 4501 0010 5BC25639 		.word	961987163
 4502 0014 F111F159 		.word	1508970993
 4503 0018 A4823F92 		.word	-1841331548
 4504 001c D55E1CAB 		.word	-1424204075
 4505 0020 98AA07D8 		.word	-670586216
 4506 0024 015B8312 		.word	310598401
 4507 0028 BE853124 		.word	607225278
 4508 002c C37D0C55 		.word	1426881987
 4509 0030 745DBE72 		.word	1925078388
 4510 0034 FEB1DE80 		.word	-2132889090
 4511 0038 A706DC9B 		.word	-1680079193
 4512 003c 74F19BC1 		.word	-1046744716
 4513 0040 C1699BE4 		.word	-459576895
 4514 0044 8647BEEF 		.word	-272742522
 4515 0048 C69DC10F 		.word	264347078
 4516 004c CCA10C24 		.word	604807628
 4517 0050 6F2CE92D 		.word	770255983
 4518 0054 AA84744A 		.word	1249150122
 4519 0058 DCA9B05C 		.word	1555081692
 4520 005c DA88F976 		.word	1996064986
ARM GAS  /tmp/ccNOss9U.s 			page 113


 4521 0060 52513E98 		.word	-1740746414
 4522 0064 6DC631A8 		.word	-1473132947
 4523 0068 C82703B0 		.word	-1341970488
 4524 006c C77F59BF 		.word	-1084653625
 4525 0070 F30BE0C6 		.word	-958395405
 4526 0074 4791A7D5 		.word	-710438585
 4527 0078 5163CA06 		.word	113926993
 4528 007c 67292914 		.word	338241895
 4529 0080 850AB727 		.word	666307205
 4530 0084 38211B2E 		.word	773529912
 4531 0088 FC6D2C4D 		.word	1294757372
 4532 008c 130D3853 		.word	1396182291
 4533 0090 54730A65 		.word	1695183700
 4534 0094 BB0A6A76 		.word	1986661051
 4535 0098 2EC9C281 		.word	-2117940946
 4536 009c 852C7292 		.word	-1838011259
 4537 00a0 A1E8BFA2 		.word	-1564481375
 4538 00a4 4B661AA8 		.word	-1474664885
 4539 00a8 708B4BC2 		.word	-1035236496
 4540 00ac A3516CC7 		.word	-949202525
 4541 00b0 19E892D1 		.word	-778901479
 4542 00b4 240699D6 		.word	-694614492
 4543 00b8 85350EF4 		.word	-200395387
 4544 00bc 70A06A10 		.word	275423344
 4545 00c0 16C1A419 		.word	430227734
 4546 00c4 086C371E 		.word	506948616
 4547 00c8 4C774827 		.word	659060556
 4548 00cc B5BCB034 		.word	883997877
 4549 00d0 B30C1C39 		.word	958139571
 4550 00d4 4AAAD84E 		.word	1322822218
 4551 00d8 4FCA9C5B 		.word	1537002063
 4552 00dc F36F2E68 		.word	1747873779
 4553 00e0 EE828F74 		.word	1955562222
 4554 00e4 6F63A578 		.word	2024104815
 4555 00e8 1478C884 		.word	-2067236844
 4556 00ec 0802C78C 		.word	-1933114872
 4557 00f0 FAFFBE90 		.word	-1866530822
 4558 00f4 EB6C50A4 		.word	-1538233109
 4559 00f8 F7A3F9BE 		.word	-1090935817
 4560 00fc F27871C6 		.word	-965641998
 4561              		.text
 4562              	.Letext0:
 4563              		.file 5 "/opt/st/stm32cubeclt_1.17.0/GNU-tools-for-STM32/arm-none-eabi/include/machine/_default_ty
 4564              		.file 6 "/opt/st/stm32cubeclt_1.17.0/GNU-tools-for-STM32/arm-none-eabi/include/sys/_stdint.h"
 4565              		.file 7 "Core/Inc/errors.h"
 4566              		.file 8 "/opt/st/stm32cubeclt_1.17.0/GNU-tools-for-STM32/lib/gcc/arm-none-eabi/12.3.1/include/stdd
 4567              		.file 9 "c_library_v2/common/../mavlink_types.h"
 4568              		.file 10 "Drivers/CMSIS/Device/ST/STM32F4xx/Include/stm32f405xx.h"
 4569              		.file 11 "Drivers/STM32F4xx_HAL_Driver/Inc/stm32f4xx_hal_def.h"
 4570              		.file 12 "Drivers/STM32F4xx_HAL_Driver/Inc/stm32f4xx_hal_dma.h"
 4571              		.file 13 "Drivers/STM32F4xx_HAL_Driver/Inc/stm32f4xx_hal_uart.h"
 4572              		.file 14 "/opt/st/stm32cubeclt_1.17.0/GNU-tools-for-STM32/arm-none-eabi/include/string.h"
 4573              		.file 15 "<built-in>"
ARM GAS  /tmp/ccNOss9U.s 			page 114


DEFINED SYMBOLS
                            *ABS*:00000000 comms.c
     /tmp/ccNOss9U.s:21     .text.crc_accumulate:00000000 $t
     /tmp/ccNOss9U.s:26     .text.crc_accumulate:00000000 crc_accumulate
     /tmp/ccNOss9U.s:68     .text.mavlink_sha256_calc:00000000 $t
     /tmp/ccNOss9U.s:73     .text.mavlink_sha256_calc:00000000 mavlink_sha256_calc
     /tmp/ccNOss9U.s:381    .text.mavlink_sha256_calc:00000158 $d
     /tmp/ccNOss9U.s:4496   .rodata.mavlink_sha256_constant_256:00000000 mavlink_sha256_constant_256
     /tmp/ccNOss9U.s:386    .text.mavlink_get_msg_entry:00000000 $t
     /tmp/ccNOss9U.s:391    .text.mavlink_get_msg_entry:00000000 mavlink_get_msg_entry
     /tmp/ccNOss9U.s:491    .text.mavlink_get_msg_entry:00000058 $d
     /tmp/ccNOss9U.s:2642   .rodata.mavlink_message_crcs.2:00000000 mavlink_message_crcs.2
     /tmp/ccNOss9U.s:496    .text.mavlink_sha256_update:00000000 $t
     /tmp/ccNOss9U.s:501    .text.mavlink_sha256_update:00000000 mavlink_sha256_update
     /tmp/ccNOss9U.s:679    .text.mavlink_sha256_final_48:00000000 $t
     /tmp/ccNOss9U.s:684    .text.mavlink_sha256_final_48:00000000 mavlink_sha256_final_48
     /tmp/ccNOss9U.s:834    .text.mavlink_signature_check:00000000 $t
     /tmp/ccNOss9U.s:839    .text.mavlink_signature_check:00000000 mavlink_signature_check
     /tmp/ccNOss9U.s:1239   .text.mavlink_signature_check:000001c0 $d
     /tmp/ccNOss9U.s:1251   .text.mavlink_frame_char_buffer:00000000 $t
     /tmp/ccNOss9U.s:1256   .text.mavlink_frame_char_buffer:00000000 mavlink_frame_char_buffer
     /tmp/ccNOss9U.s:1297   .text.mavlink_frame_char_buffer:0000001e $d
     /tmp/ccNOss9U.s:1313   .text.mavlink_frame_char_buffer:0000003e $t
     /tmp/ccNOss9U.s:2317   .text.mavlink_parse_char:00000000 $t
     /tmp/ccNOss9U.s:2322   .text.mavlink_parse_char:00000000 mavlink_parse_char
     /tmp/ccNOss9U.s:2502   .text.mavlink_parse_char:0000007c $d
     /tmp/ccNOss9U.s:2630   .bss.m_mavlink_status.0:00000000 m_mavlink_status.0
     /tmp/ccNOss9U.s:2636   .bss.m_mavlink_buffer.1:00000000 m_mavlink_buffer.1
     /tmp/ccNOss9U.s:2511   .text.comms_init:00000000 $t
     /tmp/ccNOss9U.s:2517   .text.comms_init:00000000 comms_init
     /tmp/ccNOss9U.s:2535   .text.comms_parse_byte:00000000 $t
     /tmp/ccNOss9U.s:2541   .text.comms_parse_byte:00000000 comms_parse_byte
     /tmp/ccNOss9U.s:2577   .text.comms_parse_byte:00000018 $d
     /tmp/ccNOss9U.s:4479   .bss.message_status:00000000 message_status
     /tmp/ccNOss9U.s:4485   .bss.mavlink_message:00000000 mavlink_message
     /tmp/ccNOss9U.s:4490   .bss.is_new_message:00000000 is_new_message
     /tmp/ccNOss9U.s:2584   .text.comms_transmit_message:00000000 $t
     /tmp/ccNOss9U.s:2590   .text.comms_transmit_message:00000000 comms_transmit_message
     /tmp/ccNOss9U.s:2604   .text.startCommsTask:00000000 $t
     /tmp/ccNOss9U.s:2610   .text.startCommsTask:00000000 startCommsTask
     /tmp/ccNOss9U.s:2627   .bss.m_mavlink_status.0:00000000 $d
     /tmp/ccNOss9U.s:2633   .bss.m_mavlink_buffer.1:00000000 $d
     /tmp/ccNOss9U.s:2639   .rodata.mavlink_message_crcs.2:00000000 $d
     /tmp/ccNOss9U.s:4476   .bss.message_status:00000000 $d
     /tmp/ccNOss9U.s:4482   .bss.mavlink_message:00000000 $d
     /tmp/ccNOss9U.s:4491   .bss.is_new_message:00000000 $d
     /tmp/ccNOss9U.s:4493   .rodata.mavlink_sha256_constant_256:00000000 $d

UNDEFINED SYMBOLS
memcpy
memset
memcmp
