ARM GAS  /tmp/cc4Xjn9z.s 			page 1


   1              		.cpu cortex-m4
   2              		.arch armv7e-m
   3              		.fpu fpv4-sp-d16
   4              		.eabi_attribute 27, 1
   5              		.eabi_attribute 28, 1
   6              		.eabi_attribute 20, 1
   7              		.eabi_attribute 21, 1
   8              		.eabi_attribute 23, 3
   9              		.eabi_attribute 24, 1
  10              		.eabi_attribute 25, 1
  11              		.eabi_attribute 26, 1
  12              		.eabi_attribute 30, 6
  13              		.eabi_attribute 34, 1
  14              		.eabi_attribute 18, 4
  15              		.file	"main.c"
  16              		.text
  17              	.Ltext0:
  18              		.cfi_sections	.debug_frame
  19              		.file 1 "Core/Src/main.c"
  20              		.global	hadc1
  21              		.section	.bss.hadc1,"aw",%nobits
  22              		.align	2
  25              	hadc1:
  26 0000 00000000 		.space	72
  26      00000000 
  26      00000000 
  26      00000000 
  26      00000000 
  27              		.global	hi2c1
  28              		.section	.bss.hi2c1,"aw",%nobits
  29              		.align	2
  32              	hi2c1:
  33 0000 00000000 		.space	84
  33      00000000 
  33      00000000 
  33      00000000 
  33      00000000 
  34              		.global	hspi1
  35              		.section	.bss.hspi1,"aw",%nobits
  36              		.align	2
  39              	hspi1:
  40 0000 00000000 		.space	88
  40      00000000 
  40      00000000 
  40      00000000 
  40      00000000 
  41              		.global	htim1
  42              		.section	.bss.htim1,"aw",%nobits
  43              		.align	2
  46              	htim1:
  47 0000 00000000 		.space	72
  47      00000000 
  47      00000000 
  47      00000000 
  47      00000000 
  48              		.global	htim2
  49              		.section	.bss.htim2,"aw",%nobits
ARM GAS  /tmp/cc4Xjn9z.s 			page 2


  50              		.align	2
  53              	htim2:
  54 0000 00000000 		.space	72
  54      00000000 
  54      00000000 
  54      00000000 
  54      00000000 
  55              		.global	htim3
  56              		.section	.bss.htim3,"aw",%nobits
  57              		.align	2
  60              	htim3:
  61 0000 00000000 		.space	72
  61      00000000 
  61      00000000 
  61      00000000 
  61      00000000 
  62              		.global	htim4
  63              		.section	.bss.htim4,"aw",%nobits
  64              		.align	2
  67              	htim4:
  68 0000 00000000 		.space	72
  68      00000000 
  68      00000000 
  68      00000000 
  68      00000000 
  69              		.global	htim8
  70              		.section	.bss.htim8,"aw",%nobits
  71              		.align	2
  74              	htim8:
  75 0000 00000000 		.space	72
  75      00000000 
  75      00000000 
  75      00000000 
  75      00000000 
  76              		.global	huart4
  77              		.section	.bss.huart4,"aw",%nobits
  78              		.align	2
  81              	huart4:
  82 0000 00000000 		.space	72
  82      00000000 
  82      00000000 
  82      00000000 
  82      00000000 
  83              		.global	huart5
  84              		.section	.bss.huart5,"aw",%nobits
  85              		.align	2
  88              	huart5:
  89 0000 00000000 		.space	72
  89      00000000 
  89      00000000 
  89      00000000 
  89      00000000 
  90              		.global	huart1
  91              		.section	.bss.huart1,"aw",%nobits
  92              		.align	2
  95              	huart1:
  96 0000 00000000 		.space	72
ARM GAS  /tmp/cc4Xjn9z.s 			page 3


  96      00000000 
  96      00000000 
  96      00000000 
  96      00000000 
  97              		.global	huart2
  98              		.section	.bss.huart2,"aw",%nobits
  99              		.align	2
 102              	huart2:
 103 0000 00000000 		.space	72
 103      00000000 
 103      00000000 
 103      00000000 
 103      00000000 
 104              		.global	huart3
 105              		.section	.bss.huart3,"aw",%nobits
 106              		.align	2
 109              	huart3:
 110 0000 00000000 		.space	72
 110      00000000 
 110      00000000 
 110      00000000 
 110      00000000 
 111              		.global	huart6
 112              		.section	.bss.huart6,"aw",%nobits
 113              		.align	2
 116              	huart6:
 117 0000 00000000 		.space	72
 117      00000000 
 117      00000000 
 117      00000000 
 117      00000000 
 118              		.section	.text.main,"ax",%progbits
 119              		.align	1
 120              		.global	main
 121              		.syntax unified
 122              		.thumb
 123              		.thumb_func
 125              	main:
 126              	.LFB239:
   1:Core/Src/main.c **** /* USER CODE BEGIN Header */
   2:Core/Src/main.c **** /**
   3:Core/Src/main.c ****   ******************************************************************************
   4:Core/Src/main.c ****   * @file           : main.c
   5:Core/Src/main.c ****   * @brief          : Main program body
   6:Core/Src/main.c ****   ******************************************************************************
   7:Core/Src/main.c ****   * @attention
   8:Core/Src/main.c ****   *
   9:Core/Src/main.c ****   * Copyright (c) 2025 STMicroelectronics.
  10:Core/Src/main.c ****   * All rights reserved.
  11:Core/Src/main.c ****   *
  12:Core/Src/main.c ****   * This software is licensed under terms that can be found in the LICENSE file
  13:Core/Src/main.c ****   * in the root directory of this software component.
  14:Core/Src/main.c ****   * If no LICENSE file comes with this software, it is provided AS-IS.
  15:Core/Src/main.c ****   *
  16:Core/Src/main.c ****   ******************************************************************************
  17:Core/Src/main.c ****   */
  18:Core/Src/main.c **** /* USER CODE END Header */
ARM GAS  /tmp/cc4Xjn9z.s 			page 4


  19:Core/Src/main.c **** /* Includes ------------------------------------------------------------------*/
  20:Core/Src/main.c **** #include "main.h"
  21:Core/Src/main.c **** 
  22:Core/Src/main.c **** /* Private includes ----------------------------------------------------------*/
  23:Core/Src/main.c **** /* USER CODE BEGIN Includes */
  24:Core/Src/main.c **** #include "Servo.h"
  25:Core/Src/main.c **** /* USER CODE END Includes */
  26:Core/Src/main.c **** 
  27:Core/Src/main.c **** /* Private typedef -----------------------------------------------------------*/
  28:Core/Src/main.c **** /* USER CODE BEGIN PTD */
  29:Core/Src/main.c **** 
  30:Core/Src/main.c **** /* USER CODE END PTD */
  31:Core/Src/main.c **** 
  32:Core/Src/main.c **** /* Private define ------------------------------------------------------------*/
  33:Core/Src/main.c **** /* USER CODE BEGIN PD */
  34:Core/Src/main.c **** 
  35:Core/Src/main.c **** /* USER CODE END PD */
  36:Core/Src/main.c **** 
  37:Core/Src/main.c **** /* Private macro -------------------------------------------------------------*/
  38:Core/Src/main.c **** /* USER CODE BEGIN PM */
  39:Core/Src/main.c **** 
  40:Core/Src/main.c **** /* USER CODE END PM */
  41:Core/Src/main.c **** 
  42:Core/Src/main.c **** /* Private variables ---------------------------------------------------------*/
  43:Core/Src/main.c **** ADC_HandleTypeDef hadc1;
  44:Core/Src/main.c **** 
  45:Core/Src/main.c **** I2C_HandleTypeDef hi2c1;
  46:Core/Src/main.c **** 
  47:Core/Src/main.c **** SPI_HandleTypeDef hspi1;
  48:Core/Src/main.c **** 
  49:Core/Src/main.c **** TIM_HandleTypeDef htim1;
  50:Core/Src/main.c **** TIM_HandleTypeDef htim2;
  51:Core/Src/main.c **** TIM_HandleTypeDef htim3;
  52:Core/Src/main.c **** TIM_HandleTypeDef htim4;
  53:Core/Src/main.c **** TIM_HandleTypeDef htim8;
  54:Core/Src/main.c **** 
  55:Core/Src/main.c **** UART_HandleTypeDef huart4;
  56:Core/Src/main.c **** UART_HandleTypeDef huart5;
  57:Core/Src/main.c **** UART_HandleTypeDef huart1;
  58:Core/Src/main.c **** UART_HandleTypeDef huart2;
  59:Core/Src/main.c **** UART_HandleTypeDef huart3;
  60:Core/Src/main.c **** UART_HandleTypeDef huart6;
  61:Core/Src/main.c **** 
  62:Core/Src/main.c **** /* USER CODE BEGIN PV */
  63:Core/Src/main.c **** 
  64:Core/Src/main.c **** /* USER CODE END PV */
  65:Core/Src/main.c **** 
  66:Core/Src/main.c **** /* Private function prototypes -----------------------------------------------*/
  67:Core/Src/main.c **** void SystemClock_Config(void);
  68:Core/Src/main.c **** static void MX_GPIO_Init(void);
  69:Core/Src/main.c **** static void MX_ADC1_Init(void);
  70:Core/Src/main.c **** static void MX_I2C1_Init(void);
  71:Core/Src/main.c **** static void MX_SPI1_Init(void);
  72:Core/Src/main.c **** static void MX_TIM1_Init(void);
  73:Core/Src/main.c **** static void MX_TIM2_Init(void);
  74:Core/Src/main.c **** static void MX_TIM3_Init(void);
  75:Core/Src/main.c **** static void MX_TIM4_Init(void);
ARM GAS  /tmp/cc4Xjn9z.s 			page 5


  76:Core/Src/main.c **** static void MX_TIM8_Init(void);
  77:Core/Src/main.c **** static void MX_UART4_Init(void);
  78:Core/Src/main.c **** static void MX_UART5_Init(void);
  79:Core/Src/main.c **** static void MX_USART1_UART_Init(void);
  80:Core/Src/main.c **** static void MX_USART2_UART_Init(void);
  81:Core/Src/main.c **** static void MX_USART3_UART_Init(void);
  82:Core/Src/main.c **** static void MX_USART6_UART_Init(void);
  83:Core/Src/main.c **** /* USER CODE BEGIN PFP */
  84:Core/Src/main.c **** 
  85:Core/Src/main.c **** /* USER CODE END PFP */
  86:Core/Src/main.c **** 
  87:Core/Src/main.c **** /* Private user code ---------------------------------------------------------*/
  88:Core/Src/main.c **** /* USER CODE BEGIN 0 */
  89:Core/Src/main.c **** 
  90:Core/Src/main.c **** /* USER CODE END 0 */
  91:Core/Src/main.c **** 
  92:Core/Src/main.c **** /**
  93:Core/Src/main.c ****   * @brief  The application entry point.
  94:Core/Src/main.c ****   * @retval int
  95:Core/Src/main.c ****   */
  96:Core/Src/main.c **** int main(void)
  97:Core/Src/main.c **** {
 127              		.loc 1 97 1
 128              		.cfi_startproc
 129              		@ args = 0, pretend = 0, frame = 0
 130              		@ frame_needed = 1, uses_anonymous_args = 0
 131 0000 80B5     		push	{r7, lr}
 132              	.LCFI0:
 133              		.cfi_def_cfa_offset 8
 134              		.cfi_offset 7, -8
 135              		.cfi_offset 14, -4
 136 0002 00AF     		add	r7, sp, #0
 137              	.LCFI1:
 138              		.cfi_def_cfa_register 7
  98:Core/Src/main.c **** 
  99:Core/Src/main.c ****   /* USER CODE BEGIN 1 */
 100:Core/Src/main.c **** 
 101:Core/Src/main.c ****   /* USER CODE END 1 */
 102:Core/Src/main.c **** 
 103:Core/Src/main.c ****   /* MCU Configuration--------------------------------------------------------*/
 104:Core/Src/main.c **** 
 105:Core/Src/main.c ****   /* Reset of all peripherals, Initializes the Flash interface and the Systick. */
 106:Core/Src/main.c ****   HAL_Init();
 139              		.loc 1 106 3
 140 0004 FFF7FEFF 		bl	HAL_Init
 107:Core/Src/main.c **** 
 108:Core/Src/main.c ****   /* USER CODE BEGIN Init */
 109:Core/Src/main.c **** 
 110:Core/Src/main.c ****   /* USER CODE END Init */
 111:Core/Src/main.c **** 
 112:Core/Src/main.c ****   /* Configure the system clock */
 113:Core/Src/main.c ****   SystemClock_Config();
 141              		.loc 1 113 3
 142 0008 FFF7FEFF 		bl	SystemClock_Config
 114:Core/Src/main.c **** 
 115:Core/Src/main.c ****   /* USER CODE BEGIN SysInit */
 116:Core/Src/main.c **** 
ARM GAS  /tmp/cc4Xjn9z.s 			page 6


 117:Core/Src/main.c ****   /* USER CODE END SysInit */
 118:Core/Src/main.c **** 
 119:Core/Src/main.c ****   /* Initialize all configured peripherals */
 120:Core/Src/main.c ****   MX_GPIO_Init();
 143              		.loc 1 120 3
 144 000c FFF7FEFF 		bl	MX_GPIO_Init
 121:Core/Src/main.c ****   MX_ADC1_Init();
 145              		.loc 1 121 3
 146 0010 FFF7FEFF 		bl	MX_ADC1_Init
 122:Core/Src/main.c ****   MX_I2C1_Init();
 147              		.loc 1 122 3
 148 0014 FFF7FEFF 		bl	MX_I2C1_Init
 123:Core/Src/main.c ****   MX_SPI1_Init();
 149              		.loc 1 123 3
 150 0018 FFF7FEFF 		bl	MX_SPI1_Init
 124:Core/Src/main.c ****   MX_TIM1_Init();
 151              		.loc 1 124 3
 152 001c FFF7FEFF 		bl	MX_TIM1_Init
 125:Core/Src/main.c ****   MX_TIM2_Init();
 153              		.loc 1 125 3
 154 0020 FFF7FEFF 		bl	MX_TIM2_Init
 126:Core/Src/main.c ****   MX_TIM3_Init();
 155              		.loc 1 126 3
 156 0024 FFF7FEFF 		bl	MX_TIM3_Init
 127:Core/Src/main.c ****   MX_TIM4_Init();
 157              		.loc 1 127 3
 158 0028 FFF7FEFF 		bl	MX_TIM4_Init
 128:Core/Src/main.c ****   MX_TIM8_Init();
 159              		.loc 1 128 3
 160 002c FFF7FEFF 		bl	MX_TIM8_Init
 129:Core/Src/main.c ****   MX_UART4_Init();
 161              		.loc 1 129 3
 162 0030 FFF7FEFF 		bl	MX_UART4_Init
 130:Core/Src/main.c ****   MX_UART5_Init();
 163              		.loc 1 130 3
 164 0034 FFF7FEFF 		bl	MX_UART5_Init
 131:Core/Src/main.c ****   MX_USART1_UART_Init();
 165              		.loc 1 131 3
 166 0038 FFF7FEFF 		bl	MX_USART1_UART_Init
 132:Core/Src/main.c ****   MX_USART2_UART_Init();
 167              		.loc 1 132 3
 168 003c FFF7FEFF 		bl	MX_USART2_UART_Init
 133:Core/Src/main.c ****   MX_USART3_UART_Init();
 169              		.loc 1 133 3
 170 0040 FFF7FEFF 		bl	MX_USART3_UART_Init
 134:Core/Src/main.c ****   MX_USART6_UART_Init();
 171              		.loc 1 134 3
 172 0044 FFF7FEFF 		bl	MX_USART6_UART_Init
 135:Core/Src/main.c ****   /* USER CODE BEGIN 2 */
 136:Core/Src/main.c ****   BSP_LED_Init(LED2);
 173              		.loc 1 136 3
 174 0048 0020     		movs	r0, #0
 175 004a FFF7FEFF 		bl	BSP_LED_Init
 176              	.L2:
 137:Core/Src/main.c ****   
 138:Core/Src/main.c **** 
 139:Core/Src/main.c ****   /* USER CODE END 2 */
ARM GAS  /tmp/cc4Xjn9z.s 			page 7


 140:Core/Src/main.c **** 
 141:Core/Src/main.c ****   /* Infinite loop */
 142:Core/Src/main.c ****   /* USER CODE BEGIN WHILE */
 143:Core/Src/main.c ****   while (1)
 144:Core/Src/main.c ****   {
 145:Core/Src/main.c ****     //BSP_LED_Toggle(LED2);
 146:Core/Src/main.c ****     /* USER CODE END WHILE */
 147:Core/Src/main.c ****     servo_test_all();
 177              		.loc 1 147 5 discriminator 1
 178 004e FFF7FEFF 		bl	servo_test_all
 179 0052 FCE7     		b	.L2
 180              		.cfi_endproc
 181              	.LFE239:
 183              		.section	.text.SystemClock_Config,"ax",%progbits
 184              		.align	1
 185              		.global	SystemClock_Config
 186              		.syntax unified
 187              		.thumb
 188              		.thumb_func
 190              	SystemClock_Config:
 191              	.LFB240:
 148:Core/Src/main.c ****     /* USER CODE BEGIN 3 */
 149:Core/Src/main.c ****   }
 150:Core/Src/main.c ****   /* USER CODE END 3 */
 151:Core/Src/main.c **** }
 152:Core/Src/main.c **** 
 153:Core/Src/main.c **** /**
 154:Core/Src/main.c ****   * @brief System Clock Configuration
 155:Core/Src/main.c ****   * @retval None
 156:Core/Src/main.c ****   */
 157:Core/Src/main.c **** void SystemClock_Config(void)
 158:Core/Src/main.c **** {
 192              		.loc 1 158 1
 193              		.cfi_startproc
 194              		@ args = 0, pretend = 0, frame = 80
 195              		@ frame_needed = 1, uses_anonymous_args = 0
 196 0000 80B5     		push	{r7, lr}
 197              	.LCFI2:
 198              		.cfi_def_cfa_offset 8
 199              		.cfi_offset 7, -8
 200              		.cfi_offset 14, -4
 201 0002 94B0     		sub	sp, sp, #80
 202              	.LCFI3:
 203              		.cfi_def_cfa_offset 88
 204 0004 00AF     		add	r7, sp, #0
 205              	.LCFI4:
 206              		.cfi_def_cfa_register 7
 159:Core/Src/main.c ****   RCC_OscInitTypeDef RCC_OscInitStruct = {0};
 207              		.loc 1 159 22
 208 0006 07F12003 		add	r3, r7, #32
 209 000a 3022     		movs	r2, #48
 210 000c 0021     		movs	r1, #0
 211 000e 1846     		mov	r0, r3
 212 0010 FFF7FEFF 		bl	memset
 160:Core/Src/main.c ****   RCC_ClkInitTypeDef RCC_ClkInitStruct = {0};
 213              		.loc 1 160 22
 214 0014 07F10C03 		add	r3, r7, #12
ARM GAS  /tmp/cc4Xjn9z.s 			page 8


 215 0018 0022     		movs	r2, #0
 216 001a 1A60     		str	r2, [r3]
 217 001c 5A60     		str	r2, [r3, #4]
 218 001e 9A60     		str	r2, [r3, #8]
 219 0020 DA60     		str	r2, [r3, #12]
 220 0022 1A61     		str	r2, [r3, #16]
 221              	.LBB4:
 161:Core/Src/main.c **** 
 162:Core/Src/main.c ****   /** Configure the main internal regulator output voltage
 163:Core/Src/main.c ****   */
 164:Core/Src/main.c ****   __HAL_RCC_PWR_CLK_ENABLE();
 222              		.loc 1 164 3
 223 0024 0023     		movs	r3, #0
 224 0026 BB60     		str	r3, [r7, #8]
 225 0028 284B     		ldr	r3, .L7
 226 002a 1B6C     		ldr	r3, [r3, #64]
 227 002c 274A     		ldr	r2, .L7
 228 002e 43F08053 		orr	r3, r3, #268435456
 229 0032 1364     		str	r3, [r2, #64]
 230 0034 254B     		ldr	r3, .L7
 231 0036 1B6C     		ldr	r3, [r3, #64]
 232 0038 03F08053 		and	r3, r3, #268435456
 233 003c BB60     		str	r3, [r7, #8]
 234 003e BB68     		ldr	r3, [r7, #8]
 235              	.LBE4:
 236              	.LBB5:
 165:Core/Src/main.c ****   __HAL_PWR_VOLTAGESCALING_CONFIG(PWR_REGULATOR_VOLTAGE_SCALE1);
 237              		.loc 1 165 3
 238 0040 0023     		movs	r3, #0
 239 0042 7B60     		str	r3, [r7, #4]
 240 0044 224B     		ldr	r3, .L7+4
 241 0046 1B68     		ldr	r3, [r3]
 242 0048 214A     		ldr	r2, .L7+4
 243 004a 43F48043 		orr	r3, r3, #16384
 244 004e 1360     		str	r3, [r2]
 245 0050 1F4B     		ldr	r3, .L7+4
 246 0052 1B68     		ldr	r3, [r3]
 247 0054 03F48043 		and	r3, r3, #16384
 248 0058 7B60     		str	r3, [r7, #4]
 249 005a 7B68     		ldr	r3, [r7, #4]
 250              	.LBE5:
 166:Core/Src/main.c **** 
 167:Core/Src/main.c ****   /** Initializes the RCC Oscillators according to the specified parameters
 168:Core/Src/main.c ****   * in the RCC_OscInitTypeDef structure.
 169:Core/Src/main.c ****   */
 170:Core/Src/main.c ****   RCC_OscInitStruct.OscillatorType = RCC_OSCILLATORTYPE_HSI;
 251              		.loc 1 170 36
 252 005c 0223     		movs	r3, #2
 253 005e 3B62     		str	r3, [r7, #32]
 171:Core/Src/main.c ****   RCC_OscInitStruct.HSIState = RCC_HSI_ON;
 254              		.loc 1 171 30
 255 0060 0123     		movs	r3, #1
 256 0062 FB62     		str	r3, [r7, #44]
 172:Core/Src/main.c ****   RCC_OscInitStruct.HSICalibrationValue = RCC_HSICALIBRATION_DEFAULT;
 257              		.loc 1 172 41
 258 0064 1023     		movs	r3, #16
 259 0066 3B63     		str	r3, [r7, #48]
ARM GAS  /tmp/cc4Xjn9z.s 			page 9


 173:Core/Src/main.c ****   RCC_OscInitStruct.PLL.PLLState = RCC_PLL_ON;
 260              		.loc 1 173 34
 261 0068 0223     		movs	r3, #2
 262 006a BB63     		str	r3, [r7, #56]
 174:Core/Src/main.c ****   RCC_OscInitStruct.PLL.PLLSource = RCC_PLLSOURCE_HSI;
 263              		.loc 1 174 35
 264 006c 0023     		movs	r3, #0
 265 006e FB63     		str	r3, [r7, #60]
 175:Core/Src/main.c ****   RCC_OscInitStruct.PLL.PLLM = 8;
 266              		.loc 1 175 30
 267 0070 0823     		movs	r3, #8
 268 0072 3B64     		str	r3, [r7, #64]
 176:Core/Src/main.c ****   RCC_OscInitStruct.PLL.PLLN = 168;
 269              		.loc 1 176 30
 270 0074 A823     		movs	r3, #168
 271 0076 7B64     		str	r3, [r7, #68]
 177:Core/Src/main.c ****   RCC_OscInitStruct.PLL.PLLP = RCC_PLLP_DIV2;
 272              		.loc 1 177 30
 273 0078 0223     		movs	r3, #2
 274 007a BB64     		str	r3, [r7, #72]
 178:Core/Src/main.c ****   RCC_OscInitStruct.PLL.PLLQ = 4;
 275              		.loc 1 178 30
 276 007c 0423     		movs	r3, #4
 277 007e FB64     		str	r3, [r7, #76]
 179:Core/Src/main.c ****   if (HAL_RCC_OscConfig(&RCC_OscInitStruct) != HAL_OK)
 278              		.loc 1 179 7
 279 0080 07F12003 		add	r3, r7, #32
 280 0084 1846     		mov	r0, r3
 281 0086 FFF7FEFF 		bl	HAL_RCC_OscConfig
 282 008a 0346     		mov	r3, r0
 283              		.loc 1 179 6
 284 008c 002B     		cmp	r3, #0
 285 008e 01D0     		beq	.L4
 180:Core/Src/main.c ****   {
 181:Core/Src/main.c ****     Error_Handler();
 286              		.loc 1 181 5
 287 0090 FFF7FEFF 		bl	Error_Handler
 288              	.L4:
 182:Core/Src/main.c ****   }
 183:Core/Src/main.c **** 
 184:Core/Src/main.c ****   /** Initializes the CPU, AHB and APB buses clocks
 185:Core/Src/main.c ****   */
 186:Core/Src/main.c ****   RCC_ClkInitStruct.ClockType = RCC_CLOCKTYPE_HCLK|RCC_CLOCKTYPE_SYSCLK
 289              		.loc 1 186 31
 290 0094 0F23     		movs	r3, #15
 291 0096 FB60     		str	r3, [r7, #12]
 187:Core/Src/main.c ****                               |RCC_CLOCKTYPE_PCLK1|RCC_CLOCKTYPE_PCLK2;
 188:Core/Src/main.c ****   RCC_ClkInitStruct.SYSCLKSource = RCC_SYSCLKSOURCE_PLLCLK;
 292              		.loc 1 188 34
 293 0098 0223     		movs	r3, #2
 294 009a 3B61     		str	r3, [r7, #16]
 189:Core/Src/main.c ****   RCC_ClkInitStruct.AHBCLKDivider = RCC_SYSCLK_DIV1;
 295              		.loc 1 189 35
 296 009c 0023     		movs	r3, #0
 297 009e 7B61     		str	r3, [r7, #20]
 190:Core/Src/main.c ****   RCC_ClkInitStruct.APB1CLKDivider = RCC_HCLK_DIV4;
 298              		.loc 1 190 36
ARM GAS  /tmp/cc4Xjn9z.s 			page 10


 299 00a0 4FF4A053 		mov	r3, #5120
 300 00a4 BB61     		str	r3, [r7, #24]
 191:Core/Src/main.c ****   RCC_ClkInitStruct.APB2CLKDivider = RCC_HCLK_DIV2;
 301              		.loc 1 191 36
 302 00a6 4FF48053 		mov	r3, #4096
 303 00aa FB61     		str	r3, [r7, #28]
 192:Core/Src/main.c **** 
 193:Core/Src/main.c ****   if (HAL_RCC_ClockConfig(&RCC_ClkInitStruct, FLASH_LATENCY_5) != HAL_OK)
 304              		.loc 1 193 7
 305 00ac 07F10C03 		add	r3, r7, #12
 306 00b0 0521     		movs	r1, #5
 307 00b2 1846     		mov	r0, r3
 308 00b4 FFF7FEFF 		bl	HAL_RCC_ClockConfig
 309 00b8 0346     		mov	r3, r0
 310              		.loc 1 193 6
 311 00ba 002B     		cmp	r3, #0
 312 00bc 01D0     		beq	.L6
 194:Core/Src/main.c ****   {
 195:Core/Src/main.c ****     Error_Handler();
 313              		.loc 1 195 5
 314 00be FFF7FEFF 		bl	Error_Handler
 315              	.L6:
 196:Core/Src/main.c ****   }
 197:Core/Src/main.c **** }
 316              		.loc 1 197 1
 317 00c2 00BF     		nop
 318 00c4 5037     		adds	r7, r7, #80
 319              	.LCFI5:
 320              		.cfi_def_cfa_offset 8
 321 00c6 BD46     		mov	sp, r7
 322              	.LCFI6:
 323              		.cfi_def_cfa_register 13
 324              		@ sp needed
 325 00c8 80BD     		pop	{r7, pc}
 326              	.L8:
 327 00ca 00BF     		.align	2
 328              	.L7:
 329 00cc 00380240 		.word	1073887232
 330 00d0 00700040 		.word	1073770496
 331              		.cfi_endproc
 332              	.LFE240:
 334              		.section	.text.MX_ADC1_Init,"ax",%progbits
 335              		.align	1
 336              		.syntax unified
 337              		.thumb
 338              		.thumb_func
 340              	MX_ADC1_Init:
 341              	.LFB241:
 198:Core/Src/main.c **** 
 199:Core/Src/main.c **** /**
 200:Core/Src/main.c ****   * @brief ADC1 Initialization Function
 201:Core/Src/main.c ****   * @param None
 202:Core/Src/main.c ****   * @retval None
 203:Core/Src/main.c ****   */
 204:Core/Src/main.c **** static void MX_ADC1_Init(void)
 205:Core/Src/main.c **** {
 342              		.loc 1 205 1
ARM GAS  /tmp/cc4Xjn9z.s 			page 11


 343              		.cfi_startproc
 344              		@ args = 0, pretend = 0, frame = 16
 345              		@ frame_needed = 1, uses_anonymous_args = 0
 346 0000 80B5     		push	{r7, lr}
 347              	.LCFI7:
 348              		.cfi_def_cfa_offset 8
 349              		.cfi_offset 7, -8
 350              		.cfi_offset 14, -4
 351 0002 84B0     		sub	sp, sp, #16
 352              	.LCFI8:
 353              		.cfi_def_cfa_offset 24
 354 0004 00AF     		add	r7, sp, #0
 355              	.LCFI9:
 356              		.cfi_def_cfa_register 7
 206:Core/Src/main.c **** 
 207:Core/Src/main.c ****   /* USER CODE BEGIN ADC1_Init 0 */
 208:Core/Src/main.c **** 
 209:Core/Src/main.c ****   /* USER CODE END ADC1_Init 0 */
 210:Core/Src/main.c **** 
 211:Core/Src/main.c ****   ADC_ChannelConfTypeDef sConfig = {0};
 357              		.loc 1 211 26
 358 0006 3B46     		mov	r3, r7
 359 0008 0022     		movs	r2, #0
 360 000a 1A60     		str	r2, [r3]
 361 000c 5A60     		str	r2, [r3, #4]
 362 000e 9A60     		str	r2, [r3, #8]
 363 0010 DA60     		str	r2, [r3, #12]
 212:Core/Src/main.c **** 
 213:Core/Src/main.c ****   /* USER CODE BEGIN ADC1_Init 1 */
 214:Core/Src/main.c **** 
 215:Core/Src/main.c ****   /* USER CODE END ADC1_Init 1 */
 216:Core/Src/main.c **** 
 217:Core/Src/main.c ****   /** Configure the global features of the ADC (Clock, Resolution, Data Alignment and number of con
 218:Core/Src/main.c ****   */
 219:Core/Src/main.c ****   hadc1.Instance = ADC1;
 364              		.loc 1 219 18
 365 0012 214B     		ldr	r3, .L13
 366 0014 214A     		ldr	r2, .L13+4
 367 0016 1A60     		str	r2, [r3]
 220:Core/Src/main.c ****   hadc1.Init.ClockPrescaler = ADC_CLOCK_SYNC_PCLK_DIV4;
 368              		.loc 1 220 29
 369 0018 1F4B     		ldr	r3, .L13
 370 001a 4FF48032 		mov	r2, #65536
 371 001e 5A60     		str	r2, [r3, #4]
 221:Core/Src/main.c ****   hadc1.Init.Resolution = ADC_RESOLUTION_12B;
 372              		.loc 1 221 25
 373 0020 1D4B     		ldr	r3, .L13
 374 0022 0022     		movs	r2, #0
 375 0024 9A60     		str	r2, [r3, #8]
 222:Core/Src/main.c ****   hadc1.Init.ScanConvMode = DISABLE;
 376              		.loc 1 222 27
 377 0026 1C4B     		ldr	r3, .L13
 378 0028 0022     		movs	r2, #0
 379 002a 1A61     		str	r2, [r3, #16]
 223:Core/Src/main.c ****   hadc1.Init.ContinuousConvMode = DISABLE;
 380              		.loc 1 223 33
 381 002c 1A4B     		ldr	r3, .L13
ARM GAS  /tmp/cc4Xjn9z.s 			page 12


 382 002e 0022     		movs	r2, #0
 383 0030 1A76     		strb	r2, [r3, #24]
 224:Core/Src/main.c ****   hadc1.Init.DiscontinuousConvMode = DISABLE;
 384              		.loc 1 224 36
 385 0032 194B     		ldr	r3, .L13
 386 0034 0022     		movs	r2, #0
 387 0036 83F82020 		strb	r2, [r3, #32]
 225:Core/Src/main.c ****   hadc1.Init.ExternalTrigConvEdge = ADC_EXTERNALTRIGCONVEDGE_NONE;
 388              		.loc 1 225 35
 389 003a 174B     		ldr	r3, .L13
 390 003c 0022     		movs	r2, #0
 391 003e DA62     		str	r2, [r3, #44]
 226:Core/Src/main.c ****   hadc1.Init.ExternalTrigConv = ADC_SOFTWARE_START;
 392              		.loc 1 226 31
 393 0040 154B     		ldr	r3, .L13
 394 0042 174A     		ldr	r2, .L13+8
 395 0044 9A62     		str	r2, [r3, #40]
 227:Core/Src/main.c ****   hadc1.Init.DataAlign = ADC_DATAALIGN_RIGHT;
 396              		.loc 1 227 24
 397 0046 144B     		ldr	r3, .L13
 398 0048 0022     		movs	r2, #0
 399 004a DA60     		str	r2, [r3, #12]
 228:Core/Src/main.c ****   hadc1.Init.NbrOfConversion = 1;
 400              		.loc 1 228 30
 401 004c 124B     		ldr	r3, .L13
 402 004e 0122     		movs	r2, #1
 403 0050 DA61     		str	r2, [r3, #28]
 229:Core/Src/main.c ****   hadc1.Init.DMAContinuousRequests = DISABLE;
 404              		.loc 1 229 36
 405 0052 114B     		ldr	r3, .L13
 406 0054 0022     		movs	r2, #0
 407 0056 83F83020 		strb	r2, [r3, #48]
 230:Core/Src/main.c ****   hadc1.Init.EOCSelection = ADC_EOC_SINGLE_CONV;
 408              		.loc 1 230 27
 409 005a 0F4B     		ldr	r3, .L13
 410 005c 0122     		movs	r2, #1
 411 005e 5A61     		str	r2, [r3, #20]
 231:Core/Src/main.c ****   if (HAL_ADC_Init(&hadc1) != HAL_OK)
 412              		.loc 1 231 7
 413 0060 0D48     		ldr	r0, .L13
 414 0062 FFF7FEFF 		bl	HAL_ADC_Init
 415 0066 0346     		mov	r3, r0
 416              		.loc 1 231 6
 417 0068 002B     		cmp	r3, #0
 418 006a 01D0     		beq	.L10
 232:Core/Src/main.c ****   {
 233:Core/Src/main.c ****     Error_Handler();
 419              		.loc 1 233 5
 420 006c FFF7FEFF 		bl	Error_Handler
 421              	.L10:
 234:Core/Src/main.c ****   }
 235:Core/Src/main.c **** 
 236:Core/Src/main.c ****   /** Configure for the selected ADC regular channel its corresponding rank in the sequencer and it
 237:Core/Src/main.c ****   */
 238:Core/Src/main.c ****   sConfig.Channel = ADC_CHANNEL_10;
 422              		.loc 1 238 19
 423 0070 0A23     		movs	r3, #10
ARM GAS  /tmp/cc4Xjn9z.s 			page 13


 424 0072 3B60     		str	r3, [r7]
 239:Core/Src/main.c ****   sConfig.Rank = 1;
 425              		.loc 1 239 16
 426 0074 0123     		movs	r3, #1
 427 0076 7B60     		str	r3, [r7, #4]
 240:Core/Src/main.c ****   sConfig.SamplingTime = ADC_SAMPLETIME_3CYCLES;
 428              		.loc 1 240 24
 429 0078 0023     		movs	r3, #0
 430 007a BB60     		str	r3, [r7, #8]
 241:Core/Src/main.c ****   if (HAL_ADC_ConfigChannel(&hadc1, &sConfig) != HAL_OK)
 431              		.loc 1 241 7
 432 007c 3B46     		mov	r3, r7
 433 007e 1946     		mov	r1, r3
 434 0080 0548     		ldr	r0, .L13
 435 0082 FFF7FEFF 		bl	HAL_ADC_ConfigChannel
 436 0086 0346     		mov	r3, r0
 437              		.loc 1 241 6
 438 0088 002B     		cmp	r3, #0
 439 008a 01D0     		beq	.L12
 242:Core/Src/main.c ****   {
 243:Core/Src/main.c ****     Error_Handler();
 440              		.loc 1 243 5
 441 008c FFF7FEFF 		bl	Error_Handler
 442              	.L12:
 244:Core/Src/main.c ****   }
 245:Core/Src/main.c ****   /* USER CODE BEGIN ADC1_Init 2 */
 246:Core/Src/main.c **** 
 247:Core/Src/main.c ****   /* USER CODE END ADC1_Init 2 */
 248:Core/Src/main.c **** 
 249:Core/Src/main.c **** }
 443              		.loc 1 249 1
 444 0090 00BF     		nop
 445 0092 1037     		adds	r7, r7, #16
 446              	.LCFI10:
 447              		.cfi_def_cfa_offset 8
 448 0094 BD46     		mov	sp, r7
 449              	.LCFI11:
 450              		.cfi_def_cfa_register 13
 451              		@ sp needed
 452 0096 80BD     		pop	{r7, pc}
 453              	.L14:
 454              		.align	2
 455              	.L13:
 456 0098 00000000 		.word	hadc1
 457 009c 00200140 		.word	1073815552
 458 00a0 0100000F 		.word	251658241
 459              		.cfi_endproc
 460              	.LFE241:
 462              		.section	.text.MX_I2C1_Init,"ax",%progbits
 463              		.align	1
 464              		.syntax unified
 465              		.thumb
 466              		.thumb_func
 468              	MX_I2C1_Init:
 469              	.LFB242:
 250:Core/Src/main.c **** 
 251:Core/Src/main.c **** /**
ARM GAS  /tmp/cc4Xjn9z.s 			page 14


 252:Core/Src/main.c ****   * @brief I2C1 Initialization Function
 253:Core/Src/main.c ****   * @param None
 254:Core/Src/main.c ****   * @retval None
 255:Core/Src/main.c ****   */
 256:Core/Src/main.c **** static void MX_I2C1_Init(void)
 257:Core/Src/main.c **** {
 470              		.loc 1 257 1
 471              		.cfi_startproc
 472              		@ args = 0, pretend = 0, frame = 0
 473              		@ frame_needed = 1, uses_anonymous_args = 0
 474 0000 80B5     		push	{r7, lr}
 475              	.LCFI12:
 476              		.cfi_def_cfa_offset 8
 477              		.cfi_offset 7, -8
 478              		.cfi_offset 14, -4
 479 0002 00AF     		add	r7, sp, #0
 480              	.LCFI13:
 481              		.cfi_def_cfa_register 7
 258:Core/Src/main.c **** 
 259:Core/Src/main.c ****   /* USER CODE BEGIN I2C1_Init 0 */
 260:Core/Src/main.c **** 
 261:Core/Src/main.c ****   /* USER CODE END I2C1_Init 0 */
 262:Core/Src/main.c **** 
 263:Core/Src/main.c ****   /* USER CODE BEGIN I2C1_Init 1 */
 264:Core/Src/main.c **** 
 265:Core/Src/main.c ****   /* USER CODE END I2C1_Init 1 */
 266:Core/Src/main.c ****   hi2c1.Instance = I2C1;
 482              		.loc 1 266 18
 483 0004 124B     		ldr	r3, .L18
 484 0006 134A     		ldr	r2, .L18+4
 485 0008 1A60     		str	r2, [r3]
 267:Core/Src/main.c ****   hi2c1.Init.ClockSpeed = 100000;
 486              		.loc 1 267 25
 487 000a 114B     		ldr	r3, .L18
 488 000c 124A     		ldr	r2, .L18+8
 489 000e 5A60     		str	r2, [r3, #4]
 268:Core/Src/main.c ****   hi2c1.Init.DutyCycle = I2C_DUTYCYCLE_2;
 490              		.loc 1 268 24
 491 0010 0F4B     		ldr	r3, .L18
 492 0012 0022     		movs	r2, #0
 493 0014 9A60     		str	r2, [r3, #8]
 269:Core/Src/main.c ****   hi2c1.Init.OwnAddress1 = 0;
 494              		.loc 1 269 26
 495 0016 0E4B     		ldr	r3, .L18
 496 0018 0022     		movs	r2, #0
 497 001a DA60     		str	r2, [r3, #12]
 270:Core/Src/main.c ****   hi2c1.Init.AddressingMode = I2C_ADDRESSINGMODE_7BIT;
 498              		.loc 1 270 29
 499 001c 0C4B     		ldr	r3, .L18
 500 001e 4FF48042 		mov	r2, #16384
 501 0022 1A61     		str	r2, [r3, #16]
 271:Core/Src/main.c ****   hi2c1.Init.DualAddressMode = I2C_DUALADDRESS_DISABLE;
 502              		.loc 1 271 30
 503 0024 0A4B     		ldr	r3, .L18
 504 0026 0022     		movs	r2, #0
 505 0028 5A61     		str	r2, [r3, #20]
 272:Core/Src/main.c ****   hi2c1.Init.OwnAddress2 = 0;
ARM GAS  /tmp/cc4Xjn9z.s 			page 15


 506              		.loc 1 272 26
 507 002a 094B     		ldr	r3, .L18
 508 002c 0022     		movs	r2, #0
 509 002e 9A61     		str	r2, [r3, #24]
 273:Core/Src/main.c ****   hi2c1.Init.GeneralCallMode = I2C_GENERALCALL_DISABLE;
 510              		.loc 1 273 30
 511 0030 074B     		ldr	r3, .L18
 512 0032 0022     		movs	r2, #0
 513 0034 DA61     		str	r2, [r3, #28]
 274:Core/Src/main.c ****   hi2c1.Init.NoStretchMode = I2C_NOSTRETCH_DISABLE;
 514              		.loc 1 274 28
 515 0036 064B     		ldr	r3, .L18
 516 0038 0022     		movs	r2, #0
 517 003a 1A62     		str	r2, [r3, #32]
 275:Core/Src/main.c ****   if (HAL_I2C_Init(&hi2c1) != HAL_OK)
 518              		.loc 1 275 7
 519 003c 0448     		ldr	r0, .L18
 520 003e FFF7FEFF 		bl	HAL_I2C_Init
 521 0042 0346     		mov	r3, r0
 522              		.loc 1 275 6
 523 0044 002B     		cmp	r3, #0
 524 0046 01D0     		beq	.L17
 276:Core/Src/main.c ****   {
 277:Core/Src/main.c ****     Error_Handler();
 525              		.loc 1 277 5
 526 0048 FFF7FEFF 		bl	Error_Handler
 527              	.L17:
 278:Core/Src/main.c ****   }
 279:Core/Src/main.c ****   /* USER CODE BEGIN I2C1_Init 2 */
 280:Core/Src/main.c **** 
 281:Core/Src/main.c ****   /* USER CODE END I2C1_Init 2 */
 282:Core/Src/main.c **** 
 283:Core/Src/main.c **** }
 528              		.loc 1 283 1
 529 004c 00BF     		nop
 530 004e 80BD     		pop	{r7, pc}
 531              	.L19:
 532              		.align	2
 533              	.L18:
 534 0050 00000000 		.word	hi2c1
 535 0054 00540040 		.word	1073763328
 536 0058 A0860100 		.word	100000
 537              		.cfi_endproc
 538              	.LFE242:
 540              		.section	.text.MX_SPI1_Init,"ax",%progbits
 541              		.align	1
 542              		.syntax unified
 543              		.thumb
 544              		.thumb_func
 546              	MX_SPI1_Init:
 547              	.LFB243:
 284:Core/Src/main.c **** 
 285:Core/Src/main.c **** /**
 286:Core/Src/main.c ****   * @brief SPI1 Initialization Function
 287:Core/Src/main.c ****   * @param None
 288:Core/Src/main.c ****   * @retval None
 289:Core/Src/main.c ****   */
ARM GAS  /tmp/cc4Xjn9z.s 			page 16


 290:Core/Src/main.c **** static void MX_SPI1_Init(void)
 291:Core/Src/main.c **** {
 548              		.loc 1 291 1
 549              		.cfi_startproc
 550              		@ args = 0, pretend = 0, frame = 0
 551              		@ frame_needed = 1, uses_anonymous_args = 0
 552 0000 80B5     		push	{r7, lr}
 553              	.LCFI14:
 554              		.cfi_def_cfa_offset 8
 555              		.cfi_offset 7, -8
 556              		.cfi_offset 14, -4
 557 0002 00AF     		add	r7, sp, #0
 558              	.LCFI15:
 559              		.cfi_def_cfa_register 7
 292:Core/Src/main.c **** 
 293:Core/Src/main.c ****   /* USER CODE BEGIN SPI1_Init 0 */
 294:Core/Src/main.c **** 
 295:Core/Src/main.c ****   /* USER CODE END SPI1_Init 0 */
 296:Core/Src/main.c **** 
 297:Core/Src/main.c ****   /* USER CODE BEGIN SPI1_Init 1 */
 298:Core/Src/main.c **** 
 299:Core/Src/main.c ****   /* USER CODE END SPI1_Init 1 */
 300:Core/Src/main.c ****   /* SPI1 parameter configuration*/
 301:Core/Src/main.c ****   hspi1.Instance = SPI1;
 560              		.loc 1 301 18
 561 0004 174B     		ldr	r3, .L23
 562 0006 184A     		ldr	r2, .L23+4
 563 0008 1A60     		str	r2, [r3]
 302:Core/Src/main.c ****   hspi1.Init.Mode = SPI_MODE_MASTER;
 564              		.loc 1 302 19
 565 000a 164B     		ldr	r3, .L23
 566 000c 4FF48272 		mov	r2, #260
 567 0010 5A60     		str	r2, [r3, #4]
 303:Core/Src/main.c ****   hspi1.Init.Direction = SPI_DIRECTION_2LINES;
 568              		.loc 1 303 24
 569 0012 144B     		ldr	r3, .L23
 570 0014 0022     		movs	r2, #0
 571 0016 9A60     		str	r2, [r3, #8]
 304:Core/Src/main.c ****   hspi1.Init.DataSize = SPI_DATASIZE_8BIT;
 572              		.loc 1 304 23
 573 0018 124B     		ldr	r3, .L23
 574 001a 0022     		movs	r2, #0
 575 001c DA60     		str	r2, [r3, #12]
 305:Core/Src/main.c ****   hspi1.Init.CLKPolarity = SPI_POLARITY_LOW;
 576              		.loc 1 305 26
 577 001e 114B     		ldr	r3, .L23
 578 0020 0022     		movs	r2, #0
 579 0022 1A61     		str	r2, [r3, #16]
 306:Core/Src/main.c ****   hspi1.Init.CLKPhase = SPI_PHASE_1EDGE;
 580              		.loc 1 306 23
 581 0024 0F4B     		ldr	r3, .L23
 582 0026 0022     		movs	r2, #0
 583 0028 5A61     		str	r2, [r3, #20]
 307:Core/Src/main.c ****   hspi1.Init.NSS = SPI_NSS_SOFT;
 584              		.loc 1 307 18
 585 002a 0E4B     		ldr	r3, .L23
 586 002c 4FF40072 		mov	r2, #512
ARM GAS  /tmp/cc4Xjn9z.s 			page 17


 587 0030 9A61     		str	r2, [r3, #24]
 308:Core/Src/main.c ****   hspi1.Init.BaudRatePrescaler = SPI_BAUDRATEPRESCALER_2;
 588              		.loc 1 308 32
 589 0032 0C4B     		ldr	r3, .L23
 590 0034 0022     		movs	r2, #0
 591 0036 DA61     		str	r2, [r3, #28]
 309:Core/Src/main.c ****   hspi1.Init.FirstBit = SPI_FIRSTBIT_MSB;
 592              		.loc 1 309 23
 593 0038 0A4B     		ldr	r3, .L23
 594 003a 0022     		movs	r2, #0
 595 003c 1A62     		str	r2, [r3, #32]
 310:Core/Src/main.c ****   hspi1.Init.TIMode = SPI_TIMODE_DISABLE;
 596              		.loc 1 310 21
 597 003e 094B     		ldr	r3, .L23
 598 0040 0022     		movs	r2, #0
 599 0042 5A62     		str	r2, [r3, #36]
 311:Core/Src/main.c ****   hspi1.Init.CRCCalculation = SPI_CRCCALCULATION_DISABLE;
 600              		.loc 1 311 29
 601 0044 074B     		ldr	r3, .L23
 602 0046 0022     		movs	r2, #0
 603 0048 9A62     		str	r2, [r3, #40]
 312:Core/Src/main.c ****   hspi1.Init.CRCPolynomial = 10;
 604              		.loc 1 312 28
 605 004a 064B     		ldr	r3, .L23
 606 004c 0A22     		movs	r2, #10
 607 004e DA62     		str	r2, [r3, #44]
 313:Core/Src/main.c ****   if (HAL_SPI_Init(&hspi1) != HAL_OK)
 608              		.loc 1 313 7
 609 0050 0448     		ldr	r0, .L23
 610 0052 FFF7FEFF 		bl	HAL_SPI_Init
 611 0056 0346     		mov	r3, r0
 612              		.loc 1 313 6
 613 0058 002B     		cmp	r3, #0
 614 005a 01D0     		beq	.L22
 314:Core/Src/main.c ****   {
 315:Core/Src/main.c ****     Error_Handler();
 615              		.loc 1 315 5
 616 005c FFF7FEFF 		bl	Error_Handler
 617              	.L22:
 316:Core/Src/main.c ****   }
 317:Core/Src/main.c ****   /* USER CODE BEGIN SPI1_Init 2 */
 318:Core/Src/main.c **** 
 319:Core/Src/main.c ****   /* USER CODE END SPI1_Init 2 */
 320:Core/Src/main.c **** 
 321:Core/Src/main.c **** }
 618              		.loc 1 321 1
 619 0060 00BF     		nop
 620 0062 80BD     		pop	{r7, pc}
 621              	.L24:
 622              		.align	2
 623              	.L23:
 624 0064 00000000 		.word	hspi1
 625 0068 00300140 		.word	1073819648
 626              		.cfi_endproc
 627              	.LFE243:
 629              		.section	.text.MX_TIM1_Init,"ax",%progbits
 630              		.align	1
ARM GAS  /tmp/cc4Xjn9z.s 			page 18


 631              		.syntax unified
 632              		.thumb
 633              		.thumb_func
 635              	MX_TIM1_Init:
 636              	.LFB244:
 322:Core/Src/main.c **** 
 323:Core/Src/main.c **** /**
 324:Core/Src/main.c ****   * @brief TIM1 Initialization Function
 325:Core/Src/main.c ****   * @param None
 326:Core/Src/main.c ****   * @retval None
 327:Core/Src/main.c ****   */
 328:Core/Src/main.c **** static void MX_TIM1_Init(void)
 329:Core/Src/main.c **** {
 637              		.loc 1 329 1
 638              		.cfi_startproc
 639              		@ args = 0, pretend = 0, frame = 88
 640              		@ frame_needed = 1, uses_anonymous_args = 0
 641 0000 80B5     		push	{r7, lr}
 642              	.LCFI16:
 643              		.cfi_def_cfa_offset 8
 644              		.cfi_offset 7, -8
 645              		.cfi_offset 14, -4
 646 0002 96B0     		sub	sp, sp, #88
 647              	.LCFI17:
 648              		.cfi_def_cfa_offset 96
 649 0004 00AF     		add	r7, sp, #0
 650              	.LCFI18:
 651              		.cfi_def_cfa_register 7
 330:Core/Src/main.c **** 
 331:Core/Src/main.c ****   /* USER CODE BEGIN TIM1_Init 0 */
 332:Core/Src/main.c **** 
 333:Core/Src/main.c ****   /* USER CODE END TIM1_Init 0 */
 334:Core/Src/main.c **** 
 335:Core/Src/main.c ****   TIM_ClockConfigTypeDef sClockSourceConfig = {0};
 652              		.loc 1 335 26
 653 0006 07F14803 		add	r3, r7, #72
 654 000a 0022     		movs	r2, #0
 655 000c 1A60     		str	r2, [r3]
 656 000e 5A60     		str	r2, [r3, #4]
 657 0010 9A60     		str	r2, [r3, #8]
 658 0012 DA60     		str	r2, [r3, #12]
 336:Core/Src/main.c ****   TIM_MasterConfigTypeDef sMasterConfig = {0};
 659              		.loc 1 336 27
 660 0014 07F14003 		add	r3, r7, #64
 661 0018 0022     		movs	r2, #0
 662 001a 1A60     		str	r2, [r3]
 663 001c 5A60     		str	r2, [r3, #4]
 337:Core/Src/main.c ****   TIM_OC_InitTypeDef sConfigOC = {0};
 664              		.loc 1 337 22
 665 001e 07F12403 		add	r3, r7, #36
 666 0022 0022     		movs	r2, #0
 667 0024 1A60     		str	r2, [r3]
 668 0026 5A60     		str	r2, [r3, #4]
 669 0028 9A60     		str	r2, [r3, #8]
 670 002a DA60     		str	r2, [r3, #12]
 671 002c 1A61     		str	r2, [r3, #16]
 672 002e 5A61     		str	r2, [r3, #20]
ARM GAS  /tmp/cc4Xjn9z.s 			page 19


 673 0030 9A61     		str	r2, [r3, #24]
 338:Core/Src/main.c ****   TIM_BreakDeadTimeConfigTypeDef sBreakDeadTimeConfig = {0};
 674              		.loc 1 338 34
 675 0032 3B1D     		adds	r3, r7, #4
 676 0034 2022     		movs	r2, #32
 677 0036 0021     		movs	r1, #0
 678 0038 1846     		mov	r0, r3
 679 003a FFF7FEFF 		bl	memset
 339:Core/Src/main.c **** 
 340:Core/Src/main.c ****   /* USER CODE BEGIN TIM1_Init 1 */
 341:Core/Src/main.c **** 
 342:Core/Src/main.c ****   /* USER CODE END TIM1_Init 1 */
 343:Core/Src/main.c ****   htim1.Instance = TIM1;
 680              		.loc 1 343 18
 681 003e 444B     		ldr	r3, .L33
 682 0040 444A     		ldr	r2, .L33+4
 683 0042 1A60     		str	r2, [r3]
 344:Core/Src/main.c ****   htim1.Init.Prescaler = 0;
 684              		.loc 1 344 24
 685 0044 424B     		ldr	r3, .L33
 686 0046 0022     		movs	r2, #0
 687 0048 5A60     		str	r2, [r3, #4]
 345:Core/Src/main.c ****   htim1.Init.CounterMode = TIM_COUNTERMODE_UP;
 688              		.loc 1 345 26
 689 004a 414B     		ldr	r3, .L33
 690 004c 0022     		movs	r2, #0
 691 004e 9A60     		str	r2, [r3, #8]
 346:Core/Src/main.c ****   htim1.Init.Period = 65535;
 692              		.loc 1 346 21
 693 0050 3F4B     		ldr	r3, .L33
 694 0052 4FF6FF72 		movw	r2, #65535
 695 0056 DA60     		str	r2, [r3, #12]
 347:Core/Src/main.c ****   htim1.Init.ClockDivision = TIM_CLOCKDIVISION_DIV1;
 696              		.loc 1 347 28
 697 0058 3D4B     		ldr	r3, .L33
 698 005a 0022     		movs	r2, #0
 699 005c 1A61     		str	r2, [r3, #16]
 348:Core/Src/main.c ****   htim1.Init.RepetitionCounter = 0;
 700              		.loc 1 348 32
 701 005e 3C4B     		ldr	r3, .L33
 702 0060 0022     		movs	r2, #0
 703 0062 5A61     		str	r2, [r3, #20]
 349:Core/Src/main.c ****   htim1.Init.AutoReloadPreload = TIM_AUTORELOAD_PRELOAD_DISABLE;
 704              		.loc 1 349 32
 705 0064 3A4B     		ldr	r3, .L33
 706 0066 0022     		movs	r2, #0
 707 0068 9A61     		str	r2, [r3, #24]
 350:Core/Src/main.c ****   if (HAL_TIM_Base_Init(&htim1) != HAL_OK)
 708              		.loc 1 350 7
 709 006a 3948     		ldr	r0, .L33
 710 006c FFF7FEFF 		bl	HAL_TIM_Base_Init
 711 0070 0346     		mov	r3, r0
 712              		.loc 1 350 6
 713 0072 002B     		cmp	r3, #0
 714 0074 01D0     		beq	.L26
 351:Core/Src/main.c ****   {
 352:Core/Src/main.c ****     Error_Handler();
ARM GAS  /tmp/cc4Xjn9z.s 			page 20


 715              		.loc 1 352 5
 716 0076 FFF7FEFF 		bl	Error_Handler
 717              	.L26:
 353:Core/Src/main.c ****   }
 354:Core/Src/main.c ****   sClockSourceConfig.ClockSource = TIM_CLOCKSOURCE_INTERNAL;
 718              		.loc 1 354 34
 719 007a 4FF48053 		mov	r3, #4096
 720 007e BB64     		str	r3, [r7, #72]
 355:Core/Src/main.c ****   if (HAL_TIM_ConfigClockSource(&htim1, &sClockSourceConfig) != HAL_OK)
 721              		.loc 1 355 7
 722 0080 07F14803 		add	r3, r7, #72
 723 0084 1946     		mov	r1, r3
 724 0086 3248     		ldr	r0, .L33
 725 0088 FFF7FEFF 		bl	HAL_TIM_ConfigClockSource
 726 008c 0346     		mov	r3, r0
 727              		.loc 1 355 6
 728 008e 002B     		cmp	r3, #0
 729 0090 01D0     		beq	.L27
 356:Core/Src/main.c ****   {
 357:Core/Src/main.c ****     Error_Handler();
 730              		.loc 1 357 5
 731 0092 FFF7FEFF 		bl	Error_Handler
 732              	.L27:
 358:Core/Src/main.c ****   }
 359:Core/Src/main.c ****   if (HAL_TIM_PWM_Init(&htim1) != HAL_OK)
 733              		.loc 1 359 7
 734 0096 2E48     		ldr	r0, .L33
 735 0098 FFF7FEFF 		bl	HAL_TIM_PWM_Init
 736 009c 0346     		mov	r3, r0
 737              		.loc 1 359 6
 738 009e 002B     		cmp	r3, #0
 739 00a0 01D0     		beq	.L28
 360:Core/Src/main.c ****   {
 361:Core/Src/main.c ****     Error_Handler();
 740              		.loc 1 361 5
 741 00a2 FFF7FEFF 		bl	Error_Handler
 742              	.L28:
 362:Core/Src/main.c ****   }
 363:Core/Src/main.c ****   sMasterConfig.MasterOutputTrigger = TIM_TRGO_RESET;
 743              		.loc 1 363 37
 744 00a6 0023     		movs	r3, #0
 745 00a8 3B64     		str	r3, [r7, #64]
 364:Core/Src/main.c ****   sMasterConfig.MasterSlaveMode = TIM_MASTERSLAVEMODE_DISABLE;
 746              		.loc 1 364 33
 747 00aa 0023     		movs	r3, #0
 748 00ac 7B64     		str	r3, [r7, #68]
 365:Core/Src/main.c ****   if (HAL_TIMEx_MasterConfigSynchronization(&htim1, &sMasterConfig) != HAL_OK)
 749              		.loc 1 365 7
 750 00ae 07F14003 		add	r3, r7, #64
 751 00b2 1946     		mov	r1, r3
 752 00b4 2648     		ldr	r0, .L33
 753 00b6 FFF7FEFF 		bl	HAL_TIMEx_MasterConfigSynchronization
 754 00ba 0346     		mov	r3, r0
 755              		.loc 1 365 6
 756 00bc 002B     		cmp	r3, #0
 757 00be 01D0     		beq	.L29
 366:Core/Src/main.c ****   {
ARM GAS  /tmp/cc4Xjn9z.s 			page 21


 367:Core/Src/main.c ****     Error_Handler();
 758              		.loc 1 367 5
 759 00c0 FFF7FEFF 		bl	Error_Handler
 760              	.L29:
 368:Core/Src/main.c ****   }
 369:Core/Src/main.c ****   sConfigOC.OCMode = TIM_OCMODE_PWM1;
 761              		.loc 1 369 20
 762 00c4 6023     		movs	r3, #96
 763 00c6 7B62     		str	r3, [r7, #36]
 370:Core/Src/main.c ****   sConfigOC.Pulse = 0;
 764              		.loc 1 370 19
 765 00c8 0023     		movs	r3, #0
 766 00ca BB62     		str	r3, [r7, #40]
 371:Core/Src/main.c ****   sConfigOC.OCPolarity = TIM_OCPOLARITY_HIGH;
 767              		.loc 1 371 24
 768 00cc 0023     		movs	r3, #0
 769 00ce FB62     		str	r3, [r7, #44]
 372:Core/Src/main.c ****   sConfigOC.OCNPolarity = TIM_OCNPOLARITY_HIGH;
 770              		.loc 1 372 25
 771 00d0 0023     		movs	r3, #0
 772 00d2 3B63     		str	r3, [r7, #48]
 373:Core/Src/main.c ****   sConfigOC.OCFastMode = TIM_OCFAST_DISABLE;
 773              		.loc 1 373 24
 774 00d4 0023     		movs	r3, #0
 775 00d6 7B63     		str	r3, [r7, #52]
 374:Core/Src/main.c ****   sConfigOC.OCIdleState = TIM_OCIDLESTATE_RESET;
 776              		.loc 1 374 25
 777 00d8 0023     		movs	r3, #0
 778 00da BB63     		str	r3, [r7, #56]
 375:Core/Src/main.c ****   sConfigOC.OCNIdleState = TIM_OCNIDLESTATE_RESET;
 779              		.loc 1 375 26
 780 00dc 0023     		movs	r3, #0
 781 00de FB63     		str	r3, [r7, #60]
 376:Core/Src/main.c ****   if (HAL_TIM_PWM_ConfigChannel(&htim1, &sConfigOC, TIM_CHANNEL_1) != HAL_OK)
 782              		.loc 1 376 7
 783 00e0 07F12403 		add	r3, r7, #36
 784 00e4 0022     		movs	r2, #0
 785 00e6 1946     		mov	r1, r3
 786 00e8 1948     		ldr	r0, .L33
 787 00ea FFF7FEFF 		bl	HAL_TIM_PWM_ConfigChannel
 788 00ee 0346     		mov	r3, r0
 789              		.loc 1 376 6
 790 00f0 002B     		cmp	r3, #0
 791 00f2 01D0     		beq	.L30
 377:Core/Src/main.c ****   {
 378:Core/Src/main.c ****     Error_Handler();
 792              		.loc 1 378 5
 793 00f4 FFF7FEFF 		bl	Error_Handler
 794              	.L30:
 379:Core/Src/main.c ****   }
 380:Core/Src/main.c ****   if (HAL_TIM_PWM_ConfigChannel(&htim1, &sConfigOC, TIM_CHANNEL_3) != HAL_OK)
 795              		.loc 1 380 7
 796 00f8 07F12403 		add	r3, r7, #36
 797 00fc 0822     		movs	r2, #8
 798 00fe 1946     		mov	r1, r3
 799 0100 1348     		ldr	r0, .L33
 800 0102 FFF7FEFF 		bl	HAL_TIM_PWM_ConfigChannel
ARM GAS  /tmp/cc4Xjn9z.s 			page 22


 801 0106 0346     		mov	r3, r0
 802              		.loc 1 380 6
 803 0108 002B     		cmp	r3, #0
 804 010a 01D0     		beq	.L31
 381:Core/Src/main.c ****   {
 382:Core/Src/main.c ****     Error_Handler();
 805              		.loc 1 382 5
 806 010c FFF7FEFF 		bl	Error_Handler
 807              	.L31:
 383:Core/Src/main.c ****   }
 384:Core/Src/main.c ****   sBreakDeadTimeConfig.OffStateRunMode = TIM_OSSR_DISABLE;
 808              		.loc 1 384 40
 809 0110 0023     		movs	r3, #0
 810 0112 7B60     		str	r3, [r7, #4]
 385:Core/Src/main.c ****   sBreakDeadTimeConfig.OffStateIDLEMode = TIM_OSSI_DISABLE;
 811              		.loc 1 385 41
 812 0114 0023     		movs	r3, #0
 813 0116 BB60     		str	r3, [r7, #8]
 386:Core/Src/main.c ****   sBreakDeadTimeConfig.LockLevel = TIM_LOCKLEVEL_OFF;
 814              		.loc 1 386 34
 815 0118 0023     		movs	r3, #0
 816 011a FB60     		str	r3, [r7, #12]
 387:Core/Src/main.c ****   sBreakDeadTimeConfig.DeadTime = 0;
 817              		.loc 1 387 33
 818 011c 0023     		movs	r3, #0
 819 011e 3B61     		str	r3, [r7, #16]
 388:Core/Src/main.c ****   sBreakDeadTimeConfig.BreakState = TIM_BREAK_DISABLE;
 820              		.loc 1 388 35
 821 0120 0023     		movs	r3, #0
 822 0122 7B61     		str	r3, [r7, #20]
 389:Core/Src/main.c ****   sBreakDeadTimeConfig.BreakPolarity = TIM_BREAKPOLARITY_HIGH;
 823              		.loc 1 389 38
 824 0124 4FF40053 		mov	r3, #8192
 825 0128 BB61     		str	r3, [r7, #24]
 390:Core/Src/main.c ****   sBreakDeadTimeConfig.AutomaticOutput = TIM_AUTOMATICOUTPUT_DISABLE;
 826              		.loc 1 390 40
 827 012a 0023     		movs	r3, #0
 828 012c 3B62     		str	r3, [r7, #32]
 391:Core/Src/main.c ****   if (HAL_TIMEx_ConfigBreakDeadTime(&htim1, &sBreakDeadTimeConfig) != HAL_OK)
 829              		.loc 1 391 7
 830 012e 3B1D     		adds	r3, r7, #4
 831 0130 1946     		mov	r1, r3
 832 0132 0748     		ldr	r0, .L33
 833 0134 FFF7FEFF 		bl	HAL_TIMEx_ConfigBreakDeadTime
 834 0138 0346     		mov	r3, r0
 835              		.loc 1 391 6
 836 013a 002B     		cmp	r3, #0
 837 013c 01D0     		beq	.L32
 392:Core/Src/main.c ****   {
 393:Core/Src/main.c ****     Error_Handler();
 838              		.loc 1 393 5
 839 013e FFF7FEFF 		bl	Error_Handler
 840              	.L32:
 394:Core/Src/main.c ****   }
 395:Core/Src/main.c ****   /* USER CODE BEGIN TIM1_Init 2 */
 396:Core/Src/main.c **** 
 397:Core/Src/main.c ****   /* USER CODE END TIM1_Init 2 */
ARM GAS  /tmp/cc4Xjn9z.s 			page 23


 398:Core/Src/main.c ****   HAL_TIM_MspPostInit(&htim1);
 841              		.loc 1 398 3
 842 0142 0348     		ldr	r0, .L33
 843 0144 FFF7FEFF 		bl	HAL_TIM_MspPostInit
 399:Core/Src/main.c **** 
 400:Core/Src/main.c **** }
 844              		.loc 1 400 1
 845 0148 00BF     		nop
 846 014a 5837     		adds	r7, r7, #88
 847              	.LCFI19:
 848              		.cfi_def_cfa_offset 8
 849 014c BD46     		mov	sp, r7
 850              	.LCFI20:
 851              		.cfi_def_cfa_register 13
 852              		@ sp needed
 853 014e 80BD     		pop	{r7, pc}
 854              	.L34:
 855              		.align	2
 856              	.L33:
 857 0150 00000000 		.word	htim1
 858 0154 00000140 		.word	1073807360
 859              		.cfi_endproc
 860              	.LFE244:
 862              		.section	.text.MX_TIM2_Init,"ax",%progbits
 863              		.align	1
 864              		.syntax unified
 865              		.thumb
 866              		.thumb_func
 868              	MX_TIM2_Init:
 869              	.LFB245:
 401:Core/Src/main.c **** 
 402:Core/Src/main.c **** /**
 403:Core/Src/main.c ****   * @brief TIM2 Initialization Function
 404:Core/Src/main.c ****   * @param None
 405:Core/Src/main.c ****   * @retval None
 406:Core/Src/main.c ****   */
 407:Core/Src/main.c **** static void MX_TIM2_Init(void)
 408:Core/Src/main.c **** {
 870              		.loc 1 408 1
 871              		.cfi_startproc
 872              		@ args = 0, pretend = 0, frame = 56
 873              		@ frame_needed = 1, uses_anonymous_args = 0
 874 0000 80B5     		push	{r7, lr}
 875              	.LCFI21:
 876              		.cfi_def_cfa_offset 8
 877              		.cfi_offset 7, -8
 878              		.cfi_offset 14, -4
 879 0002 8EB0     		sub	sp, sp, #56
 880              	.LCFI22:
 881              		.cfi_def_cfa_offset 64
 882 0004 00AF     		add	r7, sp, #0
 883              	.LCFI23:
 884              		.cfi_def_cfa_register 7
 409:Core/Src/main.c **** 
 410:Core/Src/main.c ****   /* USER CODE BEGIN TIM2_Init 0 */
 411:Core/Src/main.c **** 
 412:Core/Src/main.c ****   /* USER CODE END TIM2_Init 0 */
ARM GAS  /tmp/cc4Xjn9z.s 			page 24


 413:Core/Src/main.c **** 
 414:Core/Src/main.c ****   TIM_ClockConfigTypeDef sClockSourceConfig = {0};
 885              		.loc 1 414 26
 886 0006 07F12803 		add	r3, r7, #40
 887 000a 0022     		movs	r2, #0
 888 000c 1A60     		str	r2, [r3]
 889 000e 5A60     		str	r2, [r3, #4]
 890 0010 9A60     		str	r2, [r3, #8]
 891 0012 DA60     		str	r2, [r3, #12]
 415:Core/Src/main.c ****   TIM_MasterConfigTypeDef sMasterConfig = {0};
 892              		.loc 1 415 27
 893 0014 07F12003 		add	r3, r7, #32
 894 0018 0022     		movs	r2, #0
 895 001a 1A60     		str	r2, [r3]
 896 001c 5A60     		str	r2, [r3, #4]
 416:Core/Src/main.c ****   TIM_OC_InitTypeDef sConfigOC = {0};
 897              		.loc 1 416 22
 898 001e 3B1D     		adds	r3, r7, #4
 899 0020 0022     		movs	r2, #0
 900 0022 1A60     		str	r2, [r3]
 901 0024 5A60     		str	r2, [r3, #4]
 902 0026 9A60     		str	r2, [r3, #8]
 903 0028 DA60     		str	r2, [r3, #12]
 904 002a 1A61     		str	r2, [r3, #16]
 905 002c 5A61     		str	r2, [r3, #20]
 906 002e 9A61     		str	r2, [r3, #24]
 417:Core/Src/main.c **** 
 418:Core/Src/main.c ****   /* USER CODE BEGIN TIM2_Init 1 */
 419:Core/Src/main.c **** 
 420:Core/Src/main.c ****   /* USER CODE END TIM2_Init 1 */
 421:Core/Src/main.c ****   htim2.Instance = TIM2;
 907              		.loc 1 421 18
 908 0030 384B     		ldr	r3, .L43
 909 0032 4FF08042 		mov	r2, #1073741824
 910 0036 1A60     		str	r2, [r3]
 422:Core/Src/main.c ****   htim2.Init.Prescaler = 0;
 911              		.loc 1 422 24
 912 0038 364B     		ldr	r3, .L43
 913 003a 0022     		movs	r2, #0
 914 003c 5A60     		str	r2, [r3, #4]
 423:Core/Src/main.c ****   htim2.Init.CounterMode = TIM_COUNTERMODE_UP;
 915              		.loc 1 423 26
 916 003e 354B     		ldr	r3, .L43
 917 0040 0022     		movs	r2, #0
 918 0042 9A60     		str	r2, [r3, #8]
 424:Core/Src/main.c ****   htim2.Init.Period = 4294967295;
 919              		.loc 1 424 21
 920 0044 334B     		ldr	r3, .L43
 921 0046 4FF0FF32 		mov	r2, #-1
 922 004a DA60     		str	r2, [r3, #12]
 425:Core/Src/main.c ****   htim2.Init.ClockDivision = TIM_CLOCKDIVISION_DIV1;
 923              		.loc 1 425 28
 924 004c 314B     		ldr	r3, .L43
 925 004e 0022     		movs	r2, #0
 926 0050 1A61     		str	r2, [r3, #16]
 426:Core/Src/main.c ****   htim2.Init.AutoReloadPreload = TIM_AUTORELOAD_PRELOAD_DISABLE;
 927              		.loc 1 426 32
ARM GAS  /tmp/cc4Xjn9z.s 			page 25


 928 0052 304B     		ldr	r3, .L43
 929 0054 0022     		movs	r2, #0
 930 0056 9A61     		str	r2, [r3, #24]
 427:Core/Src/main.c ****   if (HAL_TIM_Base_Init(&htim2) != HAL_OK)
 931              		.loc 1 427 7
 932 0058 2E48     		ldr	r0, .L43
 933 005a FFF7FEFF 		bl	HAL_TIM_Base_Init
 934 005e 0346     		mov	r3, r0
 935              		.loc 1 427 6
 936 0060 002B     		cmp	r3, #0
 937 0062 01D0     		beq	.L36
 428:Core/Src/main.c ****   {
 429:Core/Src/main.c ****     Error_Handler();
 938              		.loc 1 429 5
 939 0064 FFF7FEFF 		bl	Error_Handler
 940              	.L36:
 430:Core/Src/main.c ****   }
 431:Core/Src/main.c ****   sClockSourceConfig.ClockSource = TIM_CLOCKSOURCE_INTERNAL;
 941              		.loc 1 431 34
 942 0068 4FF48053 		mov	r3, #4096
 943 006c BB62     		str	r3, [r7, #40]
 432:Core/Src/main.c ****   if (HAL_TIM_ConfigClockSource(&htim2, &sClockSourceConfig) != HAL_OK)
 944              		.loc 1 432 7
 945 006e 07F12803 		add	r3, r7, #40
 946 0072 1946     		mov	r1, r3
 947 0074 2748     		ldr	r0, .L43
 948 0076 FFF7FEFF 		bl	HAL_TIM_ConfigClockSource
 949 007a 0346     		mov	r3, r0
 950              		.loc 1 432 6
 951 007c 002B     		cmp	r3, #0
 952 007e 01D0     		beq	.L37
 433:Core/Src/main.c ****   {
 434:Core/Src/main.c ****     Error_Handler();
 953              		.loc 1 434 5
 954 0080 FFF7FEFF 		bl	Error_Handler
 955              	.L37:
 435:Core/Src/main.c ****   }
 436:Core/Src/main.c ****   if (HAL_TIM_PWM_Init(&htim2) != HAL_OK)
 956              		.loc 1 436 7
 957 0084 2348     		ldr	r0, .L43
 958 0086 FFF7FEFF 		bl	HAL_TIM_PWM_Init
 959 008a 0346     		mov	r3, r0
 960              		.loc 1 436 6
 961 008c 002B     		cmp	r3, #0
 962 008e 01D0     		beq	.L38
 437:Core/Src/main.c ****   {
 438:Core/Src/main.c ****     Error_Handler();
 963              		.loc 1 438 5
 964 0090 FFF7FEFF 		bl	Error_Handler
 965              	.L38:
 439:Core/Src/main.c ****   }
 440:Core/Src/main.c ****   sMasterConfig.MasterOutputTrigger = TIM_TRGO_RESET;
 966              		.loc 1 440 37
 967 0094 0023     		movs	r3, #0
 968 0096 3B62     		str	r3, [r7, #32]
 441:Core/Src/main.c ****   sMasterConfig.MasterSlaveMode = TIM_MASTERSLAVEMODE_DISABLE;
 969              		.loc 1 441 33
ARM GAS  /tmp/cc4Xjn9z.s 			page 26


 970 0098 0023     		movs	r3, #0
 971 009a 7B62     		str	r3, [r7, #36]
 442:Core/Src/main.c ****   if (HAL_TIMEx_MasterConfigSynchronization(&htim2, &sMasterConfig) != HAL_OK)
 972              		.loc 1 442 7
 973 009c 07F12003 		add	r3, r7, #32
 974 00a0 1946     		mov	r1, r3
 975 00a2 1C48     		ldr	r0, .L43
 976 00a4 FFF7FEFF 		bl	HAL_TIMEx_MasterConfigSynchronization
 977 00a8 0346     		mov	r3, r0
 978              		.loc 1 442 6
 979 00aa 002B     		cmp	r3, #0
 980 00ac 01D0     		beq	.L39
 443:Core/Src/main.c ****   {
 444:Core/Src/main.c ****     Error_Handler();
 981              		.loc 1 444 5
 982 00ae FFF7FEFF 		bl	Error_Handler
 983              	.L39:
 445:Core/Src/main.c ****   }
 446:Core/Src/main.c ****   sConfigOC.OCMode = TIM_OCMODE_PWM1;
 984              		.loc 1 446 20
 985 00b2 6023     		movs	r3, #96
 986 00b4 7B60     		str	r3, [r7, #4]
 447:Core/Src/main.c ****   sConfigOC.Pulse = 0;
 987              		.loc 1 447 19
 988 00b6 0023     		movs	r3, #0
 989 00b8 BB60     		str	r3, [r7, #8]
 448:Core/Src/main.c ****   sConfigOC.OCPolarity = TIM_OCPOLARITY_HIGH;
 990              		.loc 1 448 24
 991 00ba 0023     		movs	r3, #0
 992 00bc FB60     		str	r3, [r7, #12]
 449:Core/Src/main.c ****   sConfigOC.OCFastMode = TIM_OCFAST_DISABLE;
 993              		.loc 1 449 24
 994 00be 0023     		movs	r3, #0
 995 00c0 7B61     		str	r3, [r7, #20]
 450:Core/Src/main.c ****   if (HAL_TIM_PWM_ConfigChannel(&htim2, &sConfigOC, TIM_CHANNEL_1) != HAL_OK)
 996              		.loc 1 450 7
 997 00c2 3B1D     		adds	r3, r7, #4
 998 00c4 0022     		movs	r2, #0
 999 00c6 1946     		mov	r1, r3
 1000 00c8 1248     		ldr	r0, .L43
 1001 00ca FFF7FEFF 		bl	HAL_TIM_PWM_ConfigChannel
 1002 00ce 0346     		mov	r3, r0
 1003              		.loc 1 450 6
 1004 00d0 002B     		cmp	r3, #0
 1005 00d2 01D0     		beq	.L40
 451:Core/Src/main.c ****   {
 452:Core/Src/main.c ****     Error_Handler();
 1006              		.loc 1 452 5
 1007 00d4 FFF7FEFF 		bl	Error_Handler
 1008              	.L40:
 453:Core/Src/main.c ****   }
 454:Core/Src/main.c ****   if (HAL_TIM_PWM_ConfigChannel(&htim2, &sConfigOC, TIM_CHANNEL_3) != HAL_OK)
 1009              		.loc 1 454 7
 1010 00d8 3B1D     		adds	r3, r7, #4
 1011 00da 0822     		movs	r2, #8
 1012 00dc 1946     		mov	r1, r3
 1013 00de 0D48     		ldr	r0, .L43
ARM GAS  /tmp/cc4Xjn9z.s 			page 27


 1014 00e0 FFF7FEFF 		bl	HAL_TIM_PWM_ConfigChannel
 1015 00e4 0346     		mov	r3, r0
 1016              		.loc 1 454 6
 1017 00e6 002B     		cmp	r3, #0
 1018 00e8 01D0     		beq	.L41
 455:Core/Src/main.c ****   {
 456:Core/Src/main.c ****     Error_Handler();
 1019              		.loc 1 456 5
 1020 00ea FFF7FEFF 		bl	Error_Handler
 1021              	.L41:
 457:Core/Src/main.c ****   }
 458:Core/Src/main.c ****   if (HAL_TIM_PWM_ConfigChannel(&htim2, &sConfigOC, TIM_CHANNEL_4) != HAL_OK)
 1022              		.loc 1 458 7
 1023 00ee 3B1D     		adds	r3, r7, #4
 1024 00f0 0C22     		movs	r2, #12
 1025 00f2 1946     		mov	r1, r3
 1026 00f4 0748     		ldr	r0, .L43
 1027 00f6 FFF7FEFF 		bl	HAL_TIM_PWM_ConfigChannel
 1028 00fa 0346     		mov	r3, r0
 1029              		.loc 1 458 6
 1030 00fc 002B     		cmp	r3, #0
 1031 00fe 01D0     		beq	.L42
 459:Core/Src/main.c ****   {
 460:Core/Src/main.c ****     Error_Handler();
 1032              		.loc 1 460 5
 1033 0100 FFF7FEFF 		bl	Error_Handler
 1034              	.L42:
 461:Core/Src/main.c ****   }
 462:Core/Src/main.c ****   /* USER CODE BEGIN TIM2_Init 2 */
 463:Core/Src/main.c **** 
 464:Core/Src/main.c ****   /* USER CODE END TIM2_Init 2 */
 465:Core/Src/main.c ****   HAL_TIM_MspPostInit(&htim2);
 1035              		.loc 1 465 3
 1036 0104 0348     		ldr	r0, .L43
 1037 0106 FFF7FEFF 		bl	HAL_TIM_MspPostInit
 466:Core/Src/main.c **** 
 467:Core/Src/main.c **** }
 1038              		.loc 1 467 1
 1039 010a 00BF     		nop
 1040 010c 3837     		adds	r7, r7, #56
 1041              	.LCFI24:
 1042              		.cfi_def_cfa_offset 8
 1043 010e BD46     		mov	sp, r7
 1044              	.LCFI25:
 1045              		.cfi_def_cfa_register 13
 1046              		@ sp needed
 1047 0110 80BD     		pop	{r7, pc}
 1048              	.L44:
 1049 0112 00BF     		.align	2
 1050              	.L43:
 1051 0114 00000000 		.word	htim2
 1052              		.cfi_endproc
 1053              	.LFE245:
 1055              		.section	.text.MX_TIM3_Init,"ax",%progbits
 1056              		.align	1
 1057              		.syntax unified
 1058              		.thumb
ARM GAS  /tmp/cc4Xjn9z.s 			page 28


 1059              		.thumb_func
 1061              	MX_TIM3_Init:
 1062              	.LFB246:
 468:Core/Src/main.c **** 
 469:Core/Src/main.c **** /**
 470:Core/Src/main.c ****   * @brief TIM3 Initialization Function
 471:Core/Src/main.c ****   * @param None
 472:Core/Src/main.c ****   * @retval None
 473:Core/Src/main.c ****   */
 474:Core/Src/main.c **** static void MX_TIM3_Init(void)
 475:Core/Src/main.c **** {
 1063              		.loc 1 475 1
 1064              		.cfi_startproc
 1065              		@ args = 0, pretend = 0, frame = 56
 1066              		@ frame_needed = 1, uses_anonymous_args = 0
 1067 0000 80B5     		push	{r7, lr}
 1068              	.LCFI26:
 1069              		.cfi_def_cfa_offset 8
 1070              		.cfi_offset 7, -8
 1071              		.cfi_offset 14, -4
 1072 0002 8EB0     		sub	sp, sp, #56
 1073              	.LCFI27:
 1074              		.cfi_def_cfa_offset 64
 1075 0004 00AF     		add	r7, sp, #0
 1076              	.LCFI28:
 1077              		.cfi_def_cfa_register 7
 476:Core/Src/main.c **** 
 477:Core/Src/main.c ****   /* USER CODE BEGIN TIM3_Init 0 */
 478:Core/Src/main.c **** 
 479:Core/Src/main.c ****   /* USER CODE END TIM3_Init 0 */
 480:Core/Src/main.c **** 
 481:Core/Src/main.c ****   TIM_ClockConfigTypeDef sClockSourceConfig = {0};
 1078              		.loc 1 481 26
 1079 0006 07F12803 		add	r3, r7, #40
 1080 000a 0022     		movs	r2, #0
 1081 000c 1A60     		str	r2, [r3]
 1082 000e 5A60     		str	r2, [r3, #4]
 1083 0010 9A60     		str	r2, [r3, #8]
 1084 0012 DA60     		str	r2, [r3, #12]
 482:Core/Src/main.c ****   TIM_MasterConfigTypeDef sMasterConfig = {0};
 1085              		.loc 1 482 27
 1086 0014 07F12003 		add	r3, r7, #32
 1087 0018 0022     		movs	r2, #0
 1088 001a 1A60     		str	r2, [r3]
 1089 001c 5A60     		str	r2, [r3, #4]
 483:Core/Src/main.c ****   TIM_OC_InitTypeDef sConfigOC = {0};
 1090              		.loc 1 483 22
 1091 001e 3B1D     		adds	r3, r7, #4
 1092 0020 0022     		movs	r2, #0
 1093 0022 1A60     		str	r2, [r3]
 1094 0024 5A60     		str	r2, [r3, #4]
 1095 0026 9A60     		str	r2, [r3, #8]
 1096 0028 DA60     		str	r2, [r3, #12]
 1097 002a 1A61     		str	r2, [r3, #16]
 1098 002c 5A61     		str	r2, [r3, #20]
 1099 002e 9A61     		str	r2, [r3, #24]
 484:Core/Src/main.c **** 
ARM GAS  /tmp/cc4Xjn9z.s 			page 29


 485:Core/Src/main.c ****   /* USER CODE BEGIN TIM3_Init 1 */
 486:Core/Src/main.c **** 
 487:Core/Src/main.c ****   /* USER CODE END TIM3_Init 1 */
 488:Core/Src/main.c ****   htim3.Instance = TIM3;
 1100              		.loc 1 488 18
 1101 0030 324B     		ldr	r3, .L52
 1102 0032 334A     		ldr	r2, .L52+4
 1103 0034 1A60     		str	r2, [r3]
 489:Core/Src/main.c ****   htim3.Init.Prescaler = 240;
 1104              		.loc 1 489 24
 1105 0036 314B     		ldr	r3, .L52
 1106 0038 F022     		movs	r2, #240
 1107 003a 5A60     		str	r2, [r3, #4]
 490:Core/Src/main.c ****   htim3.Init.CounterMode = TIM_COUNTERMODE_UP;
 1108              		.loc 1 490 26
 1109 003c 2F4B     		ldr	r3, .L52
 1110 003e 0022     		movs	r2, #0
 1111 0040 9A60     		str	r2, [r3, #8]
 491:Core/Src/main.c ****   htim3.Init.Period = 7000;
 1112              		.loc 1 491 21
 1113 0042 2E4B     		ldr	r3, .L52
 1114 0044 41F65832 		movw	r2, #7000
 1115 0048 DA60     		str	r2, [r3, #12]
 492:Core/Src/main.c ****   htim3.Init.ClockDivision = TIM_CLOCKDIVISION_DIV1;
 1116              		.loc 1 492 28
 1117 004a 2C4B     		ldr	r3, .L52
 1118 004c 0022     		movs	r2, #0
 1119 004e 1A61     		str	r2, [r3, #16]
 493:Core/Src/main.c ****   htim3.Init.AutoReloadPreload = TIM_AUTORELOAD_PRELOAD_DISABLE;
 1120              		.loc 1 493 32
 1121 0050 2A4B     		ldr	r3, .L52
 1122 0052 0022     		movs	r2, #0
 1123 0054 9A61     		str	r2, [r3, #24]
 494:Core/Src/main.c ****   if (HAL_TIM_Base_Init(&htim3) != HAL_OK)
 1124              		.loc 1 494 7
 1125 0056 2948     		ldr	r0, .L52
 1126 0058 FFF7FEFF 		bl	HAL_TIM_Base_Init
 1127 005c 0346     		mov	r3, r0
 1128              		.loc 1 494 6
 1129 005e 002B     		cmp	r3, #0
 1130 0060 01D0     		beq	.L46
 495:Core/Src/main.c ****   {
 496:Core/Src/main.c ****     Error_Handler();
 1131              		.loc 1 496 5
 1132 0062 FFF7FEFF 		bl	Error_Handler
 1133              	.L46:
 497:Core/Src/main.c ****   }
 498:Core/Src/main.c ****   sClockSourceConfig.ClockSource = TIM_CLOCKSOURCE_INTERNAL;
 1134              		.loc 1 498 34
 1135 0066 4FF48053 		mov	r3, #4096
 1136 006a BB62     		str	r3, [r7, #40]
 499:Core/Src/main.c ****   if (HAL_TIM_ConfigClockSource(&htim3, &sClockSourceConfig) != HAL_OK)
 1137              		.loc 1 499 7
 1138 006c 07F12803 		add	r3, r7, #40
 1139 0070 1946     		mov	r1, r3
 1140 0072 2248     		ldr	r0, .L52
 1141 0074 FFF7FEFF 		bl	HAL_TIM_ConfigClockSource
ARM GAS  /tmp/cc4Xjn9z.s 			page 30


 1142 0078 0346     		mov	r3, r0
 1143              		.loc 1 499 6
 1144 007a 002B     		cmp	r3, #0
 1145 007c 01D0     		beq	.L47
 500:Core/Src/main.c ****   {
 501:Core/Src/main.c ****     Error_Handler();
 1146              		.loc 1 501 5
 1147 007e FFF7FEFF 		bl	Error_Handler
 1148              	.L47:
 502:Core/Src/main.c ****   }
 503:Core/Src/main.c ****   if (HAL_TIM_PWM_Init(&htim3) != HAL_OK)
 1149              		.loc 1 503 7
 1150 0082 1E48     		ldr	r0, .L52
 1151 0084 FFF7FEFF 		bl	HAL_TIM_PWM_Init
 1152 0088 0346     		mov	r3, r0
 1153              		.loc 1 503 6
 1154 008a 002B     		cmp	r3, #0
 1155 008c 01D0     		beq	.L48
 504:Core/Src/main.c ****   {
 505:Core/Src/main.c ****     Error_Handler();
 1156              		.loc 1 505 5
 1157 008e FFF7FEFF 		bl	Error_Handler
 1158              	.L48:
 506:Core/Src/main.c ****   }
 507:Core/Src/main.c ****   sMasterConfig.MasterOutputTrigger = TIM_TRGO_RESET;
 1159              		.loc 1 507 37
 1160 0092 0023     		movs	r3, #0
 1161 0094 3B62     		str	r3, [r7, #32]
 508:Core/Src/main.c ****   sMasterConfig.MasterSlaveMode = TIM_MASTERSLAVEMODE_DISABLE;
 1162              		.loc 1 508 33
 1163 0096 0023     		movs	r3, #0
 1164 0098 7B62     		str	r3, [r7, #36]
 509:Core/Src/main.c ****   if (HAL_TIMEx_MasterConfigSynchronization(&htim3, &sMasterConfig) != HAL_OK)
 1165              		.loc 1 509 7
 1166 009a 07F12003 		add	r3, r7, #32
 1167 009e 1946     		mov	r1, r3
 1168 00a0 1648     		ldr	r0, .L52
 1169 00a2 FFF7FEFF 		bl	HAL_TIMEx_MasterConfigSynchronization
 1170 00a6 0346     		mov	r3, r0
 1171              		.loc 1 509 6
 1172 00a8 002B     		cmp	r3, #0
 1173 00aa 01D0     		beq	.L49
 510:Core/Src/main.c ****   {
 511:Core/Src/main.c ****     Error_Handler();
 1174              		.loc 1 511 5
 1175 00ac FFF7FEFF 		bl	Error_Handler
 1176              	.L49:
 512:Core/Src/main.c ****   }
 513:Core/Src/main.c ****   sConfigOC.OCMode = TIM_OCMODE_PWM1;
 1177              		.loc 1 513 20
 1178 00b0 6023     		movs	r3, #96
 1179 00b2 7B60     		str	r3, [r7, #4]
 514:Core/Src/main.c ****   sConfigOC.Pulse = 0;
 1180              		.loc 1 514 19
 1181 00b4 0023     		movs	r3, #0
 1182 00b6 BB60     		str	r3, [r7, #8]
 515:Core/Src/main.c ****   sConfigOC.OCPolarity = TIM_OCPOLARITY_HIGH;
ARM GAS  /tmp/cc4Xjn9z.s 			page 31


 1183              		.loc 1 515 24
 1184 00b8 0023     		movs	r3, #0
 1185 00ba FB60     		str	r3, [r7, #12]
 516:Core/Src/main.c ****   sConfigOC.OCFastMode = TIM_OCFAST_DISABLE;
 1186              		.loc 1 516 24
 1187 00bc 0023     		movs	r3, #0
 1188 00be 7B61     		str	r3, [r7, #20]
 517:Core/Src/main.c ****   if (HAL_TIM_PWM_ConfigChannel(&htim3, &sConfigOC, TIM_CHANNEL_3) != HAL_OK)
 1189              		.loc 1 517 7
 1190 00c0 3B1D     		adds	r3, r7, #4
 1191 00c2 0822     		movs	r2, #8
 1192 00c4 1946     		mov	r1, r3
 1193 00c6 0D48     		ldr	r0, .L52
 1194 00c8 FFF7FEFF 		bl	HAL_TIM_PWM_ConfigChannel
 1195 00cc 0346     		mov	r3, r0
 1196              		.loc 1 517 6
 1197 00ce 002B     		cmp	r3, #0
 1198 00d0 01D0     		beq	.L50
 518:Core/Src/main.c ****   {
 519:Core/Src/main.c ****     Error_Handler();
 1199              		.loc 1 519 5
 1200 00d2 FFF7FEFF 		bl	Error_Handler
 1201              	.L50:
 520:Core/Src/main.c ****   }
 521:Core/Src/main.c ****   if (HAL_TIM_PWM_ConfigChannel(&htim3, &sConfigOC, TIM_CHANNEL_4) != HAL_OK)
 1202              		.loc 1 521 7
 1203 00d6 3B1D     		adds	r3, r7, #4
 1204 00d8 0C22     		movs	r2, #12
 1205 00da 1946     		mov	r1, r3
 1206 00dc 0748     		ldr	r0, .L52
 1207 00de FFF7FEFF 		bl	HAL_TIM_PWM_ConfigChannel
 1208 00e2 0346     		mov	r3, r0
 1209              		.loc 1 521 6
 1210 00e4 002B     		cmp	r3, #0
 1211 00e6 01D0     		beq	.L51
 522:Core/Src/main.c ****   {
 523:Core/Src/main.c ****     Error_Handler();
 1212              		.loc 1 523 5
 1213 00e8 FFF7FEFF 		bl	Error_Handler
 1214              	.L51:
 524:Core/Src/main.c ****   }
 525:Core/Src/main.c ****   /* USER CODE BEGIN TIM3_Init 2 */
 526:Core/Src/main.c **** 
 527:Core/Src/main.c ****   /* USER CODE END TIM3_Init 2 */
 528:Core/Src/main.c ****   HAL_TIM_MspPostInit(&htim3);
 1215              		.loc 1 528 3
 1216 00ec 0348     		ldr	r0, .L52
 1217 00ee FFF7FEFF 		bl	HAL_TIM_MspPostInit
 529:Core/Src/main.c **** 
 530:Core/Src/main.c **** }
 1218              		.loc 1 530 1
 1219 00f2 00BF     		nop
 1220 00f4 3837     		adds	r7, r7, #56
 1221              	.LCFI29:
 1222              		.cfi_def_cfa_offset 8
 1223 00f6 BD46     		mov	sp, r7
 1224              	.LCFI30:
ARM GAS  /tmp/cc4Xjn9z.s 			page 32


 1225              		.cfi_def_cfa_register 13
 1226              		@ sp needed
 1227 00f8 80BD     		pop	{r7, pc}
 1228              	.L53:
 1229 00fa 00BF     		.align	2
 1230              	.L52:
 1231 00fc 00000000 		.word	htim3
 1232 0100 00040040 		.word	1073742848
 1233              		.cfi_endproc
 1234              	.LFE246:
 1236              		.section	.text.MX_TIM4_Init,"ax",%progbits
 1237              		.align	1
 1238              		.syntax unified
 1239              		.thumb
 1240              		.thumb_func
 1242              	MX_TIM4_Init:
 1243              	.LFB247:
 531:Core/Src/main.c **** 
 532:Core/Src/main.c **** /**
 533:Core/Src/main.c ****   * @brief TIM4 Initialization Function
 534:Core/Src/main.c ****   * @param None
 535:Core/Src/main.c ****   * @retval None
 536:Core/Src/main.c ****   */
 537:Core/Src/main.c **** static void MX_TIM4_Init(void)
 538:Core/Src/main.c **** {
 1244              		.loc 1 538 1
 1245              		.cfi_startproc
 1246              		@ args = 0, pretend = 0, frame = 56
 1247              		@ frame_needed = 1, uses_anonymous_args = 0
 1248 0000 80B5     		push	{r7, lr}
 1249              	.LCFI31:
 1250              		.cfi_def_cfa_offset 8
 1251              		.cfi_offset 7, -8
 1252              		.cfi_offset 14, -4
 1253 0002 8EB0     		sub	sp, sp, #56
 1254              	.LCFI32:
 1255              		.cfi_def_cfa_offset 64
 1256 0004 00AF     		add	r7, sp, #0
 1257              	.LCFI33:
 1258              		.cfi_def_cfa_register 7
 539:Core/Src/main.c **** 
 540:Core/Src/main.c ****   /* USER CODE BEGIN TIM4_Init 0 */
 541:Core/Src/main.c **** 
 542:Core/Src/main.c ****   /* USER CODE END TIM4_Init 0 */
 543:Core/Src/main.c **** 
 544:Core/Src/main.c ****   TIM_ClockConfigTypeDef sClockSourceConfig = {0};
 1259              		.loc 1 544 26
 1260 0006 07F12803 		add	r3, r7, #40
 1261 000a 0022     		movs	r2, #0
 1262 000c 1A60     		str	r2, [r3]
 1263 000e 5A60     		str	r2, [r3, #4]
 1264 0010 9A60     		str	r2, [r3, #8]
 1265 0012 DA60     		str	r2, [r3, #12]
 545:Core/Src/main.c ****   TIM_MasterConfigTypeDef sMasterConfig = {0};
 1266              		.loc 1 545 27
 1267 0014 07F12003 		add	r3, r7, #32
 1268 0018 0022     		movs	r2, #0
ARM GAS  /tmp/cc4Xjn9z.s 			page 33


 1269 001a 1A60     		str	r2, [r3]
 1270 001c 5A60     		str	r2, [r3, #4]
 546:Core/Src/main.c ****   TIM_OC_InitTypeDef sConfigOC = {0};
 1271              		.loc 1 546 22
 1272 001e 3B1D     		adds	r3, r7, #4
 1273 0020 0022     		movs	r2, #0
 1274 0022 1A60     		str	r2, [r3]
 1275 0024 5A60     		str	r2, [r3, #4]
 1276 0026 9A60     		str	r2, [r3, #8]
 1277 0028 DA60     		str	r2, [r3, #12]
 1278 002a 1A61     		str	r2, [r3, #16]
 1279 002c 5A61     		str	r2, [r3, #20]
 1280 002e 9A61     		str	r2, [r3, #24]
 547:Core/Src/main.c **** 
 548:Core/Src/main.c ****   /* USER CODE BEGIN TIM4_Init 1 */
 549:Core/Src/main.c **** 
 550:Core/Src/main.c ****   /* USER CODE END TIM4_Init 1 */
 551:Core/Src/main.c ****   htim4.Instance = TIM4;
 1281              		.loc 1 551 18
 1282 0030 324B     		ldr	r3, .L61
 1283 0032 334A     		ldr	r2, .L61+4
 1284 0034 1A60     		str	r2, [r3]
 552:Core/Src/main.c ****   htim4.Init.Prescaler = 240;
 1285              		.loc 1 552 24
 1286 0036 314B     		ldr	r3, .L61
 1287 0038 F022     		movs	r2, #240
 1288 003a 5A60     		str	r2, [r3, #4]
 553:Core/Src/main.c ****   htim4.Init.CounterMode = TIM_COUNTERMODE_UP;
 1289              		.loc 1 553 26
 1290 003c 2F4B     		ldr	r3, .L61
 1291 003e 0022     		movs	r2, #0
 1292 0040 9A60     		str	r2, [r3, #8]
 554:Core/Src/main.c ****   htim4.Init.Period = 7000;
 1293              		.loc 1 554 21
 1294 0042 2E4B     		ldr	r3, .L61
 1295 0044 41F65832 		movw	r2, #7000
 1296 0048 DA60     		str	r2, [r3, #12]
 555:Core/Src/main.c ****   htim4.Init.ClockDivision = TIM_CLOCKDIVISION_DIV1;
 1297              		.loc 1 555 28
 1298 004a 2C4B     		ldr	r3, .L61
 1299 004c 0022     		movs	r2, #0
 1300 004e 1A61     		str	r2, [r3, #16]
 556:Core/Src/main.c ****   htim4.Init.AutoReloadPreload = TIM_AUTORELOAD_PRELOAD_DISABLE;
 1301              		.loc 1 556 32
 1302 0050 2A4B     		ldr	r3, .L61
 1303 0052 0022     		movs	r2, #0
 1304 0054 9A61     		str	r2, [r3, #24]
 557:Core/Src/main.c ****   if (HAL_TIM_Base_Init(&htim4) != HAL_OK)
 1305              		.loc 1 557 7
 1306 0056 2948     		ldr	r0, .L61
 1307 0058 FFF7FEFF 		bl	HAL_TIM_Base_Init
 1308 005c 0346     		mov	r3, r0
 1309              		.loc 1 557 6
 1310 005e 002B     		cmp	r3, #0
 1311 0060 01D0     		beq	.L55
 558:Core/Src/main.c ****   {
 559:Core/Src/main.c ****     Error_Handler();
ARM GAS  /tmp/cc4Xjn9z.s 			page 34


 1312              		.loc 1 559 5
 1313 0062 FFF7FEFF 		bl	Error_Handler
 1314              	.L55:
 560:Core/Src/main.c ****   }
 561:Core/Src/main.c ****   sClockSourceConfig.ClockSource = TIM_CLOCKSOURCE_INTERNAL;
 1315              		.loc 1 561 34
 1316 0066 4FF48053 		mov	r3, #4096
 1317 006a BB62     		str	r3, [r7, #40]
 562:Core/Src/main.c ****   if (HAL_TIM_ConfigClockSource(&htim4, &sClockSourceConfig) != HAL_OK)
 1318              		.loc 1 562 7
 1319 006c 07F12803 		add	r3, r7, #40
 1320 0070 1946     		mov	r1, r3
 1321 0072 2248     		ldr	r0, .L61
 1322 0074 FFF7FEFF 		bl	HAL_TIM_ConfigClockSource
 1323 0078 0346     		mov	r3, r0
 1324              		.loc 1 562 6
 1325 007a 002B     		cmp	r3, #0
 1326 007c 01D0     		beq	.L56
 563:Core/Src/main.c ****   {
 564:Core/Src/main.c ****     Error_Handler();
 1327              		.loc 1 564 5
 1328 007e FFF7FEFF 		bl	Error_Handler
 1329              	.L56:
 565:Core/Src/main.c ****   }
 566:Core/Src/main.c ****   if (HAL_TIM_PWM_Init(&htim4) != HAL_OK)
 1330              		.loc 1 566 7
 1331 0082 1E48     		ldr	r0, .L61
 1332 0084 FFF7FEFF 		bl	HAL_TIM_PWM_Init
 1333 0088 0346     		mov	r3, r0
 1334              		.loc 1 566 6
 1335 008a 002B     		cmp	r3, #0
 1336 008c 01D0     		beq	.L57
 567:Core/Src/main.c ****   {
 568:Core/Src/main.c ****     Error_Handler();
 1337              		.loc 1 568 5
 1338 008e FFF7FEFF 		bl	Error_Handler
 1339              	.L57:
 569:Core/Src/main.c ****   }
 570:Core/Src/main.c ****   sMasterConfig.MasterOutputTrigger = TIM_TRGO_RESET;
 1340              		.loc 1 570 37
 1341 0092 0023     		movs	r3, #0
 1342 0094 3B62     		str	r3, [r7, #32]
 571:Core/Src/main.c ****   sMasterConfig.MasterSlaveMode = TIM_MASTERSLAVEMODE_DISABLE;
 1343              		.loc 1 571 33
 1344 0096 0023     		movs	r3, #0
 1345 0098 7B62     		str	r3, [r7, #36]
 572:Core/Src/main.c ****   if (HAL_TIMEx_MasterConfigSynchronization(&htim4, &sMasterConfig) != HAL_OK)
 1346              		.loc 1 572 7
 1347 009a 07F12003 		add	r3, r7, #32
 1348 009e 1946     		mov	r1, r3
 1349 00a0 1648     		ldr	r0, .L61
 1350 00a2 FFF7FEFF 		bl	HAL_TIMEx_MasterConfigSynchronization
 1351 00a6 0346     		mov	r3, r0
 1352              		.loc 1 572 6
 1353 00a8 002B     		cmp	r3, #0
 1354 00aa 01D0     		beq	.L58
 573:Core/Src/main.c ****   {
ARM GAS  /tmp/cc4Xjn9z.s 			page 35


 574:Core/Src/main.c ****     Error_Handler();
 1355              		.loc 1 574 5
 1356 00ac FFF7FEFF 		bl	Error_Handler
 1357              	.L58:
 575:Core/Src/main.c ****   }
 576:Core/Src/main.c ****   sConfigOC.OCMode = TIM_OCMODE_PWM1;
 1358              		.loc 1 576 20
 1359 00b0 6023     		movs	r3, #96
 1360 00b2 7B60     		str	r3, [r7, #4]
 577:Core/Src/main.c ****   sConfigOC.Pulse = 0;
 1361              		.loc 1 577 19
 1362 00b4 0023     		movs	r3, #0
 1363 00b6 BB60     		str	r3, [r7, #8]
 578:Core/Src/main.c ****   sConfigOC.OCPolarity = TIM_OCPOLARITY_HIGH;
 1364              		.loc 1 578 24
 1365 00b8 0023     		movs	r3, #0
 1366 00ba FB60     		str	r3, [r7, #12]
 579:Core/Src/main.c ****   sConfigOC.OCFastMode = TIM_OCFAST_DISABLE;
 1367              		.loc 1 579 24
 1368 00bc 0023     		movs	r3, #0
 1369 00be 7B61     		str	r3, [r7, #20]
 580:Core/Src/main.c ****   if (HAL_TIM_PWM_ConfigChannel(&htim4, &sConfigOC, TIM_CHANNEL_1) != HAL_OK)
 1370              		.loc 1 580 7
 1371 00c0 3B1D     		adds	r3, r7, #4
 1372 00c2 0022     		movs	r2, #0
 1373 00c4 1946     		mov	r1, r3
 1374 00c6 0D48     		ldr	r0, .L61
 1375 00c8 FFF7FEFF 		bl	HAL_TIM_PWM_ConfigChannel
 1376 00cc 0346     		mov	r3, r0
 1377              		.loc 1 580 6
 1378 00ce 002B     		cmp	r3, #0
 1379 00d0 01D0     		beq	.L59
 581:Core/Src/main.c ****   {
 582:Core/Src/main.c ****     Error_Handler();
 1380              		.loc 1 582 5
 1381 00d2 FFF7FEFF 		bl	Error_Handler
 1382              	.L59:
 583:Core/Src/main.c ****   }
 584:Core/Src/main.c ****   if (HAL_TIM_PWM_ConfigChannel(&htim4, &sConfigOC, TIM_CHANNEL_2) != HAL_OK)
 1383              		.loc 1 584 7
 1384 00d6 3B1D     		adds	r3, r7, #4
 1385 00d8 0422     		movs	r2, #4
 1386 00da 1946     		mov	r1, r3
 1387 00dc 0748     		ldr	r0, .L61
 1388 00de FFF7FEFF 		bl	HAL_TIM_PWM_ConfigChannel
 1389 00e2 0346     		mov	r3, r0
 1390              		.loc 1 584 6
 1391 00e4 002B     		cmp	r3, #0
 1392 00e6 01D0     		beq	.L60
 585:Core/Src/main.c ****   {
 586:Core/Src/main.c ****     Error_Handler();
 1393              		.loc 1 586 5
 1394 00e8 FFF7FEFF 		bl	Error_Handler
 1395              	.L60:
 587:Core/Src/main.c ****   }
 588:Core/Src/main.c ****   /* USER CODE BEGIN TIM4_Init 2 */
 589:Core/Src/main.c **** 
ARM GAS  /tmp/cc4Xjn9z.s 			page 36


 590:Core/Src/main.c ****   /* USER CODE END TIM4_Init 2 */
 591:Core/Src/main.c ****   HAL_TIM_MspPostInit(&htim4);
 1396              		.loc 1 591 3
 1397 00ec 0348     		ldr	r0, .L61
 1398 00ee FFF7FEFF 		bl	HAL_TIM_MspPostInit
 592:Core/Src/main.c **** 
 593:Core/Src/main.c **** }
 1399              		.loc 1 593 1
 1400 00f2 00BF     		nop
 1401 00f4 3837     		adds	r7, r7, #56
 1402              	.LCFI34:
 1403              		.cfi_def_cfa_offset 8
 1404 00f6 BD46     		mov	sp, r7
 1405              	.LCFI35:
 1406              		.cfi_def_cfa_register 13
 1407              		@ sp needed
 1408 00f8 80BD     		pop	{r7, pc}
 1409              	.L62:
 1410 00fa 00BF     		.align	2
 1411              	.L61:
 1412 00fc 00000000 		.word	htim4
 1413 0100 00080040 		.word	1073743872
 1414              		.cfi_endproc
 1415              	.LFE247:
 1417              		.section	.text.MX_TIM8_Init,"ax",%progbits
 1418              		.align	1
 1419              		.syntax unified
 1420              		.thumb
 1421              		.thumb_func
 1423              	MX_TIM8_Init:
 1424              	.LFB248:
 594:Core/Src/main.c **** 
 595:Core/Src/main.c **** /**
 596:Core/Src/main.c ****   * @brief TIM8 Initialization Function
 597:Core/Src/main.c ****   * @param None
 598:Core/Src/main.c ****   * @retval None
 599:Core/Src/main.c ****   */
 600:Core/Src/main.c **** static void MX_TIM8_Init(void)
 601:Core/Src/main.c **** {
 1425              		.loc 1 601 1
 1426              		.cfi_startproc
 1427              		@ args = 0, pretend = 0, frame = 88
 1428              		@ frame_needed = 1, uses_anonymous_args = 0
 1429 0000 80B5     		push	{r7, lr}
 1430              	.LCFI36:
 1431              		.cfi_def_cfa_offset 8
 1432              		.cfi_offset 7, -8
 1433              		.cfi_offset 14, -4
 1434 0002 96B0     		sub	sp, sp, #88
 1435              	.LCFI37:
 1436              		.cfi_def_cfa_offset 96
 1437 0004 00AF     		add	r7, sp, #0
 1438              	.LCFI38:
 1439              		.cfi_def_cfa_register 7
 602:Core/Src/main.c **** 
 603:Core/Src/main.c ****   /* USER CODE BEGIN TIM8_Init 0 */
 604:Core/Src/main.c **** 
ARM GAS  /tmp/cc4Xjn9z.s 			page 37


 605:Core/Src/main.c ****   /* USER CODE END TIM8_Init 0 */
 606:Core/Src/main.c **** 
 607:Core/Src/main.c ****   TIM_ClockConfigTypeDef sClockSourceConfig = {0};
 1440              		.loc 1 607 26
 1441 0006 07F14803 		add	r3, r7, #72
 1442 000a 0022     		movs	r2, #0
 1443 000c 1A60     		str	r2, [r3]
 1444 000e 5A60     		str	r2, [r3, #4]
 1445 0010 9A60     		str	r2, [r3, #8]
 1446 0012 DA60     		str	r2, [r3, #12]
 608:Core/Src/main.c ****   TIM_MasterConfigTypeDef sMasterConfig = {0};
 1447              		.loc 1 608 27
 1448 0014 07F14003 		add	r3, r7, #64
 1449 0018 0022     		movs	r2, #0
 1450 001a 1A60     		str	r2, [r3]
 1451 001c 5A60     		str	r2, [r3, #4]
 609:Core/Src/main.c ****   TIM_OC_InitTypeDef sConfigOC = {0};
 1452              		.loc 1 609 22
 1453 001e 07F12403 		add	r3, r7, #36
 1454 0022 0022     		movs	r2, #0
 1455 0024 1A60     		str	r2, [r3]
 1456 0026 5A60     		str	r2, [r3, #4]
 1457 0028 9A60     		str	r2, [r3, #8]
 1458 002a DA60     		str	r2, [r3, #12]
 1459 002c 1A61     		str	r2, [r3, #16]
 1460 002e 5A61     		str	r2, [r3, #20]
 1461 0030 9A61     		str	r2, [r3, #24]
 610:Core/Src/main.c ****   TIM_BreakDeadTimeConfigTypeDef sBreakDeadTimeConfig = {0};
 1462              		.loc 1 610 34
 1463 0032 3B1D     		adds	r3, r7, #4
 1464 0034 2022     		movs	r2, #32
 1465 0036 0021     		movs	r1, #0
 1466 0038 1846     		mov	r0, r3
 1467 003a FFF7FEFF 		bl	memset
 611:Core/Src/main.c **** 
 612:Core/Src/main.c ****   /* USER CODE BEGIN TIM8_Init 1 */
 613:Core/Src/main.c **** 
 614:Core/Src/main.c ****   /* USER CODE END TIM8_Init 1 */
 615:Core/Src/main.c ****   htim8.Instance = TIM8;
 1468              		.loc 1 615 18
 1469 003e 4A4B     		ldr	r3, .L72
 1470 0040 4A4A     		ldr	r2, .L72+4
 1471 0042 1A60     		str	r2, [r3]
 616:Core/Src/main.c ****   htim8.Init.Prescaler = 0;
 1472              		.loc 1 616 24
 1473 0044 484B     		ldr	r3, .L72
 1474 0046 0022     		movs	r2, #0
 1475 0048 5A60     		str	r2, [r3, #4]
 617:Core/Src/main.c ****   htim8.Init.CounterMode = TIM_COUNTERMODE_UP;
 1476              		.loc 1 617 26
 1477 004a 474B     		ldr	r3, .L72
 1478 004c 0022     		movs	r2, #0
 1479 004e 9A60     		str	r2, [r3, #8]
 618:Core/Src/main.c ****   htim8.Init.Period = 65535;
 1480              		.loc 1 618 21
 1481 0050 454B     		ldr	r3, .L72
 1482 0052 4FF6FF72 		movw	r2, #65535
ARM GAS  /tmp/cc4Xjn9z.s 			page 38


 1483 0056 DA60     		str	r2, [r3, #12]
 619:Core/Src/main.c ****   htim8.Init.ClockDivision = TIM_CLOCKDIVISION_DIV1;
 1484              		.loc 1 619 28
 1485 0058 434B     		ldr	r3, .L72
 1486 005a 0022     		movs	r2, #0
 1487 005c 1A61     		str	r2, [r3, #16]
 620:Core/Src/main.c ****   htim8.Init.RepetitionCounter = 0;
 1488              		.loc 1 620 32
 1489 005e 424B     		ldr	r3, .L72
 1490 0060 0022     		movs	r2, #0
 1491 0062 5A61     		str	r2, [r3, #20]
 621:Core/Src/main.c ****   htim8.Init.AutoReloadPreload = TIM_AUTORELOAD_PRELOAD_DISABLE;
 1492              		.loc 1 621 32
 1493 0064 404B     		ldr	r3, .L72
 1494 0066 0022     		movs	r2, #0
 1495 0068 9A61     		str	r2, [r3, #24]
 622:Core/Src/main.c ****   if (HAL_TIM_Base_Init(&htim8) != HAL_OK)
 1496              		.loc 1 622 7
 1497 006a 3F48     		ldr	r0, .L72
 1498 006c FFF7FEFF 		bl	HAL_TIM_Base_Init
 1499 0070 0346     		mov	r3, r0
 1500              		.loc 1 622 6
 1501 0072 002B     		cmp	r3, #0
 1502 0074 01D0     		beq	.L64
 623:Core/Src/main.c ****   {
 624:Core/Src/main.c ****     Error_Handler();
 1503              		.loc 1 624 5
 1504 0076 FFF7FEFF 		bl	Error_Handler
 1505              	.L64:
 625:Core/Src/main.c ****   }
 626:Core/Src/main.c ****   sClockSourceConfig.ClockSource = TIM_CLOCKSOURCE_INTERNAL;
 1506              		.loc 1 626 34
 1507 007a 4FF48053 		mov	r3, #4096
 1508 007e BB64     		str	r3, [r7, #72]
 627:Core/Src/main.c ****   if (HAL_TIM_ConfigClockSource(&htim8, &sClockSourceConfig) != HAL_OK)
 1509              		.loc 1 627 7
 1510 0080 07F14803 		add	r3, r7, #72
 1511 0084 1946     		mov	r1, r3
 1512 0086 3848     		ldr	r0, .L72
 1513 0088 FFF7FEFF 		bl	HAL_TIM_ConfigClockSource
 1514 008c 0346     		mov	r3, r0
 1515              		.loc 1 627 6
 1516 008e 002B     		cmp	r3, #0
 1517 0090 01D0     		beq	.L65
 628:Core/Src/main.c ****   {
 629:Core/Src/main.c ****     Error_Handler();
 1518              		.loc 1 629 5
 1519 0092 FFF7FEFF 		bl	Error_Handler
 1520              	.L65:
 630:Core/Src/main.c ****   }
 631:Core/Src/main.c ****   if (HAL_TIM_PWM_Init(&htim8) != HAL_OK)
 1521              		.loc 1 631 7
 1522 0096 3448     		ldr	r0, .L72
 1523 0098 FFF7FEFF 		bl	HAL_TIM_PWM_Init
 1524 009c 0346     		mov	r3, r0
 1525              		.loc 1 631 6
 1526 009e 002B     		cmp	r3, #0
ARM GAS  /tmp/cc4Xjn9z.s 			page 39


 1527 00a0 01D0     		beq	.L66
 632:Core/Src/main.c ****   {
 633:Core/Src/main.c ****     Error_Handler();
 1528              		.loc 1 633 5
 1529 00a2 FFF7FEFF 		bl	Error_Handler
 1530              	.L66:
 634:Core/Src/main.c ****   }
 635:Core/Src/main.c ****   sMasterConfig.MasterOutputTrigger = TIM_TRGO_RESET;
 1531              		.loc 1 635 37
 1532 00a6 0023     		movs	r3, #0
 1533 00a8 3B64     		str	r3, [r7, #64]
 636:Core/Src/main.c ****   sMasterConfig.MasterSlaveMode = TIM_MASTERSLAVEMODE_DISABLE;
 1534              		.loc 1 636 33
 1535 00aa 0023     		movs	r3, #0
 1536 00ac 7B64     		str	r3, [r7, #68]
 637:Core/Src/main.c ****   if (HAL_TIMEx_MasterConfigSynchronization(&htim8, &sMasterConfig) != HAL_OK)
 1537              		.loc 1 637 7
 1538 00ae 07F14003 		add	r3, r7, #64
 1539 00b2 1946     		mov	r1, r3
 1540 00b4 2C48     		ldr	r0, .L72
 1541 00b6 FFF7FEFF 		bl	HAL_TIMEx_MasterConfigSynchronization
 1542 00ba 0346     		mov	r3, r0
 1543              		.loc 1 637 6
 1544 00bc 002B     		cmp	r3, #0
 1545 00be 01D0     		beq	.L67
 638:Core/Src/main.c ****   {
 639:Core/Src/main.c ****     Error_Handler();
 1546              		.loc 1 639 5
 1547 00c0 FFF7FEFF 		bl	Error_Handler
 1548              	.L67:
 640:Core/Src/main.c ****   }
 641:Core/Src/main.c ****   sConfigOC.OCMode = TIM_OCMODE_PWM1;
 1549              		.loc 1 641 20
 1550 00c4 6023     		movs	r3, #96
 1551 00c6 7B62     		str	r3, [r7, #36]
 642:Core/Src/main.c ****   sConfigOC.Pulse = 0;
 1552              		.loc 1 642 19
 1553 00c8 0023     		movs	r3, #0
 1554 00ca BB62     		str	r3, [r7, #40]
 643:Core/Src/main.c ****   sConfigOC.OCPolarity = TIM_OCPOLARITY_HIGH;
 1555              		.loc 1 643 24
 1556 00cc 0023     		movs	r3, #0
 1557 00ce FB62     		str	r3, [r7, #44]
 644:Core/Src/main.c ****   sConfigOC.OCNPolarity = TIM_OCNPOLARITY_HIGH;
 1558              		.loc 1 644 25
 1559 00d0 0023     		movs	r3, #0
 1560 00d2 3B63     		str	r3, [r7, #48]
 645:Core/Src/main.c ****   sConfigOC.OCFastMode = TIM_OCFAST_DISABLE;
 1561              		.loc 1 645 24
 1562 00d4 0023     		movs	r3, #0
 1563 00d6 7B63     		str	r3, [r7, #52]
 646:Core/Src/main.c ****   sConfigOC.OCIdleState = TIM_OCIDLESTATE_RESET;
 1564              		.loc 1 646 25
 1565 00d8 0023     		movs	r3, #0
 1566 00da BB63     		str	r3, [r7, #56]
 647:Core/Src/main.c ****   sConfigOC.OCNIdleState = TIM_OCNIDLESTATE_RESET;
 1567              		.loc 1 647 26
ARM GAS  /tmp/cc4Xjn9z.s 			page 40


 1568 00dc 0023     		movs	r3, #0
 1569 00de FB63     		str	r3, [r7, #60]
 648:Core/Src/main.c ****   if (HAL_TIM_PWM_ConfigChannel(&htim8, &sConfigOC, TIM_CHANNEL_2) != HAL_OK)
 1570              		.loc 1 648 7
 1571 00e0 07F12403 		add	r3, r7, #36
 1572 00e4 0422     		movs	r2, #4
 1573 00e6 1946     		mov	r1, r3
 1574 00e8 1F48     		ldr	r0, .L72
 1575 00ea FFF7FEFF 		bl	HAL_TIM_PWM_ConfigChannel
 1576 00ee 0346     		mov	r3, r0
 1577              		.loc 1 648 6
 1578 00f0 002B     		cmp	r3, #0
 1579 00f2 01D0     		beq	.L68
 649:Core/Src/main.c ****   {
 650:Core/Src/main.c ****     Error_Handler();
 1580              		.loc 1 650 5
 1581 00f4 FFF7FEFF 		bl	Error_Handler
 1582              	.L68:
 651:Core/Src/main.c ****   }
 652:Core/Src/main.c ****   if (HAL_TIM_PWM_ConfigChannel(&htim8, &sConfigOC, TIM_CHANNEL_3) != HAL_OK)
 1583              		.loc 1 652 7
 1584 00f8 07F12403 		add	r3, r7, #36
 1585 00fc 0822     		movs	r2, #8
 1586 00fe 1946     		mov	r1, r3
 1587 0100 1948     		ldr	r0, .L72
 1588 0102 FFF7FEFF 		bl	HAL_TIM_PWM_ConfigChannel
 1589 0106 0346     		mov	r3, r0
 1590              		.loc 1 652 6
 1591 0108 002B     		cmp	r3, #0
 1592 010a 01D0     		beq	.L69
 653:Core/Src/main.c ****   {
 654:Core/Src/main.c ****     Error_Handler();
 1593              		.loc 1 654 5
 1594 010c FFF7FEFF 		bl	Error_Handler
 1595              	.L69:
 655:Core/Src/main.c ****   }
 656:Core/Src/main.c ****   if (HAL_TIM_PWM_ConfigChannel(&htim8, &sConfigOC, TIM_CHANNEL_4) != HAL_OK)
 1596              		.loc 1 656 7
 1597 0110 07F12403 		add	r3, r7, #36
 1598 0114 0C22     		movs	r2, #12
 1599 0116 1946     		mov	r1, r3
 1600 0118 1348     		ldr	r0, .L72
 1601 011a FFF7FEFF 		bl	HAL_TIM_PWM_ConfigChannel
 1602 011e 0346     		mov	r3, r0
 1603              		.loc 1 656 6
 1604 0120 002B     		cmp	r3, #0
 1605 0122 01D0     		beq	.L70
 657:Core/Src/main.c ****   {
 658:Core/Src/main.c ****     Error_Handler();
 1606              		.loc 1 658 5
 1607 0124 FFF7FEFF 		bl	Error_Handler
 1608              	.L70:
 659:Core/Src/main.c ****   }
 660:Core/Src/main.c ****   sBreakDeadTimeConfig.OffStateRunMode = TIM_OSSR_DISABLE;
 1609              		.loc 1 660 40
 1610 0128 0023     		movs	r3, #0
 1611 012a 7B60     		str	r3, [r7, #4]
ARM GAS  /tmp/cc4Xjn9z.s 			page 41


 661:Core/Src/main.c ****   sBreakDeadTimeConfig.OffStateIDLEMode = TIM_OSSI_DISABLE;
 1612              		.loc 1 661 41
 1613 012c 0023     		movs	r3, #0
 1614 012e BB60     		str	r3, [r7, #8]
 662:Core/Src/main.c ****   sBreakDeadTimeConfig.LockLevel = TIM_LOCKLEVEL_OFF;
 1615              		.loc 1 662 34
 1616 0130 0023     		movs	r3, #0
 1617 0132 FB60     		str	r3, [r7, #12]
 663:Core/Src/main.c ****   sBreakDeadTimeConfig.DeadTime = 0;
 1618              		.loc 1 663 33
 1619 0134 0023     		movs	r3, #0
 1620 0136 3B61     		str	r3, [r7, #16]
 664:Core/Src/main.c ****   sBreakDeadTimeConfig.BreakState = TIM_BREAK_DISABLE;
 1621              		.loc 1 664 35
 1622 0138 0023     		movs	r3, #0
 1623 013a 7B61     		str	r3, [r7, #20]
 665:Core/Src/main.c ****   sBreakDeadTimeConfig.BreakPolarity = TIM_BREAKPOLARITY_HIGH;
 1624              		.loc 1 665 38
 1625 013c 4FF40053 		mov	r3, #8192
 1626 0140 BB61     		str	r3, [r7, #24]
 666:Core/Src/main.c ****   sBreakDeadTimeConfig.AutomaticOutput = TIM_AUTOMATICOUTPUT_DISABLE;
 1627              		.loc 1 666 40
 1628 0142 0023     		movs	r3, #0
 1629 0144 3B62     		str	r3, [r7, #32]
 667:Core/Src/main.c ****   if (HAL_TIMEx_ConfigBreakDeadTime(&htim8, &sBreakDeadTimeConfig) != HAL_OK)
 1630              		.loc 1 667 7
 1631 0146 3B1D     		adds	r3, r7, #4
 1632 0148 1946     		mov	r1, r3
 1633 014a 0748     		ldr	r0, .L72
 1634 014c FFF7FEFF 		bl	HAL_TIMEx_ConfigBreakDeadTime
 1635 0150 0346     		mov	r3, r0
 1636              		.loc 1 667 6
 1637 0152 002B     		cmp	r3, #0
 1638 0154 01D0     		beq	.L71
 668:Core/Src/main.c ****   {
 669:Core/Src/main.c ****     Error_Handler();
 1639              		.loc 1 669 5
 1640 0156 FFF7FEFF 		bl	Error_Handler
 1641              	.L71:
 670:Core/Src/main.c ****   }
 671:Core/Src/main.c ****   /* USER CODE BEGIN TIM8_Init 2 */
 672:Core/Src/main.c **** 
 673:Core/Src/main.c ****   /* USER CODE END TIM8_Init 2 */
 674:Core/Src/main.c ****   HAL_TIM_MspPostInit(&htim8);
 1642              		.loc 1 674 3
 1643 015a 0348     		ldr	r0, .L72
 1644 015c FFF7FEFF 		bl	HAL_TIM_MspPostInit
 675:Core/Src/main.c **** 
 676:Core/Src/main.c **** }
 1645              		.loc 1 676 1
 1646 0160 00BF     		nop
 1647 0162 5837     		adds	r7, r7, #88
 1648              	.LCFI39:
 1649              		.cfi_def_cfa_offset 8
 1650 0164 BD46     		mov	sp, r7
 1651              	.LCFI40:
 1652              		.cfi_def_cfa_register 13
ARM GAS  /tmp/cc4Xjn9z.s 			page 42


 1653              		@ sp needed
 1654 0166 80BD     		pop	{r7, pc}
 1655              	.L73:
 1656              		.align	2
 1657              	.L72:
 1658 0168 00000000 		.word	htim8
 1659 016c 00040140 		.word	1073808384
 1660              		.cfi_endproc
 1661              	.LFE248:
 1663              		.section	.text.MX_UART4_Init,"ax",%progbits
 1664              		.align	1
 1665              		.syntax unified
 1666              		.thumb
 1667              		.thumb_func
 1669              	MX_UART4_Init:
 1670              	.LFB249:
 677:Core/Src/main.c **** 
 678:Core/Src/main.c **** /**
 679:Core/Src/main.c ****   * @brief UART4 Initialization Function
 680:Core/Src/main.c ****   * @param None
 681:Core/Src/main.c ****   * @retval None
 682:Core/Src/main.c ****   */
 683:Core/Src/main.c **** static void MX_UART4_Init(void)
 684:Core/Src/main.c **** {
 1671              		.loc 1 684 1
 1672              		.cfi_startproc
 1673              		@ args = 0, pretend = 0, frame = 0
 1674              		@ frame_needed = 1, uses_anonymous_args = 0
 1675 0000 80B5     		push	{r7, lr}
 1676              	.LCFI41:
 1677              		.cfi_def_cfa_offset 8
 1678              		.cfi_offset 7, -8
 1679              		.cfi_offset 14, -4
 1680 0002 00AF     		add	r7, sp, #0
 1681              	.LCFI42:
 1682              		.cfi_def_cfa_register 7
 685:Core/Src/main.c **** 
 686:Core/Src/main.c ****   /* USER CODE BEGIN UART4_Init 0 */
 687:Core/Src/main.c **** 
 688:Core/Src/main.c ****   /* USER CODE END UART4_Init 0 */
 689:Core/Src/main.c **** 
 690:Core/Src/main.c ****   /* USER CODE BEGIN UART4_Init 1 */
 691:Core/Src/main.c **** 
 692:Core/Src/main.c ****   /* USER CODE END UART4_Init 1 */
 693:Core/Src/main.c ****   huart4.Instance = UART4;
 1683              		.loc 1 693 19
 1684 0004 114B     		ldr	r3, .L77
 1685 0006 124A     		ldr	r2, .L77+4
 1686 0008 1A60     		str	r2, [r3]
 694:Core/Src/main.c ****   huart4.Init.BaudRate = 115200;
 1687              		.loc 1 694 24
 1688 000a 104B     		ldr	r3, .L77
 1689 000c 4FF4E132 		mov	r2, #115200
 1690 0010 5A60     		str	r2, [r3, #4]
 695:Core/Src/main.c ****   huart4.Init.WordLength = UART_WORDLENGTH_8B;
 1691              		.loc 1 695 26
 1692 0012 0E4B     		ldr	r3, .L77
ARM GAS  /tmp/cc4Xjn9z.s 			page 43


 1693 0014 0022     		movs	r2, #0
 1694 0016 9A60     		str	r2, [r3, #8]
 696:Core/Src/main.c ****   huart4.Init.StopBits = UART_STOPBITS_1;
 1695              		.loc 1 696 24
 1696 0018 0C4B     		ldr	r3, .L77
 1697 001a 0022     		movs	r2, #0
 1698 001c DA60     		str	r2, [r3, #12]
 697:Core/Src/main.c ****   huart4.Init.Parity = UART_PARITY_NONE;
 1699              		.loc 1 697 22
 1700 001e 0B4B     		ldr	r3, .L77
 1701 0020 0022     		movs	r2, #0
 1702 0022 1A61     		str	r2, [r3, #16]
 698:Core/Src/main.c ****   huart4.Init.Mode = UART_MODE_TX_RX;
 1703              		.loc 1 698 20
 1704 0024 094B     		ldr	r3, .L77
 1705 0026 0C22     		movs	r2, #12
 1706 0028 5A61     		str	r2, [r3, #20]
 699:Core/Src/main.c ****   huart4.Init.HwFlowCtl = UART_HWCONTROL_NONE;
 1707              		.loc 1 699 25
 1708 002a 084B     		ldr	r3, .L77
 1709 002c 0022     		movs	r2, #0
 1710 002e 9A61     		str	r2, [r3, #24]
 700:Core/Src/main.c ****   huart4.Init.OverSampling = UART_OVERSAMPLING_16;
 1711              		.loc 1 700 28
 1712 0030 064B     		ldr	r3, .L77
 1713 0032 0022     		movs	r2, #0
 1714 0034 DA61     		str	r2, [r3, #28]
 701:Core/Src/main.c ****   if (HAL_UART_Init(&huart4) != HAL_OK)
 1715              		.loc 1 701 7
 1716 0036 0548     		ldr	r0, .L77
 1717 0038 FFF7FEFF 		bl	HAL_UART_Init
 1718 003c 0346     		mov	r3, r0
 1719              		.loc 1 701 6
 1720 003e 002B     		cmp	r3, #0
 1721 0040 01D0     		beq	.L76
 702:Core/Src/main.c ****   {
 703:Core/Src/main.c ****     Error_Handler();
 1722              		.loc 1 703 5
 1723 0042 FFF7FEFF 		bl	Error_Handler
 1724              	.L76:
 704:Core/Src/main.c ****   }
 705:Core/Src/main.c ****   /* USER CODE BEGIN UART4_Init 2 */
 706:Core/Src/main.c **** 
 707:Core/Src/main.c ****   /* USER CODE END UART4_Init 2 */
 708:Core/Src/main.c **** 
 709:Core/Src/main.c **** }
 1725              		.loc 1 709 1
 1726 0046 00BF     		nop
 1727 0048 80BD     		pop	{r7, pc}
 1728              	.L78:
 1729 004a 00BF     		.align	2
 1730              	.L77:
 1731 004c 00000000 		.word	huart4
 1732 0050 004C0040 		.word	1073761280
 1733              		.cfi_endproc
 1734              	.LFE249:
 1736              		.section	.text.MX_UART5_Init,"ax",%progbits
ARM GAS  /tmp/cc4Xjn9z.s 			page 44


 1737              		.align	1
 1738              		.syntax unified
 1739              		.thumb
 1740              		.thumb_func
 1742              	MX_UART5_Init:
 1743              	.LFB250:
 710:Core/Src/main.c **** 
 711:Core/Src/main.c **** /**
 712:Core/Src/main.c ****   * @brief UART5 Initialization Function
 713:Core/Src/main.c ****   * @param None
 714:Core/Src/main.c ****   * @retval None
 715:Core/Src/main.c ****   */
 716:Core/Src/main.c **** static void MX_UART5_Init(void)
 717:Core/Src/main.c **** {
 1744              		.loc 1 717 1
 1745              		.cfi_startproc
 1746              		@ args = 0, pretend = 0, frame = 0
 1747              		@ frame_needed = 1, uses_anonymous_args = 0
 1748 0000 80B5     		push	{r7, lr}
 1749              	.LCFI43:
 1750              		.cfi_def_cfa_offset 8
 1751              		.cfi_offset 7, -8
 1752              		.cfi_offset 14, -4
 1753 0002 00AF     		add	r7, sp, #0
 1754              	.LCFI44:
 1755              		.cfi_def_cfa_register 7
 718:Core/Src/main.c **** 
 719:Core/Src/main.c ****   /* USER CODE BEGIN UART5_Init 0 */
 720:Core/Src/main.c **** 
 721:Core/Src/main.c ****   /* USER CODE END UART5_Init 0 */
 722:Core/Src/main.c **** 
 723:Core/Src/main.c ****   /* USER CODE BEGIN UART5_Init 1 */
 724:Core/Src/main.c **** 
 725:Core/Src/main.c ****   /* USER CODE END UART5_Init 1 */
 726:Core/Src/main.c ****   huart5.Instance = UART5;
 1756              		.loc 1 726 19
 1757 0004 114B     		ldr	r3, .L82
 1758 0006 124A     		ldr	r2, .L82+4
 1759 0008 1A60     		str	r2, [r3]
 727:Core/Src/main.c ****   huart5.Init.BaudRate = 115200;
 1760              		.loc 1 727 24
 1761 000a 104B     		ldr	r3, .L82
 1762 000c 4FF4E132 		mov	r2, #115200
 1763 0010 5A60     		str	r2, [r3, #4]
 728:Core/Src/main.c ****   huart5.Init.WordLength = UART_WORDLENGTH_8B;
 1764              		.loc 1 728 26
 1765 0012 0E4B     		ldr	r3, .L82
 1766 0014 0022     		movs	r2, #0
 1767 0016 9A60     		str	r2, [r3, #8]
 729:Core/Src/main.c ****   huart5.Init.StopBits = UART_STOPBITS_1;
 1768              		.loc 1 729 24
 1769 0018 0C4B     		ldr	r3, .L82
 1770 001a 0022     		movs	r2, #0
 1771 001c DA60     		str	r2, [r3, #12]
 730:Core/Src/main.c ****   huart5.Init.Parity = UART_PARITY_NONE;
 1772              		.loc 1 730 22
 1773 001e 0B4B     		ldr	r3, .L82
ARM GAS  /tmp/cc4Xjn9z.s 			page 45


 1774 0020 0022     		movs	r2, #0
 1775 0022 1A61     		str	r2, [r3, #16]
 731:Core/Src/main.c ****   huart5.Init.Mode = UART_MODE_TX_RX;
 1776              		.loc 1 731 20
 1777 0024 094B     		ldr	r3, .L82
 1778 0026 0C22     		movs	r2, #12
 1779 0028 5A61     		str	r2, [r3, #20]
 732:Core/Src/main.c ****   huart5.Init.HwFlowCtl = UART_HWCONTROL_NONE;
 1780              		.loc 1 732 25
 1781 002a 084B     		ldr	r3, .L82
 1782 002c 0022     		movs	r2, #0
 1783 002e 9A61     		str	r2, [r3, #24]
 733:Core/Src/main.c ****   huart5.Init.OverSampling = UART_OVERSAMPLING_16;
 1784              		.loc 1 733 28
 1785 0030 064B     		ldr	r3, .L82
 1786 0032 0022     		movs	r2, #0
 1787 0034 DA61     		str	r2, [r3, #28]
 734:Core/Src/main.c ****   if (HAL_UART_Init(&huart5) != HAL_OK)
 1788              		.loc 1 734 7
 1789 0036 0548     		ldr	r0, .L82
 1790 0038 FFF7FEFF 		bl	HAL_UART_Init
 1791 003c 0346     		mov	r3, r0
 1792              		.loc 1 734 6
 1793 003e 002B     		cmp	r3, #0
 1794 0040 01D0     		beq	.L81
 735:Core/Src/main.c ****   {
 736:Core/Src/main.c ****     Error_Handler();
 1795              		.loc 1 736 5
 1796 0042 FFF7FEFF 		bl	Error_Handler
 1797              	.L81:
 737:Core/Src/main.c ****   }
 738:Core/Src/main.c ****   /* USER CODE BEGIN UART5_Init 2 */
 739:Core/Src/main.c **** 
 740:Core/Src/main.c ****   /* USER CODE END UART5_Init 2 */
 741:Core/Src/main.c **** 
 742:Core/Src/main.c **** }
 1798              		.loc 1 742 1
 1799 0046 00BF     		nop
 1800 0048 80BD     		pop	{r7, pc}
 1801              	.L83:
 1802 004a 00BF     		.align	2
 1803              	.L82:
 1804 004c 00000000 		.word	huart5
 1805 0050 00500040 		.word	1073762304
 1806              		.cfi_endproc
 1807              	.LFE250:
 1809              		.section	.text.MX_USART1_UART_Init,"ax",%progbits
 1810              		.align	1
 1811              		.syntax unified
 1812              		.thumb
 1813              		.thumb_func
 1815              	MX_USART1_UART_Init:
 1816              	.LFB251:
 743:Core/Src/main.c **** 
 744:Core/Src/main.c **** /**
 745:Core/Src/main.c ****   * @brief USART1 Initialization Function
 746:Core/Src/main.c ****   * @param None
ARM GAS  /tmp/cc4Xjn9z.s 			page 46


 747:Core/Src/main.c ****   * @retval None
 748:Core/Src/main.c ****   */
 749:Core/Src/main.c **** static void MX_USART1_UART_Init(void)
 750:Core/Src/main.c **** {
 1817              		.loc 1 750 1
 1818              		.cfi_startproc
 1819              		@ args = 0, pretend = 0, frame = 0
 1820              		@ frame_needed = 1, uses_anonymous_args = 0
 1821 0000 80B5     		push	{r7, lr}
 1822              	.LCFI45:
 1823              		.cfi_def_cfa_offset 8
 1824              		.cfi_offset 7, -8
 1825              		.cfi_offset 14, -4
 1826 0002 00AF     		add	r7, sp, #0
 1827              	.LCFI46:
 1828              		.cfi_def_cfa_register 7
 751:Core/Src/main.c **** 
 752:Core/Src/main.c ****   /* USER CODE BEGIN USART1_Init 0 */
 753:Core/Src/main.c **** 
 754:Core/Src/main.c ****   /* USER CODE END USART1_Init 0 */
 755:Core/Src/main.c **** 
 756:Core/Src/main.c ****   /* USER CODE BEGIN USART1_Init 1 */
 757:Core/Src/main.c **** 
 758:Core/Src/main.c ****   /* USER CODE END USART1_Init 1 */
 759:Core/Src/main.c ****   huart1.Instance = USART1;
 1829              		.loc 1 759 19
 1830 0004 114B     		ldr	r3, .L87
 1831 0006 124A     		ldr	r2, .L87+4
 1832 0008 1A60     		str	r2, [r3]
 760:Core/Src/main.c ****   huart1.Init.BaudRate = 115200;
 1833              		.loc 1 760 24
 1834 000a 104B     		ldr	r3, .L87
 1835 000c 4FF4E132 		mov	r2, #115200
 1836 0010 5A60     		str	r2, [r3, #4]
 761:Core/Src/main.c ****   huart1.Init.WordLength = UART_WORDLENGTH_8B;
 1837              		.loc 1 761 26
 1838 0012 0E4B     		ldr	r3, .L87
 1839 0014 0022     		movs	r2, #0
 1840 0016 9A60     		str	r2, [r3, #8]
 762:Core/Src/main.c ****   huart1.Init.StopBits = UART_STOPBITS_1;
 1841              		.loc 1 762 24
 1842 0018 0C4B     		ldr	r3, .L87
 1843 001a 0022     		movs	r2, #0
 1844 001c DA60     		str	r2, [r3, #12]
 763:Core/Src/main.c ****   huart1.Init.Parity = UART_PARITY_NONE;
 1845              		.loc 1 763 22
 1846 001e 0B4B     		ldr	r3, .L87
 1847 0020 0022     		movs	r2, #0
 1848 0022 1A61     		str	r2, [r3, #16]
 764:Core/Src/main.c ****   huart1.Init.Mode = UART_MODE_TX_RX;
 1849              		.loc 1 764 20
 1850 0024 094B     		ldr	r3, .L87
 1851 0026 0C22     		movs	r2, #12
 1852 0028 5A61     		str	r2, [r3, #20]
 765:Core/Src/main.c ****   huart1.Init.HwFlowCtl = UART_HWCONTROL_NONE;
 1853              		.loc 1 765 25
 1854 002a 084B     		ldr	r3, .L87
ARM GAS  /tmp/cc4Xjn9z.s 			page 47


 1855 002c 0022     		movs	r2, #0
 1856 002e 9A61     		str	r2, [r3, #24]
 766:Core/Src/main.c ****   huart1.Init.OverSampling = UART_OVERSAMPLING_16;
 1857              		.loc 1 766 28
 1858 0030 064B     		ldr	r3, .L87
 1859 0032 0022     		movs	r2, #0
 1860 0034 DA61     		str	r2, [r3, #28]
 767:Core/Src/main.c ****   if (HAL_UART_Init(&huart1) != HAL_OK)
 1861              		.loc 1 767 7
 1862 0036 0548     		ldr	r0, .L87
 1863 0038 FFF7FEFF 		bl	HAL_UART_Init
 1864 003c 0346     		mov	r3, r0
 1865              		.loc 1 767 6
 1866 003e 002B     		cmp	r3, #0
 1867 0040 01D0     		beq	.L86
 768:Core/Src/main.c ****   {
 769:Core/Src/main.c ****     Error_Handler();
 1868              		.loc 1 769 5
 1869 0042 FFF7FEFF 		bl	Error_Handler
 1870              	.L86:
 770:Core/Src/main.c ****   }
 771:Core/Src/main.c ****   /* USER CODE BEGIN USART1_Init 2 */
 772:Core/Src/main.c **** 
 773:Core/Src/main.c ****   /* USER CODE END USART1_Init 2 */
 774:Core/Src/main.c **** 
 775:Core/Src/main.c **** }
 1871              		.loc 1 775 1
 1872 0046 00BF     		nop
 1873 0048 80BD     		pop	{r7, pc}
 1874              	.L88:
 1875 004a 00BF     		.align	2
 1876              	.L87:
 1877 004c 00000000 		.word	huart1
 1878 0050 00100140 		.word	1073811456
 1879              		.cfi_endproc
 1880              	.LFE251:
 1882              		.section	.text.MX_USART2_UART_Init,"ax",%progbits
 1883              		.align	1
 1884              		.syntax unified
 1885              		.thumb
 1886              		.thumb_func
 1888              	MX_USART2_UART_Init:
 1889              	.LFB252:
 776:Core/Src/main.c **** 
 777:Core/Src/main.c **** /**
 778:Core/Src/main.c ****   * @brief USART2 Initialization Function
 779:Core/Src/main.c ****   * @param None
 780:Core/Src/main.c ****   * @retval None
 781:Core/Src/main.c ****   */
 782:Core/Src/main.c **** static void MX_USART2_UART_Init(void)
 783:Core/Src/main.c **** {
 1890              		.loc 1 783 1
 1891              		.cfi_startproc
 1892              		@ args = 0, pretend = 0, frame = 0
 1893              		@ frame_needed = 1, uses_anonymous_args = 0
 1894 0000 80B5     		push	{r7, lr}
 1895              	.LCFI47:
ARM GAS  /tmp/cc4Xjn9z.s 			page 48


 1896              		.cfi_def_cfa_offset 8
 1897              		.cfi_offset 7, -8
 1898              		.cfi_offset 14, -4
 1899 0002 00AF     		add	r7, sp, #0
 1900              	.LCFI48:
 1901              		.cfi_def_cfa_register 7
 784:Core/Src/main.c **** 
 785:Core/Src/main.c ****   /* USER CODE BEGIN USART2_Init 0 */
 786:Core/Src/main.c **** 
 787:Core/Src/main.c ****   /* USER CODE END USART2_Init 0 */
 788:Core/Src/main.c **** 
 789:Core/Src/main.c ****   /* USER CODE BEGIN USART2_Init 1 */
 790:Core/Src/main.c **** 
 791:Core/Src/main.c ****   /* USER CODE END USART2_Init 1 */
 792:Core/Src/main.c ****   huart2.Instance = USART2;
 1902              		.loc 1 792 19
 1903 0004 114B     		ldr	r3, .L92
 1904 0006 124A     		ldr	r2, .L92+4
 1905 0008 1A60     		str	r2, [r3]
 793:Core/Src/main.c ****   huart2.Init.BaudRate = 115200;
 1906              		.loc 1 793 24
 1907 000a 104B     		ldr	r3, .L92
 1908 000c 4FF4E132 		mov	r2, #115200
 1909 0010 5A60     		str	r2, [r3, #4]
 794:Core/Src/main.c ****   huart2.Init.WordLength = UART_WORDLENGTH_8B;
 1910              		.loc 1 794 26
 1911 0012 0E4B     		ldr	r3, .L92
 1912 0014 0022     		movs	r2, #0
 1913 0016 9A60     		str	r2, [r3, #8]
 795:Core/Src/main.c ****   huart2.Init.StopBits = UART_STOPBITS_1;
 1914              		.loc 1 795 24
 1915 0018 0C4B     		ldr	r3, .L92
 1916 001a 0022     		movs	r2, #0
 1917 001c DA60     		str	r2, [r3, #12]
 796:Core/Src/main.c ****   huart2.Init.Parity = UART_PARITY_NONE;
 1918              		.loc 1 796 22
 1919 001e 0B4B     		ldr	r3, .L92
 1920 0020 0022     		movs	r2, #0
 1921 0022 1A61     		str	r2, [r3, #16]
 797:Core/Src/main.c ****   huart2.Init.Mode = UART_MODE_TX_RX;
 1922              		.loc 1 797 20
 1923 0024 094B     		ldr	r3, .L92
 1924 0026 0C22     		movs	r2, #12
 1925 0028 5A61     		str	r2, [r3, #20]
 798:Core/Src/main.c ****   huart2.Init.HwFlowCtl = UART_HWCONTROL_NONE;
 1926              		.loc 1 798 25
 1927 002a 084B     		ldr	r3, .L92
 1928 002c 0022     		movs	r2, #0
 1929 002e 9A61     		str	r2, [r3, #24]
 799:Core/Src/main.c ****   huart2.Init.OverSampling = UART_OVERSAMPLING_16;
 1930              		.loc 1 799 28
 1931 0030 064B     		ldr	r3, .L92
 1932 0032 0022     		movs	r2, #0
 1933 0034 DA61     		str	r2, [r3, #28]
 800:Core/Src/main.c ****   if (HAL_UART_Init(&huart2) != HAL_OK)
 1934              		.loc 1 800 7
 1935 0036 0548     		ldr	r0, .L92
ARM GAS  /tmp/cc4Xjn9z.s 			page 49


 1936 0038 FFF7FEFF 		bl	HAL_UART_Init
 1937 003c 0346     		mov	r3, r0
 1938              		.loc 1 800 6
 1939 003e 002B     		cmp	r3, #0
 1940 0040 01D0     		beq	.L91
 801:Core/Src/main.c ****   {
 802:Core/Src/main.c ****     Error_Handler();
 1941              		.loc 1 802 5
 1942 0042 FFF7FEFF 		bl	Error_Handler
 1943              	.L91:
 803:Core/Src/main.c ****   }
 804:Core/Src/main.c ****   /* USER CODE BEGIN USART2_Init 2 */
 805:Core/Src/main.c **** 
 806:Core/Src/main.c ****   /* USER CODE END USART2_Init 2 */
 807:Core/Src/main.c **** 
 808:Core/Src/main.c **** }
 1944              		.loc 1 808 1
 1945 0046 00BF     		nop
 1946 0048 80BD     		pop	{r7, pc}
 1947              	.L93:
 1948 004a 00BF     		.align	2
 1949              	.L92:
 1950 004c 00000000 		.word	huart2
 1951 0050 00440040 		.word	1073759232
 1952              		.cfi_endproc
 1953              	.LFE252:
 1955              		.section	.text.MX_USART3_UART_Init,"ax",%progbits
 1956              		.align	1
 1957              		.syntax unified
 1958              		.thumb
 1959              		.thumb_func
 1961              	MX_USART3_UART_Init:
 1962              	.LFB253:
 809:Core/Src/main.c **** 
 810:Core/Src/main.c **** /**
 811:Core/Src/main.c ****   * @brief USART3 Initialization Function
 812:Core/Src/main.c ****   * @param None
 813:Core/Src/main.c ****   * @retval None
 814:Core/Src/main.c ****   */
 815:Core/Src/main.c **** static void MX_USART3_UART_Init(void)
 816:Core/Src/main.c **** {
 1963              		.loc 1 816 1
 1964              		.cfi_startproc
 1965              		@ args = 0, pretend = 0, frame = 0
 1966              		@ frame_needed = 1, uses_anonymous_args = 0
 1967 0000 80B5     		push	{r7, lr}
 1968              	.LCFI49:
 1969              		.cfi_def_cfa_offset 8
 1970              		.cfi_offset 7, -8
 1971              		.cfi_offset 14, -4
 1972 0002 00AF     		add	r7, sp, #0
 1973              	.LCFI50:
 1974              		.cfi_def_cfa_register 7
 817:Core/Src/main.c **** 
 818:Core/Src/main.c ****   /* USER CODE BEGIN USART3_Init 0 */
 819:Core/Src/main.c **** 
 820:Core/Src/main.c ****   /* USER CODE END USART3_Init 0 */
ARM GAS  /tmp/cc4Xjn9z.s 			page 50


 821:Core/Src/main.c **** 
 822:Core/Src/main.c ****   /* USER CODE BEGIN USART3_Init 1 */
 823:Core/Src/main.c **** 
 824:Core/Src/main.c ****   /* USER CODE END USART3_Init 1 */
 825:Core/Src/main.c ****   huart3.Instance = USART3;
 1975              		.loc 1 825 19
 1976 0004 114B     		ldr	r3, .L97
 1977 0006 124A     		ldr	r2, .L97+4
 1978 0008 1A60     		str	r2, [r3]
 826:Core/Src/main.c ****   huart3.Init.BaudRate = 115200;
 1979              		.loc 1 826 24
 1980 000a 104B     		ldr	r3, .L97
 1981 000c 4FF4E132 		mov	r2, #115200
 1982 0010 5A60     		str	r2, [r3, #4]
 827:Core/Src/main.c ****   huart3.Init.WordLength = UART_WORDLENGTH_8B;
 1983              		.loc 1 827 26
 1984 0012 0E4B     		ldr	r3, .L97
 1985 0014 0022     		movs	r2, #0
 1986 0016 9A60     		str	r2, [r3, #8]
 828:Core/Src/main.c ****   huart3.Init.StopBits = UART_STOPBITS_1;
 1987              		.loc 1 828 24
 1988 0018 0C4B     		ldr	r3, .L97
 1989 001a 0022     		movs	r2, #0
 1990 001c DA60     		str	r2, [r3, #12]
 829:Core/Src/main.c ****   huart3.Init.Parity = UART_PARITY_NONE;
 1991              		.loc 1 829 22
 1992 001e 0B4B     		ldr	r3, .L97
 1993 0020 0022     		movs	r2, #0
 1994 0022 1A61     		str	r2, [r3, #16]
 830:Core/Src/main.c ****   huart3.Init.Mode = UART_MODE_TX_RX;
 1995              		.loc 1 830 20
 1996 0024 094B     		ldr	r3, .L97
 1997 0026 0C22     		movs	r2, #12
 1998 0028 5A61     		str	r2, [r3, #20]
 831:Core/Src/main.c ****   huart3.Init.HwFlowCtl = UART_HWCONTROL_NONE;
 1999              		.loc 1 831 25
 2000 002a 084B     		ldr	r3, .L97
 2001 002c 0022     		movs	r2, #0
 2002 002e 9A61     		str	r2, [r3, #24]
 832:Core/Src/main.c ****   huart3.Init.OverSampling = UART_OVERSAMPLING_16;
 2003              		.loc 1 832 28
 2004 0030 064B     		ldr	r3, .L97
 2005 0032 0022     		movs	r2, #0
 2006 0034 DA61     		str	r2, [r3, #28]
 833:Core/Src/main.c ****   if (HAL_UART_Init(&huart3) != HAL_OK)
 2007              		.loc 1 833 7
 2008 0036 0548     		ldr	r0, .L97
 2009 0038 FFF7FEFF 		bl	HAL_UART_Init
 2010 003c 0346     		mov	r3, r0
 2011              		.loc 1 833 6
 2012 003e 002B     		cmp	r3, #0
 2013 0040 01D0     		beq	.L96
 834:Core/Src/main.c ****   {
 835:Core/Src/main.c ****     Error_Handler();
 2014              		.loc 1 835 5
 2015 0042 FFF7FEFF 		bl	Error_Handler
 2016              	.L96:
ARM GAS  /tmp/cc4Xjn9z.s 			page 51


 836:Core/Src/main.c ****   }
 837:Core/Src/main.c ****   /* USER CODE BEGIN USART3_Init 2 */
 838:Core/Src/main.c **** 
 839:Core/Src/main.c ****   /* USER CODE END USART3_Init 2 */
 840:Core/Src/main.c **** 
 841:Core/Src/main.c **** }
 2017              		.loc 1 841 1
 2018 0046 00BF     		nop
 2019 0048 80BD     		pop	{r7, pc}
 2020              	.L98:
 2021 004a 00BF     		.align	2
 2022              	.L97:
 2023 004c 00000000 		.word	huart3
 2024 0050 00480040 		.word	1073760256
 2025              		.cfi_endproc
 2026              	.LFE253:
 2028              		.section	.text.MX_USART6_UART_Init,"ax",%progbits
 2029              		.align	1
 2030              		.syntax unified
 2031              		.thumb
 2032              		.thumb_func
 2034              	MX_USART6_UART_Init:
 2035              	.LFB254:
 842:Core/Src/main.c **** 
 843:Core/Src/main.c **** /**
 844:Core/Src/main.c ****   * @brief USART6 Initialization Function
 845:Core/Src/main.c ****   * @param None
 846:Core/Src/main.c ****   * @retval None
 847:Core/Src/main.c ****   */
 848:Core/Src/main.c **** static void MX_USART6_UART_Init(void)
 849:Core/Src/main.c **** {
 2036              		.loc 1 849 1
 2037              		.cfi_startproc
 2038              		@ args = 0, pretend = 0, frame = 0
 2039              		@ frame_needed = 1, uses_anonymous_args = 0
 2040 0000 80B5     		push	{r7, lr}
 2041              	.LCFI51:
 2042              		.cfi_def_cfa_offset 8
 2043              		.cfi_offset 7, -8
 2044              		.cfi_offset 14, -4
 2045 0002 00AF     		add	r7, sp, #0
 2046              	.LCFI52:
 2047              		.cfi_def_cfa_register 7
 850:Core/Src/main.c **** 
 851:Core/Src/main.c ****   /* USER CODE BEGIN USART6_Init 0 */
 852:Core/Src/main.c **** 
 853:Core/Src/main.c ****   /* USER CODE END USART6_Init 0 */
 854:Core/Src/main.c **** 
 855:Core/Src/main.c ****   /* USER CODE BEGIN USART6_Init 1 */
 856:Core/Src/main.c **** 
 857:Core/Src/main.c ****   /* USER CODE END USART6_Init 1 */
 858:Core/Src/main.c ****   huart6.Instance = USART6;
 2048              		.loc 1 858 19
 2049 0004 114B     		ldr	r3, .L102
 2050 0006 124A     		ldr	r2, .L102+4
 2051 0008 1A60     		str	r2, [r3]
 859:Core/Src/main.c ****   huart6.Init.BaudRate = 115200;
ARM GAS  /tmp/cc4Xjn9z.s 			page 52


 2052              		.loc 1 859 24
 2053 000a 104B     		ldr	r3, .L102
 2054 000c 4FF4E132 		mov	r2, #115200
 2055 0010 5A60     		str	r2, [r3, #4]
 860:Core/Src/main.c ****   huart6.Init.WordLength = UART_WORDLENGTH_8B;
 2056              		.loc 1 860 26
 2057 0012 0E4B     		ldr	r3, .L102
 2058 0014 0022     		movs	r2, #0
 2059 0016 9A60     		str	r2, [r3, #8]
 861:Core/Src/main.c ****   huart6.Init.StopBits = UART_STOPBITS_1;
 2060              		.loc 1 861 24
 2061 0018 0C4B     		ldr	r3, .L102
 2062 001a 0022     		movs	r2, #0
 2063 001c DA60     		str	r2, [r3, #12]
 862:Core/Src/main.c ****   huart6.Init.Parity = UART_PARITY_NONE;
 2064              		.loc 1 862 22
 2065 001e 0B4B     		ldr	r3, .L102
 2066 0020 0022     		movs	r2, #0
 2067 0022 1A61     		str	r2, [r3, #16]
 863:Core/Src/main.c ****   huart6.Init.Mode = UART_MODE_TX_RX;
 2068              		.loc 1 863 20
 2069 0024 094B     		ldr	r3, .L102
 2070 0026 0C22     		movs	r2, #12
 2071 0028 5A61     		str	r2, [r3, #20]
 864:Core/Src/main.c ****   huart6.Init.HwFlowCtl = UART_HWCONTROL_NONE;
 2072              		.loc 1 864 25
 2073 002a 084B     		ldr	r3, .L102
 2074 002c 0022     		movs	r2, #0
 2075 002e 9A61     		str	r2, [r3, #24]
 865:Core/Src/main.c ****   huart6.Init.OverSampling = UART_OVERSAMPLING_16;
 2076              		.loc 1 865 28
 2077 0030 064B     		ldr	r3, .L102
 2078 0032 0022     		movs	r2, #0
 2079 0034 DA61     		str	r2, [r3, #28]
 866:Core/Src/main.c ****   if (HAL_UART_Init(&huart6) != HAL_OK)
 2080              		.loc 1 866 7
 2081 0036 0548     		ldr	r0, .L102
 2082 0038 FFF7FEFF 		bl	HAL_UART_Init
 2083 003c 0346     		mov	r3, r0
 2084              		.loc 1 866 6
 2085 003e 002B     		cmp	r3, #0
 2086 0040 01D0     		beq	.L101
 867:Core/Src/main.c ****   {
 868:Core/Src/main.c ****     Error_Handler();
 2087              		.loc 1 868 5
 2088 0042 FFF7FEFF 		bl	Error_Handler
 2089              	.L101:
 869:Core/Src/main.c ****   }
 870:Core/Src/main.c ****   /* USER CODE BEGIN USART6_Init 2 */
 871:Core/Src/main.c **** 
 872:Core/Src/main.c ****   /* USER CODE END USART6_Init 2 */
 873:Core/Src/main.c **** 
 874:Core/Src/main.c **** }
 2090              		.loc 1 874 1
 2091 0046 00BF     		nop
 2092 0048 80BD     		pop	{r7, pc}
 2093              	.L103:
ARM GAS  /tmp/cc4Xjn9z.s 			page 53


 2094 004a 00BF     		.align	2
 2095              	.L102:
 2096 004c 00000000 		.word	huart6
 2097 0050 00140140 		.word	1073812480
 2098              		.cfi_endproc
 2099              	.LFE254:
 2101              		.section	.text.MX_GPIO_Init,"ax",%progbits
 2102              		.align	1
 2103              		.syntax unified
 2104              		.thumb
 2105              		.thumb_func
 2107              	MX_GPIO_Init:
 2108              	.LFB255:
 875:Core/Src/main.c **** 
 876:Core/Src/main.c **** /**
 877:Core/Src/main.c ****   * @brief GPIO Initialization Function
 878:Core/Src/main.c ****   * @param None
 879:Core/Src/main.c ****   * @retval None
 880:Core/Src/main.c ****   */
 881:Core/Src/main.c **** static void MX_GPIO_Init(void)
 882:Core/Src/main.c **** {
 2109              		.loc 1 882 1
 2110              		.cfi_startproc
 2111              		@ args = 0, pretend = 0, frame = 40
 2112              		@ frame_needed = 1, uses_anonymous_args = 0
 2113 0000 80B5     		push	{r7, lr}
 2114              	.LCFI53:
 2115              		.cfi_def_cfa_offset 8
 2116              		.cfi_offset 7, -8
 2117              		.cfi_offset 14, -4
 2118 0002 8AB0     		sub	sp, sp, #40
 2119              	.LCFI54:
 2120              		.cfi_def_cfa_offset 48
 2121 0004 00AF     		add	r7, sp, #0
 2122              	.LCFI55:
 2123              		.cfi_def_cfa_register 7
 883:Core/Src/main.c ****   GPIO_InitTypeDef GPIO_InitStruct = {0};
 2124              		.loc 1 883 20
 2125 0006 07F11403 		add	r3, r7, #20
 2126 000a 0022     		movs	r2, #0
 2127 000c 1A60     		str	r2, [r3]
 2128 000e 5A60     		str	r2, [r3, #4]
 2129 0010 9A60     		str	r2, [r3, #8]
 2130 0012 DA60     		str	r2, [r3, #12]
 2131 0014 1A61     		str	r2, [r3, #16]
 2132              	.LBB6:
 884:Core/Src/main.c **** /* USER CODE BEGIN MX_GPIO_Init_1 */
 885:Core/Src/main.c **** /* USER CODE END MX_GPIO_Init_1 */
 886:Core/Src/main.c **** 
 887:Core/Src/main.c ****   /* GPIO Ports Clock Enable */
 888:Core/Src/main.c ****   __HAL_RCC_GPIOC_CLK_ENABLE();
 2133              		.loc 1 888 3
 2134 0016 0023     		movs	r3, #0
 2135 0018 3B61     		str	r3, [r7, #16]
 2136 001a 264B     		ldr	r3, .L105
 2137 001c 1B6B     		ldr	r3, [r3, #48]
 2138 001e 254A     		ldr	r2, .L105
ARM GAS  /tmp/cc4Xjn9z.s 			page 54


 2139 0020 43F00403 		orr	r3, r3, #4
 2140 0024 1363     		str	r3, [r2, #48]
 2141 0026 234B     		ldr	r3, .L105
 2142 0028 1B6B     		ldr	r3, [r3, #48]
 2143 002a 03F00403 		and	r3, r3, #4
 2144 002e 3B61     		str	r3, [r7, #16]
 2145 0030 3B69     		ldr	r3, [r7, #16]
 2146              	.LBE6:
 2147              	.LBB7:
 889:Core/Src/main.c ****   __HAL_RCC_GPIOA_CLK_ENABLE();
 2148              		.loc 1 889 3
 2149 0032 0023     		movs	r3, #0
 2150 0034 FB60     		str	r3, [r7, #12]
 2151 0036 1F4B     		ldr	r3, .L105
 2152 0038 1B6B     		ldr	r3, [r3, #48]
 2153 003a 1E4A     		ldr	r2, .L105
 2154 003c 43F00103 		orr	r3, r3, #1
 2155 0040 1363     		str	r3, [r2, #48]
 2156 0042 1C4B     		ldr	r3, .L105
 2157 0044 1B6B     		ldr	r3, [r3, #48]
 2158 0046 03F00103 		and	r3, r3, #1
 2159 004a FB60     		str	r3, [r7, #12]
 2160 004c FB68     		ldr	r3, [r7, #12]
 2161              	.LBE7:
 2162              	.LBB8:
 890:Core/Src/main.c ****   __HAL_RCC_GPIOB_CLK_ENABLE();
 2163              		.loc 1 890 3
 2164 004e 0023     		movs	r3, #0
 2165 0050 BB60     		str	r3, [r7, #8]
 2166 0052 184B     		ldr	r3, .L105
 2167 0054 1B6B     		ldr	r3, [r3, #48]
 2168 0056 174A     		ldr	r2, .L105
 2169 0058 43F00203 		orr	r3, r3, #2
 2170 005c 1363     		str	r3, [r2, #48]
 2171 005e 154B     		ldr	r3, .L105
 2172 0060 1B6B     		ldr	r3, [r3, #48]
 2173 0062 03F00203 		and	r3, r3, #2
 2174 0066 BB60     		str	r3, [r7, #8]
 2175 0068 BB68     		ldr	r3, [r7, #8]
 2176              	.LBE8:
 2177              	.LBB9:
 891:Core/Src/main.c ****   __HAL_RCC_GPIOD_CLK_ENABLE();
 2178              		.loc 1 891 3
 2179 006a 0023     		movs	r3, #0
 2180 006c 7B60     		str	r3, [r7, #4]
 2181 006e 114B     		ldr	r3, .L105
 2182 0070 1B6B     		ldr	r3, [r3, #48]
 2183 0072 104A     		ldr	r2, .L105
 2184 0074 43F00803 		orr	r3, r3, #8
 2185 0078 1363     		str	r3, [r2, #48]
 2186 007a 0E4B     		ldr	r3, .L105
 2187 007c 1B6B     		ldr	r3, [r3, #48]
 2188 007e 03F00803 		and	r3, r3, #8
 2189 0082 7B60     		str	r3, [r7, #4]
 2190 0084 7B68     		ldr	r3, [r7, #4]
 2191              	.LBE9:
 892:Core/Src/main.c **** 
ARM GAS  /tmp/cc4Xjn9z.s 			page 55


 893:Core/Src/main.c ****   /*Configure GPIO pin Output Level */
 894:Core/Src/main.c ****   HAL_GPIO_WritePin(GPIOA, GPIO_PIN_4, GPIO_PIN_RESET);
 2192              		.loc 1 894 3
 2193 0086 0022     		movs	r2, #0
 2194 0088 1021     		movs	r1, #16
 2195 008a 0B48     		ldr	r0, .L105+4
 2196 008c FFF7FEFF 		bl	HAL_GPIO_WritePin
 895:Core/Src/main.c **** 
 896:Core/Src/main.c ****   /*Configure GPIO pin : PA4 */
 897:Core/Src/main.c ****   GPIO_InitStruct.Pin = GPIO_PIN_4;
 2197              		.loc 1 897 23
 2198 0090 1023     		movs	r3, #16
 2199 0092 7B61     		str	r3, [r7, #20]
 898:Core/Src/main.c ****   GPIO_InitStruct.Mode = GPIO_MODE_OUTPUT_PP;
 2200              		.loc 1 898 24
 2201 0094 0123     		movs	r3, #1
 2202 0096 BB61     		str	r3, [r7, #24]
 899:Core/Src/main.c ****   GPIO_InitStruct.Pull = GPIO_NOPULL;
 2203              		.loc 1 899 24
 2204 0098 0023     		movs	r3, #0
 2205 009a FB61     		str	r3, [r7, #28]
 900:Core/Src/main.c ****   GPIO_InitStruct.Speed = GPIO_SPEED_FREQ_LOW;
 2206              		.loc 1 900 25
 2207 009c 0023     		movs	r3, #0
 2208 009e 3B62     		str	r3, [r7, #32]
 901:Core/Src/main.c ****   HAL_GPIO_Init(GPIOA, &GPIO_InitStruct);
 2209              		.loc 1 901 3
 2210 00a0 07F11403 		add	r3, r7, #20
 2211 00a4 1946     		mov	r1, r3
 2212 00a6 0448     		ldr	r0, .L105+4
 2213 00a8 FFF7FEFF 		bl	HAL_GPIO_Init
 902:Core/Src/main.c **** 
 903:Core/Src/main.c **** /* USER CODE BEGIN MX_GPIO_Init_2 */
 904:Core/Src/main.c **** /* USER CODE END MX_GPIO_Init_2 */
 905:Core/Src/main.c **** }
 2214              		.loc 1 905 1
 2215 00ac 00BF     		nop
 2216 00ae 2837     		adds	r7, r7, #40
 2217              	.LCFI56:
 2218              		.cfi_def_cfa_offset 8
 2219 00b0 BD46     		mov	sp, r7
 2220              	.LCFI57:
 2221              		.cfi_def_cfa_register 13
 2222              		@ sp needed
 2223 00b2 80BD     		pop	{r7, pc}
 2224              	.L106:
 2225              		.align	2
 2226              	.L105:
 2227 00b4 00380240 		.word	1073887232
 2228 00b8 00000240 		.word	1073872896
 2229              		.cfi_endproc
 2230              	.LFE255:
 2232              		.section	.text.SERVO_Test,"ax",%progbits
 2233              		.align	1
 2234              		.global	SERVO_Test
 2235              		.syntax unified
 2236              		.thumb
ARM GAS  /tmp/cc4Xjn9z.s 			page 56


 2237              		.thumb_func
 2239              	SERVO_Test:
 2240              	.LFB256:
 906:Core/Src/main.c **** 
 907:Core/Src/main.c **** /* USER CODE BEGIN 4 */
 908:Core/Src/main.c **** 
 909:Core/Src/main.c **** /** Test Functions */
 910:Core/Src/main.c **** 
 911:Core/Src/main.c **** int SERVO_Test()
 912:Core/Src/main.c **** {
 2241              		.loc 1 912 1
 2242              		.cfi_startproc
 2243              		@ args = 0, pretend = 0, frame = 0
 2244              		@ frame_needed = 1, uses_anonymous_args = 0
 2245 0000 80B5     		push	{r7, lr}
 2246              	.LCFI58:
 2247              		.cfi_def_cfa_offset 8
 2248              		.cfi_offset 7, -8
 2249              		.cfi_offset 14, -4
 2250 0002 00AF     		add	r7, sp, #0
 2251              	.LCFI59:
 2252              		.cfi_def_cfa_register 7
 913:Core/Src/main.c ****     servo_set_angle(SERVO_CHANNEL_1, 0);
 2253              		.loc 1 913 5
 2254 0004 9FED0C0A 		vldr.32	s0, .L108
 2255 0008 0020     		movs	r0, #0
 2256 000a FFF7FEFF 		bl	servo_set_angle
 914:Core/Src/main.c ****     HAL_Delay(500);
 2257              		.loc 1 914 5
 2258 000e 4FF4FA70 		mov	r0, #500
 2259 0012 FFF7FEFF 		bl	HAL_Delay
 915:Core/Src/main.c ****     servo_set_angle(SERVO_CHANNEL_1, 180);
 2260              		.loc 1 915 5
 2261 0016 9FED090A 		vldr.32	s0, .L108+4
 2262 001a 0020     		movs	r0, #0
 2263 001c FFF7FEFF 		bl	servo_set_angle
 916:Core/Src/main.c ****     HAL_Delay(500);
 2264              		.loc 1 916 5
 2265 0020 4FF4FA70 		mov	r0, #500
 2266 0024 FFF7FEFF 		bl	HAL_Delay
 917:Core/Src/main.c ****     servo_set_angle(SERVO_CHANNEL_1, 90);
 2267              		.loc 1 917 5
 2268 0028 9FED050A 		vldr.32	s0, .L108+8
 2269 002c 0020     		movs	r0, #0
 2270 002e FFF7FEFF 		bl	servo_set_angle
 918:Core/Src/main.c **** }
 2271              		.loc 1 918 1
 2272 0032 00BF     		nop
 2273 0034 1846     		mov	r0, r3
 2274 0036 80BD     		pop	{r7, pc}
 2275              	.L109:
 2276              		.align	2
 2277              	.L108:
 2278 0038 00000000 		.word	0
 2279 003c 00003443 		.word	1127481344
 2280 0040 0000B442 		.word	1119092736
 2281              		.cfi_endproc
ARM GAS  /tmp/cc4Xjn9z.s 			page 57


 2282              	.LFE256:
 2284              		.section	.text.POST,"ax",%progbits
 2285              		.align	1
 2286              		.global	POST
 2287              		.syntax unified
 2288              		.thumb
 2289              		.thumb_func
 2291              	POST:
 2292              	.LFB257:
 919:Core/Src/main.c **** 
 920:Core/Src/main.c **** /**
 921:Core/Src/main.c ****  * @brief Power On Self Test. Testing devices, not protocols 
 922:Core/Src/main.c ****  * 
 923:Core/Src/main.c ****  * @return int 
 924:Core/Src/main.c ****  */
 925:Core/Src/main.c **** int POST()
 926:Core/Src/main.c **** {
 2293              		.loc 1 926 1
 2294              		.cfi_startproc
 2295              		@ args = 0, pretend = 0, frame = 0
 2296              		@ frame_needed = 1, uses_anonymous_args = 0
 2297              		@ link register save eliminated.
 2298 0000 80B4     		push	{r7}
 2299              	.LCFI60:
 2300              		.cfi_def_cfa_offset 4
 2301              		.cfi_offset 7, -4
 2302 0002 00AF     		add	r7, sp, #0
 2303              	.LCFI61:
 2304              		.cfi_def_cfa_register 7
 927:Core/Src/main.c ****   //  SERVO_POST();
 928:Core/Src/main.c **** }
 2305              		.loc 1 928 1
 2306 0004 00BF     		nop
 2307 0006 1846     		mov	r0, r3
 2308 0008 BD46     		mov	sp, r7
 2309              	.LCFI62:
 2310              		.cfi_def_cfa_register 13
 2311              		@ sp needed
 2312 000a 5DF8047B 		ldr	r7, [sp], #4
 2313              	.LCFI63:
 2314              		.cfi_restore 7
 2315              		.cfi_def_cfa_offset 0
 2316 000e 7047     		bx	lr
 2317              		.cfi_endproc
 2318              	.LFE257:
 2320              		.section	.text.Error_Handler,"ax",%progbits
 2321              		.align	1
 2322              		.global	Error_Handler
 2323              		.syntax unified
 2324              		.thumb
 2325              		.thumb_func
 2327              	Error_Handler:
 2328              	.LFB258:
 929:Core/Src/main.c **** 
 930:Core/Src/main.c **** 
 931:Core/Src/main.c **** 
 932:Core/Src/main.c **** /** End Test Functions */
ARM GAS  /tmp/cc4Xjn9z.s 			page 58


 933:Core/Src/main.c **** /* USER CODE END 4 */
 934:Core/Src/main.c **** 
 935:Core/Src/main.c **** /**
 936:Core/Src/main.c ****   * @brief  This function is executed in case of error occurrence.
 937:Core/Src/main.c ****   * @retval None
 938:Core/Src/main.c ****   */
 939:Core/Src/main.c **** void Error_Handler(void)
 940:Core/Src/main.c **** {
 2329              		.loc 1 940 1
 2330              		.cfi_startproc
 2331              		@ args = 0, pretend = 0, frame = 0
 2332              		@ frame_needed = 1, uses_anonymous_args = 0
 2333              		@ link register save eliminated.
 2334 0000 80B4     		push	{r7}
 2335              	.LCFI64:
 2336              		.cfi_def_cfa_offset 4
 2337              		.cfi_offset 7, -4
 2338 0002 00AF     		add	r7, sp, #0
 2339              	.LCFI65:
 2340              		.cfi_def_cfa_register 7
 2341              	.LBB10:
 2342              	.LBB11:
 2343              		.file 2 "Drivers/CMSIS/Include/cmsis_gcc.h"
   1:Drivers/CMSIS/Include/cmsis_gcc.h **** /**************************************************************************//**
   2:Drivers/CMSIS/Include/cmsis_gcc.h ****  * @file     cmsis_gcc.h
   3:Drivers/CMSIS/Include/cmsis_gcc.h ****  * @brief    CMSIS compiler GCC header file
   4:Drivers/CMSIS/Include/cmsis_gcc.h ****  * @version  V5.4.1
   5:Drivers/CMSIS/Include/cmsis_gcc.h ****  * @date     27. May 2021
   6:Drivers/CMSIS/Include/cmsis_gcc.h ****  ******************************************************************************/
   7:Drivers/CMSIS/Include/cmsis_gcc.h **** /*
   8:Drivers/CMSIS/Include/cmsis_gcc.h ****  * Copyright (c) 2009-2021 Arm Limited. All rights reserved.
   9:Drivers/CMSIS/Include/cmsis_gcc.h ****  *
  10:Drivers/CMSIS/Include/cmsis_gcc.h ****  * SPDX-License-Identifier: Apache-2.0
  11:Drivers/CMSIS/Include/cmsis_gcc.h ****  *
  12:Drivers/CMSIS/Include/cmsis_gcc.h ****  * Licensed under the Apache License, Version 2.0 (the License); you may
  13:Drivers/CMSIS/Include/cmsis_gcc.h ****  * not use this file except in compliance with the License.
  14:Drivers/CMSIS/Include/cmsis_gcc.h ****  * You may obtain a copy of the License at
  15:Drivers/CMSIS/Include/cmsis_gcc.h ****  *
  16:Drivers/CMSIS/Include/cmsis_gcc.h ****  * www.apache.org/licenses/LICENSE-2.0
  17:Drivers/CMSIS/Include/cmsis_gcc.h ****  *
  18:Drivers/CMSIS/Include/cmsis_gcc.h ****  * Unless required by applicable law or agreed to in writing, software
  19:Drivers/CMSIS/Include/cmsis_gcc.h ****  * distributed under the License is distributed on an AS IS BASIS, WITHOUT
  20:Drivers/CMSIS/Include/cmsis_gcc.h ****  * WARRANTIES OR CONDITIONS OF ANY KIND, either express or implied.
  21:Drivers/CMSIS/Include/cmsis_gcc.h ****  * See the License for the specific language governing permissions and
  22:Drivers/CMSIS/Include/cmsis_gcc.h ****  * limitations under the License.
  23:Drivers/CMSIS/Include/cmsis_gcc.h ****  */
  24:Drivers/CMSIS/Include/cmsis_gcc.h **** 
  25:Drivers/CMSIS/Include/cmsis_gcc.h **** #ifndef __CMSIS_GCC_H
  26:Drivers/CMSIS/Include/cmsis_gcc.h **** #define __CMSIS_GCC_H
  27:Drivers/CMSIS/Include/cmsis_gcc.h **** 
  28:Drivers/CMSIS/Include/cmsis_gcc.h **** /* ignore some GCC warnings */
  29:Drivers/CMSIS/Include/cmsis_gcc.h **** #pragma GCC diagnostic push
  30:Drivers/CMSIS/Include/cmsis_gcc.h **** #pragma GCC diagnostic ignored "-Wsign-conversion"
  31:Drivers/CMSIS/Include/cmsis_gcc.h **** #pragma GCC diagnostic ignored "-Wconversion"
  32:Drivers/CMSIS/Include/cmsis_gcc.h **** #pragma GCC diagnostic ignored "-Wunused-parameter"
  33:Drivers/CMSIS/Include/cmsis_gcc.h **** 
  34:Drivers/CMSIS/Include/cmsis_gcc.h **** /* Fallback for __has_builtin */
ARM GAS  /tmp/cc4Xjn9z.s 			page 59


  35:Drivers/CMSIS/Include/cmsis_gcc.h **** #ifndef __has_builtin
  36:Drivers/CMSIS/Include/cmsis_gcc.h ****   #define __has_builtin(x) (0)
  37:Drivers/CMSIS/Include/cmsis_gcc.h **** #endif
  38:Drivers/CMSIS/Include/cmsis_gcc.h **** 
  39:Drivers/CMSIS/Include/cmsis_gcc.h **** /* CMSIS compiler specific defines */
  40:Drivers/CMSIS/Include/cmsis_gcc.h **** #ifndef   __ASM
  41:Drivers/CMSIS/Include/cmsis_gcc.h ****   #define __ASM                                  __asm
  42:Drivers/CMSIS/Include/cmsis_gcc.h **** #endif
  43:Drivers/CMSIS/Include/cmsis_gcc.h **** #ifndef   __INLINE
  44:Drivers/CMSIS/Include/cmsis_gcc.h ****   #define __INLINE                               inline
  45:Drivers/CMSIS/Include/cmsis_gcc.h **** #endif
  46:Drivers/CMSIS/Include/cmsis_gcc.h **** #ifndef   __STATIC_INLINE
  47:Drivers/CMSIS/Include/cmsis_gcc.h ****   #define __STATIC_INLINE                        static inline
  48:Drivers/CMSIS/Include/cmsis_gcc.h **** #endif
  49:Drivers/CMSIS/Include/cmsis_gcc.h **** #ifndef   __STATIC_FORCEINLINE
  50:Drivers/CMSIS/Include/cmsis_gcc.h ****   #define __STATIC_FORCEINLINE                   __attribute__((always_inline)) static inline
  51:Drivers/CMSIS/Include/cmsis_gcc.h **** #endif
  52:Drivers/CMSIS/Include/cmsis_gcc.h **** #ifndef   __NO_RETURN
  53:Drivers/CMSIS/Include/cmsis_gcc.h ****   #define __NO_RETURN                            __attribute__((__noreturn__))
  54:Drivers/CMSIS/Include/cmsis_gcc.h **** #endif
  55:Drivers/CMSIS/Include/cmsis_gcc.h **** #ifndef   __USED
  56:Drivers/CMSIS/Include/cmsis_gcc.h ****   #define __USED                                 __attribute__((used))
  57:Drivers/CMSIS/Include/cmsis_gcc.h **** #endif
  58:Drivers/CMSIS/Include/cmsis_gcc.h **** #ifndef   __WEAK
  59:Drivers/CMSIS/Include/cmsis_gcc.h ****   #define __WEAK                                 __attribute__((weak))
  60:Drivers/CMSIS/Include/cmsis_gcc.h **** #endif
  61:Drivers/CMSIS/Include/cmsis_gcc.h **** #ifndef   __PACKED
  62:Drivers/CMSIS/Include/cmsis_gcc.h ****   #define __PACKED                               __attribute__((packed, aligned(1)))
  63:Drivers/CMSIS/Include/cmsis_gcc.h **** #endif
  64:Drivers/CMSIS/Include/cmsis_gcc.h **** #ifndef   __PACKED_STRUCT
  65:Drivers/CMSIS/Include/cmsis_gcc.h ****   #define __PACKED_STRUCT                        struct __attribute__((packed, aligned(1)))
  66:Drivers/CMSIS/Include/cmsis_gcc.h **** #endif
  67:Drivers/CMSIS/Include/cmsis_gcc.h **** #ifndef   __PACKED_UNION
  68:Drivers/CMSIS/Include/cmsis_gcc.h ****   #define __PACKED_UNION                         union __attribute__((packed, aligned(1)))
  69:Drivers/CMSIS/Include/cmsis_gcc.h **** #endif
  70:Drivers/CMSIS/Include/cmsis_gcc.h **** #ifndef   __UNALIGNED_UINT32        /* deprecated */
  71:Drivers/CMSIS/Include/cmsis_gcc.h ****   #pragma GCC diagnostic push
  72:Drivers/CMSIS/Include/cmsis_gcc.h ****   #pragma GCC diagnostic ignored "-Wpacked"
  73:Drivers/CMSIS/Include/cmsis_gcc.h ****   #pragma GCC diagnostic ignored "-Wattributes"
  74:Drivers/CMSIS/Include/cmsis_gcc.h ****   struct __attribute__((packed)) T_UINT32 { uint32_t v; };
  75:Drivers/CMSIS/Include/cmsis_gcc.h ****   #pragma GCC diagnostic pop
  76:Drivers/CMSIS/Include/cmsis_gcc.h ****   #define __UNALIGNED_UINT32(x)                  (((struct T_UINT32 *)(x))->v)
  77:Drivers/CMSIS/Include/cmsis_gcc.h **** #endif
  78:Drivers/CMSIS/Include/cmsis_gcc.h **** #ifndef   __UNALIGNED_UINT16_WRITE
  79:Drivers/CMSIS/Include/cmsis_gcc.h ****   #pragma GCC diagnostic push
  80:Drivers/CMSIS/Include/cmsis_gcc.h ****   #pragma GCC diagnostic ignored "-Wpacked"
  81:Drivers/CMSIS/Include/cmsis_gcc.h ****   #pragma GCC diagnostic ignored "-Wattributes"
  82:Drivers/CMSIS/Include/cmsis_gcc.h ****   __PACKED_STRUCT T_UINT16_WRITE { uint16_t v; };
  83:Drivers/CMSIS/Include/cmsis_gcc.h ****   #pragma GCC diagnostic pop
  84:Drivers/CMSIS/Include/cmsis_gcc.h ****   #define __UNALIGNED_UINT16_WRITE(addr, val)    (void)((((struct T_UINT16_WRITE *)(void *)(addr))-
  85:Drivers/CMSIS/Include/cmsis_gcc.h **** #endif
  86:Drivers/CMSIS/Include/cmsis_gcc.h **** #ifndef   __UNALIGNED_UINT16_READ
  87:Drivers/CMSIS/Include/cmsis_gcc.h ****   #pragma GCC diagnostic push
  88:Drivers/CMSIS/Include/cmsis_gcc.h ****   #pragma GCC diagnostic ignored "-Wpacked"
  89:Drivers/CMSIS/Include/cmsis_gcc.h ****   #pragma GCC diagnostic ignored "-Wattributes"
  90:Drivers/CMSIS/Include/cmsis_gcc.h ****   __PACKED_STRUCT T_UINT16_READ { uint16_t v; };
  91:Drivers/CMSIS/Include/cmsis_gcc.h ****   #pragma GCC diagnostic pop
ARM GAS  /tmp/cc4Xjn9z.s 			page 60


  92:Drivers/CMSIS/Include/cmsis_gcc.h ****   #define __UNALIGNED_UINT16_READ(addr)          (((const struct T_UINT16_READ *)(const void *)(add
  93:Drivers/CMSIS/Include/cmsis_gcc.h **** #endif
  94:Drivers/CMSIS/Include/cmsis_gcc.h **** #ifndef   __UNALIGNED_UINT32_WRITE
  95:Drivers/CMSIS/Include/cmsis_gcc.h ****   #pragma GCC diagnostic push
  96:Drivers/CMSIS/Include/cmsis_gcc.h ****   #pragma GCC diagnostic ignored "-Wpacked"
  97:Drivers/CMSIS/Include/cmsis_gcc.h ****   #pragma GCC diagnostic ignored "-Wattributes"
  98:Drivers/CMSIS/Include/cmsis_gcc.h ****   __PACKED_STRUCT T_UINT32_WRITE { uint32_t v; };
  99:Drivers/CMSIS/Include/cmsis_gcc.h ****   #pragma GCC diagnostic pop
 100:Drivers/CMSIS/Include/cmsis_gcc.h ****   #define __UNALIGNED_UINT32_WRITE(addr, val)    (void)((((struct T_UINT32_WRITE *)(void *)(addr))-
 101:Drivers/CMSIS/Include/cmsis_gcc.h **** #endif
 102:Drivers/CMSIS/Include/cmsis_gcc.h **** #ifndef   __UNALIGNED_UINT32_READ
 103:Drivers/CMSIS/Include/cmsis_gcc.h ****   #pragma GCC diagnostic push
 104:Drivers/CMSIS/Include/cmsis_gcc.h ****   #pragma GCC diagnostic ignored "-Wpacked"
 105:Drivers/CMSIS/Include/cmsis_gcc.h ****   #pragma GCC diagnostic ignored "-Wattributes"
 106:Drivers/CMSIS/Include/cmsis_gcc.h ****   __PACKED_STRUCT T_UINT32_READ { uint32_t v; };
 107:Drivers/CMSIS/Include/cmsis_gcc.h ****   #pragma GCC diagnostic pop
 108:Drivers/CMSIS/Include/cmsis_gcc.h ****   #define __UNALIGNED_UINT32_READ(addr)          (((const struct T_UINT32_READ *)(const void *)(add
 109:Drivers/CMSIS/Include/cmsis_gcc.h **** #endif
 110:Drivers/CMSIS/Include/cmsis_gcc.h **** #ifndef   __ALIGNED
 111:Drivers/CMSIS/Include/cmsis_gcc.h ****   #define __ALIGNED(x)                           __attribute__((aligned(x)))
 112:Drivers/CMSIS/Include/cmsis_gcc.h **** #endif
 113:Drivers/CMSIS/Include/cmsis_gcc.h **** #ifndef   __RESTRICT
 114:Drivers/CMSIS/Include/cmsis_gcc.h ****   #define __RESTRICT                             __restrict
 115:Drivers/CMSIS/Include/cmsis_gcc.h **** #endif
 116:Drivers/CMSIS/Include/cmsis_gcc.h **** #ifndef   __COMPILER_BARRIER
 117:Drivers/CMSIS/Include/cmsis_gcc.h ****   #define __COMPILER_BARRIER()                   __ASM volatile("":::"memory")
 118:Drivers/CMSIS/Include/cmsis_gcc.h **** #endif
 119:Drivers/CMSIS/Include/cmsis_gcc.h **** 
 120:Drivers/CMSIS/Include/cmsis_gcc.h **** /* #########################  Startup and Lowlevel Init  ######################## */
 121:Drivers/CMSIS/Include/cmsis_gcc.h **** 
 122:Drivers/CMSIS/Include/cmsis_gcc.h **** #ifndef __PROGRAM_START
 123:Drivers/CMSIS/Include/cmsis_gcc.h **** 
 124:Drivers/CMSIS/Include/cmsis_gcc.h **** /**
 125:Drivers/CMSIS/Include/cmsis_gcc.h ****   \brief   Initializes data and bss sections
 126:Drivers/CMSIS/Include/cmsis_gcc.h ****   \details This default implementations initialized all data and additional bss
 127:Drivers/CMSIS/Include/cmsis_gcc.h ****            sections relying on .copy.table and .zero.table specified properly
 128:Drivers/CMSIS/Include/cmsis_gcc.h ****            in the used linker script.
 129:Drivers/CMSIS/Include/cmsis_gcc.h **** 
 130:Drivers/CMSIS/Include/cmsis_gcc.h ****  */
 131:Drivers/CMSIS/Include/cmsis_gcc.h **** __STATIC_FORCEINLINE __NO_RETURN void __cmsis_start(void)
 132:Drivers/CMSIS/Include/cmsis_gcc.h **** {
 133:Drivers/CMSIS/Include/cmsis_gcc.h ****   extern void _start(void) __NO_RETURN;
 134:Drivers/CMSIS/Include/cmsis_gcc.h **** 
 135:Drivers/CMSIS/Include/cmsis_gcc.h ****   typedef struct {
 136:Drivers/CMSIS/Include/cmsis_gcc.h ****     uint32_t const* src;
 137:Drivers/CMSIS/Include/cmsis_gcc.h ****     uint32_t* dest;
 138:Drivers/CMSIS/Include/cmsis_gcc.h ****     uint32_t  wlen;
 139:Drivers/CMSIS/Include/cmsis_gcc.h ****   } __copy_table_t;
 140:Drivers/CMSIS/Include/cmsis_gcc.h **** 
 141:Drivers/CMSIS/Include/cmsis_gcc.h ****   typedef struct {
 142:Drivers/CMSIS/Include/cmsis_gcc.h ****     uint32_t* dest;
 143:Drivers/CMSIS/Include/cmsis_gcc.h ****     uint32_t  wlen;
 144:Drivers/CMSIS/Include/cmsis_gcc.h ****   } __zero_table_t;
 145:Drivers/CMSIS/Include/cmsis_gcc.h **** 
 146:Drivers/CMSIS/Include/cmsis_gcc.h ****   extern const __copy_table_t __copy_table_start__;
 147:Drivers/CMSIS/Include/cmsis_gcc.h ****   extern const __copy_table_t __copy_table_end__;
 148:Drivers/CMSIS/Include/cmsis_gcc.h ****   extern const __zero_table_t __zero_table_start__;
ARM GAS  /tmp/cc4Xjn9z.s 			page 61


 149:Drivers/CMSIS/Include/cmsis_gcc.h ****   extern const __zero_table_t __zero_table_end__;
 150:Drivers/CMSIS/Include/cmsis_gcc.h **** 
 151:Drivers/CMSIS/Include/cmsis_gcc.h ****   for (__copy_table_t const* pTable = &__copy_table_start__; pTable < &__copy_table_end__; ++pTable
 152:Drivers/CMSIS/Include/cmsis_gcc.h ****     for(uint32_t i=0u; i<pTable->wlen; ++i) {
 153:Drivers/CMSIS/Include/cmsis_gcc.h ****       pTable->dest[i] = pTable->src[i];
 154:Drivers/CMSIS/Include/cmsis_gcc.h ****     }
 155:Drivers/CMSIS/Include/cmsis_gcc.h ****   }
 156:Drivers/CMSIS/Include/cmsis_gcc.h **** 
 157:Drivers/CMSIS/Include/cmsis_gcc.h ****   for (__zero_table_t const* pTable = &__zero_table_start__; pTable < &__zero_table_end__; ++pTable
 158:Drivers/CMSIS/Include/cmsis_gcc.h ****     for(uint32_t i=0u; i<pTable->wlen; ++i) {
 159:Drivers/CMSIS/Include/cmsis_gcc.h ****       pTable->dest[i] = 0u;
 160:Drivers/CMSIS/Include/cmsis_gcc.h ****     }
 161:Drivers/CMSIS/Include/cmsis_gcc.h ****   }
 162:Drivers/CMSIS/Include/cmsis_gcc.h **** 
 163:Drivers/CMSIS/Include/cmsis_gcc.h ****   _start();
 164:Drivers/CMSIS/Include/cmsis_gcc.h **** }
 165:Drivers/CMSIS/Include/cmsis_gcc.h **** 
 166:Drivers/CMSIS/Include/cmsis_gcc.h **** #define __PROGRAM_START           __cmsis_start
 167:Drivers/CMSIS/Include/cmsis_gcc.h **** #endif
 168:Drivers/CMSIS/Include/cmsis_gcc.h **** 
 169:Drivers/CMSIS/Include/cmsis_gcc.h **** #ifndef __INITIAL_SP
 170:Drivers/CMSIS/Include/cmsis_gcc.h **** #define __INITIAL_SP              __StackTop
 171:Drivers/CMSIS/Include/cmsis_gcc.h **** #endif
 172:Drivers/CMSIS/Include/cmsis_gcc.h **** 
 173:Drivers/CMSIS/Include/cmsis_gcc.h **** #ifndef __STACK_LIMIT
 174:Drivers/CMSIS/Include/cmsis_gcc.h **** #define __STACK_LIMIT             __StackLimit
 175:Drivers/CMSIS/Include/cmsis_gcc.h **** #endif
 176:Drivers/CMSIS/Include/cmsis_gcc.h **** 
 177:Drivers/CMSIS/Include/cmsis_gcc.h **** #ifndef __VECTOR_TABLE
 178:Drivers/CMSIS/Include/cmsis_gcc.h **** #define __VECTOR_TABLE            __Vectors
 179:Drivers/CMSIS/Include/cmsis_gcc.h **** #endif
 180:Drivers/CMSIS/Include/cmsis_gcc.h **** 
 181:Drivers/CMSIS/Include/cmsis_gcc.h **** #ifndef __VECTOR_TABLE_ATTRIBUTE
 182:Drivers/CMSIS/Include/cmsis_gcc.h **** #define __VECTOR_TABLE_ATTRIBUTE  __attribute__((used, section(".vectors")))
 183:Drivers/CMSIS/Include/cmsis_gcc.h **** #endif
 184:Drivers/CMSIS/Include/cmsis_gcc.h **** 
 185:Drivers/CMSIS/Include/cmsis_gcc.h **** #if defined (__ARM_FEATURE_CMSE) && (__ARM_FEATURE_CMSE == 3U)
 186:Drivers/CMSIS/Include/cmsis_gcc.h **** #ifndef __STACK_SEAL
 187:Drivers/CMSIS/Include/cmsis_gcc.h **** #define __STACK_SEAL              __StackSeal
 188:Drivers/CMSIS/Include/cmsis_gcc.h **** #endif
 189:Drivers/CMSIS/Include/cmsis_gcc.h **** 
 190:Drivers/CMSIS/Include/cmsis_gcc.h **** #ifndef __TZ_STACK_SEAL_SIZE
 191:Drivers/CMSIS/Include/cmsis_gcc.h **** #define __TZ_STACK_SEAL_SIZE      8U
 192:Drivers/CMSIS/Include/cmsis_gcc.h **** #endif
 193:Drivers/CMSIS/Include/cmsis_gcc.h **** 
 194:Drivers/CMSIS/Include/cmsis_gcc.h **** #ifndef __TZ_STACK_SEAL_VALUE
 195:Drivers/CMSIS/Include/cmsis_gcc.h **** #define __TZ_STACK_SEAL_VALUE     0xFEF5EDA5FEF5EDA5ULL
 196:Drivers/CMSIS/Include/cmsis_gcc.h **** #endif
 197:Drivers/CMSIS/Include/cmsis_gcc.h **** 
 198:Drivers/CMSIS/Include/cmsis_gcc.h **** 
 199:Drivers/CMSIS/Include/cmsis_gcc.h **** __STATIC_FORCEINLINE void __TZ_set_STACKSEAL_S (uint32_t* stackTop) {
 200:Drivers/CMSIS/Include/cmsis_gcc.h ****   *((uint64_t *)stackTop) = __TZ_STACK_SEAL_VALUE;
 201:Drivers/CMSIS/Include/cmsis_gcc.h **** }
 202:Drivers/CMSIS/Include/cmsis_gcc.h **** #endif
 203:Drivers/CMSIS/Include/cmsis_gcc.h **** 
 204:Drivers/CMSIS/Include/cmsis_gcc.h **** 
 205:Drivers/CMSIS/Include/cmsis_gcc.h **** /* ##########################  Core Instruction Access  ######################### */
ARM GAS  /tmp/cc4Xjn9z.s 			page 62


 206:Drivers/CMSIS/Include/cmsis_gcc.h **** /** \defgroup CMSIS_Core_InstructionInterface CMSIS Core Instruction Interface
 207:Drivers/CMSIS/Include/cmsis_gcc.h ****   Access to dedicated instructions
 208:Drivers/CMSIS/Include/cmsis_gcc.h ****   @{
 209:Drivers/CMSIS/Include/cmsis_gcc.h **** */
 210:Drivers/CMSIS/Include/cmsis_gcc.h **** 
 211:Drivers/CMSIS/Include/cmsis_gcc.h **** /* Define macros for porting to both thumb1 and thumb2.
 212:Drivers/CMSIS/Include/cmsis_gcc.h ****  * For thumb1, use low register (r0-r7), specified by constraint "l"
 213:Drivers/CMSIS/Include/cmsis_gcc.h ****  * Otherwise, use general registers, specified by constraint "r" */
 214:Drivers/CMSIS/Include/cmsis_gcc.h **** #if defined (__thumb__) && !defined (__thumb2__)
 215:Drivers/CMSIS/Include/cmsis_gcc.h **** #define __CMSIS_GCC_OUT_REG(r) "=l" (r)
 216:Drivers/CMSIS/Include/cmsis_gcc.h **** #define __CMSIS_GCC_RW_REG(r) "+l" (r)
 217:Drivers/CMSIS/Include/cmsis_gcc.h **** #define __CMSIS_GCC_USE_REG(r) "l" (r)
 218:Drivers/CMSIS/Include/cmsis_gcc.h **** #else
 219:Drivers/CMSIS/Include/cmsis_gcc.h **** #define __CMSIS_GCC_OUT_REG(r) "=r" (r)
 220:Drivers/CMSIS/Include/cmsis_gcc.h **** #define __CMSIS_GCC_RW_REG(r) "+r" (r)
 221:Drivers/CMSIS/Include/cmsis_gcc.h **** #define __CMSIS_GCC_USE_REG(r) "r" (r)
 222:Drivers/CMSIS/Include/cmsis_gcc.h **** #endif
 223:Drivers/CMSIS/Include/cmsis_gcc.h **** 
 224:Drivers/CMSIS/Include/cmsis_gcc.h **** /**
 225:Drivers/CMSIS/Include/cmsis_gcc.h ****   \brief   No Operation
 226:Drivers/CMSIS/Include/cmsis_gcc.h ****   \details No Operation does nothing. This instruction can be used for code alignment purposes.
 227:Drivers/CMSIS/Include/cmsis_gcc.h ****  */
 228:Drivers/CMSIS/Include/cmsis_gcc.h **** #define __NOP()                             __ASM volatile ("nop")
 229:Drivers/CMSIS/Include/cmsis_gcc.h **** 
 230:Drivers/CMSIS/Include/cmsis_gcc.h **** /**
 231:Drivers/CMSIS/Include/cmsis_gcc.h ****   \brief   Wait For Interrupt
 232:Drivers/CMSIS/Include/cmsis_gcc.h ****   \details Wait For Interrupt is a hint instruction that suspends execution until one of a number o
 233:Drivers/CMSIS/Include/cmsis_gcc.h ****  */
 234:Drivers/CMSIS/Include/cmsis_gcc.h **** #define __WFI()                             __ASM volatile ("wfi":::"memory")
 235:Drivers/CMSIS/Include/cmsis_gcc.h **** 
 236:Drivers/CMSIS/Include/cmsis_gcc.h **** 
 237:Drivers/CMSIS/Include/cmsis_gcc.h **** /**
 238:Drivers/CMSIS/Include/cmsis_gcc.h ****   \brief   Wait For Event
 239:Drivers/CMSIS/Include/cmsis_gcc.h ****   \details Wait For Event is a hint instruction that permits the processor to enter
 240:Drivers/CMSIS/Include/cmsis_gcc.h ****            a low-power state until one of a number of events occurs.
 241:Drivers/CMSIS/Include/cmsis_gcc.h ****  */
 242:Drivers/CMSIS/Include/cmsis_gcc.h **** #define __WFE()                             __ASM volatile ("wfe":::"memory")
 243:Drivers/CMSIS/Include/cmsis_gcc.h **** 
 244:Drivers/CMSIS/Include/cmsis_gcc.h **** 
 245:Drivers/CMSIS/Include/cmsis_gcc.h **** /**
 246:Drivers/CMSIS/Include/cmsis_gcc.h ****   \brief   Send Event
 247:Drivers/CMSIS/Include/cmsis_gcc.h ****   \details Send Event is a hint instruction. It causes an event to be signaled to the CPU.
 248:Drivers/CMSIS/Include/cmsis_gcc.h ****  */
 249:Drivers/CMSIS/Include/cmsis_gcc.h **** #define __SEV()                             __ASM volatile ("sev")
 250:Drivers/CMSIS/Include/cmsis_gcc.h **** 
 251:Drivers/CMSIS/Include/cmsis_gcc.h **** 
 252:Drivers/CMSIS/Include/cmsis_gcc.h **** /**
 253:Drivers/CMSIS/Include/cmsis_gcc.h ****   \brief   Instruction Synchronization Barrier
 254:Drivers/CMSIS/Include/cmsis_gcc.h ****   \details Instruction Synchronization Barrier flushes the pipeline in the processor,
 255:Drivers/CMSIS/Include/cmsis_gcc.h ****            so that all instructions following the ISB are fetched from cache or memory,
 256:Drivers/CMSIS/Include/cmsis_gcc.h ****            after the instruction has been completed.
 257:Drivers/CMSIS/Include/cmsis_gcc.h ****  */
 258:Drivers/CMSIS/Include/cmsis_gcc.h **** __STATIC_FORCEINLINE void __ISB(void)
 259:Drivers/CMSIS/Include/cmsis_gcc.h **** {
 260:Drivers/CMSIS/Include/cmsis_gcc.h ****   __ASM volatile ("isb 0xF":::"memory");
 261:Drivers/CMSIS/Include/cmsis_gcc.h **** }
 262:Drivers/CMSIS/Include/cmsis_gcc.h **** 
ARM GAS  /tmp/cc4Xjn9z.s 			page 63


 263:Drivers/CMSIS/Include/cmsis_gcc.h **** 
 264:Drivers/CMSIS/Include/cmsis_gcc.h **** /**
 265:Drivers/CMSIS/Include/cmsis_gcc.h ****   \brief   Data Synchronization Barrier
 266:Drivers/CMSIS/Include/cmsis_gcc.h ****   \details Acts as a special kind of Data Memory Barrier.
 267:Drivers/CMSIS/Include/cmsis_gcc.h ****            It completes when all explicit memory accesses before this instruction complete.
 268:Drivers/CMSIS/Include/cmsis_gcc.h ****  */
 269:Drivers/CMSIS/Include/cmsis_gcc.h **** __STATIC_FORCEINLINE void __DSB(void)
 270:Drivers/CMSIS/Include/cmsis_gcc.h **** {
 271:Drivers/CMSIS/Include/cmsis_gcc.h ****   __ASM volatile ("dsb 0xF":::"memory");
 272:Drivers/CMSIS/Include/cmsis_gcc.h **** }
 273:Drivers/CMSIS/Include/cmsis_gcc.h **** 
 274:Drivers/CMSIS/Include/cmsis_gcc.h **** 
 275:Drivers/CMSIS/Include/cmsis_gcc.h **** /**
 276:Drivers/CMSIS/Include/cmsis_gcc.h ****   \brief   Data Memory Barrier
 277:Drivers/CMSIS/Include/cmsis_gcc.h ****   \details Ensures the apparent order of the explicit memory operations before
 278:Drivers/CMSIS/Include/cmsis_gcc.h ****            and after the instruction, without ensuring their completion.
 279:Drivers/CMSIS/Include/cmsis_gcc.h ****  */
 280:Drivers/CMSIS/Include/cmsis_gcc.h **** __STATIC_FORCEINLINE void __DMB(void)
 281:Drivers/CMSIS/Include/cmsis_gcc.h **** {
 282:Drivers/CMSIS/Include/cmsis_gcc.h ****   __ASM volatile ("dmb 0xF":::"memory");
 283:Drivers/CMSIS/Include/cmsis_gcc.h **** }
 284:Drivers/CMSIS/Include/cmsis_gcc.h **** 
 285:Drivers/CMSIS/Include/cmsis_gcc.h **** 
 286:Drivers/CMSIS/Include/cmsis_gcc.h **** /**
 287:Drivers/CMSIS/Include/cmsis_gcc.h ****   \brief   Reverse byte order (32 bit)
 288:Drivers/CMSIS/Include/cmsis_gcc.h ****   \details Reverses the byte order in unsigned integer value. For example, 0x12345678 becomes 0x785
 289:Drivers/CMSIS/Include/cmsis_gcc.h ****   \param [in]    value  Value to reverse
 290:Drivers/CMSIS/Include/cmsis_gcc.h ****   \return               Reversed value
 291:Drivers/CMSIS/Include/cmsis_gcc.h ****  */
 292:Drivers/CMSIS/Include/cmsis_gcc.h **** __STATIC_FORCEINLINE uint32_t __REV(uint32_t value)
 293:Drivers/CMSIS/Include/cmsis_gcc.h **** {
 294:Drivers/CMSIS/Include/cmsis_gcc.h **** #if (__GNUC__ > 4) || (__GNUC__ == 4 && __GNUC_MINOR__ >= 5)
 295:Drivers/CMSIS/Include/cmsis_gcc.h ****   return __builtin_bswap32(value);
 296:Drivers/CMSIS/Include/cmsis_gcc.h **** #else
 297:Drivers/CMSIS/Include/cmsis_gcc.h ****   uint32_t result;
 298:Drivers/CMSIS/Include/cmsis_gcc.h **** 
 299:Drivers/CMSIS/Include/cmsis_gcc.h ****   __ASM ("rev %0, %1" : __CMSIS_GCC_OUT_REG (result) : __CMSIS_GCC_USE_REG (value) );
 300:Drivers/CMSIS/Include/cmsis_gcc.h ****   return result;
 301:Drivers/CMSIS/Include/cmsis_gcc.h **** #endif
 302:Drivers/CMSIS/Include/cmsis_gcc.h **** }
 303:Drivers/CMSIS/Include/cmsis_gcc.h **** 
 304:Drivers/CMSIS/Include/cmsis_gcc.h **** 
 305:Drivers/CMSIS/Include/cmsis_gcc.h **** /**
 306:Drivers/CMSIS/Include/cmsis_gcc.h ****   \brief   Reverse byte order (16 bit)
 307:Drivers/CMSIS/Include/cmsis_gcc.h ****   \details Reverses the byte order within each halfword of a word. For example, 0x12345678 becomes 
 308:Drivers/CMSIS/Include/cmsis_gcc.h ****   \param [in]    value  Value to reverse
 309:Drivers/CMSIS/Include/cmsis_gcc.h ****   \return               Reversed value
 310:Drivers/CMSIS/Include/cmsis_gcc.h ****  */
 311:Drivers/CMSIS/Include/cmsis_gcc.h **** __STATIC_FORCEINLINE uint32_t __REV16(uint32_t value)
 312:Drivers/CMSIS/Include/cmsis_gcc.h **** {
 313:Drivers/CMSIS/Include/cmsis_gcc.h ****   uint32_t result;
 314:Drivers/CMSIS/Include/cmsis_gcc.h **** 
 315:Drivers/CMSIS/Include/cmsis_gcc.h ****   __ASM ("rev16 %0, %1" : __CMSIS_GCC_OUT_REG (result) : __CMSIS_GCC_USE_REG (value) );
 316:Drivers/CMSIS/Include/cmsis_gcc.h ****   return result;
 317:Drivers/CMSIS/Include/cmsis_gcc.h **** }
 318:Drivers/CMSIS/Include/cmsis_gcc.h **** 
 319:Drivers/CMSIS/Include/cmsis_gcc.h **** 
ARM GAS  /tmp/cc4Xjn9z.s 			page 64


 320:Drivers/CMSIS/Include/cmsis_gcc.h **** /**
 321:Drivers/CMSIS/Include/cmsis_gcc.h ****   \brief   Reverse byte order (16 bit)
 322:Drivers/CMSIS/Include/cmsis_gcc.h ****   \details Reverses the byte order in a 16-bit value and returns the signed 16-bit result. For exam
 323:Drivers/CMSIS/Include/cmsis_gcc.h ****   \param [in]    value  Value to reverse
 324:Drivers/CMSIS/Include/cmsis_gcc.h ****   \return               Reversed value
 325:Drivers/CMSIS/Include/cmsis_gcc.h ****  */
 326:Drivers/CMSIS/Include/cmsis_gcc.h **** __STATIC_FORCEINLINE int16_t __REVSH(int16_t value)
 327:Drivers/CMSIS/Include/cmsis_gcc.h **** {
 328:Drivers/CMSIS/Include/cmsis_gcc.h **** #if (__GNUC__ > 4) || (__GNUC__ == 4 && __GNUC_MINOR__ >= 8)
 329:Drivers/CMSIS/Include/cmsis_gcc.h ****   return (int16_t)__builtin_bswap16(value);
 330:Drivers/CMSIS/Include/cmsis_gcc.h **** #else
 331:Drivers/CMSIS/Include/cmsis_gcc.h ****   int16_t result;
 332:Drivers/CMSIS/Include/cmsis_gcc.h **** 
 333:Drivers/CMSIS/Include/cmsis_gcc.h ****   __ASM ("revsh %0, %1" : __CMSIS_GCC_OUT_REG (result) : __CMSIS_GCC_USE_REG (value) );
 334:Drivers/CMSIS/Include/cmsis_gcc.h ****   return result;
 335:Drivers/CMSIS/Include/cmsis_gcc.h **** #endif
 336:Drivers/CMSIS/Include/cmsis_gcc.h **** }
 337:Drivers/CMSIS/Include/cmsis_gcc.h **** 
 338:Drivers/CMSIS/Include/cmsis_gcc.h **** 
 339:Drivers/CMSIS/Include/cmsis_gcc.h **** /**
 340:Drivers/CMSIS/Include/cmsis_gcc.h ****   \brief   Rotate Right in unsigned value (32 bit)
 341:Drivers/CMSIS/Include/cmsis_gcc.h ****   \details Rotate Right (immediate) provides the value of the contents of a register rotated by a v
 342:Drivers/CMSIS/Include/cmsis_gcc.h ****   \param [in]    op1  Value to rotate
 343:Drivers/CMSIS/Include/cmsis_gcc.h ****   \param [in]    op2  Number of Bits to rotate
 344:Drivers/CMSIS/Include/cmsis_gcc.h ****   \return               Rotated value
 345:Drivers/CMSIS/Include/cmsis_gcc.h ****  */
 346:Drivers/CMSIS/Include/cmsis_gcc.h **** __STATIC_FORCEINLINE uint32_t __ROR(uint32_t op1, uint32_t op2)
 347:Drivers/CMSIS/Include/cmsis_gcc.h **** {
 348:Drivers/CMSIS/Include/cmsis_gcc.h ****   op2 %= 32U;
 349:Drivers/CMSIS/Include/cmsis_gcc.h ****   if (op2 == 0U)
 350:Drivers/CMSIS/Include/cmsis_gcc.h ****   {
 351:Drivers/CMSIS/Include/cmsis_gcc.h ****     return op1;
 352:Drivers/CMSIS/Include/cmsis_gcc.h ****   }
 353:Drivers/CMSIS/Include/cmsis_gcc.h ****   return (op1 >> op2) | (op1 << (32U - op2));
 354:Drivers/CMSIS/Include/cmsis_gcc.h **** }
 355:Drivers/CMSIS/Include/cmsis_gcc.h **** 
 356:Drivers/CMSIS/Include/cmsis_gcc.h **** 
 357:Drivers/CMSIS/Include/cmsis_gcc.h **** /**
 358:Drivers/CMSIS/Include/cmsis_gcc.h ****   \brief   Breakpoint
 359:Drivers/CMSIS/Include/cmsis_gcc.h ****   \details Causes the processor to enter Debug state.
 360:Drivers/CMSIS/Include/cmsis_gcc.h ****            Debug tools can use this to investigate system state when the instruction at a particula
 361:Drivers/CMSIS/Include/cmsis_gcc.h ****   \param [in]    value  is ignored by the processor.
 362:Drivers/CMSIS/Include/cmsis_gcc.h ****                  If required, a debugger can use it to store additional information about the break
 363:Drivers/CMSIS/Include/cmsis_gcc.h ****  */
 364:Drivers/CMSIS/Include/cmsis_gcc.h **** #define __BKPT(value)                       __ASM volatile ("bkpt "#value)
 365:Drivers/CMSIS/Include/cmsis_gcc.h **** 
 366:Drivers/CMSIS/Include/cmsis_gcc.h **** 
 367:Drivers/CMSIS/Include/cmsis_gcc.h **** /**
 368:Drivers/CMSIS/Include/cmsis_gcc.h ****   \brief   Reverse bit order of value
 369:Drivers/CMSIS/Include/cmsis_gcc.h ****   \details Reverses the bit order of the given value.
 370:Drivers/CMSIS/Include/cmsis_gcc.h ****   \param [in]    value  Value to reverse
 371:Drivers/CMSIS/Include/cmsis_gcc.h ****   \return               Reversed value
 372:Drivers/CMSIS/Include/cmsis_gcc.h ****  */
 373:Drivers/CMSIS/Include/cmsis_gcc.h **** __STATIC_FORCEINLINE uint32_t __RBIT(uint32_t value)
 374:Drivers/CMSIS/Include/cmsis_gcc.h **** {
 375:Drivers/CMSIS/Include/cmsis_gcc.h ****   uint32_t result;
 376:Drivers/CMSIS/Include/cmsis_gcc.h **** 
ARM GAS  /tmp/cc4Xjn9z.s 			page 65


 377:Drivers/CMSIS/Include/cmsis_gcc.h **** #if ((defined (__ARM_ARCH_7M__      ) && (__ARM_ARCH_7M__      == 1)) || \
 378:Drivers/CMSIS/Include/cmsis_gcc.h ****      (defined (__ARM_ARCH_7EM__     ) && (__ARM_ARCH_7EM__     == 1)) || \
 379:Drivers/CMSIS/Include/cmsis_gcc.h ****      (defined (__ARM_ARCH_8M_MAIN__ ) && (__ARM_ARCH_8M_MAIN__ == 1))    )
 380:Drivers/CMSIS/Include/cmsis_gcc.h ****    __ASM ("rbit %0, %1" : "=r" (result) : "r" (value) );
 381:Drivers/CMSIS/Include/cmsis_gcc.h **** #else
 382:Drivers/CMSIS/Include/cmsis_gcc.h ****   uint32_t s = (4U /*sizeof(v)*/ * 8U) - 1U; /* extra shift needed at end */
 383:Drivers/CMSIS/Include/cmsis_gcc.h **** 
 384:Drivers/CMSIS/Include/cmsis_gcc.h ****   result = value;                      /* r will be reversed bits of v; first get LSB of v */
 385:Drivers/CMSIS/Include/cmsis_gcc.h ****   for (value >>= 1U; value != 0U; value >>= 1U)
 386:Drivers/CMSIS/Include/cmsis_gcc.h ****   {
 387:Drivers/CMSIS/Include/cmsis_gcc.h ****     result <<= 1U;
 388:Drivers/CMSIS/Include/cmsis_gcc.h ****     result |= value & 1U;
 389:Drivers/CMSIS/Include/cmsis_gcc.h ****     s--;
 390:Drivers/CMSIS/Include/cmsis_gcc.h ****   }
 391:Drivers/CMSIS/Include/cmsis_gcc.h ****   result <<= s;                        /* shift when v's highest bits are zero */
 392:Drivers/CMSIS/Include/cmsis_gcc.h **** #endif
 393:Drivers/CMSIS/Include/cmsis_gcc.h ****   return result;
 394:Drivers/CMSIS/Include/cmsis_gcc.h **** }
 395:Drivers/CMSIS/Include/cmsis_gcc.h **** 
 396:Drivers/CMSIS/Include/cmsis_gcc.h **** 
 397:Drivers/CMSIS/Include/cmsis_gcc.h **** /**
 398:Drivers/CMSIS/Include/cmsis_gcc.h ****   \brief   Count leading zeros
 399:Drivers/CMSIS/Include/cmsis_gcc.h ****   \details Counts the number of leading zeros of a data value.
 400:Drivers/CMSIS/Include/cmsis_gcc.h ****   \param [in]  value  Value to count the leading zeros
 401:Drivers/CMSIS/Include/cmsis_gcc.h ****   \return             number of leading zeros in value
 402:Drivers/CMSIS/Include/cmsis_gcc.h ****  */
 403:Drivers/CMSIS/Include/cmsis_gcc.h **** __STATIC_FORCEINLINE uint8_t __CLZ(uint32_t value)
 404:Drivers/CMSIS/Include/cmsis_gcc.h **** {
 405:Drivers/CMSIS/Include/cmsis_gcc.h ****   /* Even though __builtin_clz produces a CLZ instruction on ARM, formally
 406:Drivers/CMSIS/Include/cmsis_gcc.h ****      __builtin_clz(0) is undefined behaviour, so handle this case specially.
 407:Drivers/CMSIS/Include/cmsis_gcc.h ****      This guarantees ARM-compatible results if happening to compile on a non-ARM
 408:Drivers/CMSIS/Include/cmsis_gcc.h ****      target, and ensures the compiler doesn't decide to activate any
 409:Drivers/CMSIS/Include/cmsis_gcc.h ****      optimisations using the logic "value was passed to __builtin_clz, so it
 410:Drivers/CMSIS/Include/cmsis_gcc.h ****      is non-zero".
 411:Drivers/CMSIS/Include/cmsis_gcc.h ****      ARM GCC 7.3 and possibly earlier will optimise this test away, leaving a
 412:Drivers/CMSIS/Include/cmsis_gcc.h ****      single CLZ instruction.
 413:Drivers/CMSIS/Include/cmsis_gcc.h ****    */
 414:Drivers/CMSIS/Include/cmsis_gcc.h ****   if (value == 0U)
 415:Drivers/CMSIS/Include/cmsis_gcc.h ****   {
 416:Drivers/CMSIS/Include/cmsis_gcc.h ****     return 32U;
 417:Drivers/CMSIS/Include/cmsis_gcc.h ****   }
 418:Drivers/CMSIS/Include/cmsis_gcc.h ****   return __builtin_clz(value);
 419:Drivers/CMSIS/Include/cmsis_gcc.h **** }
 420:Drivers/CMSIS/Include/cmsis_gcc.h **** 
 421:Drivers/CMSIS/Include/cmsis_gcc.h **** 
 422:Drivers/CMSIS/Include/cmsis_gcc.h **** #if ((defined (__ARM_ARCH_7M__      ) && (__ARM_ARCH_7M__      == 1)) || \
 423:Drivers/CMSIS/Include/cmsis_gcc.h ****      (defined (__ARM_ARCH_7EM__     ) && (__ARM_ARCH_7EM__     == 1)) || \
 424:Drivers/CMSIS/Include/cmsis_gcc.h ****      (defined (__ARM_ARCH_8M_MAIN__ ) && (__ARM_ARCH_8M_MAIN__ == 1)) || \
 425:Drivers/CMSIS/Include/cmsis_gcc.h ****      (defined (__ARM_ARCH_8M_BASE__ ) && (__ARM_ARCH_8M_BASE__ == 1))    )
 426:Drivers/CMSIS/Include/cmsis_gcc.h **** /**
 427:Drivers/CMSIS/Include/cmsis_gcc.h ****   \brief   LDR Exclusive (8 bit)
 428:Drivers/CMSIS/Include/cmsis_gcc.h ****   \details Executes a exclusive LDR instruction for 8 bit value.
 429:Drivers/CMSIS/Include/cmsis_gcc.h ****   \param [in]    ptr  Pointer to data
 430:Drivers/CMSIS/Include/cmsis_gcc.h ****   \return             value of type uint8_t at (*ptr)
 431:Drivers/CMSIS/Include/cmsis_gcc.h ****  */
 432:Drivers/CMSIS/Include/cmsis_gcc.h **** __STATIC_FORCEINLINE uint8_t __LDREXB(volatile uint8_t *addr)
 433:Drivers/CMSIS/Include/cmsis_gcc.h **** {
ARM GAS  /tmp/cc4Xjn9z.s 			page 66


 434:Drivers/CMSIS/Include/cmsis_gcc.h ****     uint32_t result;
 435:Drivers/CMSIS/Include/cmsis_gcc.h **** 
 436:Drivers/CMSIS/Include/cmsis_gcc.h **** #if (__GNUC__ > 4) || (__GNUC__ == 4 && __GNUC_MINOR__ >= 8)
 437:Drivers/CMSIS/Include/cmsis_gcc.h ****    __ASM volatile ("ldrexb %0, %1" : "=r" (result) : "Q" (*addr) );
 438:Drivers/CMSIS/Include/cmsis_gcc.h **** #else
 439:Drivers/CMSIS/Include/cmsis_gcc.h ****     /* Prior to GCC 4.8, "Q" will be expanded to [rx, #0] which is not
 440:Drivers/CMSIS/Include/cmsis_gcc.h ****        accepted by assembler. So has to use following less efficient pattern.
 441:Drivers/CMSIS/Include/cmsis_gcc.h ****     */
 442:Drivers/CMSIS/Include/cmsis_gcc.h ****    __ASM volatile ("ldrexb %0, [%1]" : "=r" (result) : "r" (addr) : "memory" );
 443:Drivers/CMSIS/Include/cmsis_gcc.h **** #endif
 444:Drivers/CMSIS/Include/cmsis_gcc.h ****    return ((uint8_t) result);    /* Add explicit type cast here */
 445:Drivers/CMSIS/Include/cmsis_gcc.h **** }
 446:Drivers/CMSIS/Include/cmsis_gcc.h **** 
 447:Drivers/CMSIS/Include/cmsis_gcc.h **** 
 448:Drivers/CMSIS/Include/cmsis_gcc.h **** /**
 449:Drivers/CMSIS/Include/cmsis_gcc.h ****   \brief   LDR Exclusive (16 bit)
 450:Drivers/CMSIS/Include/cmsis_gcc.h ****   \details Executes a exclusive LDR instruction for 16 bit values.
 451:Drivers/CMSIS/Include/cmsis_gcc.h ****   \param [in]    ptr  Pointer to data
 452:Drivers/CMSIS/Include/cmsis_gcc.h ****   \return        value of type uint16_t at (*ptr)
 453:Drivers/CMSIS/Include/cmsis_gcc.h ****  */
 454:Drivers/CMSIS/Include/cmsis_gcc.h **** __STATIC_FORCEINLINE uint16_t __LDREXH(volatile uint16_t *addr)
 455:Drivers/CMSIS/Include/cmsis_gcc.h **** {
 456:Drivers/CMSIS/Include/cmsis_gcc.h ****     uint32_t result;
 457:Drivers/CMSIS/Include/cmsis_gcc.h **** 
 458:Drivers/CMSIS/Include/cmsis_gcc.h **** #if (__GNUC__ > 4) || (__GNUC__ == 4 && __GNUC_MINOR__ >= 8)
 459:Drivers/CMSIS/Include/cmsis_gcc.h ****    __ASM volatile ("ldrexh %0, %1" : "=r" (result) : "Q" (*addr) );
 460:Drivers/CMSIS/Include/cmsis_gcc.h **** #else
 461:Drivers/CMSIS/Include/cmsis_gcc.h ****     /* Prior to GCC 4.8, "Q" will be expanded to [rx, #0] which is not
 462:Drivers/CMSIS/Include/cmsis_gcc.h ****        accepted by assembler. So has to use following less efficient pattern.
 463:Drivers/CMSIS/Include/cmsis_gcc.h ****     */
 464:Drivers/CMSIS/Include/cmsis_gcc.h ****    __ASM volatile ("ldrexh %0, [%1]" : "=r" (result) : "r" (addr) : "memory" );
 465:Drivers/CMSIS/Include/cmsis_gcc.h **** #endif
 466:Drivers/CMSIS/Include/cmsis_gcc.h ****    return ((uint16_t) result);    /* Add explicit type cast here */
 467:Drivers/CMSIS/Include/cmsis_gcc.h **** }
 468:Drivers/CMSIS/Include/cmsis_gcc.h **** 
 469:Drivers/CMSIS/Include/cmsis_gcc.h **** 
 470:Drivers/CMSIS/Include/cmsis_gcc.h **** /**
 471:Drivers/CMSIS/Include/cmsis_gcc.h ****   \brief   LDR Exclusive (32 bit)
 472:Drivers/CMSIS/Include/cmsis_gcc.h ****   \details Executes a exclusive LDR instruction for 32 bit values.
 473:Drivers/CMSIS/Include/cmsis_gcc.h ****   \param [in]    ptr  Pointer to data
 474:Drivers/CMSIS/Include/cmsis_gcc.h ****   \return        value of type uint32_t at (*ptr)
 475:Drivers/CMSIS/Include/cmsis_gcc.h ****  */
 476:Drivers/CMSIS/Include/cmsis_gcc.h **** __STATIC_FORCEINLINE uint32_t __LDREXW(volatile uint32_t *addr)
 477:Drivers/CMSIS/Include/cmsis_gcc.h **** {
 478:Drivers/CMSIS/Include/cmsis_gcc.h ****     uint32_t result;
 479:Drivers/CMSIS/Include/cmsis_gcc.h **** 
 480:Drivers/CMSIS/Include/cmsis_gcc.h ****    __ASM volatile ("ldrex %0, %1" : "=r" (result) : "Q" (*addr) );
 481:Drivers/CMSIS/Include/cmsis_gcc.h ****    return(result);
 482:Drivers/CMSIS/Include/cmsis_gcc.h **** }
 483:Drivers/CMSIS/Include/cmsis_gcc.h **** 
 484:Drivers/CMSIS/Include/cmsis_gcc.h **** 
 485:Drivers/CMSIS/Include/cmsis_gcc.h **** /**
 486:Drivers/CMSIS/Include/cmsis_gcc.h ****   \brief   STR Exclusive (8 bit)
 487:Drivers/CMSIS/Include/cmsis_gcc.h ****   \details Executes a exclusive STR instruction for 8 bit values.
 488:Drivers/CMSIS/Include/cmsis_gcc.h ****   \param [in]  value  Value to store
 489:Drivers/CMSIS/Include/cmsis_gcc.h ****   \param [in]    ptr  Pointer to location
 490:Drivers/CMSIS/Include/cmsis_gcc.h ****   \return          0  Function succeeded
ARM GAS  /tmp/cc4Xjn9z.s 			page 67


 491:Drivers/CMSIS/Include/cmsis_gcc.h ****   \return          1  Function failed
 492:Drivers/CMSIS/Include/cmsis_gcc.h ****  */
 493:Drivers/CMSIS/Include/cmsis_gcc.h **** __STATIC_FORCEINLINE uint32_t __STREXB(uint8_t value, volatile uint8_t *addr)
 494:Drivers/CMSIS/Include/cmsis_gcc.h **** {
 495:Drivers/CMSIS/Include/cmsis_gcc.h ****    uint32_t result;
 496:Drivers/CMSIS/Include/cmsis_gcc.h **** 
 497:Drivers/CMSIS/Include/cmsis_gcc.h ****    __ASM volatile ("strexb %0, %2, %1" : "=&r" (result), "=Q" (*addr) : "r" ((uint32_t)value) );
 498:Drivers/CMSIS/Include/cmsis_gcc.h ****    return(result);
 499:Drivers/CMSIS/Include/cmsis_gcc.h **** }
 500:Drivers/CMSIS/Include/cmsis_gcc.h **** 
 501:Drivers/CMSIS/Include/cmsis_gcc.h **** 
 502:Drivers/CMSIS/Include/cmsis_gcc.h **** /**
 503:Drivers/CMSIS/Include/cmsis_gcc.h ****   \brief   STR Exclusive (16 bit)
 504:Drivers/CMSIS/Include/cmsis_gcc.h ****   \details Executes a exclusive STR instruction for 16 bit values.
 505:Drivers/CMSIS/Include/cmsis_gcc.h ****   \param [in]  value  Value to store
 506:Drivers/CMSIS/Include/cmsis_gcc.h ****   \param [in]    ptr  Pointer to location
 507:Drivers/CMSIS/Include/cmsis_gcc.h ****   \return          0  Function succeeded
 508:Drivers/CMSIS/Include/cmsis_gcc.h ****   \return          1  Function failed
 509:Drivers/CMSIS/Include/cmsis_gcc.h ****  */
 510:Drivers/CMSIS/Include/cmsis_gcc.h **** __STATIC_FORCEINLINE uint32_t __STREXH(uint16_t value, volatile uint16_t *addr)
 511:Drivers/CMSIS/Include/cmsis_gcc.h **** {
 512:Drivers/CMSIS/Include/cmsis_gcc.h ****    uint32_t result;
 513:Drivers/CMSIS/Include/cmsis_gcc.h **** 
 514:Drivers/CMSIS/Include/cmsis_gcc.h ****    __ASM volatile ("strexh %0, %2, %1" : "=&r" (result), "=Q" (*addr) : "r" ((uint32_t)value) );
 515:Drivers/CMSIS/Include/cmsis_gcc.h ****    return(result);
 516:Drivers/CMSIS/Include/cmsis_gcc.h **** }
 517:Drivers/CMSIS/Include/cmsis_gcc.h **** 
 518:Drivers/CMSIS/Include/cmsis_gcc.h **** 
 519:Drivers/CMSIS/Include/cmsis_gcc.h **** /**
 520:Drivers/CMSIS/Include/cmsis_gcc.h ****   \brief   STR Exclusive (32 bit)
 521:Drivers/CMSIS/Include/cmsis_gcc.h ****   \details Executes a exclusive STR instruction for 32 bit values.
 522:Drivers/CMSIS/Include/cmsis_gcc.h ****   \param [in]  value  Value to store
 523:Drivers/CMSIS/Include/cmsis_gcc.h ****   \param [in]    ptr  Pointer to location
 524:Drivers/CMSIS/Include/cmsis_gcc.h ****   \return          0  Function succeeded
 525:Drivers/CMSIS/Include/cmsis_gcc.h ****   \return          1  Function failed
 526:Drivers/CMSIS/Include/cmsis_gcc.h ****  */
 527:Drivers/CMSIS/Include/cmsis_gcc.h **** __STATIC_FORCEINLINE uint32_t __STREXW(uint32_t value, volatile uint32_t *addr)
 528:Drivers/CMSIS/Include/cmsis_gcc.h **** {
 529:Drivers/CMSIS/Include/cmsis_gcc.h ****    uint32_t result;
 530:Drivers/CMSIS/Include/cmsis_gcc.h **** 
 531:Drivers/CMSIS/Include/cmsis_gcc.h ****    __ASM volatile ("strex %0, %2, %1" : "=&r" (result), "=Q" (*addr) : "r" (value) );
 532:Drivers/CMSIS/Include/cmsis_gcc.h ****    return(result);
 533:Drivers/CMSIS/Include/cmsis_gcc.h **** }
 534:Drivers/CMSIS/Include/cmsis_gcc.h **** 
 535:Drivers/CMSIS/Include/cmsis_gcc.h **** 
 536:Drivers/CMSIS/Include/cmsis_gcc.h **** /**
 537:Drivers/CMSIS/Include/cmsis_gcc.h ****   \brief   Remove the exclusive lock
 538:Drivers/CMSIS/Include/cmsis_gcc.h ****   \details Removes the exclusive lock which is created by LDREX.
 539:Drivers/CMSIS/Include/cmsis_gcc.h ****  */
 540:Drivers/CMSIS/Include/cmsis_gcc.h **** __STATIC_FORCEINLINE void __CLREX(void)
 541:Drivers/CMSIS/Include/cmsis_gcc.h **** {
 542:Drivers/CMSIS/Include/cmsis_gcc.h ****   __ASM volatile ("clrex" ::: "memory");
 543:Drivers/CMSIS/Include/cmsis_gcc.h **** }
 544:Drivers/CMSIS/Include/cmsis_gcc.h **** 
 545:Drivers/CMSIS/Include/cmsis_gcc.h **** #endif /* ((defined (__ARM_ARCH_7M__      ) && (__ARM_ARCH_7M__      == 1)) || \
 546:Drivers/CMSIS/Include/cmsis_gcc.h ****            (defined (__ARM_ARCH_7EM__     ) && (__ARM_ARCH_7EM__     == 1)) || \
 547:Drivers/CMSIS/Include/cmsis_gcc.h ****            (defined (__ARM_ARCH_8M_MAIN__ ) && (__ARM_ARCH_8M_MAIN__ == 1)) || \
ARM GAS  /tmp/cc4Xjn9z.s 			page 68


 548:Drivers/CMSIS/Include/cmsis_gcc.h ****            (defined (__ARM_ARCH_8M_BASE__ ) && (__ARM_ARCH_8M_BASE__ == 1))    ) */
 549:Drivers/CMSIS/Include/cmsis_gcc.h **** 
 550:Drivers/CMSIS/Include/cmsis_gcc.h **** 
 551:Drivers/CMSIS/Include/cmsis_gcc.h **** #if ((defined (__ARM_ARCH_7M__      ) && (__ARM_ARCH_7M__      == 1)) || \
 552:Drivers/CMSIS/Include/cmsis_gcc.h ****      (defined (__ARM_ARCH_7EM__     ) && (__ARM_ARCH_7EM__     == 1)) || \
 553:Drivers/CMSIS/Include/cmsis_gcc.h ****      (defined (__ARM_ARCH_8M_MAIN__ ) && (__ARM_ARCH_8M_MAIN__ == 1))    )
 554:Drivers/CMSIS/Include/cmsis_gcc.h **** /**
 555:Drivers/CMSIS/Include/cmsis_gcc.h ****   \brief   Signed Saturate
 556:Drivers/CMSIS/Include/cmsis_gcc.h ****   \details Saturates a signed value.
 557:Drivers/CMSIS/Include/cmsis_gcc.h ****   \param [in]  ARG1  Value to be saturated
 558:Drivers/CMSIS/Include/cmsis_gcc.h ****   \param [in]  ARG2  Bit position to saturate to (1..32)
 559:Drivers/CMSIS/Include/cmsis_gcc.h ****   \return             Saturated value
 560:Drivers/CMSIS/Include/cmsis_gcc.h ****  */
 561:Drivers/CMSIS/Include/cmsis_gcc.h **** #define __SSAT(ARG1, ARG2) \
 562:Drivers/CMSIS/Include/cmsis_gcc.h **** __extension__ \
 563:Drivers/CMSIS/Include/cmsis_gcc.h **** ({                          \
 564:Drivers/CMSIS/Include/cmsis_gcc.h ****   int32_t __RES, __ARG1 = (ARG1); \
 565:Drivers/CMSIS/Include/cmsis_gcc.h ****   __ASM volatile ("ssat %0, %1, %2" : "=r" (__RES) :  "I" (ARG2), "r" (__ARG1) : "cc" ); \
 566:Drivers/CMSIS/Include/cmsis_gcc.h ****   __RES; \
 567:Drivers/CMSIS/Include/cmsis_gcc.h ****  })
 568:Drivers/CMSIS/Include/cmsis_gcc.h **** 
 569:Drivers/CMSIS/Include/cmsis_gcc.h **** 
 570:Drivers/CMSIS/Include/cmsis_gcc.h **** /**
 571:Drivers/CMSIS/Include/cmsis_gcc.h ****   \brief   Unsigned Saturate
 572:Drivers/CMSIS/Include/cmsis_gcc.h ****   \details Saturates an unsigned value.
 573:Drivers/CMSIS/Include/cmsis_gcc.h ****   \param [in]  ARG1  Value to be saturated
 574:Drivers/CMSIS/Include/cmsis_gcc.h ****   \param [in]  ARG2  Bit position to saturate to (0..31)
 575:Drivers/CMSIS/Include/cmsis_gcc.h ****   \return             Saturated value
 576:Drivers/CMSIS/Include/cmsis_gcc.h ****  */
 577:Drivers/CMSIS/Include/cmsis_gcc.h **** #define __USAT(ARG1, ARG2) \
 578:Drivers/CMSIS/Include/cmsis_gcc.h **** __extension__ \
 579:Drivers/CMSIS/Include/cmsis_gcc.h **** ({                          \
 580:Drivers/CMSIS/Include/cmsis_gcc.h ****   uint32_t __RES, __ARG1 = (ARG1); \
 581:Drivers/CMSIS/Include/cmsis_gcc.h ****   __ASM volatile ("usat %0, %1, %2" : "=r" (__RES) :  "I" (ARG2), "r" (__ARG1) : "cc" ); \
 582:Drivers/CMSIS/Include/cmsis_gcc.h ****   __RES; \
 583:Drivers/CMSIS/Include/cmsis_gcc.h ****  })
 584:Drivers/CMSIS/Include/cmsis_gcc.h **** 
 585:Drivers/CMSIS/Include/cmsis_gcc.h **** 
 586:Drivers/CMSIS/Include/cmsis_gcc.h **** /**
 587:Drivers/CMSIS/Include/cmsis_gcc.h ****   \brief   Rotate Right with Extend (32 bit)
 588:Drivers/CMSIS/Include/cmsis_gcc.h ****   \details Moves each bit of a bitstring right by one bit.
 589:Drivers/CMSIS/Include/cmsis_gcc.h ****            The carry input is shifted in at the left end of the bitstring.
 590:Drivers/CMSIS/Include/cmsis_gcc.h ****   \param [in]    value  Value to rotate
 591:Drivers/CMSIS/Include/cmsis_gcc.h ****   \return               Rotated value
 592:Drivers/CMSIS/Include/cmsis_gcc.h ****  */
 593:Drivers/CMSIS/Include/cmsis_gcc.h **** __STATIC_FORCEINLINE uint32_t __RRX(uint32_t value)
 594:Drivers/CMSIS/Include/cmsis_gcc.h **** {
 595:Drivers/CMSIS/Include/cmsis_gcc.h ****   uint32_t result;
 596:Drivers/CMSIS/Include/cmsis_gcc.h **** 
 597:Drivers/CMSIS/Include/cmsis_gcc.h ****   __ASM volatile ("rrx %0, %1" : __CMSIS_GCC_OUT_REG (result) : __CMSIS_GCC_USE_REG (value) );
 598:Drivers/CMSIS/Include/cmsis_gcc.h ****   return(result);
 599:Drivers/CMSIS/Include/cmsis_gcc.h **** }
 600:Drivers/CMSIS/Include/cmsis_gcc.h **** 
 601:Drivers/CMSIS/Include/cmsis_gcc.h **** 
 602:Drivers/CMSIS/Include/cmsis_gcc.h **** /**
 603:Drivers/CMSIS/Include/cmsis_gcc.h ****   \brief   LDRT Unprivileged (8 bit)
 604:Drivers/CMSIS/Include/cmsis_gcc.h ****   \details Executes a Unprivileged LDRT instruction for 8 bit value.
ARM GAS  /tmp/cc4Xjn9z.s 			page 69


 605:Drivers/CMSIS/Include/cmsis_gcc.h ****   \param [in]    ptr  Pointer to data
 606:Drivers/CMSIS/Include/cmsis_gcc.h ****   \return             value of type uint8_t at (*ptr)
 607:Drivers/CMSIS/Include/cmsis_gcc.h ****  */
 608:Drivers/CMSIS/Include/cmsis_gcc.h **** __STATIC_FORCEINLINE uint8_t __LDRBT(volatile uint8_t *ptr)
 609:Drivers/CMSIS/Include/cmsis_gcc.h **** {
 610:Drivers/CMSIS/Include/cmsis_gcc.h ****     uint32_t result;
 611:Drivers/CMSIS/Include/cmsis_gcc.h **** 
 612:Drivers/CMSIS/Include/cmsis_gcc.h **** #if (__GNUC__ > 4) || (__GNUC__ == 4 && __GNUC_MINOR__ >= 8)
 613:Drivers/CMSIS/Include/cmsis_gcc.h ****    __ASM volatile ("ldrbt %0, %1" : "=r" (result) : "Q" (*ptr) );
 614:Drivers/CMSIS/Include/cmsis_gcc.h **** #else
 615:Drivers/CMSIS/Include/cmsis_gcc.h ****     /* Prior to GCC 4.8, "Q" will be expanded to [rx, #0] which is not
 616:Drivers/CMSIS/Include/cmsis_gcc.h ****        accepted by assembler. So has to use following less efficient pattern.
 617:Drivers/CMSIS/Include/cmsis_gcc.h ****     */
 618:Drivers/CMSIS/Include/cmsis_gcc.h ****    __ASM volatile ("ldrbt %0, [%1]" : "=r" (result) : "r" (ptr) : "memory" );
 619:Drivers/CMSIS/Include/cmsis_gcc.h **** #endif
 620:Drivers/CMSIS/Include/cmsis_gcc.h ****    return ((uint8_t) result);    /* Add explicit type cast here */
 621:Drivers/CMSIS/Include/cmsis_gcc.h **** }
 622:Drivers/CMSIS/Include/cmsis_gcc.h **** 
 623:Drivers/CMSIS/Include/cmsis_gcc.h **** 
 624:Drivers/CMSIS/Include/cmsis_gcc.h **** /**
 625:Drivers/CMSIS/Include/cmsis_gcc.h ****   \brief   LDRT Unprivileged (16 bit)
 626:Drivers/CMSIS/Include/cmsis_gcc.h ****   \details Executes a Unprivileged LDRT instruction for 16 bit values.
 627:Drivers/CMSIS/Include/cmsis_gcc.h ****   \param [in]    ptr  Pointer to data
 628:Drivers/CMSIS/Include/cmsis_gcc.h ****   \return        value of type uint16_t at (*ptr)
 629:Drivers/CMSIS/Include/cmsis_gcc.h ****  */
 630:Drivers/CMSIS/Include/cmsis_gcc.h **** __STATIC_FORCEINLINE uint16_t __LDRHT(volatile uint16_t *ptr)
 631:Drivers/CMSIS/Include/cmsis_gcc.h **** {
 632:Drivers/CMSIS/Include/cmsis_gcc.h ****     uint32_t result;
 633:Drivers/CMSIS/Include/cmsis_gcc.h **** 
 634:Drivers/CMSIS/Include/cmsis_gcc.h **** #if (__GNUC__ > 4) || (__GNUC__ == 4 && __GNUC_MINOR__ >= 8)
 635:Drivers/CMSIS/Include/cmsis_gcc.h ****    __ASM volatile ("ldrht %0, %1" : "=r" (result) : "Q" (*ptr) );
 636:Drivers/CMSIS/Include/cmsis_gcc.h **** #else
 637:Drivers/CMSIS/Include/cmsis_gcc.h ****     /* Prior to GCC 4.8, "Q" will be expanded to [rx, #0] which is not
 638:Drivers/CMSIS/Include/cmsis_gcc.h ****        accepted by assembler. So has to use following less efficient pattern.
 639:Drivers/CMSIS/Include/cmsis_gcc.h ****     */
 640:Drivers/CMSIS/Include/cmsis_gcc.h ****    __ASM volatile ("ldrht %0, [%1]" : "=r" (result) : "r" (ptr) : "memory" );
 641:Drivers/CMSIS/Include/cmsis_gcc.h **** #endif
 642:Drivers/CMSIS/Include/cmsis_gcc.h ****    return ((uint16_t) result);    /* Add explicit type cast here */
 643:Drivers/CMSIS/Include/cmsis_gcc.h **** }
 644:Drivers/CMSIS/Include/cmsis_gcc.h **** 
 645:Drivers/CMSIS/Include/cmsis_gcc.h **** 
 646:Drivers/CMSIS/Include/cmsis_gcc.h **** /**
 647:Drivers/CMSIS/Include/cmsis_gcc.h ****   \brief   LDRT Unprivileged (32 bit)
 648:Drivers/CMSIS/Include/cmsis_gcc.h ****   \details Executes a Unprivileged LDRT instruction for 32 bit values.
 649:Drivers/CMSIS/Include/cmsis_gcc.h ****   \param [in]    ptr  Pointer to data
 650:Drivers/CMSIS/Include/cmsis_gcc.h ****   \return        value of type uint32_t at (*ptr)
 651:Drivers/CMSIS/Include/cmsis_gcc.h ****  */
 652:Drivers/CMSIS/Include/cmsis_gcc.h **** __STATIC_FORCEINLINE uint32_t __LDRT(volatile uint32_t *ptr)
 653:Drivers/CMSIS/Include/cmsis_gcc.h **** {
 654:Drivers/CMSIS/Include/cmsis_gcc.h ****     uint32_t result;
 655:Drivers/CMSIS/Include/cmsis_gcc.h **** 
 656:Drivers/CMSIS/Include/cmsis_gcc.h ****    __ASM volatile ("ldrt %0, %1" : "=r" (result) : "Q" (*ptr) );
 657:Drivers/CMSIS/Include/cmsis_gcc.h ****    return(result);
 658:Drivers/CMSIS/Include/cmsis_gcc.h **** }
 659:Drivers/CMSIS/Include/cmsis_gcc.h **** 
 660:Drivers/CMSIS/Include/cmsis_gcc.h **** 
 661:Drivers/CMSIS/Include/cmsis_gcc.h **** /**
ARM GAS  /tmp/cc4Xjn9z.s 			page 70


 662:Drivers/CMSIS/Include/cmsis_gcc.h ****   \brief   STRT Unprivileged (8 bit)
 663:Drivers/CMSIS/Include/cmsis_gcc.h ****   \details Executes a Unprivileged STRT instruction for 8 bit values.
 664:Drivers/CMSIS/Include/cmsis_gcc.h ****   \param [in]  value  Value to store
 665:Drivers/CMSIS/Include/cmsis_gcc.h ****   \param [in]    ptr  Pointer to location
 666:Drivers/CMSIS/Include/cmsis_gcc.h ****  */
 667:Drivers/CMSIS/Include/cmsis_gcc.h **** __STATIC_FORCEINLINE void __STRBT(uint8_t value, volatile uint8_t *ptr)
 668:Drivers/CMSIS/Include/cmsis_gcc.h **** {
 669:Drivers/CMSIS/Include/cmsis_gcc.h ****    __ASM volatile ("strbt %1, %0" : "=Q" (*ptr) : "r" ((uint32_t)value) );
 670:Drivers/CMSIS/Include/cmsis_gcc.h **** }
 671:Drivers/CMSIS/Include/cmsis_gcc.h **** 
 672:Drivers/CMSIS/Include/cmsis_gcc.h **** 
 673:Drivers/CMSIS/Include/cmsis_gcc.h **** /**
 674:Drivers/CMSIS/Include/cmsis_gcc.h ****   \brief   STRT Unprivileged (16 bit)
 675:Drivers/CMSIS/Include/cmsis_gcc.h ****   \details Executes a Unprivileged STRT instruction for 16 bit values.
 676:Drivers/CMSIS/Include/cmsis_gcc.h ****   \param [in]  value  Value to store
 677:Drivers/CMSIS/Include/cmsis_gcc.h ****   \param [in]    ptr  Pointer to location
 678:Drivers/CMSIS/Include/cmsis_gcc.h ****  */
 679:Drivers/CMSIS/Include/cmsis_gcc.h **** __STATIC_FORCEINLINE void __STRHT(uint16_t value, volatile uint16_t *ptr)
 680:Drivers/CMSIS/Include/cmsis_gcc.h **** {
 681:Drivers/CMSIS/Include/cmsis_gcc.h ****    __ASM volatile ("strht %1, %0" : "=Q" (*ptr) : "r" ((uint32_t)value) );
 682:Drivers/CMSIS/Include/cmsis_gcc.h **** }
 683:Drivers/CMSIS/Include/cmsis_gcc.h **** 
 684:Drivers/CMSIS/Include/cmsis_gcc.h **** 
 685:Drivers/CMSIS/Include/cmsis_gcc.h **** /**
 686:Drivers/CMSIS/Include/cmsis_gcc.h ****   \brief   STRT Unprivileged (32 bit)
 687:Drivers/CMSIS/Include/cmsis_gcc.h ****   \details Executes a Unprivileged STRT instruction for 32 bit values.
 688:Drivers/CMSIS/Include/cmsis_gcc.h ****   \param [in]  value  Value to store
 689:Drivers/CMSIS/Include/cmsis_gcc.h ****   \param [in]    ptr  Pointer to location
 690:Drivers/CMSIS/Include/cmsis_gcc.h ****  */
 691:Drivers/CMSIS/Include/cmsis_gcc.h **** __STATIC_FORCEINLINE void __STRT(uint32_t value, volatile uint32_t *ptr)
 692:Drivers/CMSIS/Include/cmsis_gcc.h **** {
 693:Drivers/CMSIS/Include/cmsis_gcc.h ****    __ASM volatile ("strt %1, %0" : "=Q" (*ptr) : "r" (value) );
 694:Drivers/CMSIS/Include/cmsis_gcc.h **** }
 695:Drivers/CMSIS/Include/cmsis_gcc.h **** 
 696:Drivers/CMSIS/Include/cmsis_gcc.h **** #else  /* ((defined (__ARM_ARCH_7M__      ) && (__ARM_ARCH_7M__      == 1)) || \
 697:Drivers/CMSIS/Include/cmsis_gcc.h ****            (defined (__ARM_ARCH_7EM__     ) && (__ARM_ARCH_7EM__     == 1)) || \
 698:Drivers/CMSIS/Include/cmsis_gcc.h ****            (defined (__ARM_ARCH_8M_MAIN__ ) && (__ARM_ARCH_8M_MAIN__ == 1))    ) */
 699:Drivers/CMSIS/Include/cmsis_gcc.h **** 
 700:Drivers/CMSIS/Include/cmsis_gcc.h **** /**
 701:Drivers/CMSIS/Include/cmsis_gcc.h ****   \brief   Signed Saturate
 702:Drivers/CMSIS/Include/cmsis_gcc.h ****   \details Saturates a signed value.
 703:Drivers/CMSIS/Include/cmsis_gcc.h ****   \param [in]  value  Value to be saturated
 704:Drivers/CMSIS/Include/cmsis_gcc.h ****   \param [in]    sat  Bit position to saturate to (1..32)
 705:Drivers/CMSIS/Include/cmsis_gcc.h ****   \return             Saturated value
 706:Drivers/CMSIS/Include/cmsis_gcc.h ****  */
 707:Drivers/CMSIS/Include/cmsis_gcc.h **** __STATIC_FORCEINLINE int32_t __SSAT(int32_t val, uint32_t sat)
 708:Drivers/CMSIS/Include/cmsis_gcc.h **** {
 709:Drivers/CMSIS/Include/cmsis_gcc.h ****   if ((sat >= 1U) && (sat <= 32U))
 710:Drivers/CMSIS/Include/cmsis_gcc.h ****   {
 711:Drivers/CMSIS/Include/cmsis_gcc.h ****     const int32_t max = (int32_t)((1U << (sat - 1U)) - 1U);
 712:Drivers/CMSIS/Include/cmsis_gcc.h ****     const int32_t min = -1 - max ;
 713:Drivers/CMSIS/Include/cmsis_gcc.h ****     if (val > max)
 714:Drivers/CMSIS/Include/cmsis_gcc.h ****     {
 715:Drivers/CMSIS/Include/cmsis_gcc.h ****       return max;
 716:Drivers/CMSIS/Include/cmsis_gcc.h ****     }
 717:Drivers/CMSIS/Include/cmsis_gcc.h ****     else if (val < min)
 718:Drivers/CMSIS/Include/cmsis_gcc.h ****     {
ARM GAS  /tmp/cc4Xjn9z.s 			page 71


 719:Drivers/CMSIS/Include/cmsis_gcc.h ****       return min;
 720:Drivers/CMSIS/Include/cmsis_gcc.h ****     }
 721:Drivers/CMSIS/Include/cmsis_gcc.h ****   }
 722:Drivers/CMSIS/Include/cmsis_gcc.h ****   return val;
 723:Drivers/CMSIS/Include/cmsis_gcc.h **** }
 724:Drivers/CMSIS/Include/cmsis_gcc.h **** 
 725:Drivers/CMSIS/Include/cmsis_gcc.h **** /**
 726:Drivers/CMSIS/Include/cmsis_gcc.h ****   \brief   Unsigned Saturate
 727:Drivers/CMSIS/Include/cmsis_gcc.h ****   \details Saturates an unsigned value.
 728:Drivers/CMSIS/Include/cmsis_gcc.h ****   \param [in]  value  Value to be saturated
 729:Drivers/CMSIS/Include/cmsis_gcc.h ****   \param [in]    sat  Bit position to saturate to (0..31)
 730:Drivers/CMSIS/Include/cmsis_gcc.h ****   \return             Saturated value
 731:Drivers/CMSIS/Include/cmsis_gcc.h ****  */
 732:Drivers/CMSIS/Include/cmsis_gcc.h **** __STATIC_FORCEINLINE uint32_t __USAT(int32_t val, uint32_t sat)
 733:Drivers/CMSIS/Include/cmsis_gcc.h **** {
 734:Drivers/CMSIS/Include/cmsis_gcc.h ****   if (sat <= 31U)
 735:Drivers/CMSIS/Include/cmsis_gcc.h ****   {
 736:Drivers/CMSIS/Include/cmsis_gcc.h ****     const uint32_t max = ((1U << sat) - 1U);
 737:Drivers/CMSIS/Include/cmsis_gcc.h ****     if (val > (int32_t)max)
 738:Drivers/CMSIS/Include/cmsis_gcc.h ****     {
 739:Drivers/CMSIS/Include/cmsis_gcc.h ****       return max;
 740:Drivers/CMSIS/Include/cmsis_gcc.h ****     }
 741:Drivers/CMSIS/Include/cmsis_gcc.h ****     else if (val < 0)
 742:Drivers/CMSIS/Include/cmsis_gcc.h ****     {
 743:Drivers/CMSIS/Include/cmsis_gcc.h ****       return 0U;
 744:Drivers/CMSIS/Include/cmsis_gcc.h ****     }
 745:Drivers/CMSIS/Include/cmsis_gcc.h ****   }
 746:Drivers/CMSIS/Include/cmsis_gcc.h ****   return (uint32_t)val;
 747:Drivers/CMSIS/Include/cmsis_gcc.h **** }
 748:Drivers/CMSIS/Include/cmsis_gcc.h **** 
 749:Drivers/CMSIS/Include/cmsis_gcc.h **** #endif /* ((defined (__ARM_ARCH_7M__      ) && (__ARM_ARCH_7M__      == 1)) || \
 750:Drivers/CMSIS/Include/cmsis_gcc.h ****            (defined (__ARM_ARCH_7EM__     ) && (__ARM_ARCH_7EM__     == 1)) || \
 751:Drivers/CMSIS/Include/cmsis_gcc.h ****            (defined (__ARM_ARCH_8M_MAIN__ ) && (__ARM_ARCH_8M_MAIN__ == 1))    ) */
 752:Drivers/CMSIS/Include/cmsis_gcc.h **** 
 753:Drivers/CMSIS/Include/cmsis_gcc.h **** 
 754:Drivers/CMSIS/Include/cmsis_gcc.h **** #if ((defined (__ARM_ARCH_8M_MAIN__ ) && (__ARM_ARCH_8M_MAIN__ == 1)) || \
 755:Drivers/CMSIS/Include/cmsis_gcc.h ****      (defined (__ARM_ARCH_8M_BASE__ ) && (__ARM_ARCH_8M_BASE__ == 1))    )
 756:Drivers/CMSIS/Include/cmsis_gcc.h **** /**
 757:Drivers/CMSIS/Include/cmsis_gcc.h ****   \brief   Load-Acquire (8 bit)
 758:Drivers/CMSIS/Include/cmsis_gcc.h ****   \details Executes a LDAB instruction for 8 bit value.
 759:Drivers/CMSIS/Include/cmsis_gcc.h ****   \param [in]    ptr  Pointer to data
 760:Drivers/CMSIS/Include/cmsis_gcc.h ****   \return             value of type uint8_t at (*ptr)
 761:Drivers/CMSIS/Include/cmsis_gcc.h ****  */
 762:Drivers/CMSIS/Include/cmsis_gcc.h **** __STATIC_FORCEINLINE uint8_t __LDAB(volatile uint8_t *ptr)
 763:Drivers/CMSIS/Include/cmsis_gcc.h **** {
 764:Drivers/CMSIS/Include/cmsis_gcc.h ****     uint32_t result;
 765:Drivers/CMSIS/Include/cmsis_gcc.h **** 
 766:Drivers/CMSIS/Include/cmsis_gcc.h ****    __ASM volatile ("ldab %0, %1" : "=r" (result) : "Q" (*ptr) : "memory" );
 767:Drivers/CMSIS/Include/cmsis_gcc.h ****    return ((uint8_t) result);
 768:Drivers/CMSIS/Include/cmsis_gcc.h **** }
 769:Drivers/CMSIS/Include/cmsis_gcc.h **** 
 770:Drivers/CMSIS/Include/cmsis_gcc.h **** 
 771:Drivers/CMSIS/Include/cmsis_gcc.h **** /**
 772:Drivers/CMSIS/Include/cmsis_gcc.h ****   \brief   Load-Acquire (16 bit)
 773:Drivers/CMSIS/Include/cmsis_gcc.h ****   \details Executes a LDAH instruction for 16 bit values.
 774:Drivers/CMSIS/Include/cmsis_gcc.h ****   \param [in]    ptr  Pointer to data
 775:Drivers/CMSIS/Include/cmsis_gcc.h ****   \return        value of type uint16_t at (*ptr)
ARM GAS  /tmp/cc4Xjn9z.s 			page 72


 776:Drivers/CMSIS/Include/cmsis_gcc.h ****  */
 777:Drivers/CMSIS/Include/cmsis_gcc.h **** __STATIC_FORCEINLINE uint16_t __LDAH(volatile uint16_t *ptr)
 778:Drivers/CMSIS/Include/cmsis_gcc.h **** {
 779:Drivers/CMSIS/Include/cmsis_gcc.h ****     uint32_t result;
 780:Drivers/CMSIS/Include/cmsis_gcc.h **** 
 781:Drivers/CMSIS/Include/cmsis_gcc.h ****    __ASM volatile ("ldah %0, %1" : "=r" (result) : "Q" (*ptr) : "memory" );
 782:Drivers/CMSIS/Include/cmsis_gcc.h ****    return ((uint16_t) result);
 783:Drivers/CMSIS/Include/cmsis_gcc.h **** }
 784:Drivers/CMSIS/Include/cmsis_gcc.h **** 
 785:Drivers/CMSIS/Include/cmsis_gcc.h **** 
 786:Drivers/CMSIS/Include/cmsis_gcc.h **** /**
 787:Drivers/CMSIS/Include/cmsis_gcc.h ****   \brief   Load-Acquire (32 bit)
 788:Drivers/CMSIS/Include/cmsis_gcc.h ****   \details Executes a LDA instruction for 32 bit values.
 789:Drivers/CMSIS/Include/cmsis_gcc.h ****   \param [in]    ptr  Pointer to data
 790:Drivers/CMSIS/Include/cmsis_gcc.h ****   \return        value of type uint32_t at (*ptr)
 791:Drivers/CMSIS/Include/cmsis_gcc.h ****  */
 792:Drivers/CMSIS/Include/cmsis_gcc.h **** __STATIC_FORCEINLINE uint32_t __LDA(volatile uint32_t *ptr)
 793:Drivers/CMSIS/Include/cmsis_gcc.h **** {
 794:Drivers/CMSIS/Include/cmsis_gcc.h ****     uint32_t result;
 795:Drivers/CMSIS/Include/cmsis_gcc.h **** 
 796:Drivers/CMSIS/Include/cmsis_gcc.h ****    __ASM volatile ("lda %0, %1" : "=r" (result) : "Q" (*ptr) : "memory" );
 797:Drivers/CMSIS/Include/cmsis_gcc.h ****    return(result);
 798:Drivers/CMSIS/Include/cmsis_gcc.h **** }
 799:Drivers/CMSIS/Include/cmsis_gcc.h **** 
 800:Drivers/CMSIS/Include/cmsis_gcc.h **** 
 801:Drivers/CMSIS/Include/cmsis_gcc.h **** /**
 802:Drivers/CMSIS/Include/cmsis_gcc.h ****   \brief   Store-Release (8 bit)
 803:Drivers/CMSIS/Include/cmsis_gcc.h ****   \details Executes a STLB instruction for 8 bit values.
 804:Drivers/CMSIS/Include/cmsis_gcc.h ****   \param [in]  value  Value to store
 805:Drivers/CMSIS/Include/cmsis_gcc.h ****   \param [in]    ptr  Pointer to location
 806:Drivers/CMSIS/Include/cmsis_gcc.h ****  */
 807:Drivers/CMSIS/Include/cmsis_gcc.h **** __STATIC_FORCEINLINE void __STLB(uint8_t value, volatile uint8_t *ptr)
 808:Drivers/CMSIS/Include/cmsis_gcc.h **** {
 809:Drivers/CMSIS/Include/cmsis_gcc.h ****    __ASM volatile ("stlb %1, %0" : "=Q" (*ptr) : "r" ((uint32_t)value) : "memory" );
 810:Drivers/CMSIS/Include/cmsis_gcc.h **** }
 811:Drivers/CMSIS/Include/cmsis_gcc.h **** 
 812:Drivers/CMSIS/Include/cmsis_gcc.h **** 
 813:Drivers/CMSIS/Include/cmsis_gcc.h **** /**
 814:Drivers/CMSIS/Include/cmsis_gcc.h ****   \brief   Store-Release (16 bit)
 815:Drivers/CMSIS/Include/cmsis_gcc.h ****   \details Executes a STLH instruction for 16 bit values.
 816:Drivers/CMSIS/Include/cmsis_gcc.h ****   \param [in]  value  Value to store
 817:Drivers/CMSIS/Include/cmsis_gcc.h ****   \param [in]    ptr  Pointer to location
 818:Drivers/CMSIS/Include/cmsis_gcc.h ****  */
 819:Drivers/CMSIS/Include/cmsis_gcc.h **** __STATIC_FORCEINLINE void __STLH(uint16_t value, volatile uint16_t *ptr)
 820:Drivers/CMSIS/Include/cmsis_gcc.h **** {
 821:Drivers/CMSIS/Include/cmsis_gcc.h ****    __ASM volatile ("stlh %1, %0" : "=Q" (*ptr) : "r" ((uint32_t)value) : "memory" );
 822:Drivers/CMSIS/Include/cmsis_gcc.h **** }
 823:Drivers/CMSIS/Include/cmsis_gcc.h **** 
 824:Drivers/CMSIS/Include/cmsis_gcc.h **** 
 825:Drivers/CMSIS/Include/cmsis_gcc.h **** /**
 826:Drivers/CMSIS/Include/cmsis_gcc.h ****   \brief   Store-Release (32 bit)
 827:Drivers/CMSIS/Include/cmsis_gcc.h ****   \details Executes a STL instruction for 32 bit values.
 828:Drivers/CMSIS/Include/cmsis_gcc.h ****   \param [in]  value  Value to store
 829:Drivers/CMSIS/Include/cmsis_gcc.h ****   \param [in]    ptr  Pointer to location
 830:Drivers/CMSIS/Include/cmsis_gcc.h ****  */
 831:Drivers/CMSIS/Include/cmsis_gcc.h **** __STATIC_FORCEINLINE void __STL(uint32_t value, volatile uint32_t *ptr)
 832:Drivers/CMSIS/Include/cmsis_gcc.h **** {
ARM GAS  /tmp/cc4Xjn9z.s 			page 73


 833:Drivers/CMSIS/Include/cmsis_gcc.h ****    __ASM volatile ("stl %1, %0" : "=Q" (*ptr) : "r" ((uint32_t)value) : "memory" );
 834:Drivers/CMSIS/Include/cmsis_gcc.h **** }
 835:Drivers/CMSIS/Include/cmsis_gcc.h **** 
 836:Drivers/CMSIS/Include/cmsis_gcc.h **** 
 837:Drivers/CMSIS/Include/cmsis_gcc.h **** /**
 838:Drivers/CMSIS/Include/cmsis_gcc.h ****   \brief   Load-Acquire Exclusive (8 bit)
 839:Drivers/CMSIS/Include/cmsis_gcc.h ****   \details Executes a LDAB exclusive instruction for 8 bit value.
 840:Drivers/CMSIS/Include/cmsis_gcc.h ****   \param [in]    ptr  Pointer to data
 841:Drivers/CMSIS/Include/cmsis_gcc.h ****   \return             value of type uint8_t at (*ptr)
 842:Drivers/CMSIS/Include/cmsis_gcc.h ****  */
 843:Drivers/CMSIS/Include/cmsis_gcc.h **** __STATIC_FORCEINLINE uint8_t __LDAEXB(volatile uint8_t *ptr)
 844:Drivers/CMSIS/Include/cmsis_gcc.h **** {
 845:Drivers/CMSIS/Include/cmsis_gcc.h ****     uint32_t result;
 846:Drivers/CMSIS/Include/cmsis_gcc.h **** 
 847:Drivers/CMSIS/Include/cmsis_gcc.h ****    __ASM volatile ("ldaexb %0, %1" : "=r" (result) : "Q" (*ptr) : "memory" );
 848:Drivers/CMSIS/Include/cmsis_gcc.h ****    return ((uint8_t) result);
 849:Drivers/CMSIS/Include/cmsis_gcc.h **** }
 850:Drivers/CMSIS/Include/cmsis_gcc.h **** 
 851:Drivers/CMSIS/Include/cmsis_gcc.h **** 
 852:Drivers/CMSIS/Include/cmsis_gcc.h **** /**
 853:Drivers/CMSIS/Include/cmsis_gcc.h ****   \brief   Load-Acquire Exclusive (16 bit)
 854:Drivers/CMSIS/Include/cmsis_gcc.h ****   \details Executes a LDAH exclusive instruction for 16 bit values.
 855:Drivers/CMSIS/Include/cmsis_gcc.h ****   \param [in]    ptr  Pointer to data
 856:Drivers/CMSIS/Include/cmsis_gcc.h ****   \return        value of type uint16_t at (*ptr)
 857:Drivers/CMSIS/Include/cmsis_gcc.h ****  */
 858:Drivers/CMSIS/Include/cmsis_gcc.h **** __STATIC_FORCEINLINE uint16_t __LDAEXH(volatile uint16_t *ptr)
 859:Drivers/CMSIS/Include/cmsis_gcc.h **** {
 860:Drivers/CMSIS/Include/cmsis_gcc.h ****     uint32_t result;
 861:Drivers/CMSIS/Include/cmsis_gcc.h **** 
 862:Drivers/CMSIS/Include/cmsis_gcc.h ****    __ASM volatile ("ldaexh %0, %1" : "=r" (result) : "Q" (*ptr) : "memory" );
 863:Drivers/CMSIS/Include/cmsis_gcc.h ****    return ((uint16_t) result);
 864:Drivers/CMSIS/Include/cmsis_gcc.h **** }
 865:Drivers/CMSIS/Include/cmsis_gcc.h **** 
 866:Drivers/CMSIS/Include/cmsis_gcc.h **** 
 867:Drivers/CMSIS/Include/cmsis_gcc.h **** /**
 868:Drivers/CMSIS/Include/cmsis_gcc.h ****   \brief   Load-Acquire Exclusive (32 bit)
 869:Drivers/CMSIS/Include/cmsis_gcc.h ****   \details Executes a LDA exclusive instruction for 32 bit values.
 870:Drivers/CMSIS/Include/cmsis_gcc.h ****   \param [in]    ptr  Pointer to data
 871:Drivers/CMSIS/Include/cmsis_gcc.h ****   \return        value of type uint32_t at (*ptr)
 872:Drivers/CMSIS/Include/cmsis_gcc.h ****  */
 873:Drivers/CMSIS/Include/cmsis_gcc.h **** __STATIC_FORCEINLINE uint32_t __LDAEX(volatile uint32_t *ptr)
 874:Drivers/CMSIS/Include/cmsis_gcc.h **** {
 875:Drivers/CMSIS/Include/cmsis_gcc.h ****     uint32_t result;
 876:Drivers/CMSIS/Include/cmsis_gcc.h **** 
 877:Drivers/CMSIS/Include/cmsis_gcc.h ****    __ASM volatile ("ldaex %0, %1" : "=r" (result) : "Q" (*ptr) : "memory" );
 878:Drivers/CMSIS/Include/cmsis_gcc.h ****    return(result);
 879:Drivers/CMSIS/Include/cmsis_gcc.h **** }
 880:Drivers/CMSIS/Include/cmsis_gcc.h **** 
 881:Drivers/CMSIS/Include/cmsis_gcc.h **** 
 882:Drivers/CMSIS/Include/cmsis_gcc.h **** /**
 883:Drivers/CMSIS/Include/cmsis_gcc.h ****   \brief   Store-Release Exclusive (8 bit)
 884:Drivers/CMSIS/Include/cmsis_gcc.h ****   \details Executes a STLB exclusive instruction for 8 bit values.
 885:Drivers/CMSIS/Include/cmsis_gcc.h ****   \param [in]  value  Value to store
 886:Drivers/CMSIS/Include/cmsis_gcc.h ****   \param [in]    ptr  Pointer to location
 887:Drivers/CMSIS/Include/cmsis_gcc.h ****   \return          0  Function succeeded
 888:Drivers/CMSIS/Include/cmsis_gcc.h ****   \return          1  Function failed
 889:Drivers/CMSIS/Include/cmsis_gcc.h ****  */
ARM GAS  /tmp/cc4Xjn9z.s 			page 74


 890:Drivers/CMSIS/Include/cmsis_gcc.h **** __STATIC_FORCEINLINE uint32_t __STLEXB(uint8_t value, volatile uint8_t *ptr)
 891:Drivers/CMSIS/Include/cmsis_gcc.h **** {
 892:Drivers/CMSIS/Include/cmsis_gcc.h ****    uint32_t result;
 893:Drivers/CMSIS/Include/cmsis_gcc.h **** 
 894:Drivers/CMSIS/Include/cmsis_gcc.h ****    __ASM volatile ("stlexb %0, %2, %1" : "=&r" (result), "=Q" (*ptr) : "r" ((uint32_t)value) : "mem
 895:Drivers/CMSIS/Include/cmsis_gcc.h ****    return(result);
 896:Drivers/CMSIS/Include/cmsis_gcc.h **** }
 897:Drivers/CMSIS/Include/cmsis_gcc.h **** 
 898:Drivers/CMSIS/Include/cmsis_gcc.h **** 
 899:Drivers/CMSIS/Include/cmsis_gcc.h **** /**
 900:Drivers/CMSIS/Include/cmsis_gcc.h ****   \brief   Store-Release Exclusive (16 bit)
 901:Drivers/CMSIS/Include/cmsis_gcc.h ****   \details Executes a STLH exclusive instruction for 16 bit values.
 902:Drivers/CMSIS/Include/cmsis_gcc.h ****   \param [in]  value  Value to store
 903:Drivers/CMSIS/Include/cmsis_gcc.h ****   \param [in]    ptr  Pointer to location
 904:Drivers/CMSIS/Include/cmsis_gcc.h ****   \return          0  Function succeeded
 905:Drivers/CMSIS/Include/cmsis_gcc.h ****   \return          1  Function failed
 906:Drivers/CMSIS/Include/cmsis_gcc.h ****  */
 907:Drivers/CMSIS/Include/cmsis_gcc.h **** __STATIC_FORCEINLINE uint32_t __STLEXH(uint16_t value, volatile uint16_t *ptr)
 908:Drivers/CMSIS/Include/cmsis_gcc.h **** {
 909:Drivers/CMSIS/Include/cmsis_gcc.h ****    uint32_t result;
 910:Drivers/CMSIS/Include/cmsis_gcc.h **** 
 911:Drivers/CMSIS/Include/cmsis_gcc.h ****    __ASM volatile ("stlexh %0, %2, %1" : "=&r" (result), "=Q" (*ptr) : "r" ((uint32_t)value) : "mem
 912:Drivers/CMSIS/Include/cmsis_gcc.h ****    return(result);
 913:Drivers/CMSIS/Include/cmsis_gcc.h **** }
 914:Drivers/CMSIS/Include/cmsis_gcc.h **** 
 915:Drivers/CMSIS/Include/cmsis_gcc.h **** 
 916:Drivers/CMSIS/Include/cmsis_gcc.h **** /**
 917:Drivers/CMSIS/Include/cmsis_gcc.h ****   \brief   Store-Release Exclusive (32 bit)
 918:Drivers/CMSIS/Include/cmsis_gcc.h ****   \details Executes a STL exclusive instruction for 32 bit values.
 919:Drivers/CMSIS/Include/cmsis_gcc.h ****   \param [in]  value  Value to store
 920:Drivers/CMSIS/Include/cmsis_gcc.h ****   \param [in]    ptr  Pointer to location
 921:Drivers/CMSIS/Include/cmsis_gcc.h ****   \return          0  Function succeeded
 922:Drivers/CMSIS/Include/cmsis_gcc.h ****   \return          1  Function failed
 923:Drivers/CMSIS/Include/cmsis_gcc.h ****  */
 924:Drivers/CMSIS/Include/cmsis_gcc.h **** __STATIC_FORCEINLINE uint32_t __STLEX(uint32_t value, volatile uint32_t *ptr)
 925:Drivers/CMSIS/Include/cmsis_gcc.h **** {
 926:Drivers/CMSIS/Include/cmsis_gcc.h ****    uint32_t result;
 927:Drivers/CMSIS/Include/cmsis_gcc.h **** 
 928:Drivers/CMSIS/Include/cmsis_gcc.h ****    __ASM volatile ("stlex %0, %2, %1" : "=&r" (result), "=Q" (*ptr) : "r" ((uint32_t)value) : "memo
 929:Drivers/CMSIS/Include/cmsis_gcc.h ****    return(result);
 930:Drivers/CMSIS/Include/cmsis_gcc.h **** }
 931:Drivers/CMSIS/Include/cmsis_gcc.h **** 
 932:Drivers/CMSIS/Include/cmsis_gcc.h **** #endif /* ((defined (__ARM_ARCH_8M_MAIN__ ) && (__ARM_ARCH_8M_MAIN__ == 1)) || \
 933:Drivers/CMSIS/Include/cmsis_gcc.h ****            (defined (__ARM_ARCH_8M_BASE__ ) && (__ARM_ARCH_8M_BASE__ == 1))    ) */
 934:Drivers/CMSIS/Include/cmsis_gcc.h **** 
 935:Drivers/CMSIS/Include/cmsis_gcc.h **** /*@}*/ /* end of group CMSIS_Core_InstructionInterface */
 936:Drivers/CMSIS/Include/cmsis_gcc.h **** 
 937:Drivers/CMSIS/Include/cmsis_gcc.h **** 
 938:Drivers/CMSIS/Include/cmsis_gcc.h **** /* ###########################  Core Function Access  ########################### */
 939:Drivers/CMSIS/Include/cmsis_gcc.h **** /** \ingroup  CMSIS_Core_FunctionInterface
 940:Drivers/CMSIS/Include/cmsis_gcc.h ****     \defgroup CMSIS_Core_RegAccFunctions CMSIS Core Register Access Functions
 941:Drivers/CMSIS/Include/cmsis_gcc.h ****   @{
 942:Drivers/CMSIS/Include/cmsis_gcc.h ****  */
 943:Drivers/CMSIS/Include/cmsis_gcc.h **** 
 944:Drivers/CMSIS/Include/cmsis_gcc.h **** /**
 945:Drivers/CMSIS/Include/cmsis_gcc.h ****   \brief   Enable IRQ Interrupts
 946:Drivers/CMSIS/Include/cmsis_gcc.h ****   \details Enables IRQ interrupts by clearing special-purpose register PRIMASK.
ARM GAS  /tmp/cc4Xjn9z.s 			page 75


 947:Drivers/CMSIS/Include/cmsis_gcc.h ****            Can only be executed in Privileged modes.
 948:Drivers/CMSIS/Include/cmsis_gcc.h ****  */
 949:Drivers/CMSIS/Include/cmsis_gcc.h **** __STATIC_FORCEINLINE void __enable_irq(void)
 950:Drivers/CMSIS/Include/cmsis_gcc.h **** {
 951:Drivers/CMSIS/Include/cmsis_gcc.h ****   __ASM volatile ("cpsie i" : : : "memory");
 952:Drivers/CMSIS/Include/cmsis_gcc.h **** }
 953:Drivers/CMSIS/Include/cmsis_gcc.h **** 
 954:Drivers/CMSIS/Include/cmsis_gcc.h **** 
 955:Drivers/CMSIS/Include/cmsis_gcc.h **** /**
 956:Drivers/CMSIS/Include/cmsis_gcc.h ****   \brief   Disable IRQ Interrupts
 957:Drivers/CMSIS/Include/cmsis_gcc.h ****   \details Disables IRQ interrupts by setting special-purpose register PRIMASK.
 958:Drivers/CMSIS/Include/cmsis_gcc.h ****            Can only be executed in Privileged modes.
 959:Drivers/CMSIS/Include/cmsis_gcc.h ****  */
 960:Drivers/CMSIS/Include/cmsis_gcc.h **** __STATIC_FORCEINLINE void __disable_irq(void)
 961:Drivers/CMSIS/Include/cmsis_gcc.h **** {
 962:Drivers/CMSIS/Include/cmsis_gcc.h ****   __ASM volatile ("cpsid i" : : : "memory");
 2344              		.loc 2 962 3
 2345              		.syntax unified
 2346              	@ 962 "Drivers/CMSIS/Include/cmsis_gcc.h" 1
 2347 0004 72B6     		cpsid i
 2348              	@ 0 "" 2
 963:Drivers/CMSIS/Include/cmsis_gcc.h **** }
 2349              		.loc 2 963 1
 2350              		.thumb
 2351              		.syntax unified
 2352 0006 00BF     		nop
 2353              	.L112:
 2354              	.LBE11:
 2355              	.LBE10:
 941:Core/Src/main.c ****   /* USER CODE BEGIN Error_Handler_Debug */
 942:Core/Src/main.c ****   /* User can add his own implementation to report the HAL error return state */
 943:Core/Src/main.c ****   __disable_irq();
 944:Core/Src/main.c ****   while (1)
 2356              		.loc 1 944 9 discriminator 1
 2357 0008 00BF     		nop
 2358 000a FDE7     		b	.L112
 2359              		.cfi_endproc
 2360              	.LFE258:
 2362              		.text
 2363              	.Letext0:
 2364              		.file 3 "/opt/st/stm32cubeclt_1.17.0/GNU-tools-for-STM32/arm-none-eabi/include/machine/_default_ty
 2365              		.file 4 "/opt/st/stm32cubeclt_1.17.0/GNU-tools-for-STM32/arm-none-eabi/include/sys/_stdint.h"
 2366              		.file 5 "Drivers/CMSIS/Device/ST/STM32F4xx/Include/stm32f405xx.h"
 2367              		.file 6 "Drivers/CMSIS/Device/ST/STM32F4xx/Include/stm32f4xx.h"
 2368              		.file 7 "Drivers/STM32F4xx_HAL_Driver/Inc/stm32f4xx_hal_def.h"
 2369              		.file 8 "Drivers/STM32F4xx_HAL_Driver/Inc/stm32f4xx_hal_rcc_ex.h"
 2370              		.file 9 "Drivers/STM32F4xx_HAL_Driver/Inc/stm32f4xx_hal_rcc.h"
 2371              		.file 10 "Drivers/STM32F4xx_HAL_Driver/Inc/stm32f4xx_hal_gpio.h"
 2372              		.file 11 "Drivers/STM32F4xx_HAL_Driver/Inc/stm32f4xx_hal_dma.h"
 2373              		.file 12 "Drivers/STM32F4xx_HAL_Driver/Inc/stm32f4xx_hal_adc.h"
 2374              		.file 13 "Drivers/STM32F4xx_HAL_Driver/Inc/stm32f4xx_hal_i2c.h"
 2375              		.file 14 "Drivers/STM32F4xx_HAL_Driver/Inc/stm32f4xx_hal_spi.h"
 2376              		.file 15 "Drivers/STM32F4xx_HAL_Driver/Inc/stm32f4xx_hal_tim.h"
 2377              		.file 16 "Drivers/STM32F4xx_HAL_Driver/Inc/stm32f4xx_hal_uart.h"
 2378              		.file 17 "Drivers/BSP/Components/Servo/servo_types.h"
 2379              		.file 18 "Drivers/BSP/Components/Servo/Servo_Cfg.h"
 2380              		.file 19 "Drivers/BSP/STM32f446_Nucleo/stm32f4xx_nucleo.h"
ARM GAS  /tmp/cc4Xjn9z.s 			page 76


 2381              		.file 20 "Drivers/STM32F4xx_HAL_Driver/Inc/stm32f4xx_hal.h"
 2382              		.file 21 "Drivers/BSP/Components/Servo/Servo.h"
 2383              		.file 22 "Core/Inc/main.h"
 2384              		.file 23 "Drivers/STM32F4xx_HAL_Driver/Inc/stm32f4xx_hal_tim_ex.h"
ARM GAS  /tmp/cc4Xjn9z.s 			page 77


DEFINED SYMBOLS
                            *ABS*:00000000 main.c
     /tmp/cc4Xjn9z.s:25     .bss.hadc1:00000000 hadc1
     /tmp/cc4Xjn9z.s:22     .bss.hadc1:00000000 $d
     /tmp/cc4Xjn9z.s:32     .bss.hi2c1:00000000 hi2c1
     /tmp/cc4Xjn9z.s:29     .bss.hi2c1:00000000 $d
     /tmp/cc4Xjn9z.s:39     .bss.hspi1:00000000 hspi1
     /tmp/cc4Xjn9z.s:36     .bss.hspi1:00000000 $d
     /tmp/cc4Xjn9z.s:46     .bss.htim1:00000000 htim1
     /tmp/cc4Xjn9z.s:43     .bss.htim1:00000000 $d
     /tmp/cc4Xjn9z.s:53     .bss.htim2:00000000 htim2
     /tmp/cc4Xjn9z.s:50     .bss.htim2:00000000 $d
     /tmp/cc4Xjn9z.s:60     .bss.htim3:00000000 htim3
     /tmp/cc4Xjn9z.s:57     .bss.htim3:00000000 $d
     /tmp/cc4Xjn9z.s:67     .bss.htim4:00000000 htim4
     /tmp/cc4Xjn9z.s:64     .bss.htim4:00000000 $d
     /tmp/cc4Xjn9z.s:74     .bss.htim8:00000000 htim8
     /tmp/cc4Xjn9z.s:71     .bss.htim8:00000000 $d
     /tmp/cc4Xjn9z.s:81     .bss.huart4:00000000 huart4
     /tmp/cc4Xjn9z.s:78     .bss.huart4:00000000 $d
     /tmp/cc4Xjn9z.s:88     .bss.huart5:00000000 huart5
     /tmp/cc4Xjn9z.s:85     .bss.huart5:00000000 $d
     /tmp/cc4Xjn9z.s:95     .bss.huart1:00000000 huart1
     /tmp/cc4Xjn9z.s:92     .bss.huart1:00000000 $d
     /tmp/cc4Xjn9z.s:102    .bss.huart2:00000000 huart2
     /tmp/cc4Xjn9z.s:99     .bss.huart2:00000000 $d
     /tmp/cc4Xjn9z.s:109    .bss.huart3:00000000 huart3
     /tmp/cc4Xjn9z.s:106    .bss.huart3:00000000 $d
     /tmp/cc4Xjn9z.s:116    .bss.huart6:00000000 huart6
     /tmp/cc4Xjn9z.s:113    .bss.huart6:00000000 $d
     /tmp/cc4Xjn9z.s:119    .text.main:00000000 $t
     /tmp/cc4Xjn9z.s:125    .text.main:00000000 main
     /tmp/cc4Xjn9z.s:190    .text.SystemClock_Config:00000000 SystemClock_Config
     /tmp/cc4Xjn9z.s:2107   .text.MX_GPIO_Init:00000000 MX_GPIO_Init
     /tmp/cc4Xjn9z.s:340    .text.MX_ADC1_Init:00000000 MX_ADC1_Init
     /tmp/cc4Xjn9z.s:468    .text.MX_I2C1_Init:00000000 MX_I2C1_Init
     /tmp/cc4Xjn9z.s:546    .text.MX_SPI1_Init:00000000 MX_SPI1_Init
     /tmp/cc4Xjn9z.s:635    .text.MX_TIM1_Init:00000000 MX_TIM1_Init
     /tmp/cc4Xjn9z.s:868    .text.MX_TIM2_Init:00000000 MX_TIM2_Init
     /tmp/cc4Xjn9z.s:1061   .text.MX_TIM3_Init:00000000 MX_TIM3_Init
     /tmp/cc4Xjn9z.s:1242   .text.MX_TIM4_Init:00000000 MX_TIM4_Init
     /tmp/cc4Xjn9z.s:1423   .text.MX_TIM8_Init:00000000 MX_TIM8_Init
     /tmp/cc4Xjn9z.s:1669   .text.MX_UART4_Init:00000000 MX_UART4_Init
     /tmp/cc4Xjn9z.s:1742   .text.MX_UART5_Init:00000000 MX_UART5_Init
     /tmp/cc4Xjn9z.s:1815   .text.MX_USART1_UART_Init:00000000 MX_USART1_UART_Init
     /tmp/cc4Xjn9z.s:1888   .text.MX_USART2_UART_Init:00000000 MX_USART2_UART_Init
     /tmp/cc4Xjn9z.s:1961   .text.MX_USART3_UART_Init:00000000 MX_USART3_UART_Init
     /tmp/cc4Xjn9z.s:2034   .text.MX_USART6_UART_Init:00000000 MX_USART6_UART_Init
     /tmp/cc4Xjn9z.s:184    .text.SystemClock_Config:00000000 $t
     /tmp/cc4Xjn9z.s:2327   .text.Error_Handler:00000000 Error_Handler
     /tmp/cc4Xjn9z.s:329    .text.SystemClock_Config:000000cc $d
     /tmp/cc4Xjn9z.s:335    .text.MX_ADC1_Init:00000000 $t
     /tmp/cc4Xjn9z.s:456    .text.MX_ADC1_Init:00000098 $d
     /tmp/cc4Xjn9z.s:463    .text.MX_I2C1_Init:00000000 $t
     /tmp/cc4Xjn9z.s:534    .text.MX_I2C1_Init:00000050 $d
     /tmp/cc4Xjn9z.s:541    .text.MX_SPI1_Init:00000000 $t
     /tmp/cc4Xjn9z.s:624    .text.MX_SPI1_Init:00000064 $d
ARM GAS  /tmp/cc4Xjn9z.s 			page 78


     /tmp/cc4Xjn9z.s:630    .text.MX_TIM1_Init:00000000 $t
     /tmp/cc4Xjn9z.s:857    .text.MX_TIM1_Init:00000150 $d
     /tmp/cc4Xjn9z.s:863    .text.MX_TIM2_Init:00000000 $t
     /tmp/cc4Xjn9z.s:1051   .text.MX_TIM2_Init:00000114 $d
     /tmp/cc4Xjn9z.s:1056   .text.MX_TIM3_Init:00000000 $t
     /tmp/cc4Xjn9z.s:1231   .text.MX_TIM3_Init:000000fc $d
     /tmp/cc4Xjn9z.s:1237   .text.MX_TIM4_Init:00000000 $t
     /tmp/cc4Xjn9z.s:1412   .text.MX_TIM4_Init:000000fc $d
     /tmp/cc4Xjn9z.s:1418   .text.MX_TIM8_Init:00000000 $t
     /tmp/cc4Xjn9z.s:1658   .text.MX_TIM8_Init:00000168 $d
     /tmp/cc4Xjn9z.s:1664   .text.MX_UART4_Init:00000000 $t
     /tmp/cc4Xjn9z.s:1731   .text.MX_UART4_Init:0000004c $d
     /tmp/cc4Xjn9z.s:1737   .text.MX_UART5_Init:00000000 $t
     /tmp/cc4Xjn9z.s:1804   .text.MX_UART5_Init:0000004c $d
     /tmp/cc4Xjn9z.s:1810   .text.MX_USART1_UART_Init:00000000 $t
     /tmp/cc4Xjn9z.s:1877   .text.MX_USART1_UART_Init:0000004c $d
     /tmp/cc4Xjn9z.s:1883   .text.MX_USART2_UART_Init:00000000 $t
     /tmp/cc4Xjn9z.s:1950   .text.MX_USART2_UART_Init:0000004c $d
     /tmp/cc4Xjn9z.s:1956   .text.MX_USART3_UART_Init:00000000 $t
     /tmp/cc4Xjn9z.s:2023   .text.MX_USART3_UART_Init:0000004c $d
     /tmp/cc4Xjn9z.s:2029   .text.MX_USART6_UART_Init:00000000 $t
     /tmp/cc4Xjn9z.s:2096   .text.MX_USART6_UART_Init:0000004c $d
     /tmp/cc4Xjn9z.s:2102   .text.MX_GPIO_Init:00000000 $t
     /tmp/cc4Xjn9z.s:2227   .text.MX_GPIO_Init:000000b4 $d
     /tmp/cc4Xjn9z.s:2233   .text.SERVO_Test:00000000 $t
     /tmp/cc4Xjn9z.s:2239   .text.SERVO_Test:00000000 SERVO_Test
     /tmp/cc4Xjn9z.s:2278   .text.SERVO_Test:00000038 $d
     /tmp/cc4Xjn9z.s:2285   .text.POST:00000000 $t
     /tmp/cc4Xjn9z.s:2291   .text.POST:00000000 POST
     /tmp/cc4Xjn9z.s:2321   .text.Error_Handler:00000000 $t

UNDEFINED SYMBOLS
HAL_Init
BSP_LED_Init
servo_test_all
memset
HAL_RCC_OscConfig
HAL_RCC_ClockConfig
HAL_ADC_Init
HAL_ADC_ConfigChannel
HAL_I2C_Init
HAL_SPI_Init
HAL_TIM_Base_Init
HAL_TIM_ConfigClockSource
HAL_TIM_PWM_Init
HAL_TIMEx_MasterConfigSynchronization
HAL_TIM_PWM_ConfigChannel
HAL_TIMEx_ConfigBreakDeadTime
HAL_TIM_MspPostInit
HAL_UART_Init
HAL_GPIO_WritePin
HAL_GPIO_Init
servo_set_angle
HAL_Delay
