ARM GAS  /tmp/ccF15fEM.s 			page 1


   1              		.cpu cortex-m4
   2              		.arch armv7e-m
   3              		.fpu fpv4-sp-d16
   4              		.eabi_attribute 27, 1
   5              		.eabi_attribute 28, 1
   6              		.eabi_attribute 20, 1
   7              		.eabi_attribute 21, 1
   8              		.eabi_attribute 23, 3
   9              		.eabi_attribute 24, 1
  10              		.eabi_attribute 25, 1
  11              		.eabi_attribute 26, 1
  12              		.eabi_attribute 30, 6
  13              		.eabi_attribute 34, 1
  14              		.eabi_attribute 18, 4
  15              		.file	"stm32f4xx_hal_flash.c"
  16              		.text
  17              	.Ltext0:
  18              		.cfi_sections	.debug_frame
  19              		.file 1 "Drivers/STM32F4xx_HAL_Driver/Src/stm32f4xx_hal_flash.c"
  20              		.global	pFlash
  21              		.section	.bss.pFlash,"aw",%nobits
  22              		.align	2
  25              	pFlash:
  26 0000 00000000 		.space	32
  26      00000000 
  26      00000000 
  26      00000000 
  26      00000000 
  27              		.section	.text.HAL_FLASH_Program,"ax",%progbits
  28              		.align	1
  29              		.global	HAL_FLASH_Program
  30              		.syntax unified
  31              		.thumb
  32              		.thumb_func
  34              	HAL_FLASH_Program:
  35              	.LFB239:
   1:Drivers/STM32F4xx_HAL_Driver/Src/stm32f4xx_hal_flash.c **** /**
   2:Drivers/STM32F4xx_HAL_Driver/Src/stm32f4xx_hal_flash.c ****   ******************************************************************************
   3:Drivers/STM32F4xx_HAL_Driver/Src/stm32f4xx_hal_flash.c ****   * @file    stm32f4xx_hal_flash.c
   4:Drivers/STM32F4xx_HAL_Driver/Src/stm32f4xx_hal_flash.c ****   * @author  MCD Application Team
   5:Drivers/STM32F4xx_HAL_Driver/Src/stm32f4xx_hal_flash.c ****   * @brief   FLASH HAL module driver.
   6:Drivers/STM32F4xx_HAL_Driver/Src/stm32f4xx_hal_flash.c ****   *          This file provides firmware functions to manage the following
   7:Drivers/STM32F4xx_HAL_Driver/Src/stm32f4xx_hal_flash.c ****   *          functionalities of the internal FLASH memory:
   8:Drivers/STM32F4xx_HAL_Driver/Src/stm32f4xx_hal_flash.c ****   *           + Program operations functions
   9:Drivers/STM32F4xx_HAL_Driver/Src/stm32f4xx_hal_flash.c ****   *           + Memory Control functions
  10:Drivers/STM32F4xx_HAL_Driver/Src/stm32f4xx_hal_flash.c ****   *           + Peripheral Errors functions
  11:Drivers/STM32F4xx_HAL_Driver/Src/stm32f4xx_hal_flash.c ****   *
  12:Drivers/STM32F4xx_HAL_Driver/Src/stm32f4xx_hal_flash.c ****   @verbatim
  13:Drivers/STM32F4xx_HAL_Driver/Src/stm32f4xx_hal_flash.c ****   ==============================================================================
  14:Drivers/STM32F4xx_HAL_Driver/Src/stm32f4xx_hal_flash.c ****                         ##### FLASH peripheral features #####
  15:Drivers/STM32F4xx_HAL_Driver/Src/stm32f4xx_hal_flash.c ****   ==============================================================================
  16:Drivers/STM32F4xx_HAL_Driver/Src/stm32f4xx_hal_flash.c **** 
  17:Drivers/STM32F4xx_HAL_Driver/Src/stm32f4xx_hal_flash.c ****   [..] The Flash memory interface manages CPU AHB I-Code and D-Code accesses
  18:Drivers/STM32F4xx_HAL_Driver/Src/stm32f4xx_hal_flash.c ****        to the Flash memory. It implements the erase and program Flash memory operations
  19:Drivers/STM32F4xx_HAL_Driver/Src/stm32f4xx_hal_flash.c ****        and the read and write protection mechanisms.
  20:Drivers/STM32F4xx_HAL_Driver/Src/stm32f4xx_hal_flash.c **** 
  21:Drivers/STM32F4xx_HAL_Driver/Src/stm32f4xx_hal_flash.c ****   [..] The Flash memory interface accelerates code execution with a system of instruction
ARM GAS  /tmp/ccF15fEM.s 			page 2


  22:Drivers/STM32F4xx_HAL_Driver/Src/stm32f4xx_hal_flash.c ****        prefetch and cache lines.
  23:Drivers/STM32F4xx_HAL_Driver/Src/stm32f4xx_hal_flash.c **** 
  24:Drivers/STM32F4xx_HAL_Driver/Src/stm32f4xx_hal_flash.c ****   [..] The FLASH main features are:
  25:Drivers/STM32F4xx_HAL_Driver/Src/stm32f4xx_hal_flash.c ****       (+) Flash memory read operations
  26:Drivers/STM32F4xx_HAL_Driver/Src/stm32f4xx_hal_flash.c ****       (+) Flash memory program/erase operations
  27:Drivers/STM32F4xx_HAL_Driver/Src/stm32f4xx_hal_flash.c ****       (+) Read / write protections
  28:Drivers/STM32F4xx_HAL_Driver/Src/stm32f4xx_hal_flash.c ****       (+) Prefetch on I-Code
  29:Drivers/STM32F4xx_HAL_Driver/Src/stm32f4xx_hal_flash.c ****       (+) 64 cache lines of 128 bits on I-Code
  30:Drivers/STM32F4xx_HAL_Driver/Src/stm32f4xx_hal_flash.c ****       (+) 8 cache lines of 128 bits on D-Code
  31:Drivers/STM32F4xx_HAL_Driver/Src/stm32f4xx_hal_flash.c **** 
  32:Drivers/STM32F4xx_HAL_Driver/Src/stm32f4xx_hal_flash.c **** 
  33:Drivers/STM32F4xx_HAL_Driver/Src/stm32f4xx_hal_flash.c ****                      ##### How to use this driver #####
  34:Drivers/STM32F4xx_HAL_Driver/Src/stm32f4xx_hal_flash.c ****   ==============================================================================
  35:Drivers/STM32F4xx_HAL_Driver/Src/stm32f4xx_hal_flash.c ****     [..]
  36:Drivers/STM32F4xx_HAL_Driver/Src/stm32f4xx_hal_flash.c ****       This driver provides functions and macros to configure and program the FLASH
  37:Drivers/STM32F4xx_HAL_Driver/Src/stm32f4xx_hal_flash.c ****       memory of all STM32F4xx devices.
  38:Drivers/STM32F4xx_HAL_Driver/Src/stm32f4xx_hal_flash.c **** 
  39:Drivers/STM32F4xx_HAL_Driver/Src/stm32f4xx_hal_flash.c ****       (#) FLASH Memory IO Programming functions:
  40:Drivers/STM32F4xx_HAL_Driver/Src/stm32f4xx_hal_flash.c ****            (++) Lock and Unlock the FLASH interface using HAL_FLASH_Unlock() and
  41:Drivers/STM32F4xx_HAL_Driver/Src/stm32f4xx_hal_flash.c ****                 HAL_FLASH_Lock() functions
  42:Drivers/STM32F4xx_HAL_Driver/Src/stm32f4xx_hal_flash.c ****            (++) Program functions: byte, half word, word and double word
  43:Drivers/STM32F4xx_HAL_Driver/Src/stm32f4xx_hal_flash.c ****            (++) There Two modes of programming :
  44:Drivers/STM32F4xx_HAL_Driver/Src/stm32f4xx_hal_flash.c ****             (+++) Polling mode using HAL_FLASH_Program() function
  45:Drivers/STM32F4xx_HAL_Driver/Src/stm32f4xx_hal_flash.c ****             (+++) Interrupt mode using HAL_FLASH_Program_IT() function
  46:Drivers/STM32F4xx_HAL_Driver/Src/stm32f4xx_hal_flash.c **** 
  47:Drivers/STM32F4xx_HAL_Driver/Src/stm32f4xx_hal_flash.c ****       (#) Interrupts and flags management functions :
  48:Drivers/STM32F4xx_HAL_Driver/Src/stm32f4xx_hal_flash.c ****            (++) Handle FLASH interrupts by calling HAL_FLASH_IRQHandler()
  49:Drivers/STM32F4xx_HAL_Driver/Src/stm32f4xx_hal_flash.c ****            (++) Wait for last FLASH operation according to its status
  50:Drivers/STM32F4xx_HAL_Driver/Src/stm32f4xx_hal_flash.c ****            (++) Get error flag status by calling HAL_SetErrorCode()
  51:Drivers/STM32F4xx_HAL_Driver/Src/stm32f4xx_hal_flash.c **** 
  52:Drivers/STM32F4xx_HAL_Driver/Src/stm32f4xx_hal_flash.c ****     [..]
  53:Drivers/STM32F4xx_HAL_Driver/Src/stm32f4xx_hal_flash.c ****       In addition to these functions, this driver includes a set of macros allowing
  54:Drivers/STM32F4xx_HAL_Driver/Src/stm32f4xx_hal_flash.c ****       to handle the following operations:
  55:Drivers/STM32F4xx_HAL_Driver/Src/stm32f4xx_hal_flash.c ****        (+) Set the latency
  56:Drivers/STM32F4xx_HAL_Driver/Src/stm32f4xx_hal_flash.c ****        (+) Enable/Disable the prefetch buffer
  57:Drivers/STM32F4xx_HAL_Driver/Src/stm32f4xx_hal_flash.c ****        (+) Enable/Disable the Instruction cache and the Data cache
  58:Drivers/STM32F4xx_HAL_Driver/Src/stm32f4xx_hal_flash.c ****        (+) Reset the Instruction cache and the Data cache
  59:Drivers/STM32F4xx_HAL_Driver/Src/stm32f4xx_hal_flash.c ****        (+) Enable/Disable the FLASH interrupts
  60:Drivers/STM32F4xx_HAL_Driver/Src/stm32f4xx_hal_flash.c ****        (+) Monitor the FLASH flags status
  61:Drivers/STM32F4xx_HAL_Driver/Src/stm32f4xx_hal_flash.c **** 
  62:Drivers/STM32F4xx_HAL_Driver/Src/stm32f4xx_hal_flash.c ****   @endverbatim
  63:Drivers/STM32F4xx_HAL_Driver/Src/stm32f4xx_hal_flash.c ****   ******************************************************************************
  64:Drivers/STM32F4xx_HAL_Driver/Src/stm32f4xx_hal_flash.c ****   * @attention
  65:Drivers/STM32F4xx_HAL_Driver/Src/stm32f4xx_hal_flash.c ****   *
  66:Drivers/STM32F4xx_HAL_Driver/Src/stm32f4xx_hal_flash.c ****   * Copyright (c) 2017 STMicroelectronics.
  67:Drivers/STM32F4xx_HAL_Driver/Src/stm32f4xx_hal_flash.c ****   * All rights reserved.
  68:Drivers/STM32F4xx_HAL_Driver/Src/stm32f4xx_hal_flash.c ****   *
  69:Drivers/STM32F4xx_HAL_Driver/Src/stm32f4xx_hal_flash.c ****   * This software is licensed under terms that can be found in the LICENSE file in
  70:Drivers/STM32F4xx_HAL_Driver/Src/stm32f4xx_hal_flash.c ****   * the root directory of this software component.
  71:Drivers/STM32F4xx_HAL_Driver/Src/stm32f4xx_hal_flash.c ****   * If no LICENSE file comes with this software, it is provided AS-IS.
  72:Drivers/STM32F4xx_HAL_Driver/Src/stm32f4xx_hal_flash.c ****   ******************************************************************************
  73:Drivers/STM32F4xx_HAL_Driver/Src/stm32f4xx_hal_flash.c ****   */
  74:Drivers/STM32F4xx_HAL_Driver/Src/stm32f4xx_hal_flash.c **** 
  75:Drivers/STM32F4xx_HAL_Driver/Src/stm32f4xx_hal_flash.c **** /* Includes ------------------------------------------------------------------*/
  76:Drivers/STM32F4xx_HAL_Driver/Src/stm32f4xx_hal_flash.c **** #include "stm32f4xx_hal.h"
  77:Drivers/STM32F4xx_HAL_Driver/Src/stm32f4xx_hal_flash.c **** 
  78:Drivers/STM32F4xx_HAL_Driver/Src/stm32f4xx_hal_flash.c **** /** @addtogroup STM32F4xx_HAL_Driver
ARM GAS  /tmp/ccF15fEM.s 			page 3


  79:Drivers/STM32F4xx_HAL_Driver/Src/stm32f4xx_hal_flash.c ****   * @{
  80:Drivers/STM32F4xx_HAL_Driver/Src/stm32f4xx_hal_flash.c ****   */
  81:Drivers/STM32F4xx_HAL_Driver/Src/stm32f4xx_hal_flash.c **** 
  82:Drivers/STM32F4xx_HAL_Driver/Src/stm32f4xx_hal_flash.c **** /** @defgroup FLASH FLASH
  83:Drivers/STM32F4xx_HAL_Driver/Src/stm32f4xx_hal_flash.c ****   * @brief FLASH HAL module driver
  84:Drivers/STM32F4xx_HAL_Driver/Src/stm32f4xx_hal_flash.c ****   * @{
  85:Drivers/STM32F4xx_HAL_Driver/Src/stm32f4xx_hal_flash.c ****   */
  86:Drivers/STM32F4xx_HAL_Driver/Src/stm32f4xx_hal_flash.c **** 
  87:Drivers/STM32F4xx_HAL_Driver/Src/stm32f4xx_hal_flash.c **** #ifdef HAL_FLASH_MODULE_ENABLED
  88:Drivers/STM32F4xx_HAL_Driver/Src/stm32f4xx_hal_flash.c **** 
  89:Drivers/STM32F4xx_HAL_Driver/Src/stm32f4xx_hal_flash.c **** /* Private typedef -----------------------------------------------------------*/
  90:Drivers/STM32F4xx_HAL_Driver/Src/stm32f4xx_hal_flash.c **** /* Private define ------------------------------------------------------------*/
  91:Drivers/STM32F4xx_HAL_Driver/Src/stm32f4xx_hal_flash.c **** /** @addtogroup FLASH_Private_Constants
  92:Drivers/STM32F4xx_HAL_Driver/Src/stm32f4xx_hal_flash.c ****   * @{
  93:Drivers/STM32F4xx_HAL_Driver/Src/stm32f4xx_hal_flash.c ****   */
  94:Drivers/STM32F4xx_HAL_Driver/Src/stm32f4xx_hal_flash.c **** #define FLASH_TIMEOUT_VALUE       50000U /* 50 s */
  95:Drivers/STM32F4xx_HAL_Driver/Src/stm32f4xx_hal_flash.c **** /**
  96:Drivers/STM32F4xx_HAL_Driver/Src/stm32f4xx_hal_flash.c ****   * @}
  97:Drivers/STM32F4xx_HAL_Driver/Src/stm32f4xx_hal_flash.c ****   */
  98:Drivers/STM32F4xx_HAL_Driver/Src/stm32f4xx_hal_flash.c **** /* Private macro -------------------------------------------------------------*/
  99:Drivers/STM32F4xx_HAL_Driver/Src/stm32f4xx_hal_flash.c **** /* Private variables ---------------------------------------------------------*/
 100:Drivers/STM32F4xx_HAL_Driver/Src/stm32f4xx_hal_flash.c **** /** @addtogroup FLASH_Private_Variables
 101:Drivers/STM32F4xx_HAL_Driver/Src/stm32f4xx_hal_flash.c ****   * @{
 102:Drivers/STM32F4xx_HAL_Driver/Src/stm32f4xx_hal_flash.c ****   */
 103:Drivers/STM32F4xx_HAL_Driver/Src/stm32f4xx_hal_flash.c **** /* Variable used for Erase sectors under interruption */
 104:Drivers/STM32F4xx_HAL_Driver/Src/stm32f4xx_hal_flash.c **** FLASH_ProcessTypeDef pFlash;
 105:Drivers/STM32F4xx_HAL_Driver/Src/stm32f4xx_hal_flash.c **** /**
 106:Drivers/STM32F4xx_HAL_Driver/Src/stm32f4xx_hal_flash.c ****   * @}
 107:Drivers/STM32F4xx_HAL_Driver/Src/stm32f4xx_hal_flash.c ****   */
 108:Drivers/STM32F4xx_HAL_Driver/Src/stm32f4xx_hal_flash.c **** 
 109:Drivers/STM32F4xx_HAL_Driver/Src/stm32f4xx_hal_flash.c **** /* Private function prototypes -----------------------------------------------*/
 110:Drivers/STM32F4xx_HAL_Driver/Src/stm32f4xx_hal_flash.c **** /** @addtogroup FLASH_Private_Functions
 111:Drivers/STM32F4xx_HAL_Driver/Src/stm32f4xx_hal_flash.c ****   * @{
 112:Drivers/STM32F4xx_HAL_Driver/Src/stm32f4xx_hal_flash.c ****   */
 113:Drivers/STM32F4xx_HAL_Driver/Src/stm32f4xx_hal_flash.c **** /* Program operations */
 114:Drivers/STM32F4xx_HAL_Driver/Src/stm32f4xx_hal_flash.c **** static void   FLASH_Program_DoubleWord(uint32_t Address, uint64_t Data);
 115:Drivers/STM32F4xx_HAL_Driver/Src/stm32f4xx_hal_flash.c **** static void   FLASH_Program_Word(uint32_t Address, uint32_t Data);
 116:Drivers/STM32F4xx_HAL_Driver/Src/stm32f4xx_hal_flash.c **** static void   FLASH_Program_HalfWord(uint32_t Address, uint16_t Data);
 117:Drivers/STM32F4xx_HAL_Driver/Src/stm32f4xx_hal_flash.c **** static void   FLASH_Program_Byte(uint32_t Address, uint8_t Data);
 118:Drivers/STM32F4xx_HAL_Driver/Src/stm32f4xx_hal_flash.c **** static void   FLASH_SetErrorCode(void);
 119:Drivers/STM32F4xx_HAL_Driver/Src/stm32f4xx_hal_flash.c **** 
 120:Drivers/STM32F4xx_HAL_Driver/Src/stm32f4xx_hal_flash.c **** HAL_StatusTypeDef FLASH_WaitForLastOperation(uint32_t Timeout);
 121:Drivers/STM32F4xx_HAL_Driver/Src/stm32f4xx_hal_flash.c **** /**
 122:Drivers/STM32F4xx_HAL_Driver/Src/stm32f4xx_hal_flash.c ****   * @}
 123:Drivers/STM32F4xx_HAL_Driver/Src/stm32f4xx_hal_flash.c ****   */
 124:Drivers/STM32F4xx_HAL_Driver/Src/stm32f4xx_hal_flash.c **** 
 125:Drivers/STM32F4xx_HAL_Driver/Src/stm32f4xx_hal_flash.c **** /* Exported functions --------------------------------------------------------*/
 126:Drivers/STM32F4xx_HAL_Driver/Src/stm32f4xx_hal_flash.c **** /** @defgroup FLASH_Exported_Functions FLASH Exported Functions
 127:Drivers/STM32F4xx_HAL_Driver/Src/stm32f4xx_hal_flash.c ****   * @{
 128:Drivers/STM32F4xx_HAL_Driver/Src/stm32f4xx_hal_flash.c ****   */
 129:Drivers/STM32F4xx_HAL_Driver/Src/stm32f4xx_hal_flash.c **** 
 130:Drivers/STM32F4xx_HAL_Driver/Src/stm32f4xx_hal_flash.c **** /** @defgroup FLASH_Exported_Functions_Group1 Programming operation functions
 131:Drivers/STM32F4xx_HAL_Driver/Src/stm32f4xx_hal_flash.c ****   *  @brief   Programming operation functions
 132:Drivers/STM32F4xx_HAL_Driver/Src/stm32f4xx_hal_flash.c ****   *
 133:Drivers/STM32F4xx_HAL_Driver/Src/stm32f4xx_hal_flash.c **** @verbatim
 134:Drivers/STM32F4xx_HAL_Driver/Src/stm32f4xx_hal_flash.c ****  ===============================================================================
 135:Drivers/STM32F4xx_HAL_Driver/Src/stm32f4xx_hal_flash.c ****                   ##### Programming operation functions #####
ARM GAS  /tmp/ccF15fEM.s 			page 4


 136:Drivers/STM32F4xx_HAL_Driver/Src/stm32f4xx_hal_flash.c ****  ===============================================================================
 137:Drivers/STM32F4xx_HAL_Driver/Src/stm32f4xx_hal_flash.c ****     [..]
 138:Drivers/STM32F4xx_HAL_Driver/Src/stm32f4xx_hal_flash.c ****     This subsection provides a set of functions allowing to manage the FLASH
 139:Drivers/STM32F4xx_HAL_Driver/Src/stm32f4xx_hal_flash.c ****     program operations.
 140:Drivers/STM32F4xx_HAL_Driver/Src/stm32f4xx_hal_flash.c **** 
 141:Drivers/STM32F4xx_HAL_Driver/Src/stm32f4xx_hal_flash.c **** @endverbatim
 142:Drivers/STM32F4xx_HAL_Driver/Src/stm32f4xx_hal_flash.c ****   * @{
 143:Drivers/STM32F4xx_HAL_Driver/Src/stm32f4xx_hal_flash.c ****   */
 144:Drivers/STM32F4xx_HAL_Driver/Src/stm32f4xx_hal_flash.c **** 
 145:Drivers/STM32F4xx_HAL_Driver/Src/stm32f4xx_hal_flash.c **** /**
 146:Drivers/STM32F4xx_HAL_Driver/Src/stm32f4xx_hal_flash.c ****   * @brief  Program byte, halfword, word or double word at a specified address
 147:Drivers/STM32F4xx_HAL_Driver/Src/stm32f4xx_hal_flash.c ****   * @param  TypeProgram  Indicate the way to program at a specified address.
 148:Drivers/STM32F4xx_HAL_Driver/Src/stm32f4xx_hal_flash.c ****   *                           This parameter can be a value of @ref FLASH_Type_Program
 149:Drivers/STM32F4xx_HAL_Driver/Src/stm32f4xx_hal_flash.c ****   * @param  Address  specifies the address to be programmed.
 150:Drivers/STM32F4xx_HAL_Driver/Src/stm32f4xx_hal_flash.c ****   * @param  Data specifies the data to be programmed
 151:Drivers/STM32F4xx_HAL_Driver/Src/stm32f4xx_hal_flash.c ****   *
 152:Drivers/STM32F4xx_HAL_Driver/Src/stm32f4xx_hal_flash.c ****   * @retval HAL_StatusTypeDef HAL Status
 153:Drivers/STM32F4xx_HAL_Driver/Src/stm32f4xx_hal_flash.c ****   */
 154:Drivers/STM32F4xx_HAL_Driver/Src/stm32f4xx_hal_flash.c **** HAL_StatusTypeDef HAL_FLASH_Program(uint32_t TypeProgram, uint32_t Address, uint64_t Data)
 155:Drivers/STM32F4xx_HAL_Driver/Src/stm32f4xx_hal_flash.c **** {
  36              		.loc 1 155 1
  37              		.cfi_startproc
  38              		@ args = 0, pretend = 0, frame = 24
  39              		@ frame_needed = 1, uses_anonymous_args = 0
  40 0000 80B5     		push	{r7, lr}
  41              	.LCFI0:
  42              		.cfi_def_cfa_offset 8
  43              		.cfi_offset 7, -8
  44              		.cfi_offset 14, -4
  45 0002 86B0     		sub	sp, sp, #24
  46              	.LCFI1:
  47              		.cfi_def_cfa_offset 32
  48 0004 00AF     		add	r7, sp, #0
  49              	.LCFI2:
  50              		.cfi_def_cfa_register 7
  51 0006 F860     		str	r0, [r7, #12]
  52 0008 B960     		str	r1, [r7, #8]
  53 000a C7E90023 		strd	r2, [r7]
 156:Drivers/STM32F4xx_HAL_Driver/Src/stm32f4xx_hal_flash.c ****   HAL_StatusTypeDef status = HAL_ERROR;
  54              		.loc 1 156 21
  55 000e 0123     		movs	r3, #1
  56 0010 FB75     		strb	r3, [r7, #23]
 157:Drivers/STM32F4xx_HAL_Driver/Src/stm32f4xx_hal_flash.c **** 
 158:Drivers/STM32F4xx_HAL_Driver/Src/stm32f4xx_hal_flash.c ****   /* Process Locked */
 159:Drivers/STM32F4xx_HAL_Driver/Src/stm32f4xx_hal_flash.c ****   __HAL_LOCK(&pFlash);
  57              		.loc 1 159 3
  58 0012 234B     		ldr	r3, .L9
  59 0014 1B7E     		ldrb	r3, [r3, #24]	@ zero_extendqisi2
  60 0016 012B     		cmp	r3, #1
  61 0018 01D1     		bne	.L2
  62              		.loc 1 159 3 is_stmt 0 discriminator 1
  63 001a 0223     		movs	r3, #2
  64 001c 3BE0     		b	.L3
  65              	.L2:
  66              		.loc 1 159 3 discriminator 2
  67 001e 204B     		ldr	r3, .L9
  68 0020 0122     		movs	r2, #1
ARM GAS  /tmp/ccF15fEM.s 			page 5


  69 0022 1A76     		strb	r2, [r3, #24]
 160:Drivers/STM32F4xx_HAL_Driver/Src/stm32f4xx_hal_flash.c **** 
 161:Drivers/STM32F4xx_HAL_Driver/Src/stm32f4xx_hal_flash.c ****   /* Check the parameters */
 162:Drivers/STM32F4xx_HAL_Driver/Src/stm32f4xx_hal_flash.c ****   assert_param(IS_FLASH_TYPEPROGRAM(TypeProgram));
 163:Drivers/STM32F4xx_HAL_Driver/Src/stm32f4xx_hal_flash.c **** 
 164:Drivers/STM32F4xx_HAL_Driver/Src/stm32f4xx_hal_flash.c ****   /* Wait for last operation to be completed */
 165:Drivers/STM32F4xx_HAL_Driver/Src/stm32f4xx_hal_flash.c ****   status = FLASH_WaitForLastOperation((uint32_t)FLASH_TIMEOUT_VALUE);
  70              		.loc 1 165 12 is_stmt 1 discriminator 2
  71 0024 4CF25030 		movw	r0, #50000
  72 0028 FFF7FEFF 		bl	FLASH_WaitForLastOperation
  73 002c 0346     		mov	r3, r0
  74 002e FB75     		strb	r3, [r7, #23]
 166:Drivers/STM32F4xx_HAL_Driver/Src/stm32f4xx_hal_flash.c **** 
 167:Drivers/STM32F4xx_HAL_Driver/Src/stm32f4xx_hal_flash.c ****   if (status == HAL_OK)
  75              		.loc 1 167 6 discriminator 2
  76 0030 FB7D     		ldrb	r3, [r7, #23]	@ zero_extendqisi2
  77 0032 002B     		cmp	r3, #0
  78 0034 2BD1     		bne	.L4
 168:Drivers/STM32F4xx_HAL_Driver/Src/stm32f4xx_hal_flash.c ****   {
 169:Drivers/STM32F4xx_HAL_Driver/Src/stm32f4xx_hal_flash.c ****     if (TypeProgram == FLASH_TYPEPROGRAM_BYTE)
  79              		.loc 1 169 8
  80 0036 FB68     		ldr	r3, [r7, #12]
  81 0038 002B     		cmp	r3, #0
  82 003a 05D1     		bne	.L5
 170:Drivers/STM32F4xx_HAL_Driver/Src/stm32f4xx_hal_flash.c ****     {
 171:Drivers/STM32F4xx_HAL_Driver/Src/stm32f4xx_hal_flash.c ****       /*Program byte (8-bit) at a specified address.*/
 172:Drivers/STM32F4xx_HAL_Driver/Src/stm32f4xx_hal_flash.c ****       FLASH_Program_Byte(Address, (uint8_t) Data);
  83              		.loc 1 172 7
  84 003c 3B78     		ldrb	r3, [r7]	@ zero_extendqisi2
  85 003e 1946     		mov	r1, r3
  86 0040 B868     		ldr	r0, [r7, #8]
  87 0042 FFF7FEFF 		bl	FLASH_Program_Byte
  88 0046 16E0     		b	.L6
  89              	.L5:
 173:Drivers/STM32F4xx_HAL_Driver/Src/stm32f4xx_hal_flash.c ****     }
 174:Drivers/STM32F4xx_HAL_Driver/Src/stm32f4xx_hal_flash.c ****     else if (TypeProgram == FLASH_TYPEPROGRAM_HALFWORD)
  90              		.loc 1 174 13
  91 0048 FB68     		ldr	r3, [r7, #12]
  92 004a 012B     		cmp	r3, #1
  93 004c 05D1     		bne	.L7
 175:Drivers/STM32F4xx_HAL_Driver/Src/stm32f4xx_hal_flash.c ****     {
 176:Drivers/STM32F4xx_HAL_Driver/Src/stm32f4xx_hal_flash.c ****       /*Program halfword (16-bit) at a specified address.*/
 177:Drivers/STM32F4xx_HAL_Driver/Src/stm32f4xx_hal_flash.c ****       FLASH_Program_HalfWord(Address, (uint16_t) Data);
  94              		.loc 1 177 7
  95 004e 3B88     		ldrh	r3, [r7]
  96 0050 1946     		mov	r1, r3
  97 0052 B868     		ldr	r0, [r7, #8]
  98 0054 FFF7FEFF 		bl	FLASH_Program_HalfWord
  99 0058 0DE0     		b	.L6
 100              	.L7:
 178:Drivers/STM32F4xx_HAL_Driver/Src/stm32f4xx_hal_flash.c ****     }
 179:Drivers/STM32F4xx_HAL_Driver/Src/stm32f4xx_hal_flash.c ****     else if (TypeProgram == FLASH_TYPEPROGRAM_WORD)
 101              		.loc 1 179 13
 102 005a FB68     		ldr	r3, [r7, #12]
 103 005c 022B     		cmp	r3, #2
 104 005e 05D1     		bne	.L8
 180:Drivers/STM32F4xx_HAL_Driver/Src/stm32f4xx_hal_flash.c ****     {
ARM GAS  /tmp/ccF15fEM.s 			page 6


 181:Drivers/STM32F4xx_HAL_Driver/Src/stm32f4xx_hal_flash.c ****       /*Program word (32-bit) at a specified address.*/
 182:Drivers/STM32F4xx_HAL_Driver/Src/stm32f4xx_hal_flash.c ****       FLASH_Program_Word(Address, (uint32_t) Data);
 105              		.loc 1 182 7
 106 0060 3B68     		ldr	r3, [r7]
 107 0062 1946     		mov	r1, r3
 108 0064 B868     		ldr	r0, [r7, #8]
 109 0066 FFF7FEFF 		bl	FLASH_Program_Word
 110 006a 04E0     		b	.L6
 111              	.L8:
 183:Drivers/STM32F4xx_HAL_Driver/Src/stm32f4xx_hal_flash.c ****     }
 184:Drivers/STM32F4xx_HAL_Driver/Src/stm32f4xx_hal_flash.c ****     else
 185:Drivers/STM32F4xx_HAL_Driver/Src/stm32f4xx_hal_flash.c ****     {
 186:Drivers/STM32F4xx_HAL_Driver/Src/stm32f4xx_hal_flash.c ****       /*Program double word (64-bit) at a specified address.*/
 187:Drivers/STM32F4xx_HAL_Driver/Src/stm32f4xx_hal_flash.c ****       FLASH_Program_DoubleWord(Address, Data);
 112              		.loc 1 187 7
 113 006c D7E90023 		ldrd	r2, [r7]
 114 0070 B868     		ldr	r0, [r7, #8]
 115 0072 FFF7FEFF 		bl	FLASH_Program_DoubleWord
 116              	.L6:
 188:Drivers/STM32F4xx_HAL_Driver/Src/stm32f4xx_hal_flash.c ****     }
 189:Drivers/STM32F4xx_HAL_Driver/Src/stm32f4xx_hal_flash.c **** 
 190:Drivers/STM32F4xx_HAL_Driver/Src/stm32f4xx_hal_flash.c ****     /* Wait for last operation to be completed */
 191:Drivers/STM32F4xx_HAL_Driver/Src/stm32f4xx_hal_flash.c ****     status = FLASH_WaitForLastOperation((uint32_t)FLASH_TIMEOUT_VALUE);
 117              		.loc 1 191 14
 118 0076 4CF25030 		movw	r0, #50000
 119 007a FFF7FEFF 		bl	FLASH_WaitForLastOperation
 120 007e 0346     		mov	r3, r0
 121 0080 FB75     		strb	r3, [r7, #23]
 192:Drivers/STM32F4xx_HAL_Driver/Src/stm32f4xx_hal_flash.c **** 
 193:Drivers/STM32F4xx_HAL_Driver/Src/stm32f4xx_hal_flash.c ****     /* If the program operation is completed, disable the PG Bit */
 194:Drivers/STM32F4xx_HAL_Driver/Src/stm32f4xx_hal_flash.c ****     FLASH->CR &= (~FLASH_CR_PG);
 122              		.loc 1 194 10
 123 0082 084B     		ldr	r3, .L9+4
 124 0084 1B69     		ldr	r3, [r3, #16]
 125 0086 074A     		ldr	r2, .L9+4
 126              		.loc 1 194 15
 127 0088 23F00103 		bic	r3, r3, #1
 128 008c 1361     		str	r3, [r2, #16]
 129              	.L4:
 195:Drivers/STM32F4xx_HAL_Driver/Src/stm32f4xx_hal_flash.c ****   }
 196:Drivers/STM32F4xx_HAL_Driver/Src/stm32f4xx_hal_flash.c **** 
 197:Drivers/STM32F4xx_HAL_Driver/Src/stm32f4xx_hal_flash.c ****   /* Process Unlocked */
 198:Drivers/STM32F4xx_HAL_Driver/Src/stm32f4xx_hal_flash.c ****   __HAL_UNLOCK(&pFlash);
 130              		.loc 1 198 3
 131 008e 044B     		ldr	r3, .L9
 132 0090 0022     		movs	r2, #0
 133 0092 1A76     		strb	r2, [r3, #24]
 199:Drivers/STM32F4xx_HAL_Driver/Src/stm32f4xx_hal_flash.c **** 
 200:Drivers/STM32F4xx_HAL_Driver/Src/stm32f4xx_hal_flash.c ****   return status;
 134              		.loc 1 200 10
 135 0094 FB7D     		ldrb	r3, [r7, #23]	@ zero_extendqisi2
 136              	.L3:
 201:Drivers/STM32F4xx_HAL_Driver/Src/stm32f4xx_hal_flash.c **** }
 137              		.loc 1 201 1
 138 0096 1846     		mov	r0, r3
 139 0098 1837     		adds	r7, r7, #24
 140              	.LCFI3:
ARM GAS  /tmp/ccF15fEM.s 			page 7


 141              		.cfi_def_cfa_offset 8
 142 009a BD46     		mov	sp, r7
 143              	.LCFI4:
 144              		.cfi_def_cfa_register 13
 145              		@ sp needed
 146 009c 80BD     		pop	{r7, pc}
 147              	.L10:
 148 009e 00BF     		.align	2
 149              	.L9:
 150 00a0 00000000 		.word	pFlash
 151 00a4 003C0240 		.word	1073888256
 152              		.cfi_endproc
 153              	.LFE239:
 155              		.section	.text.HAL_FLASH_Program_IT,"ax",%progbits
 156              		.align	1
 157              		.global	HAL_FLASH_Program_IT
 158              		.syntax unified
 159              		.thumb
 160              		.thumb_func
 162              	HAL_FLASH_Program_IT:
 163              	.LFB240:
 202:Drivers/STM32F4xx_HAL_Driver/Src/stm32f4xx_hal_flash.c **** 
 203:Drivers/STM32F4xx_HAL_Driver/Src/stm32f4xx_hal_flash.c **** /**
 204:Drivers/STM32F4xx_HAL_Driver/Src/stm32f4xx_hal_flash.c ****   * @brief   Program byte, halfword, word or double word at a specified address  with interrupt ena
 205:Drivers/STM32F4xx_HAL_Driver/Src/stm32f4xx_hal_flash.c ****   * @param  TypeProgram  Indicate the way to program at a specified address.
 206:Drivers/STM32F4xx_HAL_Driver/Src/stm32f4xx_hal_flash.c ****   *                           This parameter can be a value of @ref FLASH_Type_Program
 207:Drivers/STM32F4xx_HAL_Driver/Src/stm32f4xx_hal_flash.c ****   * @param  Address  specifies the address to be programmed.
 208:Drivers/STM32F4xx_HAL_Driver/Src/stm32f4xx_hal_flash.c ****   * @param  Data specifies the data to be programmed
 209:Drivers/STM32F4xx_HAL_Driver/Src/stm32f4xx_hal_flash.c ****   *
 210:Drivers/STM32F4xx_HAL_Driver/Src/stm32f4xx_hal_flash.c ****   * @retval HAL Status
 211:Drivers/STM32F4xx_HAL_Driver/Src/stm32f4xx_hal_flash.c ****   */
 212:Drivers/STM32F4xx_HAL_Driver/Src/stm32f4xx_hal_flash.c **** HAL_StatusTypeDef HAL_FLASH_Program_IT(uint32_t TypeProgram, uint32_t Address, uint64_t Data)
 213:Drivers/STM32F4xx_HAL_Driver/Src/stm32f4xx_hal_flash.c **** {
 164              		.loc 1 213 1
 165              		.cfi_startproc
 166              		@ args = 0, pretend = 0, frame = 24
 167              		@ frame_needed = 1, uses_anonymous_args = 0
 168 0000 80B5     		push	{r7, lr}
 169              	.LCFI5:
 170              		.cfi_def_cfa_offset 8
 171              		.cfi_offset 7, -8
 172              		.cfi_offset 14, -4
 173 0002 86B0     		sub	sp, sp, #24
 174              	.LCFI6:
 175              		.cfi_def_cfa_offset 32
 176 0004 00AF     		add	r7, sp, #0
 177              	.LCFI7:
 178              		.cfi_def_cfa_register 7
 179 0006 F860     		str	r0, [r7, #12]
 180 0008 B960     		str	r1, [r7, #8]
 181 000a C7E90023 		strd	r2, [r7]
 214:Drivers/STM32F4xx_HAL_Driver/Src/stm32f4xx_hal_flash.c ****   HAL_StatusTypeDef status = HAL_OK;
 182              		.loc 1 214 21
 183 000e 0023     		movs	r3, #0
 184 0010 FB75     		strb	r3, [r7, #23]
 215:Drivers/STM32F4xx_HAL_Driver/Src/stm32f4xx_hal_flash.c **** 
 216:Drivers/STM32F4xx_HAL_Driver/Src/stm32f4xx_hal_flash.c ****   /* Check the parameters */
ARM GAS  /tmp/ccF15fEM.s 			page 8


 217:Drivers/STM32F4xx_HAL_Driver/Src/stm32f4xx_hal_flash.c ****   assert_param(IS_FLASH_TYPEPROGRAM(TypeProgram));
 218:Drivers/STM32F4xx_HAL_Driver/Src/stm32f4xx_hal_flash.c **** 
 219:Drivers/STM32F4xx_HAL_Driver/Src/stm32f4xx_hal_flash.c ****   /* Enable End of FLASH Operation interrupt */
 220:Drivers/STM32F4xx_HAL_Driver/Src/stm32f4xx_hal_flash.c ****   __HAL_FLASH_ENABLE_IT(FLASH_IT_EOP);
 185              		.loc 1 220 3
 186 0012 1B4B     		ldr	r3, .L17
 187 0014 1B69     		ldr	r3, [r3, #16]
 188 0016 1A4A     		ldr	r2, .L17
 189 0018 43F08073 		orr	r3, r3, #16777216
 190 001c 1361     		str	r3, [r2, #16]
 221:Drivers/STM32F4xx_HAL_Driver/Src/stm32f4xx_hal_flash.c **** 
 222:Drivers/STM32F4xx_HAL_Driver/Src/stm32f4xx_hal_flash.c ****   /* Enable Error source interrupt */
 223:Drivers/STM32F4xx_HAL_Driver/Src/stm32f4xx_hal_flash.c ****   __HAL_FLASH_ENABLE_IT(FLASH_IT_ERR);
 191              		.loc 1 223 3
 192 001e 184B     		ldr	r3, .L17
 193 0020 1B69     		ldr	r3, [r3, #16]
 194 0022 174A     		ldr	r2, .L17
 195 0024 43F00073 		orr	r3, r3, #33554432
 196 0028 1361     		str	r3, [r2, #16]
 224:Drivers/STM32F4xx_HAL_Driver/Src/stm32f4xx_hal_flash.c **** 
 225:Drivers/STM32F4xx_HAL_Driver/Src/stm32f4xx_hal_flash.c ****   pFlash.ProcedureOnGoing = FLASH_PROC_PROGRAM;
 197              		.loc 1 225 27
 198 002a 164B     		ldr	r3, .L17+4
 199 002c 0322     		movs	r2, #3
 200 002e 1A70     		strb	r2, [r3]
 226:Drivers/STM32F4xx_HAL_Driver/Src/stm32f4xx_hal_flash.c ****   pFlash.Address = Address;
 201              		.loc 1 226 18
 202 0030 144A     		ldr	r2, .L17+4
 203 0032 BB68     		ldr	r3, [r7, #8]
 204 0034 5361     		str	r3, [r2, #20]
 227:Drivers/STM32F4xx_HAL_Driver/Src/stm32f4xx_hal_flash.c **** 
 228:Drivers/STM32F4xx_HAL_Driver/Src/stm32f4xx_hal_flash.c ****   if (TypeProgram == FLASH_TYPEPROGRAM_BYTE)
 205              		.loc 1 228 6
 206 0036 FB68     		ldr	r3, [r7, #12]
 207 0038 002B     		cmp	r3, #0
 208 003a 05D1     		bne	.L12
 229:Drivers/STM32F4xx_HAL_Driver/Src/stm32f4xx_hal_flash.c ****   {
 230:Drivers/STM32F4xx_HAL_Driver/Src/stm32f4xx_hal_flash.c ****     /*Program byte (8-bit) at a specified address.*/
 231:Drivers/STM32F4xx_HAL_Driver/Src/stm32f4xx_hal_flash.c ****     FLASH_Program_Byte(Address, (uint8_t) Data);
 209              		.loc 1 231 5
 210 003c 3B78     		ldrb	r3, [r7]	@ zero_extendqisi2
 211 003e 1946     		mov	r1, r3
 212 0040 B868     		ldr	r0, [r7, #8]
 213 0042 FFF7FEFF 		bl	FLASH_Program_Byte
 214 0046 16E0     		b	.L13
 215              	.L12:
 232:Drivers/STM32F4xx_HAL_Driver/Src/stm32f4xx_hal_flash.c ****   }
 233:Drivers/STM32F4xx_HAL_Driver/Src/stm32f4xx_hal_flash.c ****   else if (TypeProgram == FLASH_TYPEPROGRAM_HALFWORD)
 216              		.loc 1 233 11
 217 0048 FB68     		ldr	r3, [r7, #12]
 218 004a 012B     		cmp	r3, #1
 219 004c 05D1     		bne	.L14
 234:Drivers/STM32F4xx_HAL_Driver/Src/stm32f4xx_hal_flash.c ****   {
 235:Drivers/STM32F4xx_HAL_Driver/Src/stm32f4xx_hal_flash.c ****     /*Program halfword (16-bit) at a specified address.*/
 236:Drivers/STM32F4xx_HAL_Driver/Src/stm32f4xx_hal_flash.c ****     FLASH_Program_HalfWord(Address, (uint16_t) Data);
 220              		.loc 1 236 5
 221 004e 3B88     		ldrh	r3, [r7]
ARM GAS  /tmp/ccF15fEM.s 			page 9


 222 0050 1946     		mov	r1, r3
 223 0052 B868     		ldr	r0, [r7, #8]
 224 0054 FFF7FEFF 		bl	FLASH_Program_HalfWord
 225 0058 0DE0     		b	.L13
 226              	.L14:
 237:Drivers/STM32F4xx_HAL_Driver/Src/stm32f4xx_hal_flash.c ****   }
 238:Drivers/STM32F4xx_HAL_Driver/Src/stm32f4xx_hal_flash.c ****   else if (TypeProgram == FLASH_TYPEPROGRAM_WORD)
 227              		.loc 1 238 11
 228 005a FB68     		ldr	r3, [r7, #12]
 229 005c 022B     		cmp	r3, #2
 230 005e 05D1     		bne	.L15
 239:Drivers/STM32F4xx_HAL_Driver/Src/stm32f4xx_hal_flash.c ****   {
 240:Drivers/STM32F4xx_HAL_Driver/Src/stm32f4xx_hal_flash.c ****     /*Program word (32-bit) at a specified address.*/
 241:Drivers/STM32F4xx_HAL_Driver/Src/stm32f4xx_hal_flash.c ****     FLASH_Program_Word(Address, (uint32_t) Data);
 231              		.loc 1 241 5
 232 0060 3B68     		ldr	r3, [r7]
 233 0062 1946     		mov	r1, r3
 234 0064 B868     		ldr	r0, [r7, #8]
 235 0066 FFF7FEFF 		bl	FLASH_Program_Word
 236 006a 04E0     		b	.L13
 237              	.L15:
 242:Drivers/STM32F4xx_HAL_Driver/Src/stm32f4xx_hal_flash.c ****   }
 243:Drivers/STM32F4xx_HAL_Driver/Src/stm32f4xx_hal_flash.c ****   else
 244:Drivers/STM32F4xx_HAL_Driver/Src/stm32f4xx_hal_flash.c ****   {
 245:Drivers/STM32F4xx_HAL_Driver/Src/stm32f4xx_hal_flash.c ****     /*Program double word (64-bit) at a specified address.*/
 246:Drivers/STM32F4xx_HAL_Driver/Src/stm32f4xx_hal_flash.c ****     FLASH_Program_DoubleWord(Address, Data);
 238              		.loc 1 246 5
 239 006c D7E90023 		ldrd	r2, [r7]
 240 0070 B868     		ldr	r0, [r7, #8]
 241 0072 FFF7FEFF 		bl	FLASH_Program_DoubleWord
 242              	.L13:
 247:Drivers/STM32F4xx_HAL_Driver/Src/stm32f4xx_hal_flash.c ****   }
 248:Drivers/STM32F4xx_HAL_Driver/Src/stm32f4xx_hal_flash.c **** 
 249:Drivers/STM32F4xx_HAL_Driver/Src/stm32f4xx_hal_flash.c ****   return status;
 243              		.loc 1 249 10
 244 0076 FB7D     		ldrb	r3, [r7, #23]	@ zero_extendqisi2
 250:Drivers/STM32F4xx_HAL_Driver/Src/stm32f4xx_hal_flash.c **** }
 245              		.loc 1 250 1
 246 0078 1846     		mov	r0, r3
 247 007a 1837     		adds	r7, r7, #24
 248              	.LCFI8:
 249              		.cfi_def_cfa_offset 8
 250 007c BD46     		mov	sp, r7
 251              	.LCFI9:
 252              		.cfi_def_cfa_register 13
 253              		@ sp needed
 254 007e 80BD     		pop	{r7, pc}
 255              	.L18:
 256              		.align	2
 257              	.L17:
 258 0080 003C0240 		.word	1073888256
 259 0084 00000000 		.word	pFlash
 260              		.cfi_endproc
 261              	.LFE240:
 263              		.section	.text.HAL_FLASH_IRQHandler,"ax",%progbits
 264              		.align	1
 265              		.global	HAL_FLASH_IRQHandler
ARM GAS  /tmp/ccF15fEM.s 			page 10


 266              		.syntax unified
 267              		.thumb
 268              		.thumb_func
 270              	HAL_FLASH_IRQHandler:
 271              	.LFB241:
 251:Drivers/STM32F4xx_HAL_Driver/Src/stm32f4xx_hal_flash.c **** 
 252:Drivers/STM32F4xx_HAL_Driver/Src/stm32f4xx_hal_flash.c **** /**
 253:Drivers/STM32F4xx_HAL_Driver/Src/stm32f4xx_hal_flash.c ****   * @brief This function handles FLASH interrupt request.
 254:Drivers/STM32F4xx_HAL_Driver/Src/stm32f4xx_hal_flash.c ****   * @retval None
 255:Drivers/STM32F4xx_HAL_Driver/Src/stm32f4xx_hal_flash.c ****   */
 256:Drivers/STM32F4xx_HAL_Driver/Src/stm32f4xx_hal_flash.c **** void HAL_FLASH_IRQHandler(void)
 257:Drivers/STM32F4xx_HAL_Driver/Src/stm32f4xx_hal_flash.c **** {
 272              		.loc 1 257 1
 273              		.cfi_startproc
 274              		@ args = 0, pretend = 0, frame = 8
 275              		@ frame_needed = 1, uses_anonymous_args = 0
 276 0000 80B5     		push	{r7, lr}
 277              	.LCFI10:
 278              		.cfi_def_cfa_offset 8
 279              		.cfi_offset 7, -8
 280              		.cfi_offset 14, -4
 281 0002 82B0     		sub	sp, sp, #8
 282              	.LCFI11:
 283              		.cfi_def_cfa_offset 16
 284 0004 00AF     		add	r7, sp, #0
 285              	.LCFI12:
 286              		.cfi_def_cfa_register 7
 258:Drivers/STM32F4xx_HAL_Driver/Src/stm32f4xx_hal_flash.c ****   uint32_t addresstmp = 0U;
 287              		.loc 1 258 12
 288 0006 0023     		movs	r3, #0
 289 0008 7B60     		str	r3, [r7, #4]
 259:Drivers/STM32F4xx_HAL_Driver/Src/stm32f4xx_hal_flash.c **** 
 260:Drivers/STM32F4xx_HAL_Driver/Src/stm32f4xx_hal_flash.c ****   /* Check FLASH operation error flags */
 261:Drivers/STM32F4xx_HAL_Driver/Src/stm32f4xx_hal_flash.c **** #if defined(FLASH_SR_RDERR)
 262:Drivers/STM32F4xx_HAL_Driver/Src/stm32f4xx_hal_flash.c ****   if (__HAL_FLASH_GET_FLAG((FLASH_FLAG_OPERR | FLASH_FLAG_WRPERR | FLASH_FLAG_PGAERR | \
 263:Drivers/STM32F4xx_HAL_Driver/Src/stm32f4xx_hal_flash.c ****                             FLASH_FLAG_PGPERR | FLASH_FLAG_PGSERR | FLASH_FLAG_RDERR)) != RESET)
 264:Drivers/STM32F4xx_HAL_Driver/Src/stm32f4xx_hal_flash.c **** #else
 265:Drivers/STM32F4xx_HAL_Driver/Src/stm32f4xx_hal_flash.c ****   if (__HAL_FLASH_GET_FLAG((FLASH_FLAG_OPERR | FLASH_FLAG_WRPERR | FLASH_FLAG_PGAERR | \
 290              		.loc 1 265 7
 291 000a 494B     		ldr	r3, .L31
 292 000c DB68     		ldr	r3, [r3, #12]
 293 000e 03F0F203 		and	r3, r3, #242
 294              		.loc 1 265 6
 295 0012 002B     		cmp	r3, #0
 296 0014 20D0     		beq	.L20
 266:Drivers/STM32F4xx_HAL_Driver/Src/stm32f4xx_hal_flash.c ****                             FLASH_FLAG_PGPERR | FLASH_FLAG_PGSERR)) != RESET)
 267:Drivers/STM32F4xx_HAL_Driver/Src/stm32f4xx_hal_flash.c **** #endif /* FLASH_SR_RDERR */
 268:Drivers/STM32F4xx_HAL_Driver/Src/stm32f4xx_hal_flash.c ****   {
 269:Drivers/STM32F4xx_HAL_Driver/Src/stm32f4xx_hal_flash.c ****     if (pFlash.ProcedureOnGoing == FLASH_PROC_SECTERASE)
 297              		.loc 1 269 15
 298 0016 474B     		ldr	r3, .L31+4
 299 0018 1B78     		ldrb	r3, [r3]
 300 001a DBB2     		uxtb	r3, r3
 301              		.loc 1 269 8
 302 001c 012B     		cmp	r3, #1
 303 001e 07D1     		bne	.L21
 270:Drivers/STM32F4xx_HAL_Driver/Src/stm32f4xx_hal_flash.c ****     {
ARM GAS  /tmp/ccF15fEM.s 			page 11


 271:Drivers/STM32F4xx_HAL_Driver/Src/stm32f4xx_hal_flash.c ****       /*return the faulty sector*/
 272:Drivers/STM32F4xx_HAL_Driver/Src/stm32f4xx_hal_flash.c ****       addresstmp = pFlash.Sector;
 304              		.loc 1 272 18
 305 0020 444B     		ldr	r3, .L31+4
 306 0022 DB68     		ldr	r3, [r3, #12]
 307 0024 7B60     		str	r3, [r7, #4]
 273:Drivers/STM32F4xx_HAL_Driver/Src/stm32f4xx_hal_flash.c ****       pFlash.Sector = 0xFFFFFFFFU;
 308              		.loc 1 273 21
 309 0026 434B     		ldr	r3, .L31+4
 310 0028 4FF0FF32 		mov	r2, #-1
 311 002c DA60     		str	r2, [r3, #12]
 312 002e 0BE0     		b	.L22
 313              	.L21:
 274:Drivers/STM32F4xx_HAL_Driver/Src/stm32f4xx_hal_flash.c ****     }
 275:Drivers/STM32F4xx_HAL_Driver/Src/stm32f4xx_hal_flash.c ****     else if (pFlash.ProcedureOnGoing == FLASH_PROC_MASSERASE)
 314              		.loc 1 275 20
 315 0030 404B     		ldr	r3, .L31+4
 316 0032 1B78     		ldrb	r3, [r3]
 317 0034 DBB2     		uxtb	r3, r3
 318              		.loc 1 275 13
 319 0036 022B     		cmp	r3, #2
 320 0038 03D1     		bne	.L23
 276:Drivers/STM32F4xx_HAL_Driver/Src/stm32f4xx_hal_flash.c ****     {
 277:Drivers/STM32F4xx_HAL_Driver/Src/stm32f4xx_hal_flash.c ****       /*return the faulty bank*/
 278:Drivers/STM32F4xx_HAL_Driver/Src/stm32f4xx_hal_flash.c ****       addresstmp = pFlash.Bank;
 321              		.loc 1 278 18
 322 003a 3E4B     		ldr	r3, .L31+4
 323 003c 1B69     		ldr	r3, [r3, #16]
 324 003e 7B60     		str	r3, [r7, #4]
 325 0040 02E0     		b	.L22
 326              	.L23:
 279:Drivers/STM32F4xx_HAL_Driver/Src/stm32f4xx_hal_flash.c ****     }
 280:Drivers/STM32F4xx_HAL_Driver/Src/stm32f4xx_hal_flash.c ****     else
 281:Drivers/STM32F4xx_HAL_Driver/Src/stm32f4xx_hal_flash.c ****     {
 282:Drivers/STM32F4xx_HAL_Driver/Src/stm32f4xx_hal_flash.c ****       /*return the faulty address*/
 283:Drivers/STM32F4xx_HAL_Driver/Src/stm32f4xx_hal_flash.c ****       addresstmp = pFlash.Address;
 327              		.loc 1 283 18
 328 0042 3C4B     		ldr	r3, .L31+4
 329 0044 5B69     		ldr	r3, [r3, #20]
 330 0046 7B60     		str	r3, [r7, #4]
 331              	.L22:
 284:Drivers/STM32F4xx_HAL_Driver/Src/stm32f4xx_hal_flash.c ****     }
 285:Drivers/STM32F4xx_HAL_Driver/Src/stm32f4xx_hal_flash.c **** 
 286:Drivers/STM32F4xx_HAL_Driver/Src/stm32f4xx_hal_flash.c ****     /*Save the Error code*/
 287:Drivers/STM32F4xx_HAL_Driver/Src/stm32f4xx_hal_flash.c ****     FLASH_SetErrorCode();
 332              		.loc 1 287 5
 333 0048 FFF7FEFF 		bl	FLASH_SetErrorCode
 288:Drivers/STM32F4xx_HAL_Driver/Src/stm32f4xx_hal_flash.c **** 
 289:Drivers/STM32F4xx_HAL_Driver/Src/stm32f4xx_hal_flash.c ****     /* FLASH error interrupt user callback */
 290:Drivers/STM32F4xx_HAL_Driver/Src/stm32f4xx_hal_flash.c ****     HAL_FLASH_OperationErrorCallback(addresstmp);
 334              		.loc 1 290 5
 335 004c 7868     		ldr	r0, [r7, #4]
 336 004e FFF7FEFF 		bl	HAL_FLASH_OperationErrorCallback
 291:Drivers/STM32F4xx_HAL_Driver/Src/stm32f4xx_hal_flash.c **** 
 292:Drivers/STM32F4xx_HAL_Driver/Src/stm32f4xx_hal_flash.c ****     /*Stop the procedure ongoing*/
 293:Drivers/STM32F4xx_HAL_Driver/Src/stm32f4xx_hal_flash.c ****     pFlash.ProcedureOnGoing = FLASH_PROC_NONE;
 337              		.loc 1 293 29
ARM GAS  /tmp/ccF15fEM.s 			page 12


 338 0052 384B     		ldr	r3, .L31+4
 339 0054 0022     		movs	r2, #0
 340 0056 1A70     		strb	r2, [r3]
 341              	.L20:
 294:Drivers/STM32F4xx_HAL_Driver/Src/stm32f4xx_hal_flash.c ****   }
 295:Drivers/STM32F4xx_HAL_Driver/Src/stm32f4xx_hal_flash.c **** 
 296:Drivers/STM32F4xx_HAL_Driver/Src/stm32f4xx_hal_flash.c ****   /* Check FLASH End of Operation flag  */
 297:Drivers/STM32F4xx_HAL_Driver/Src/stm32f4xx_hal_flash.c ****   if (__HAL_FLASH_GET_FLAG(FLASH_FLAG_EOP) != RESET)
 342              		.loc 1 297 7
 343 0058 354B     		ldr	r3, .L31
 344 005a DB68     		ldr	r3, [r3, #12]
 345 005c 03F00103 		and	r3, r3, #1
 346              		.loc 1 297 6
 347 0060 002B     		cmp	r3, #0
 348 0062 4AD0     		beq	.L24
 298:Drivers/STM32F4xx_HAL_Driver/Src/stm32f4xx_hal_flash.c ****   {
 299:Drivers/STM32F4xx_HAL_Driver/Src/stm32f4xx_hal_flash.c ****     /* Clear FLASH End of Operation pending bit */
 300:Drivers/STM32F4xx_HAL_Driver/Src/stm32f4xx_hal_flash.c ****     __HAL_FLASH_CLEAR_FLAG(FLASH_FLAG_EOP);
 349              		.loc 1 300 5
 350 0064 324B     		ldr	r3, .L31
 351 0066 0122     		movs	r2, #1
 352 0068 DA60     		str	r2, [r3, #12]
 301:Drivers/STM32F4xx_HAL_Driver/Src/stm32f4xx_hal_flash.c **** 
 302:Drivers/STM32F4xx_HAL_Driver/Src/stm32f4xx_hal_flash.c ****     if (pFlash.ProcedureOnGoing == FLASH_PROC_SECTERASE)
 353              		.loc 1 302 15
 354 006a 324B     		ldr	r3, .L31+4
 355 006c 1B78     		ldrb	r3, [r3]
 356 006e DBB2     		uxtb	r3, r3
 357              		.loc 1 302 8
 358 0070 012B     		cmp	r3, #1
 359 0072 2DD1     		bne	.L25
 303:Drivers/STM32F4xx_HAL_Driver/Src/stm32f4xx_hal_flash.c ****     {
 304:Drivers/STM32F4xx_HAL_Driver/Src/stm32f4xx_hal_flash.c ****       /*Nb of sector to erased can be decreased*/
 305:Drivers/STM32F4xx_HAL_Driver/Src/stm32f4xx_hal_flash.c ****       pFlash.NbSectorsToErase--;
 360              		.loc 1 305 13
 361 0074 2F4B     		ldr	r3, .L31+4
 362 0076 5B68     		ldr	r3, [r3, #4]
 363              		.loc 1 305 30
 364 0078 013B     		subs	r3, r3, #1
 365 007a 2E4A     		ldr	r2, .L31+4
 366 007c 5360     		str	r3, [r2, #4]
 306:Drivers/STM32F4xx_HAL_Driver/Src/stm32f4xx_hal_flash.c **** 
 307:Drivers/STM32F4xx_HAL_Driver/Src/stm32f4xx_hal_flash.c ****       /* Check if there are still sectors to erase*/
 308:Drivers/STM32F4xx_HAL_Driver/Src/stm32f4xx_hal_flash.c ****       if (pFlash.NbSectorsToErase != 0U)
 367              		.loc 1 308 17
 368 007e 2D4B     		ldr	r3, .L31+4
 369 0080 5B68     		ldr	r3, [r3, #4]
 370              		.loc 1 308 10
 371 0082 002B     		cmp	r3, #0
 372 0084 15D0     		beq	.L26
 309:Drivers/STM32F4xx_HAL_Driver/Src/stm32f4xx_hal_flash.c ****       {
 310:Drivers/STM32F4xx_HAL_Driver/Src/stm32f4xx_hal_flash.c ****         addresstmp = pFlash.Sector;
 373              		.loc 1 310 20
 374 0086 2B4B     		ldr	r3, .L31+4
 375 0088 DB68     		ldr	r3, [r3, #12]
 376 008a 7B60     		str	r3, [r7, #4]
 311:Drivers/STM32F4xx_HAL_Driver/Src/stm32f4xx_hal_flash.c ****         /*Indicate user which sector has been erased*/
ARM GAS  /tmp/ccF15fEM.s 			page 13


 312:Drivers/STM32F4xx_HAL_Driver/Src/stm32f4xx_hal_flash.c ****         HAL_FLASH_EndOfOperationCallback(addresstmp);
 377              		.loc 1 312 9
 378 008c 7868     		ldr	r0, [r7, #4]
 379 008e FFF7FEFF 		bl	HAL_FLASH_EndOfOperationCallback
 313:Drivers/STM32F4xx_HAL_Driver/Src/stm32f4xx_hal_flash.c **** 
 314:Drivers/STM32F4xx_HAL_Driver/Src/stm32f4xx_hal_flash.c ****         /*Increment sector number*/
 315:Drivers/STM32F4xx_HAL_Driver/Src/stm32f4xx_hal_flash.c ****         pFlash.Sector++;
 380              		.loc 1 315 15
 381 0092 284B     		ldr	r3, .L31+4
 382 0094 DB68     		ldr	r3, [r3, #12]
 383              		.loc 1 315 22
 384 0096 0133     		adds	r3, r3, #1
 385 0098 264A     		ldr	r2, .L31+4
 386 009a D360     		str	r3, [r2, #12]
 316:Drivers/STM32F4xx_HAL_Driver/Src/stm32f4xx_hal_flash.c ****         addresstmp = pFlash.Sector;
 387              		.loc 1 316 20
 388 009c 254B     		ldr	r3, .L31+4
 389 009e DB68     		ldr	r3, [r3, #12]
 390 00a0 7B60     		str	r3, [r7, #4]
 317:Drivers/STM32F4xx_HAL_Driver/Src/stm32f4xx_hal_flash.c ****         FLASH_Erase_Sector(addresstmp, pFlash.VoltageForErase);
 391              		.loc 1 317 46
 392 00a2 244B     		ldr	r3, .L31+4
 393 00a4 1B7A     		ldrb	r3, [r3, #8]
 394 00a6 DBB2     		uxtb	r3, r3
 395              		.loc 1 317 9
 396 00a8 1946     		mov	r1, r3
 397 00aa 7868     		ldr	r0, [r7, #4]
 398 00ac FFF7FEFF 		bl	FLASH_Erase_Sector
 399 00b0 23E0     		b	.L24
 400              	.L26:
 318:Drivers/STM32F4xx_HAL_Driver/Src/stm32f4xx_hal_flash.c ****       }
 319:Drivers/STM32F4xx_HAL_Driver/Src/stm32f4xx_hal_flash.c ****       else
 320:Drivers/STM32F4xx_HAL_Driver/Src/stm32f4xx_hal_flash.c ****       {
 321:Drivers/STM32F4xx_HAL_Driver/Src/stm32f4xx_hal_flash.c ****         /*No more sectors to Erase, user callback can be called.*/
 322:Drivers/STM32F4xx_HAL_Driver/Src/stm32f4xx_hal_flash.c ****         /*Reset Sector and stop Erase sectors procedure*/
 323:Drivers/STM32F4xx_HAL_Driver/Src/stm32f4xx_hal_flash.c ****         pFlash.Sector = addresstmp = 0xFFFFFFFFU;
 401              		.loc 1 323 36
 402 00b2 4FF0FF33 		mov	r3, #-1
 403 00b6 7B60     		str	r3, [r7, #4]
 404              		.loc 1 323 23
 405 00b8 1E4A     		ldr	r2, .L31+4
 406 00ba 7B68     		ldr	r3, [r7, #4]
 407 00bc D360     		str	r3, [r2, #12]
 324:Drivers/STM32F4xx_HAL_Driver/Src/stm32f4xx_hal_flash.c ****         pFlash.ProcedureOnGoing = FLASH_PROC_NONE;
 408              		.loc 1 324 33
 409 00be 1D4B     		ldr	r3, .L31+4
 410 00c0 0022     		movs	r2, #0
 411 00c2 1A70     		strb	r2, [r3]
 325:Drivers/STM32F4xx_HAL_Driver/Src/stm32f4xx_hal_flash.c **** 
 326:Drivers/STM32F4xx_HAL_Driver/Src/stm32f4xx_hal_flash.c ****         /* Flush the caches to be sure of the data consistency */
 327:Drivers/STM32F4xx_HAL_Driver/Src/stm32f4xx_hal_flash.c ****         FLASH_FlushCaches();
 412              		.loc 1 327 9
 413 00c4 FFF7FEFF 		bl	FLASH_FlushCaches
 328:Drivers/STM32F4xx_HAL_Driver/Src/stm32f4xx_hal_flash.c **** 
 329:Drivers/STM32F4xx_HAL_Driver/Src/stm32f4xx_hal_flash.c ****         /* FLASH EOP interrupt user callback */
 330:Drivers/STM32F4xx_HAL_Driver/Src/stm32f4xx_hal_flash.c ****         HAL_FLASH_EndOfOperationCallback(addresstmp);
 414              		.loc 1 330 9
ARM GAS  /tmp/ccF15fEM.s 			page 14


 415 00c8 7868     		ldr	r0, [r7, #4]
 416 00ca FFF7FEFF 		bl	HAL_FLASH_EndOfOperationCallback
 417 00ce 14E0     		b	.L24
 418              	.L25:
 331:Drivers/STM32F4xx_HAL_Driver/Src/stm32f4xx_hal_flash.c ****       }
 332:Drivers/STM32F4xx_HAL_Driver/Src/stm32f4xx_hal_flash.c ****     }
 333:Drivers/STM32F4xx_HAL_Driver/Src/stm32f4xx_hal_flash.c ****     else
 334:Drivers/STM32F4xx_HAL_Driver/Src/stm32f4xx_hal_flash.c ****     {
 335:Drivers/STM32F4xx_HAL_Driver/Src/stm32f4xx_hal_flash.c ****       if (pFlash.ProcedureOnGoing == FLASH_PROC_MASSERASE)
 419              		.loc 1 335 17
 420 00d0 184B     		ldr	r3, .L31+4
 421 00d2 1B78     		ldrb	r3, [r3]
 422 00d4 DBB2     		uxtb	r3, r3
 423              		.loc 1 335 10
 424 00d6 022B     		cmp	r3, #2
 425 00d8 07D1     		bne	.L27
 336:Drivers/STM32F4xx_HAL_Driver/Src/stm32f4xx_hal_flash.c ****       {
 337:Drivers/STM32F4xx_HAL_Driver/Src/stm32f4xx_hal_flash.c ****         /* MassErase ended. Return the selected bank */
 338:Drivers/STM32F4xx_HAL_Driver/Src/stm32f4xx_hal_flash.c ****         /* Flush the caches to be sure of the data consistency */
 339:Drivers/STM32F4xx_HAL_Driver/Src/stm32f4xx_hal_flash.c ****         FLASH_FlushCaches();
 426              		.loc 1 339 9
 427 00da FFF7FEFF 		bl	FLASH_FlushCaches
 340:Drivers/STM32F4xx_HAL_Driver/Src/stm32f4xx_hal_flash.c **** 
 341:Drivers/STM32F4xx_HAL_Driver/Src/stm32f4xx_hal_flash.c ****         /* FLASH EOP interrupt user callback */
 342:Drivers/STM32F4xx_HAL_Driver/Src/stm32f4xx_hal_flash.c ****         HAL_FLASH_EndOfOperationCallback(pFlash.Bank);
 428              		.loc 1 342 48
 429 00de 154B     		ldr	r3, .L31+4
 430 00e0 1B69     		ldr	r3, [r3, #16]
 431              		.loc 1 342 9
 432 00e2 1846     		mov	r0, r3
 433 00e4 FFF7FEFF 		bl	HAL_FLASH_EndOfOperationCallback
 434 00e8 04E0     		b	.L28
 435              	.L27:
 343:Drivers/STM32F4xx_HAL_Driver/Src/stm32f4xx_hal_flash.c ****       }
 344:Drivers/STM32F4xx_HAL_Driver/Src/stm32f4xx_hal_flash.c ****       else
 345:Drivers/STM32F4xx_HAL_Driver/Src/stm32f4xx_hal_flash.c ****       {
 346:Drivers/STM32F4xx_HAL_Driver/Src/stm32f4xx_hal_flash.c ****         /*Program ended. Return the selected address*/
 347:Drivers/STM32F4xx_HAL_Driver/Src/stm32f4xx_hal_flash.c ****         /* FLASH EOP interrupt user callback */
 348:Drivers/STM32F4xx_HAL_Driver/Src/stm32f4xx_hal_flash.c ****         HAL_FLASH_EndOfOperationCallback(pFlash.Address);
 436              		.loc 1 348 48
 437 00ea 124B     		ldr	r3, .L31+4
 438 00ec 5B69     		ldr	r3, [r3, #20]
 439              		.loc 1 348 9
 440 00ee 1846     		mov	r0, r3
 441 00f0 FFF7FEFF 		bl	HAL_FLASH_EndOfOperationCallback
 442              	.L28:
 349:Drivers/STM32F4xx_HAL_Driver/Src/stm32f4xx_hal_flash.c ****       }
 350:Drivers/STM32F4xx_HAL_Driver/Src/stm32f4xx_hal_flash.c ****       pFlash.ProcedureOnGoing = FLASH_PROC_NONE;
 443              		.loc 1 350 31
 444 00f4 0F4B     		ldr	r3, .L31+4
 445 00f6 0022     		movs	r2, #0
 446 00f8 1A70     		strb	r2, [r3]
 447              	.L24:
 351:Drivers/STM32F4xx_HAL_Driver/Src/stm32f4xx_hal_flash.c ****     }
 352:Drivers/STM32F4xx_HAL_Driver/Src/stm32f4xx_hal_flash.c ****   }
 353:Drivers/STM32F4xx_HAL_Driver/Src/stm32f4xx_hal_flash.c **** 
 354:Drivers/STM32F4xx_HAL_Driver/Src/stm32f4xx_hal_flash.c ****   if (pFlash.ProcedureOnGoing == FLASH_PROC_NONE)
ARM GAS  /tmp/ccF15fEM.s 			page 15


 448              		.loc 1 354 13
 449 00fa 0E4B     		ldr	r3, .L31+4
 450 00fc 1B78     		ldrb	r3, [r3]
 451 00fe DBB2     		uxtb	r3, r3
 452              		.loc 1 354 6
 453 0100 002B     		cmp	r3, #0
 454 0102 11D1     		bne	.L30
 355:Drivers/STM32F4xx_HAL_Driver/Src/stm32f4xx_hal_flash.c ****   {
 356:Drivers/STM32F4xx_HAL_Driver/Src/stm32f4xx_hal_flash.c ****     /* Operation is completed, disable the PG, SER, SNB and MER Bits */
 357:Drivers/STM32F4xx_HAL_Driver/Src/stm32f4xx_hal_flash.c ****     CLEAR_BIT(FLASH->CR, (FLASH_CR_PG | FLASH_CR_SER | FLASH_CR_SNB | FLASH_MER_BIT));
 455              		.loc 1 357 5
 456 0104 0A4B     		ldr	r3, .L31
 457 0106 1B69     		ldr	r3, [r3, #16]
 458 0108 094A     		ldr	r2, .L31
 459 010a 23F0FF03 		bic	r3, r3, #255
 460 010e 1361     		str	r3, [r2, #16]
 358:Drivers/STM32F4xx_HAL_Driver/Src/stm32f4xx_hal_flash.c **** 
 359:Drivers/STM32F4xx_HAL_Driver/Src/stm32f4xx_hal_flash.c ****     /* Disable End of FLASH Operation interrupt */
 360:Drivers/STM32F4xx_HAL_Driver/Src/stm32f4xx_hal_flash.c ****     __HAL_FLASH_DISABLE_IT(FLASH_IT_EOP);
 461              		.loc 1 360 5
 462 0110 074B     		ldr	r3, .L31
 463 0112 1B69     		ldr	r3, [r3, #16]
 464 0114 064A     		ldr	r2, .L31
 465 0116 23F08073 		bic	r3, r3, #16777216
 466 011a 1361     		str	r3, [r2, #16]
 361:Drivers/STM32F4xx_HAL_Driver/Src/stm32f4xx_hal_flash.c **** 
 362:Drivers/STM32F4xx_HAL_Driver/Src/stm32f4xx_hal_flash.c ****     /* Disable Error source interrupt */
 363:Drivers/STM32F4xx_HAL_Driver/Src/stm32f4xx_hal_flash.c ****     __HAL_FLASH_DISABLE_IT(FLASH_IT_ERR);
 467              		.loc 1 363 5
 468 011c 044B     		ldr	r3, .L31
 469 011e 1B69     		ldr	r3, [r3, #16]
 470 0120 034A     		ldr	r2, .L31
 471 0122 23F00073 		bic	r3, r3, #33554432
 472 0126 1361     		str	r3, [r2, #16]
 473              	.L30:
 364:Drivers/STM32F4xx_HAL_Driver/Src/stm32f4xx_hal_flash.c ****   }
 365:Drivers/STM32F4xx_HAL_Driver/Src/stm32f4xx_hal_flash.c **** }
 474              		.loc 1 365 1
 475 0128 00BF     		nop
 476 012a 0837     		adds	r7, r7, #8
 477              	.LCFI13:
 478              		.cfi_def_cfa_offset 8
 479 012c BD46     		mov	sp, r7
 480              	.LCFI14:
 481              		.cfi_def_cfa_register 13
 482              		@ sp needed
 483 012e 80BD     		pop	{r7, pc}
 484              	.L32:
 485              		.align	2
 486              	.L31:
 487 0130 003C0240 		.word	1073888256
 488 0134 00000000 		.word	pFlash
 489              		.cfi_endproc
 490              	.LFE241:
 492              		.section	.text.HAL_FLASH_EndOfOperationCallback,"ax",%progbits
 493              		.align	1
 494              		.weak	HAL_FLASH_EndOfOperationCallback
ARM GAS  /tmp/ccF15fEM.s 			page 16


 495              		.syntax unified
 496              		.thumb
 497              		.thumb_func
 499              	HAL_FLASH_EndOfOperationCallback:
 500              	.LFB242:
 366:Drivers/STM32F4xx_HAL_Driver/Src/stm32f4xx_hal_flash.c **** 
 367:Drivers/STM32F4xx_HAL_Driver/Src/stm32f4xx_hal_flash.c **** /**
 368:Drivers/STM32F4xx_HAL_Driver/Src/stm32f4xx_hal_flash.c ****   * @brief  FLASH end of operation interrupt callback
 369:Drivers/STM32F4xx_HAL_Driver/Src/stm32f4xx_hal_flash.c ****   * @param  ReturnValue The value saved in this parameter depends on the ongoing procedure
 370:Drivers/STM32F4xx_HAL_Driver/Src/stm32f4xx_hal_flash.c ****   *                  Mass Erase: Bank number which has been requested to erase
 371:Drivers/STM32F4xx_HAL_Driver/Src/stm32f4xx_hal_flash.c ****   *                  Sectors Erase: Sector which has been erased
 372:Drivers/STM32F4xx_HAL_Driver/Src/stm32f4xx_hal_flash.c ****   *                    (if 0xFFFFFFFFU, it means that all the selected sectors have been erased)
 373:Drivers/STM32F4xx_HAL_Driver/Src/stm32f4xx_hal_flash.c ****   *                  Program: Address which was selected for data program
 374:Drivers/STM32F4xx_HAL_Driver/Src/stm32f4xx_hal_flash.c ****   * @retval None
 375:Drivers/STM32F4xx_HAL_Driver/Src/stm32f4xx_hal_flash.c ****   */
 376:Drivers/STM32F4xx_HAL_Driver/Src/stm32f4xx_hal_flash.c **** __weak void HAL_FLASH_EndOfOperationCallback(uint32_t ReturnValue)
 377:Drivers/STM32F4xx_HAL_Driver/Src/stm32f4xx_hal_flash.c **** {
 501              		.loc 1 377 1
 502              		.cfi_startproc
 503              		@ args = 0, pretend = 0, frame = 8
 504              		@ frame_needed = 1, uses_anonymous_args = 0
 505              		@ link register save eliminated.
 506 0000 80B4     		push	{r7}
 507              	.LCFI15:
 508              		.cfi_def_cfa_offset 4
 509              		.cfi_offset 7, -4
 510 0002 83B0     		sub	sp, sp, #12
 511              	.LCFI16:
 512              		.cfi_def_cfa_offset 16
 513 0004 00AF     		add	r7, sp, #0
 514              	.LCFI17:
 515              		.cfi_def_cfa_register 7
 516 0006 7860     		str	r0, [r7, #4]
 378:Drivers/STM32F4xx_HAL_Driver/Src/stm32f4xx_hal_flash.c ****   /* Prevent unused argument(s) compilation warning */
 379:Drivers/STM32F4xx_HAL_Driver/Src/stm32f4xx_hal_flash.c ****   UNUSED(ReturnValue);
 380:Drivers/STM32F4xx_HAL_Driver/Src/stm32f4xx_hal_flash.c ****   /* NOTE : This function Should not be modified, when the callback is needed,
 381:Drivers/STM32F4xx_HAL_Driver/Src/stm32f4xx_hal_flash.c ****             the HAL_FLASH_EndOfOperationCallback could be implemented in the user file
 382:Drivers/STM32F4xx_HAL_Driver/Src/stm32f4xx_hal_flash.c ****    */
 383:Drivers/STM32F4xx_HAL_Driver/Src/stm32f4xx_hal_flash.c **** }
 517              		.loc 1 383 1
 518 0008 00BF     		nop
 519 000a 0C37     		adds	r7, r7, #12
 520              	.LCFI18:
 521              		.cfi_def_cfa_offset 4
 522 000c BD46     		mov	sp, r7
 523              	.LCFI19:
 524              		.cfi_def_cfa_register 13
 525              		@ sp needed
 526 000e 5DF8047B 		ldr	r7, [sp], #4
 527              	.LCFI20:
 528              		.cfi_restore 7
 529              		.cfi_def_cfa_offset 0
 530 0012 7047     		bx	lr
 531              		.cfi_endproc
 532              	.LFE242:
 534              		.section	.text.HAL_FLASH_OperationErrorCallback,"ax",%progbits
 535              		.align	1
ARM GAS  /tmp/ccF15fEM.s 			page 17


 536              		.weak	HAL_FLASH_OperationErrorCallback
 537              		.syntax unified
 538              		.thumb
 539              		.thumb_func
 541              	HAL_FLASH_OperationErrorCallback:
 542              	.LFB243:
 384:Drivers/STM32F4xx_HAL_Driver/Src/stm32f4xx_hal_flash.c **** 
 385:Drivers/STM32F4xx_HAL_Driver/Src/stm32f4xx_hal_flash.c **** /**
 386:Drivers/STM32F4xx_HAL_Driver/Src/stm32f4xx_hal_flash.c ****   * @brief  FLASH operation error interrupt callback
 387:Drivers/STM32F4xx_HAL_Driver/Src/stm32f4xx_hal_flash.c ****   * @param  ReturnValue The value saved in this parameter depends on the ongoing procedure
 388:Drivers/STM32F4xx_HAL_Driver/Src/stm32f4xx_hal_flash.c ****   *                 Mass Erase: Bank number which has been requested to erase
 389:Drivers/STM32F4xx_HAL_Driver/Src/stm32f4xx_hal_flash.c ****   *                 Sectors Erase: Sector number which returned an error
 390:Drivers/STM32F4xx_HAL_Driver/Src/stm32f4xx_hal_flash.c ****   *                 Program: Address which was selected for data program
 391:Drivers/STM32F4xx_HAL_Driver/Src/stm32f4xx_hal_flash.c ****   * @retval None
 392:Drivers/STM32F4xx_HAL_Driver/Src/stm32f4xx_hal_flash.c ****   */
 393:Drivers/STM32F4xx_HAL_Driver/Src/stm32f4xx_hal_flash.c **** __weak void HAL_FLASH_OperationErrorCallback(uint32_t ReturnValue)
 394:Drivers/STM32F4xx_HAL_Driver/Src/stm32f4xx_hal_flash.c **** {
 543              		.loc 1 394 1
 544              		.cfi_startproc
 545              		@ args = 0, pretend = 0, frame = 8
 546              		@ frame_needed = 1, uses_anonymous_args = 0
 547              		@ link register save eliminated.
 548 0000 80B4     		push	{r7}
 549              	.LCFI21:
 550              		.cfi_def_cfa_offset 4
 551              		.cfi_offset 7, -4
 552 0002 83B0     		sub	sp, sp, #12
 553              	.LCFI22:
 554              		.cfi_def_cfa_offset 16
 555 0004 00AF     		add	r7, sp, #0
 556              	.LCFI23:
 557              		.cfi_def_cfa_register 7
 558 0006 7860     		str	r0, [r7, #4]
 395:Drivers/STM32F4xx_HAL_Driver/Src/stm32f4xx_hal_flash.c ****   /* Prevent unused argument(s) compilation warning */
 396:Drivers/STM32F4xx_HAL_Driver/Src/stm32f4xx_hal_flash.c ****   UNUSED(ReturnValue);
 397:Drivers/STM32F4xx_HAL_Driver/Src/stm32f4xx_hal_flash.c ****   /* NOTE : This function Should not be modified, when the callback is needed,
 398:Drivers/STM32F4xx_HAL_Driver/Src/stm32f4xx_hal_flash.c ****             the HAL_FLASH_OperationErrorCallback could be implemented in the user file
 399:Drivers/STM32F4xx_HAL_Driver/Src/stm32f4xx_hal_flash.c ****    */
 400:Drivers/STM32F4xx_HAL_Driver/Src/stm32f4xx_hal_flash.c **** }
 559              		.loc 1 400 1
 560 0008 00BF     		nop
 561 000a 0C37     		adds	r7, r7, #12
 562              	.LCFI24:
 563              		.cfi_def_cfa_offset 4
 564 000c BD46     		mov	sp, r7
 565              	.LCFI25:
 566              		.cfi_def_cfa_register 13
 567              		@ sp needed
 568 000e 5DF8047B 		ldr	r7, [sp], #4
 569              	.LCFI26:
 570              		.cfi_restore 7
 571              		.cfi_def_cfa_offset 0
 572 0012 7047     		bx	lr
 573              		.cfi_endproc
 574              	.LFE243:
 576              		.section	.text.HAL_FLASH_Unlock,"ax",%progbits
 577              		.align	1
ARM GAS  /tmp/ccF15fEM.s 			page 18


 578              		.global	HAL_FLASH_Unlock
 579              		.syntax unified
 580              		.thumb
 581              		.thumb_func
 583              	HAL_FLASH_Unlock:
 584              	.LFB244:
 401:Drivers/STM32F4xx_HAL_Driver/Src/stm32f4xx_hal_flash.c **** 
 402:Drivers/STM32F4xx_HAL_Driver/Src/stm32f4xx_hal_flash.c **** /**
 403:Drivers/STM32F4xx_HAL_Driver/Src/stm32f4xx_hal_flash.c ****   * @}
 404:Drivers/STM32F4xx_HAL_Driver/Src/stm32f4xx_hal_flash.c ****   */
 405:Drivers/STM32F4xx_HAL_Driver/Src/stm32f4xx_hal_flash.c **** 
 406:Drivers/STM32F4xx_HAL_Driver/Src/stm32f4xx_hal_flash.c **** /** @defgroup FLASH_Exported_Functions_Group2 Peripheral Control functions
 407:Drivers/STM32F4xx_HAL_Driver/Src/stm32f4xx_hal_flash.c ****   *  @brief   management functions
 408:Drivers/STM32F4xx_HAL_Driver/Src/stm32f4xx_hal_flash.c ****   *
 409:Drivers/STM32F4xx_HAL_Driver/Src/stm32f4xx_hal_flash.c **** @verbatim
 410:Drivers/STM32F4xx_HAL_Driver/Src/stm32f4xx_hal_flash.c ****  ===============================================================================
 411:Drivers/STM32F4xx_HAL_Driver/Src/stm32f4xx_hal_flash.c ****                       ##### Peripheral Control functions #####
 412:Drivers/STM32F4xx_HAL_Driver/Src/stm32f4xx_hal_flash.c ****  ===============================================================================
 413:Drivers/STM32F4xx_HAL_Driver/Src/stm32f4xx_hal_flash.c ****     [..]
 414:Drivers/STM32F4xx_HAL_Driver/Src/stm32f4xx_hal_flash.c ****     This subsection provides a set of functions allowing to control the FLASH
 415:Drivers/STM32F4xx_HAL_Driver/Src/stm32f4xx_hal_flash.c ****     memory operations.
 416:Drivers/STM32F4xx_HAL_Driver/Src/stm32f4xx_hal_flash.c **** 
 417:Drivers/STM32F4xx_HAL_Driver/Src/stm32f4xx_hal_flash.c **** @endverbatim
 418:Drivers/STM32F4xx_HAL_Driver/Src/stm32f4xx_hal_flash.c ****   * @{
 419:Drivers/STM32F4xx_HAL_Driver/Src/stm32f4xx_hal_flash.c ****   */
 420:Drivers/STM32F4xx_HAL_Driver/Src/stm32f4xx_hal_flash.c **** 
 421:Drivers/STM32F4xx_HAL_Driver/Src/stm32f4xx_hal_flash.c **** /**
 422:Drivers/STM32F4xx_HAL_Driver/Src/stm32f4xx_hal_flash.c ****   * @brief  Unlock the FLASH control register access
 423:Drivers/STM32F4xx_HAL_Driver/Src/stm32f4xx_hal_flash.c ****   * @retval HAL Status
 424:Drivers/STM32F4xx_HAL_Driver/Src/stm32f4xx_hal_flash.c ****   */
 425:Drivers/STM32F4xx_HAL_Driver/Src/stm32f4xx_hal_flash.c **** HAL_StatusTypeDef HAL_FLASH_Unlock(void)
 426:Drivers/STM32F4xx_HAL_Driver/Src/stm32f4xx_hal_flash.c **** {
 585              		.loc 1 426 1
 586              		.cfi_startproc
 587              		@ args = 0, pretend = 0, frame = 8
 588              		@ frame_needed = 1, uses_anonymous_args = 0
 589              		@ link register save eliminated.
 590 0000 80B4     		push	{r7}
 591              	.LCFI27:
 592              		.cfi_def_cfa_offset 4
 593              		.cfi_offset 7, -4
 594 0002 83B0     		sub	sp, sp, #12
 595              	.LCFI28:
 596              		.cfi_def_cfa_offset 16
 597 0004 00AF     		add	r7, sp, #0
 598              	.LCFI29:
 599              		.cfi_def_cfa_register 7
 427:Drivers/STM32F4xx_HAL_Driver/Src/stm32f4xx_hal_flash.c ****   HAL_StatusTypeDef status = HAL_OK;
 600              		.loc 1 427 21
 601 0006 0023     		movs	r3, #0
 602 0008 FB71     		strb	r3, [r7, #7]
 428:Drivers/STM32F4xx_HAL_Driver/Src/stm32f4xx_hal_flash.c **** 
 429:Drivers/STM32F4xx_HAL_Driver/Src/stm32f4xx_hal_flash.c ****   if (READ_BIT(FLASH->CR, FLASH_CR_LOCK) != RESET)
 603              		.loc 1 429 7
 604 000a 0B4B     		ldr	r3, .L38
 605 000c 1B69     		ldr	r3, [r3, #16]
 606              		.loc 1 429 6
ARM GAS  /tmp/ccF15fEM.s 			page 19


 607 000e 002B     		cmp	r3, #0
 608 0010 0BDA     		bge	.L36
 430:Drivers/STM32F4xx_HAL_Driver/Src/stm32f4xx_hal_flash.c ****   {
 431:Drivers/STM32F4xx_HAL_Driver/Src/stm32f4xx_hal_flash.c ****     /* Authorize the FLASH Registers access */
 432:Drivers/STM32F4xx_HAL_Driver/Src/stm32f4xx_hal_flash.c ****     WRITE_REG(FLASH->KEYR, FLASH_KEY1);
 609              		.loc 1 432 5
 610 0012 094B     		ldr	r3, .L38
 611 0014 094A     		ldr	r2, .L38+4
 612 0016 5A60     		str	r2, [r3, #4]
 433:Drivers/STM32F4xx_HAL_Driver/Src/stm32f4xx_hal_flash.c ****     WRITE_REG(FLASH->KEYR, FLASH_KEY2);
 613              		.loc 1 433 5
 614 0018 074B     		ldr	r3, .L38
 615 001a 094A     		ldr	r2, .L38+8
 616 001c 5A60     		str	r2, [r3, #4]
 434:Drivers/STM32F4xx_HAL_Driver/Src/stm32f4xx_hal_flash.c **** 
 435:Drivers/STM32F4xx_HAL_Driver/Src/stm32f4xx_hal_flash.c ****     /* Verify Flash is unlocked */
 436:Drivers/STM32F4xx_HAL_Driver/Src/stm32f4xx_hal_flash.c ****     if (READ_BIT(FLASH->CR, FLASH_CR_LOCK) != RESET)
 617              		.loc 1 436 9
 618 001e 064B     		ldr	r3, .L38
 619 0020 1B69     		ldr	r3, [r3, #16]
 620              		.loc 1 436 8
 621 0022 002B     		cmp	r3, #0
 622 0024 01DA     		bge	.L36
 437:Drivers/STM32F4xx_HAL_Driver/Src/stm32f4xx_hal_flash.c ****     {
 438:Drivers/STM32F4xx_HAL_Driver/Src/stm32f4xx_hal_flash.c ****       status = HAL_ERROR;
 623              		.loc 1 438 14
 624 0026 0123     		movs	r3, #1
 625 0028 FB71     		strb	r3, [r7, #7]
 626              	.L36:
 439:Drivers/STM32F4xx_HAL_Driver/Src/stm32f4xx_hal_flash.c ****     }
 440:Drivers/STM32F4xx_HAL_Driver/Src/stm32f4xx_hal_flash.c ****   }
 441:Drivers/STM32F4xx_HAL_Driver/Src/stm32f4xx_hal_flash.c **** 
 442:Drivers/STM32F4xx_HAL_Driver/Src/stm32f4xx_hal_flash.c ****   return status;
 627              		.loc 1 442 10
 628 002a FB79     		ldrb	r3, [r7, #7]	@ zero_extendqisi2
 443:Drivers/STM32F4xx_HAL_Driver/Src/stm32f4xx_hal_flash.c **** }
 629              		.loc 1 443 1
 630 002c 1846     		mov	r0, r3
 631 002e 0C37     		adds	r7, r7, #12
 632              	.LCFI30:
 633              		.cfi_def_cfa_offset 4
 634 0030 BD46     		mov	sp, r7
 635              	.LCFI31:
 636              		.cfi_def_cfa_register 13
 637              		@ sp needed
 638 0032 5DF8047B 		ldr	r7, [sp], #4
 639              	.LCFI32:
 640              		.cfi_restore 7
 641              		.cfi_def_cfa_offset 0
 642 0036 7047     		bx	lr
 643              	.L39:
 644              		.align	2
 645              	.L38:
 646 0038 003C0240 		.word	1073888256
 647 003c 23016745 		.word	1164378403
 648 0040 AB89EFCD 		.word	-839939669
 649              		.cfi_endproc
ARM GAS  /tmp/ccF15fEM.s 			page 20


 650              	.LFE244:
 652              		.section	.text.HAL_FLASH_Lock,"ax",%progbits
 653              		.align	1
 654              		.global	HAL_FLASH_Lock
 655              		.syntax unified
 656              		.thumb
 657              		.thumb_func
 659              	HAL_FLASH_Lock:
 660              	.LFB245:
 444:Drivers/STM32F4xx_HAL_Driver/Src/stm32f4xx_hal_flash.c **** 
 445:Drivers/STM32F4xx_HAL_Driver/Src/stm32f4xx_hal_flash.c **** /**
 446:Drivers/STM32F4xx_HAL_Driver/Src/stm32f4xx_hal_flash.c ****   * @brief  Locks the FLASH control register access
 447:Drivers/STM32F4xx_HAL_Driver/Src/stm32f4xx_hal_flash.c ****   * @retval HAL Status
 448:Drivers/STM32F4xx_HAL_Driver/Src/stm32f4xx_hal_flash.c ****   */
 449:Drivers/STM32F4xx_HAL_Driver/Src/stm32f4xx_hal_flash.c **** HAL_StatusTypeDef HAL_FLASH_Lock(void)
 450:Drivers/STM32F4xx_HAL_Driver/Src/stm32f4xx_hal_flash.c **** {
 661              		.loc 1 450 1
 662              		.cfi_startproc
 663              		@ args = 0, pretend = 0, frame = 0
 664              		@ frame_needed = 1, uses_anonymous_args = 0
 665              		@ link register save eliminated.
 666 0000 80B4     		push	{r7}
 667              	.LCFI33:
 668              		.cfi_def_cfa_offset 4
 669              		.cfi_offset 7, -4
 670 0002 00AF     		add	r7, sp, #0
 671              	.LCFI34:
 672              		.cfi_def_cfa_register 7
 451:Drivers/STM32F4xx_HAL_Driver/Src/stm32f4xx_hal_flash.c ****   /* Set the LOCK Bit to lock the FLASH Registers access */
 452:Drivers/STM32F4xx_HAL_Driver/Src/stm32f4xx_hal_flash.c ****   FLASH->CR |= FLASH_CR_LOCK;
 673              		.loc 1 452 8
 674 0004 054B     		ldr	r3, .L42
 675 0006 1B69     		ldr	r3, [r3, #16]
 676 0008 044A     		ldr	r2, .L42
 677              		.loc 1 452 13
 678 000a 43F00043 		orr	r3, r3, #-2147483648
 679 000e 1361     		str	r3, [r2, #16]
 453:Drivers/STM32F4xx_HAL_Driver/Src/stm32f4xx_hal_flash.c **** 
 454:Drivers/STM32F4xx_HAL_Driver/Src/stm32f4xx_hal_flash.c ****   return HAL_OK;
 680              		.loc 1 454 10
 681 0010 0023     		movs	r3, #0
 455:Drivers/STM32F4xx_HAL_Driver/Src/stm32f4xx_hal_flash.c **** }
 682              		.loc 1 455 1
 683 0012 1846     		mov	r0, r3
 684 0014 BD46     		mov	sp, r7
 685              	.LCFI35:
 686              		.cfi_def_cfa_register 13
 687              		@ sp needed
 688 0016 5DF8047B 		ldr	r7, [sp], #4
 689              	.LCFI36:
 690              		.cfi_restore 7
 691              		.cfi_def_cfa_offset 0
 692 001a 7047     		bx	lr
 693              	.L43:
 694              		.align	2
 695              	.L42:
 696 001c 003C0240 		.word	1073888256
ARM GAS  /tmp/ccF15fEM.s 			page 21


 697              		.cfi_endproc
 698              	.LFE245:
 700              		.section	.text.HAL_FLASH_OB_Unlock,"ax",%progbits
 701              		.align	1
 702              		.global	HAL_FLASH_OB_Unlock
 703              		.syntax unified
 704              		.thumb
 705              		.thumb_func
 707              	HAL_FLASH_OB_Unlock:
 708              	.LFB246:
 456:Drivers/STM32F4xx_HAL_Driver/Src/stm32f4xx_hal_flash.c **** 
 457:Drivers/STM32F4xx_HAL_Driver/Src/stm32f4xx_hal_flash.c **** /**
 458:Drivers/STM32F4xx_HAL_Driver/Src/stm32f4xx_hal_flash.c ****   * @brief  Unlock the FLASH Option Control Registers access.
 459:Drivers/STM32F4xx_HAL_Driver/Src/stm32f4xx_hal_flash.c ****   * @retval HAL Status
 460:Drivers/STM32F4xx_HAL_Driver/Src/stm32f4xx_hal_flash.c ****   */
 461:Drivers/STM32F4xx_HAL_Driver/Src/stm32f4xx_hal_flash.c **** HAL_StatusTypeDef HAL_FLASH_OB_Unlock(void)
 462:Drivers/STM32F4xx_HAL_Driver/Src/stm32f4xx_hal_flash.c **** {
 709              		.loc 1 462 1
 710              		.cfi_startproc
 711              		@ args = 0, pretend = 0, frame = 0
 712              		@ frame_needed = 1, uses_anonymous_args = 0
 713              		@ link register save eliminated.
 714 0000 80B4     		push	{r7}
 715              	.LCFI37:
 716              		.cfi_def_cfa_offset 4
 717              		.cfi_offset 7, -4
 718 0002 00AF     		add	r7, sp, #0
 719              	.LCFI38:
 720              		.cfi_def_cfa_register 7
 463:Drivers/STM32F4xx_HAL_Driver/Src/stm32f4xx_hal_flash.c ****   if ((FLASH->OPTCR & FLASH_OPTCR_OPTLOCK) != RESET)
 721              		.loc 1 463 13
 722 0004 094B     		ldr	r3, .L48
 723 0006 5B69     		ldr	r3, [r3, #20]
 724              		.loc 1 463 21
 725 0008 03F00103 		and	r3, r3, #1
 726              		.loc 1 463 6
 727 000c 002B     		cmp	r3, #0
 728 000e 07D0     		beq	.L45
 464:Drivers/STM32F4xx_HAL_Driver/Src/stm32f4xx_hal_flash.c ****   {
 465:Drivers/STM32F4xx_HAL_Driver/Src/stm32f4xx_hal_flash.c ****     /* Authorizes the Option Byte register programming */
 466:Drivers/STM32F4xx_HAL_Driver/Src/stm32f4xx_hal_flash.c ****     FLASH->OPTKEYR = FLASH_OPT_KEY1;
 729              		.loc 1 466 10
 730 0010 064B     		ldr	r3, .L48
 731              		.loc 1 466 20
 732 0012 074A     		ldr	r2, .L48+4
 733 0014 9A60     		str	r2, [r3, #8]
 467:Drivers/STM32F4xx_HAL_Driver/Src/stm32f4xx_hal_flash.c ****     FLASH->OPTKEYR = FLASH_OPT_KEY2;
 734              		.loc 1 467 10
 735 0016 054B     		ldr	r3, .L48
 736              		.loc 1 467 20
 737 0018 064A     		ldr	r2, .L48+8
 738 001a 9A60     		str	r2, [r3, #8]
 468:Drivers/STM32F4xx_HAL_Driver/Src/stm32f4xx_hal_flash.c ****   }
 469:Drivers/STM32F4xx_HAL_Driver/Src/stm32f4xx_hal_flash.c ****   else
 470:Drivers/STM32F4xx_HAL_Driver/Src/stm32f4xx_hal_flash.c ****   {
 471:Drivers/STM32F4xx_HAL_Driver/Src/stm32f4xx_hal_flash.c ****     return HAL_ERROR;
 472:Drivers/STM32F4xx_HAL_Driver/Src/stm32f4xx_hal_flash.c ****   }
ARM GAS  /tmp/ccF15fEM.s 			page 22


 473:Drivers/STM32F4xx_HAL_Driver/Src/stm32f4xx_hal_flash.c **** 
 474:Drivers/STM32F4xx_HAL_Driver/Src/stm32f4xx_hal_flash.c ****   return HAL_OK;
 739              		.loc 1 474 10
 740 001c 0023     		movs	r3, #0
 741 001e 00E0     		b	.L47
 742              	.L45:
 471:Drivers/STM32F4xx_HAL_Driver/Src/stm32f4xx_hal_flash.c ****   }
 743              		.loc 1 471 12
 744 0020 0123     		movs	r3, #1
 745              	.L47:
 475:Drivers/STM32F4xx_HAL_Driver/Src/stm32f4xx_hal_flash.c **** }
 746              		.loc 1 475 1
 747 0022 1846     		mov	r0, r3
 748 0024 BD46     		mov	sp, r7
 749              	.LCFI39:
 750              		.cfi_def_cfa_register 13
 751              		@ sp needed
 752 0026 5DF8047B 		ldr	r7, [sp], #4
 753              	.LCFI40:
 754              		.cfi_restore 7
 755              		.cfi_def_cfa_offset 0
 756 002a 7047     		bx	lr
 757              	.L49:
 758              		.align	2
 759              	.L48:
 760 002c 003C0240 		.word	1073888256
 761 0030 3B2A1908 		.word	135866939
 762 0034 7F6E5D4C 		.word	1281191551
 763              		.cfi_endproc
 764              	.LFE246:
 766              		.section	.text.HAL_FLASH_OB_Lock,"ax",%progbits
 767              		.align	1
 768              		.global	HAL_FLASH_OB_Lock
 769              		.syntax unified
 770              		.thumb
 771              		.thumb_func
 773              	HAL_FLASH_OB_Lock:
 774              	.LFB247:
 476:Drivers/STM32F4xx_HAL_Driver/Src/stm32f4xx_hal_flash.c **** 
 477:Drivers/STM32F4xx_HAL_Driver/Src/stm32f4xx_hal_flash.c **** /**
 478:Drivers/STM32F4xx_HAL_Driver/Src/stm32f4xx_hal_flash.c ****   * @brief  Lock the FLASH Option Control Registers access.
 479:Drivers/STM32F4xx_HAL_Driver/Src/stm32f4xx_hal_flash.c ****   * @retval HAL Status
 480:Drivers/STM32F4xx_HAL_Driver/Src/stm32f4xx_hal_flash.c ****   */
 481:Drivers/STM32F4xx_HAL_Driver/Src/stm32f4xx_hal_flash.c **** HAL_StatusTypeDef HAL_FLASH_OB_Lock(void)
 482:Drivers/STM32F4xx_HAL_Driver/Src/stm32f4xx_hal_flash.c **** {
 775              		.loc 1 482 1
 776              		.cfi_startproc
 777              		@ args = 0, pretend = 0, frame = 0
 778              		@ frame_needed = 1, uses_anonymous_args = 0
 779              		@ link register save eliminated.
 780 0000 80B4     		push	{r7}
 781              	.LCFI41:
 782              		.cfi_def_cfa_offset 4
 783              		.cfi_offset 7, -4
 784 0002 00AF     		add	r7, sp, #0
 785              	.LCFI42:
 786              		.cfi_def_cfa_register 7
ARM GAS  /tmp/ccF15fEM.s 			page 23


 483:Drivers/STM32F4xx_HAL_Driver/Src/stm32f4xx_hal_flash.c ****   /* Set the OPTLOCK Bit to lock the FLASH Option Byte Registers access */
 484:Drivers/STM32F4xx_HAL_Driver/Src/stm32f4xx_hal_flash.c ****   FLASH->OPTCR |= FLASH_OPTCR_OPTLOCK;
 787              		.loc 1 484 8
 788 0004 054B     		ldr	r3, .L52
 789 0006 5B69     		ldr	r3, [r3, #20]
 790 0008 044A     		ldr	r2, .L52
 791              		.loc 1 484 16
 792 000a 43F00103 		orr	r3, r3, #1
 793 000e 5361     		str	r3, [r2, #20]
 485:Drivers/STM32F4xx_HAL_Driver/Src/stm32f4xx_hal_flash.c **** 
 486:Drivers/STM32F4xx_HAL_Driver/Src/stm32f4xx_hal_flash.c ****   return HAL_OK;
 794              		.loc 1 486 10
 795 0010 0023     		movs	r3, #0
 487:Drivers/STM32F4xx_HAL_Driver/Src/stm32f4xx_hal_flash.c **** }
 796              		.loc 1 487 1
 797 0012 1846     		mov	r0, r3
 798 0014 BD46     		mov	sp, r7
 799              	.LCFI43:
 800              		.cfi_def_cfa_register 13
 801              		@ sp needed
 802 0016 5DF8047B 		ldr	r7, [sp], #4
 803              	.LCFI44:
 804              		.cfi_restore 7
 805              		.cfi_def_cfa_offset 0
 806 001a 7047     		bx	lr
 807              	.L53:
 808              		.align	2
 809              	.L52:
 810 001c 003C0240 		.word	1073888256
 811              		.cfi_endproc
 812              	.LFE247:
 814              		.section	.text.HAL_FLASH_OB_Launch,"ax",%progbits
 815              		.align	1
 816              		.global	HAL_FLASH_OB_Launch
 817              		.syntax unified
 818              		.thumb
 819              		.thumb_func
 821              	HAL_FLASH_OB_Launch:
 822              	.LFB248:
 488:Drivers/STM32F4xx_HAL_Driver/Src/stm32f4xx_hal_flash.c **** 
 489:Drivers/STM32F4xx_HAL_Driver/Src/stm32f4xx_hal_flash.c **** /**
 490:Drivers/STM32F4xx_HAL_Driver/Src/stm32f4xx_hal_flash.c ****   * @brief  Launch the option byte loading.
 491:Drivers/STM32F4xx_HAL_Driver/Src/stm32f4xx_hal_flash.c ****   * @retval HAL Status
 492:Drivers/STM32F4xx_HAL_Driver/Src/stm32f4xx_hal_flash.c ****   */
 493:Drivers/STM32F4xx_HAL_Driver/Src/stm32f4xx_hal_flash.c **** HAL_StatusTypeDef HAL_FLASH_OB_Launch(void)
 494:Drivers/STM32F4xx_HAL_Driver/Src/stm32f4xx_hal_flash.c **** {
 823              		.loc 1 494 1
 824              		.cfi_startproc
 825              		@ args = 0, pretend = 0, frame = 0
 826              		@ frame_needed = 1, uses_anonymous_args = 0
 827 0000 80B5     		push	{r7, lr}
 828              	.LCFI45:
 829              		.cfi_def_cfa_offset 8
 830              		.cfi_offset 7, -8
 831              		.cfi_offset 14, -4
 832 0002 00AF     		add	r7, sp, #0
 833              	.LCFI46:
ARM GAS  /tmp/ccF15fEM.s 			page 24


 834              		.cfi_def_cfa_register 7
 495:Drivers/STM32F4xx_HAL_Driver/Src/stm32f4xx_hal_flash.c ****   /* Set the OPTSTRT bit in OPTCR register */
 496:Drivers/STM32F4xx_HAL_Driver/Src/stm32f4xx_hal_flash.c ****   *(__IO uint8_t *)OPTCR_BYTE0_ADDRESS |= FLASH_OPTCR_OPTSTRT;
 835              		.loc 1 496 3
 836 0004 074B     		ldr	r3, .L56
 837 0006 1B78     		ldrb	r3, [r3]
 838 0008 DBB2     		uxtb	r3, r3
 839 000a 064A     		ldr	r2, .L56
 840              		.loc 1 496 40
 841 000c 43F00203 		orr	r3, r3, #2
 842 0010 DBB2     		uxtb	r3, r3
 843 0012 1370     		strb	r3, [r2]
 497:Drivers/STM32F4xx_HAL_Driver/Src/stm32f4xx_hal_flash.c **** 
 498:Drivers/STM32F4xx_HAL_Driver/Src/stm32f4xx_hal_flash.c ****   /* Wait for last operation to be completed */
 499:Drivers/STM32F4xx_HAL_Driver/Src/stm32f4xx_hal_flash.c ****   return (FLASH_WaitForLastOperation((uint32_t)FLASH_TIMEOUT_VALUE));
 844              		.loc 1 499 11
 845 0014 4CF25030 		movw	r0, #50000
 846 0018 FFF7FEFF 		bl	FLASH_WaitForLastOperation
 847 001c 0346     		mov	r3, r0
 500:Drivers/STM32F4xx_HAL_Driver/Src/stm32f4xx_hal_flash.c **** }
 848              		.loc 1 500 1
 849 001e 1846     		mov	r0, r3
 850 0020 80BD     		pop	{r7, pc}
 851              	.L57:
 852 0022 00BF     		.align	2
 853              	.L56:
 854 0024 143C0240 		.word	1073888276
 855              		.cfi_endproc
 856              	.LFE248:
 858              		.section	.text.HAL_FLASH_GetError,"ax",%progbits
 859              		.align	1
 860              		.global	HAL_FLASH_GetError
 861              		.syntax unified
 862              		.thumb
 863              		.thumb_func
 865              	HAL_FLASH_GetError:
 866              	.LFB249:
 501:Drivers/STM32F4xx_HAL_Driver/Src/stm32f4xx_hal_flash.c **** 
 502:Drivers/STM32F4xx_HAL_Driver/Src/stm32f4xx_hal_flash.c **** /**
 503:Drivers/STM32F4xx_HAL_Driver/Src/stm32f4xx_hal_flash.c ****   * @}
 504:Drivers/STM32F4xx_HAL_Driver/Src/stm32f4xx_hal_flash.c ****   */
 505:Drivers/STM32F4xx_HAL_Driver/Src/stm32f4xx_hal_flash.c **** 
 506:Drivers/STM32F4xx_HAL_Driver/Src/stm32f4xx_hal_flash.c **** /** @defgroup FLASH_Exported_Functions_Group3 Peripheral State and Errors functions
 507:Drivers/STM32F4xx_HAL_Driver/Src/stm32f4xx_hal_flash.c ****   *  @brief   Peripheral Errors functions
 508:Drivers/STM32F4xx_HAL_Driver/Src/stm32f4xx_hal_flash.c ****   *
 509:Drivers/STM32F4xx_HAL_Driver/Src/stm32f4xx_hal_flash.c **** @verbatim
 510:Drivers/STM32F4xx_HAL_Driver/Src/stm32f4xx_hal_flash.c ****  ===============================================================================
 511:Drivers/STM32F4xx_HAL_Driver/Src/stm32f4xx_hal_flash.c ****                 ##### Peripheral Errors functions #####
 512:Drivers/STM32F4xx_HAL_Driver/Src/stm32f4xx_hal_flash.c ****  ===============================================================================
 513:Drivers/STM32F4xx_HAL_Driver/Src/stm32f4xx_hal_flash.c ****     [..]
 514:Drivers/STM32F4xx_HAL_Driver/Src/stm32f4xx_hal_flash.c ****     This subsection permits to get in run-time Errors of the FLASH peripheral.
 515:Drivers/STM32F4xx_HAL_Driver/Src/stm32f4xx_hal_flash.c **** 
 516:Drivers/STM32F4xx_HAL_Driver/Src/stm32f4xx_hal_flash.c **** @endverbatim
 517:Drivers/STM32F4xx_HAL_Driver/Src/stm32f4xx_hal_flash.c ****   * @{
 518:Drivers/STM32F4xx_HAL_Driver/Src/stm32f4xx_hal_flash.c ****   */
 519:Drivers/STM32F4xx_HAL_Driver/Src/stm32f4xx_hal_flash.c **** 
 520:Drivers/STM32F4xx_HAL_Driver/Src/stm32f4xx_hal_flash.c **** /**
ARM GAS  /tmp/ccF15fEM.s 			page 25


 521:Drivers/STM32F4xx_HAL_Driver/Src/stm32f4xx_hal_flash.c ****   * @brief  Get the specific FLASH error flag.
 522:Drivers/STM32F4xx_HAL_Driver/Src/stm32f4xx_hal_flash.c ****   * @retval FLASH_ErrorCode: The returned value can be a combination of:
 523:Drivers/STM32F4xx_HAL_Driver/Src/stm32f4xx_hal_flash.c ****   *            @arg HAL_FLASH_ERROR_RD: FLASH Read Protection error flag (PCROP)
 524:Drivers/STM32F4xx_HAL_Driver/Src/stm32f4xx_hal_flash.c ****   *            @arg HAL_FLASH_ERROR_PGS: FLASH Programming Sequence error flag
 525:Drivers/STM32F4xx_HAL_Driver/Src/stm32f4xx_hal_flash.c ****   *            @arg HAL_FLASH_ERROR_PGP: FLASH Programming Parallelism error flag
 526:Drivers/STM32F4xx_HAL_Driver/Src/stm32f4xx_hal_flash.c ****   *            @arg HAL_FLASH_ERROR_PGA: FLASH Programming Alignment error flag
 527:Drivers/STM32F4xx_HAL_Driver/Src/stm32f4xx_hal_flash.c ****   *            @arg HAL_FLASH_ERROR_WRP: FLASH Write protected error flag
 528:Drivers/STM32F4xx_HAL_Driver/Src/stm32f4xx_hal_flash.c ****   *            @arg HAL_FLASH_ERROR_OPERATION: FLASH operation Error flag
 529:Drivers/STM32F4xx_HAL_Driver/Src/stm32f4xx_hal_flash.c ****   */
 530:Drivers/STM32F4xx_HAL_Driver/Src/stm32f4xx_hal_flash.c **** uint32_t HAL_FLASH_GetError(void)
 531:Drivers/STM32F4xx_HAL_Driver/Src/stm32f4xx_hal_flash.c **** {
 867              		.loc 1 531 1
 868              		.cfi_startproc
 869              		@ args = 0, pretend = 0, frame = 0
 870              		@ frame_needed = 1, uses_anonymous_args = 0
 871              		@ link register save eliminated.
 872 0000 80B4     		push	{r7}
 873              	.LCFI47:
 874              		.cfi_def_cfa_offset 4
 875              		.cfi_offset 7, -4
 876 0002 00AF     		add	r7, sp, #0
 877              	.LCFI48:
 878              		.cfi_def_cfa_register 7
 532:Drivers/STM32F4xx_HAL_Driver/Src/stm32f4xx_hal_flash.c ****   return pFlash.ErrorCode;
 879              		.loc 1 532 16
 880 0004 034B     		ldr	r3, .L60
 881 0006 DB69     		ldr	r3, [r3, #28]
 533:Drivers/STM32F4xx_HAL_Driver/Src/stm32f4xx_hal_flash.c **** }
 882              		.loc 1 533 1
 883 0008 1846     		mov	r0, r3
 884 000a BD46     		mov	sp, r7
 885              	.LCFI49:
 886              		.cfi_def_cfa_register 13
 887              		@ sp needed
 888 000c 5DF8047B 		ldr	r7, [sp], #4
 889              	.LCFI50:
 890              		.cfi_restore 7
 891              		.cfi_def_cfa_offset 0
 892 0010 7047     		bx	lr
 893              	.L61:
 894 0012 00BF     		.align	2
 895              	.L60:
 896 0014 00000000 		.word	pFlash
 897              		.cfi_endproc
 898              	.LFE249:
 900              		.section	.text.FLASH_WaitForLastOperation,"ax",%progbits
 901              		.align	1
 902              		.global	FLASH_WaitForLastOperation
 903              		.syntax unified
 904              		.thumb
 905              		.thumb_func
 907              	FLASH_WaitForLastOperation:
 908              	.LFB250:
 534:Drivers/STM32F4xx_HAL_Driver/Src/stm32f4xx_hal_flash.c **** 
 535:Drivers/STM32F4xx_HAL_Driver/Src/stm32f4xx_hal_flash.c **** /**
 536:Drivers/STM32F4xx_HAL_Driver/Src/stm32f4xx_hal_flash.c ****   * @}
 537:Drivers/STM32F4xx_HAL_Driver/Src/stm32f4xx_hal_flash.c ****   */
ARM GAS  /tmp/ccF15fEM.s 			page 26


 538:Drivers/STM32F4xx_HAL_Driver/Src/stm32f4xx_hal_flash.c **** 
 539:Drivers/STM32F4xx_HAL_Driver/Src/stm32f4xx_hal_flash.c **** /**
 540:Drivers/STM32F4xx_HAL_Driver/Src/stm32f4xx_hal_flash.c ****   * @brief  Wait for a FLASH operation to complete.
 541:Drivers/STM32F4xx_HAL_Driver/Src/stm32f4xx_hal_flash.c ****   * @param  Timeout maximum flash operationtimeout
 542:Drivers/STM32F4xx_HAL_Driver/Src/stm32f4xx_hal_flash.c ****   * @retval HAL Status
 543:Drivers/STM32F4xx_HAL_Driver/Src/stm32f4xx_hal_flash.c ****   */
 544:Drivers/STM32F4xx_HAL_Driver/Src/stm32f4xx_hal_flash.c **** HAL_StatusTypeDef FLASH_WaitForLastOperation(uint32_t Timeout)
 545:Drivers/STM32F4xx_HAL_Driver/Src/stm32f4xx_hal_flash.c **** {
 909              		.loc 1 545 1
 910              		.cfi_startproc
 911              		@ args = 0, pretend = 0, frame = 16
 912              		@ frame_needed = 1, uses_anonymous_args = 0
 913 0000 80B5     		push	{r7, lr}
 914              	.LCFI51:
 915              		.cfi_def_cfa_offset 8
 916              		.cfi_offset 7, -8
 917              		.cfi_offset 14, -4
 918 0002 84B0     		sub	sp, sp, #16
 919              	.LCFI52:
 920              		.cfi_def_cfa_offset 24
 921 0004 00AF     		add	r7, sp, #0
 922              	.LCFI53:
 923              		.cfi_def_cfa_register 7
 924 0006 7860     		str	r0, [r7, #4]
 546:Drivers/STM32F4xx_HAL_Driver/Src/stm32f4xx_hal_flash.c ****   uint32_t tickstart = 0U;
 925              		.loc 1 546 12
 926 0008 0023     		movs	r3, #0
 927 000a FB60     		str	r3, [r7, #12]
 547:Drivers/STM32F4xx_HAL_Driver/Src/stm32f4xx_hal_flash.c **** 
 548:Drivers/STM32F4xx_HAL_Driver/Src/stm32f4xx_hal_flash.c ****   /* Clear Error Code */
 549:Drivers/STM32F4xx_HAL_Driver/Src/stm32f4xx_hal_flash.c ****   pFlash.ErrorCode = HAL_FLASH_ERROR_NONE;
 928              		.loc 1 549 20
 929 000c 1A4B     		ldr	r3, .L70
 930 000e 0022     		movs	r2, #0
 931 0010 DA61     		str	r2, [r3, #28]
 550:Drivers/STM32F4xx_HAL_Driver/Src/stm32f4xx_hal_flash.c **** 
 551:Drivers/STM32F4xx_HAL_Driver/Src/stm32f4xx_hal_flash.c ****   /* Wait for the FLASH operation to complete by polling on BUSY flag to be reset.
 552:Drivers/STM32F4xx_HAL_Driver/Src/stm32f4xx_hal_flash.c ****      Even if the FLASH operation fails, the BUSY flag will be reset and an error
 553:Drivers/STM32F4xx_HAL_Driver/Src/stm32f4xx_hal_flash.c ****      flag will be set */
 554:Drivers/STM32F4xx_HAL_Driver/Src/stm32f4xx_hal_flash.c ****   /* Get tick */
 555:Drivers/STM32F4xx_HAL_Driver/Src/stm32f4xx_hal_flash.c ****   tickstart = HAL_GetTick();
 932              		.loc 1 555 15
 933 0012 FFF7FEFF 		bl	HAL_GetTick
 934 0016 F860     		str	r0, [r7, #12]
 556:Drivers/STM32F4xx_HAL_Driver/Src/stm32f4xx_hal_flash.c **** 
 557:Drivers/STM32F4xx_HAL_Driver/Src/stm32f4xx_hal_flash.c ****   while (__HAL_FLASH_GET_FLAG(FLASH_FLAG_BSY) != RESET)
 935              		.loc 1 557 9
 936 0018 10E0     		b	.L64
 937              	.L67:
 558:Drivers/STM32F4xx_HAL_Driver/Src/stm32f4xx_hal_flash.c ****   {
 559:Drivers/STM32F4xx_HAL_Driver/Src/stm32f4xx_hal_flash.c ****     if (Timeout != HAL_MAX_DELAY)
 938              		.loc 1 559 8
 939 001a 7B68     		ldr	r3, [r7, #4]
 940 001c B3F1FF3F 		cmp	r3, #-1
 941 0020 0CD0     		beq	.L64
 560:Drivers/STM32F4xx_HAL_Driver/Src/stm32f4xx_hal_flash.c ****     {
 561:Drivers/STM32F4xx_HAL_Driver/Src/stm32f4xx_hal_flash.c ****       if ((Timeout == 0U) || ((HAL_GetTick() - tickstart) > Timeout))
ARM GAS  /tmp/ccF15fEM.s 			page 27


 942              		.loc 1 561 10
 943 0022 7B68     		ldr	r3, [r7, #4]
 944 0024 002B     		cmp	r3, #0
 945 0026 07D0     		beq	.L65
 946              		.loc 1 561 32 discriminator 1
 947 0028 FFF7FEFF 		bl	HAL_GetTick
 948 002c 0246     		mov	r2, r0
 949              		.loc 1 561 46 discriminator 1
 950 002e FB68     		ldr	r3, [r7, #12]
 951 0030 D31A     		subs	r3, r2, r3
 952              		.loc 1 561 27 discriminator 1
 953 0032 7A68     		ldr	r2, [r7, #4]
 954 0034 9A42     		cmp	r2, r3
 955 0036 01D2     		bcs	.L64
 956              	.L65:
 562:Drivers/STM32F4xx_HAL_Driver/Src/stm32f4xx_hal_flash.c ****       {
 563:Drivers/STM32F4xx_HAL_Driver/Src/stm32f4xx_hal_flash.c ****         return HAL_TIMEOUT;
 957              		.loc 1 563 16
 958 0038 0323     		movs	r3, #3
 959 003a 19E0     		b	.L66
 960              	.L64:
 557:Drivers/STM32F4xx_HAL_Driver/Src/stm32f4xx_hal_flash.c ****   {
 961              		.loc 1 557 10
 962 003c 0F4B     		ldr	r3, .L70+4
 963 003e DB68     		ldr	r3, [r3, #12]
 964 0040 03F48033 		and	r3, r3, #65536
 557:Drivers/STM32F4xx_HAL_Driver/Src/stm32f4xx_hal_flash.c ****   {
 965              		.loc 1 557 47
 966 0044 002B     		cmp	r3, #0
 967 0046 E8D1     		bne	.L67
 564:Drivers/STM32F4xx_HAL_Driver/Src/stm32f4xx_hal_flash.c ****       }
 565:Drivers/STM32F4xx_HAL_Driver/Src/stm32f4xx_hal_flash.c ****     }
 566:Drivers/STM32F4xx_HAL_Driver/Src/stm32f4xx_hal_flash.c ****   }
 567:Drivers/STM32F4xx_HAL_Driver/Src/stm32f4xx_hal_flash.c **** 
 568:Drivers/STM32F4xx_HAL_Driver/Src/stm32f4xx_hal_flash.c ****   /* Check FLASH End of Operation flag  */
 569:Drivers/STM32F4xx_HAL_Driver/Src/stm32f4xx_hal_flash.c ****   if (__HAL_FLASH_GET_FLAG(FLASH_FLAG_EOP) != RESET)
 968              		.loc 1 569 7
 969 0048 0C4B     		ldr	r3, .L70+4
 970 004a DB68     		ldr	r3, [r3, #12]
 971 004c 03F00103 		and	r3, r3, #1
 972              		.loc 1 569 6
 973 0050 002B     		cmp	r3, #0
 974 0052 02D0     		beq	.L68
 570:Drivers/STM32F4xx_HAL_Driver/Src/stm32f4xx_hal_flash.c ****   {
 571:Drivers/STM32F4xx_HAL_Driver/Src/stm32f4xx_hal_flash.c ****     /* Clear FLASH End of Operation pending bit */
 572:Drivers/STM32F4xx_HAL_Driver/Src/stm32f4xx_hal_flash.c ****     __HAL_FLASH_CLEAR_FLAG(FLASH_FLAG_EOP);
 975              		.loc 1 572 5
 976 0054 094B     		ldr	r3, .L70+4
 977 0056 0122     		movs	r2, #1
 978 0058 DA60     		str	r2, [r3, #12]
 979              	.L68:
 573:Drivers/STM32F4xx_HAL_Driver/Src/stm32f4xx_hal_flash.c ****   }
 574:Drivers/STM32F4xx_HAL_Driver/Src/stm32f4xx_hal_flash.c **** #if defined(FLASH_SR_RDERR)
 575:Drivers/STM32F4xx_HAL_Driver/Src/stm32f4xx_hal_flash.c ****   if (__HAL_FLASH_GET_FLAG((FLASH_FLAG_OPERR | FLASH_FLAG_WRPERR | FLASH_FLAG_PGAERR | \
 576:Drivers/STM32F4xx_HAL_Driver/Src/stm32f4xx_hal_flash.c ****                             FLASH_FLAG_PGPERR | FLASH_FLAG_PGSERR | FLASH_FLAG_RDERR)) != RESET)
 577:Drivers/STM32F4xx_HAL_Driver/Src/stm32f4xx_hal_flash.c **** #else
 578:Drivers/STM32F4xx_HAL_Driver/Src/stm32f4xx_hal_flash.c ****   if (__HAL_FLASH_GET_FLAG((FLASH_FLAG_OPERR | FLASH_FLAG_WRPERR | FLASH_FLAG_PGAERR | \
ARM GAS  /tmp/ccF15fEM.s 			page 28


 980              		.loc 1 578 7
 981 005a 084B     		ldr	r3, .L70+4
 982 005c DB68     		ldr	r3, [r3, #12]
 983 005e 03F0F203 		and	r3, r3, #242
 984              		.loc 1 578 6
 985 0062 002B     		cmp	r3, #0
 986 0064 03D0     		beq	.L69
 579:Drivers/STM32F4xx_HAL_Driver/Src/stm32f4xx_hal_flash.c ****                             FLASH_FLAG_PGPERR | FLASH_FLAG_PGSERR)) != RESET)
 580:Drivers/STM32F4xx_HAL_Driver/Src/stm32f4xx_hal_flash.c **** #endif /* FLASH_SR_RDERR */
 581:Drivers/STM32F4xx_HAL_Driver/Src/stm32f4xx_hal_flash.c ****   {
 582:Drivers/STM32F4xx_HAL_Driver/Src/stm32f4xx_hal_flash.c ****     /*Save the error code*/
 583:Drivers/STM32F4xx_HAL_Driver/Src/stm32f4xx_hal_flash.c ****     FLASH_SetErrorCode();
 987              		.loc 1 583 5
 988 0066 FFF7FEFF 		bl	FLASH_SetErrorCode
 584:Drivers/STM32F4xx_HAL_Driver/Src/stm32f4xx_hal_flash.c ****     return HAL_ERROR;
 989              		.loc 1 584 12
 990 006a 0123     		movs	r3, #1
 991 006c 00E0     		b	.L66
 992              	.L69:
 585:Drivers/STM32F4xx_HAL_Driver/Src/stm32f4xx_hal_flash.c ****   }
 586:Drivers/STM32F4xx_HAL_Driver/Src/stm32f4xx_hal_flash.c **** 
 587:Drivers/STM32F4xx_HAL_Driver/Src/stm32f4xx_hal_flash.c ****   /* If there is no error flag set */
 588:Drivers/STM32F4xx_HAL_Driver/Src/stm32f4xx_hal_flash.c ****   return HAL_OK;
 993              		.loc 1 588 10
 994 006e 0023     		movs	r3, #0
 995              	.L66:
 589:Drivers/STM32F4xx_HAL_Driver/Src/stm32f4xx_hal_flash.c **** 
 590:Drivers/STM32F4xx_HAL_Driver/Src/stm32f4xx_hal_flash.c **** }
 996              		.loc 1 590 1
 997 0070 1846     		mov	r0, r3
 998 0072 1037     		adds	r7, r7, #16
 999              	.LCFI54:
 1000              		.cfi_def_cfa_offset 8
 1001 0074 BD46     		mov	sp, r7
 1002              	.LCFI55:
 1003              		.cfi_def_cfa_register 13
 1004              		@ sp needed
 1005 0076 80BD     		pop	{r7, pc}
 1006              	.L71:
 1007              		.align	2
 1008              	.L70:
 1009 0078 00000000 		.word	pFlash
 1010 007c 003C0240 		.word	1073888256
 1011              		.cfi_endproc
 1012              	.LFE250:
 1014              		.section	.text.FLASH_Program_DoubleWord,"ax",%progbits
 1015              		.align	1
 1016              		.syntax unified
 1017              		.thumb
 1018              		.thumb_func
 1020              	FLASH_Program_DoubleWord:
 1021              	.LFB251:
 591:Drivers/STM32F4xx_HAL_Driver/Src/stm32f4xx_hal_flash.c **** 
 592:Drivers/STM32F4xx_HAL_Driver/Src/stm32f4xx_hal_flash.c **** /**
 593:Drivers/STM32F4xx_HAL_Driver/Src/stm32f4xx_hal_flash.c ****   * @brief  Program a double word (64-bit) at a specified address.
 594:Drivers/STM32F4xx_HAL_Driver/Src/stm32f4xx_hal_flash.c ****   * @note   This function must be used when the device voltage range is from
 595:Drivers/STM32F4xx_HAL_Driver/Src/stm32f4xx_hal_flash.c ****   *         2.7V to 3.6V and Vpp in the range 7V to 9V.
ARM GAS  /tmp/ccF15fEM.s 			page 29


 596:Drivers/STM32F4xx_HAL_Driver/Src/stm32f4xx_hal_flash.c ****   *
 597:Drivers/STM32F4xx_HAL_Driver/Src/stm32f4xx_hal_flash.c ****   * @note   If an erase and a program operations are requested simultaneously,
 598:Drivers/STM32F4xx_HAL_Driver/Src/stm32f4xx_hal_flash.c ****   *         the erase operation is performed before the program one.
 599:Drivers/STM32F4xx_HAL_Driver/Src/stm32f4xx_hal_flash.c ****   *
 600:Drivers/STM32F4xx_HAL_Driver/Src/stm32f4xx_hal_flash.c ****   * @param  Address specifies the address to be programmed.
 601:Drivers/STM32F4xx_HAL_Driver/Src/stm32f4xx_hal_flash.c ****   * @param  Data specifies the data to be programmed.
 602:Drivers/STM32F4xx_HAL_Driver/Src/stm32f4xx_hal_flash.c ****   * @retval None
 603:Drivers/STM32F4xx_HAL_Driver/Src/stm32f4xx_hal_flash.c ****   */
 604:Drivers/STM32F4xx_HAL_Driver/Src/stm32f4xx_hal_flash.c **** static void FLASH_Program_DoubleWord(uint32_t Address, uint64_t Data)
 605:Drivers/STM32F4xx_HAL_Driver/Src/stm32f4xx_hal_flash.c **** {
 1022              		.loc 1 605 1
 1023              		.cfi_startproc
 1024              		@ args = 0, pretend = 0, frame = 16
 1025              		@ frame_needed = 1, uses_anonymous_args = 0
 1026              		@ link register save eliminated.
 1027 0000 80B4     		push	{r7}
 1028              	.LCFI56:
 1029              		.cfi_def_cfa_offset 4
 1030              		.cfi_offset 7, -4
 1031 0002 85B0     		sub	sp, sp, #20
 1032              	.LCFI57:
 1033              		.cfi_def_cfa_offset 24
 1034 0004 00AF     		add	r7, sp, #0
 1035              	.LCFI58:
 1036              		.cfi_def_cfa_register 7
 1037 0006 F860     		str	r0, [r7, #12]
 1038 0008 C7E90023 		strd	r2, [r7]
 606:Drivers/STM32F4xx_HAL_Driver/Src/stm32f4xx_hal_flash.c ****   /* Check the parameters */
 607:Drivers/STM32F4xx_HAL_Driver/Src/stm32f4xx_hal_flash.c ****   assert_param(IS_FLASH_ADDRESS(Address));
 608:Drivers/STM32F4xx_HAL_Driver/Src/stm32f4xx_hal_flash.c **** 
 609:Drivers/STM32F4xx_HAL_Driver/Src/stm32f4xx_hal_flash.c ****   /* If the previous operation is completed, proceed to program the new data */
 610:Drivers/STM32F4xx_HAL_Driver/Src/stm32f4xx_hal_flash.c ****   CLEAR_BIT(FLASH->CR, FLASH_CR_PSIZE);
 1039              		.loc 1 610 3
 1040 000c 144B     		ldr	r3, .L73
 1041 000e 1B69     		ldr	r3, [r3, #16]
 1042 0010 134A     		ldr	r2, .L73
 1043 0012 23F44073 		bic	r3, r3, #768
 1044 0016 1361     		str	r3, [r2, #16]
 611:Drivers/STM32F4xx_HAL_Driver/Src/stm32f4xx_hal_flash.c ****   FLASH->CR |= FLASH_PSIZE_DOUBLE_WORD;
 1045              		.loc 1 611 8
 1046 0018 114B     		ldr	r3, .L73
 1047 001a 1B69     		ldr	r3, [r3, #16]
 1048 001c 104A     		ldr	r2, .L73
 1049              		.loc 1 611 13
 1050 001e 43F44073 		orr	r3, r3, #768
 1051 0022 1361     		str	r3, [r2, #16]
 612:Drivers/STM32F4xx_HAL_Driver/Src/stm32f4xx_hal_flash.c ****   FLASH->CR |= FLASH_CR_PG;
 1052              		.loc 1 612 8
 1053 0024 0E4B     		ldr	r3, .L73
 1054 0026 1B69     		ldr	r3, [r3, #16]
 1055 0028 0D4A     		ldr	r2, .L73
 1056              		.loc 1 612 13
 1057 002a 43F00103 		orr	r3, r3, #1
 1058 002e 1361     		str	r3, [r2, #16]
 613:Drivers/STM32F4xx_HAL_Driver/Src/stm32f4xx_hal_flash.c **** 
 614:Drivers/STM32F4xx_HAL_Driver/Src/stm32f4xx_hal_flash.c ****   /* Program first word */
 615:Drivers/STM32F4xx_HAL_Driver/Src/stm32f4xx_hal_flash.c ****   *(__IO uint32_t *)Address = (uint32_t)Data;
ARM GAS  /tmp/ccF15fEM.s 			page 30


 1059              		.loc 1 615 4
 1060 0030 FB68     		ldr	r3, [r7, #12]
 1061              		.loc 1 615 31
 1062 0032 3A68     		ldr	r2, [r7]
 1063              		.loc 1 615 29
 1064 0034 1A60     		str	r2, [r3]
 1065              	.LBB4:
 1066              	.LBB5:
 1067              		.file 2 "Drivers/CMSIS/Include/cmsis_gcc.h"
   1:Drivers/CMSIS/Include/cmsis_gcc.h **** /**************************************************************************//**
   2:Drivers/CMSIS/Include/cmsis_gcc.h ****  * @file     cmsis_gcc.h
   3:Drivers/CMSIS/Include/cmsis_gcc.h ****  * @brief    CMSIS compiler GCC header file
   4:Drivers/CMSIS/Include/cmsis_gcc.h ****  * @version  V5.4.1
   5:Drivers/CMSIS/Include/cmsis_gcc.h ****  * @date     27. May 2021
   6:Drivers/CMSIS/Include/cmsis_gcc.h ****  ******************************************************************************/
   7:Drivers/CMSIS/Include/cmsis_gcc.h **** /*
   8:Drivers/CMSIS/Include/cmsis_gcc.h ****  * Copyright (c) 2009-2021 Arm Limited. All rights reserved.
   9:Drivers/CMSIS/Include/cmsis_gcc.h ****  *
  10:Drivers/CMSIS/Include/cmsis_gcc.h ****  * SPDX-License-Identifier: Apache-2.0
  11:Drivers/CMSIS/Include/cmsis_gcc.h ****  *
  12:Drivers/CMSIS/Include/cmsis_gcc.h ****  * Licensed under the Apache License, Version 2.0 (the License); you may
  13:Drivers/CMSIS/Include/cmsis_gcc.h ****  * not use this file except in compliance with the License.
  14:Drivers/CMSIS/Include/cmsis_gcc.h ****  * You may obtain a copy of the License at
  15:Drivers/CMSIS/Include/cmsis_gcc.h ****  *
  16:Drivers/CMSIS/Include/cmsis_gcc.h ****  * www.apache.org/licenses/LICENSE-2.0
  17:Drivers/CMSIS/Include/cmsis_gcc.h ****  *
  18:Drivers/CMSIS/Include/cmsis_gcc.h ****  * Unless required by applicable law or agreed to in writing, software
  19:Drivers/CMSIS/Include/cmsis_gcc.h ****  * distributed under the License is distributed on an AS IS BASIS, WITHOUT
  20:Drivers/CMSIS/Include/cmsis_gcc.h ****  * WARRANTIES OR CONDITIONS OF ANY KIND, either express or implied.
  21:Drivers/CMSIS/Include/cmsis_gcc.h ****  * See the License for the specific language governing permissions and
  22:Drivers/CMSIS/Include/cmsis_gcc.h ****  * limitations under the License.
  23:Drivers/CMSIS/Include/cmsis_gcc.h ****  */
  24:Drivers/CMSIS/Include/cmsis_gcc.h **** 
  25:Drivers/CMSIS/Include/cmsis_gcc.h **** #ifndef __CMSIS_GCC_H
  26:Drivers/CMSIS/Include/cmsis_gcc.h **** #define __CMSIS_GCC_H
  27:Drivers/CMSIS/Include/cmsis_gcc.h **** 
  28:Drivers/CMSIS/Include/cmsis_gcc.h **** /* ignore some GCC warnings */
  29:Drivers/CMSIS/Include/cmsis_gcc.h **** #pragma GCC diagnostic push
  30:Drivers/CMSIS/Include/cmsis_gcc.h **** #pragma GCC diagnostic ignored "-Wsign-conversion"
  31:Drivers/CMSIS/Include/cmsis_gcc.h **** #pragma GCC diagnostic ignored "-Wconversion"
  32:Drivers/CMSIS/Include/cmsis_gcc.h **** #pragma GCC diagnostic ignored "-Wunused-parameter"
  33:Drivers/CMSIS/Include/cmsis_gcc.h **** 
  34:Drivers/CMSIS/Include/cmsis_gcc.h **** /* Fallback for __has_builtin */
  35:Drivers/CMSIS/Include/cmsis_gcc.h **** #ifndef __has_builtin
  36:Drivers/CMSIS/Include/cmsis_gcc.h ****   #define __has_builtin(x) (0)
  37:Drivers/CMSIS/Include/cmsis_gcc.h **** #endif
  38:Drivers/CMSIS/Include/cmsis_gcc.h **** 
  39:Drivers/CMSIS/Include/cmsis_gcc.h **** /* CMSIS compiler specific defines */
  40:Drivers/CMSIS/Include/cmsis_gcc.h **** #ifndef   __ASM
  41:Drivers/CMSIS/Include/cmsis_gcc.h ****   #define __ASM                                  __asm
  42:Drivers/CMSIS/Include/cmsis_gcc.h **** #endif
  43:Drivers/CMSIS/Include/cmsis_gcc.h **** #ifndef   __INLINE
  44:Drivers/CMSIS/Include/cmsis_gcc.h ****   #define __INLINE                               inline
  45:Drivers/CMSIS/Include/cmsis_gcc.h **** #endif
  46:Drivers/CMSIS/Include/cmsis_gcc.h **** #ifndef   __STATIC_INLINE
  47:Drivers/CMSIS/Include/cmsis_gcc.h ****   #define __STATIC_INLINE                        static inline
  48:Drivers/CMSIS/Include/cmsis_gcc.h **** #endif
ARM GAS  /tmp/ccF15fEM.s 			page 31


  49:Drivers/CMSIS/Include/cmsis_gcc.h **** #ifndef   __STATIC_FORCEINLINE
  50:Drivers/CMSIS/Include/cmsis_gcc.h ****   #define __STATIC_FORCEINLINE                   __attribute__((always_inline)) static inline
  51:Drivers/CMSIS/Include/cmsis_gcc.h **** #endif
  52:Drivers/CMSIS/Include/cmsis_gcc.h **** #ifndef   __NO_RETURN
  53:Drivers/CMSIS/Include/cmsis_gcc.h ****   #define __NO_RETURN                            __attribute__((__noreturn__))
  54:Drivers/CMSIS/Include/cmsis_gcc.h **** #endif
  55:Drivers/CMSIS/Include/cmsis_gcc.h **** #ifndef   __USED
  56:Drivers/CMSIS/Include/cmsis_gcc.h ****   #define __USED                                 __attribute__((used))
  57:Drivers/CMSIS/Include/cmsis_gcc.h **** #endif
  58:Drivers/CMSIS/Include/cmsis_gcc.h **** #ifndef   __WEAK
  59:Drivers/CMSIS/Include/cmsis_gcc.h ****   #define __WEAK                                 __attribute__((weak))
  60:Drivers/CMSIS/Include/cmsis_gcc.h **** #endif
  61:Drivers/CMSIS/Include/cmsis_gcc.h **** #ifndef   __PACKED
  62:Drivers/CMSIS/Include/cmsis_gcc.h ****   #define __PACKED                               __attribute__((packed, aligned(1)))
  63:Drivers/CMSIS/Include/cmsis_gcc.h **** #endif
  64:Drivers/CMSIS/Include/cmsis_gcc.h **** #ifndef   __PACKED_STRUCT
  65:Drivers/CMSIS/Include/cmsis_gcc.h ****   #define __PACKED_STRUCT                        struct __attribute__((packed, aligned(1)))
  66:Drivers/CMSIS/Include/cmsis_gcc.h **** #endif
  67:Drivers/CMSIS/Include/cmsis_gcc.h **** #ifndef   __PACKED_UNION
  68:Drivers/CMSIS/Include/cmsis_gcc.h ****   #define __PACKED_UNION                         union __attribute__((packed, aligned(1)))
  69:Drivers/CMSIS/Include/cmsis_gcc.h **** #endif
  70:Drivers/CMSIS/Include/cmsis_gcc.h **** #ifndef   __UNALIGNED_UINT32        /* deprecated */
  71:Drivers/CMSIS/Include/cmsis_gcc.h ****   #pragma GCC diagnostic push
  72:Drivers/CMSIS/Include/cmsis_gcc.h ****   #pragma GCC diagnostic ignored "-Wpacked"
  73:Drivers/CMSIS/Include/cmsis_gcc.h ****   #pragma GCC diagnostic ignored "-Wattributes"
  74:Drivers/CMSIS/Include/cmsis_gcc.h ****   struct __attribute__((packed)) T_UINT32 { uint32_t v; };
  75:Drivers/CMSIS/Include/cmsis_gcc.h ****   #pragma GCC diagnostic pop
  76:Drivers/CMSIS/Include/cmsis_gcc.h ****   #define __UNALIGNED_UINT32(x)                  (((struct T_UINT32 *)(x))->v)
  77:Drivers/CMSIS/Include/cmsis_gcc.h **** #endif
  78:Drivers/CMSIS/Include/cmsis_gcc.h **** #ifndef   __UNALIGNED_UINT16_WRITE
  79:Drivers/CMSIS/Include/cmsis_gcc.h ****   #pragma GCC diagnostic push
  80:Drivers/CMSIS/Include/cmsis_gcc.h ****   #pragma GCC diagnostic ignored "-Wpacked"
  81:Drivers/CMSIS/Include/cmsis_gcc.h ****   #pragma GCC diagnostic ignored "-Wattributes"
  82:Drivers/CMSIS/Include/cmsis_gcc.h ****   __PACKED_STRUCT T_UINT16_WRITE { uint16_t v; };
  83:Drivers/CMSIS/Include/cmsis_gcc.h ****   #pragma GCC diagnostic pop
  84:Drivers/CMSIS/Include/cmsis_gcc.h ****   #define __UNALIGNED_UINT16_WRITE(addr, val)    (void)((((struct T_UINT16_WRITE *)(void *)(addr))-
  85:Drivers/CMSIS/Include/cmsis_gcc.h **** #endif
  86:Drivers/CMSIS/Include/cmsis_gcc.h **** #ifndef   __UNALIGNED_UINT16_READ
  87:Drivers/CMSIS/Include/cmsis_gcc.h ****   #pragma GCC diagnostic push
  88:Drivers/CMSIS/Include/cmsis_gcc.h ****   #pragma GCC diagnostic ignored "-Wpacked"
  89:Drivers/CMSIS/Include/cmsis_gcc.h ****   #pragma GCC diagnostic ignored "-Wattributes"
  90:Drivers/CMSIS/Include/cmsis_gcc.h ****   __PACKED_STRUCT T_UINT16_READ { uint16_t v; };
  91:Drivers/CMSIS/Include/cmsis_gcc.h ****   #pragma GCC diagnostic pop
  92:Drivers/CMSIS/Include/cmsis_gcc.h ****   #define __UNALIGNED_UINT16_READ(addr)          (((const struct T_UINT16_READ *)(const void *)(add
  93:Drivers/CMSIS/Include/cmsis_gcc.h **** #endif
  94:Drivers/CMSIS/Include/cmsis_gcc.h **** #ifndef   __UNALIGNED_UINT32_WRITE
  95:Drivers/CMSIS/Include/cmsis_gcc.h ****   #pragma GCC diagnostic push
  96:Drivers/CMSIS/Include/cmsis_gcc.h ****   #pragma GCC diagnostic ignored "-Wpacked"
  97:Drivers/CMSIS/Include/cmsis_gcc.h ****   #pragma GCC diagnostic ignored "-Wattributes"
  98:Drivers/CMSIS/Include/cmsis_gcc.h ****   __PACKED_STRUCT T_UINT32_WRITE { uint32_t v; };
  99:Drivers/CMSIS/Include/cmsis_gcc.h ****   #pragma GCC diagnostic pop
 100:Drivers/CMSIS/Include/cmsis_gcc.h ****   #define __UNALIGNED_UINT32_WRITE(addr, val)    (void)((((struct T_UINT32_WRITE *)(void *)(addr))-
 101:Drivers/CMSIS/Include/cmsis_gcc.h **** #endif
 102:Drivers/CMSIS/Include/cmsis_gcc.h **** #ifndef   __UNALIGNED_UINT32_READ
 103:Drivers/CMSIS/Include/cmsis_gcc.h ****   #pragma GCC diagnostic push
 104:Drivers/CMSIS/Include/cmsis_gcc.h ****   #pragma GCC diagnostic ignored "-Wpacked"
 105:Drivers/CMSIS/Include/cmsis_gcc.h ****   #pragma GCC diagnostic ignored "-Wattributes"
ARM GAS  /tmp/ccF15fEM.s 			page 32


 106:Drivers/CMSIS/Include/cmsis_gcc.h ****   __PACKED_STRUCT T_UINT32_READ { uint32_t v; };
 107:Drivers/CMSIS/Include/cmsis_gcc.h ****   #pragma GCC diagnostic pop
 108:Drivers/CMSIS/Include/cmsis_gcc.h ****   #define __UNALIGNED_UINT32_READ(addr)          (((const struct T_UINT32_READ *)(const void *)(add
 109:Drivers/CMSIS/Include/cmsis_gcc.h **** #endif
 110:Drivers/CMSIS/Include/cmsis_gcc.h **** #ifndef   __ALIGNED
 111:Drivers/CMSIS/Include/cmsis_gcc.h ****   #define __ALIGNED(x)                           __attribute__((aligned(x)))
 112:Drivers/CMSIS/Include/cmsis_gcc.h **** #endif
 113:Drivers/CMSIS/Include/cmsis_gcc.h **** #ifndef   __RESTRICT
 114:Drivers/CMSIS/Include/cmsis_gcc.h ****   #define __RESTRICT                             __restrict
 115:Drivers/CMSIS/Include/cmsis_gcc.h **** #endif
 116:Drivers/CMSIS/Include/cmsis_gcc.h **** #ifndef   __COMPILER_BARRIER
 117:Drivers/CMSIS/Include/cmsis_gcc.h ****   #define __COMPILER_BARRIER()                   __ASM volatile("":::"memory")
 118:Drivers/CMSIS/Include/cmsis_gcc.h **** #endif
 119:Drivers/CMSIS/Include/cmsis_gcc.h **** 
 120:Drivers/CMSIS/Include/cmsis_gcc.h **** /* #########################  Startup and Lowlevel Init  ######################## */
 121:Drivers/CMSIS/Include/cmsis_gcc.h **** 
 122:Drivers/CMSIS/Include/cmsis_gcc.h **** #ifndef __PROGRAM_START
 123:Drivers/CMSIS/Include/cmsis_gcc.h **** 
 124:Drivers/CMSIS/Include/cmsis_gcc.h **** /**
 125:Drivers/CMSIS/Include/cmsis_gcc.h ****   \brief   Initializes data and bss sections
 126:Drivers/CMSIS/Include/cmsis_gcc.h ****   \details This default implementations initialized all data and additional bss
 127:Drivers/CMSIS/Include/cmsis_gcc.h ****            sections relying on .copy.table and .zero.table specified properly
 128:Drivers/CMSIS/Include/cmsis_gcc.h ****            in the used linker script.
 129:Drivers/CMSIS/Include/cmsis_gcc.h **** 
 130:Drivers/CMSIS/Include/cmsis_gcc.h ****  */
 131:Drivers/CMSIS/Include/cmsis_gcc.h **** __STATIC_FORCEINLINE __NO_RETURN void __cmsis_start(void)
 132:Drivers/CMSIS/Include/cmsis_gcc.h **** {
 133:Drivers/CMSIS/Include/cmsis_gcc.h ****   extern void _start(void) __NO_RETURN;
 134:Drivers/CMSIS/Include/cmsis_gcc.h **** 
 135:Drivers/CMSIS/Include/cmsis_gcc.h ****   typedef struct {
 136:Drivers/CMSIS/Include/cmsis_gcc.h ****     uint32_t const* src;
 137:Drivers/CMSIS/Include/cmsis_gcc.h ****     uint32_t* dest;
 138:Drivers/CMSIS/Include/cmsis_gcc.h ****     uint32_t  wlen;
 139:Drivers/CMSIS/Include/cmsis_gcc.h ****   } __copy_table_t;
 140:Drivers/CMSIS/Include/cmsis_gcc.h **** 
 141:Drivers/CMSIS/Include/cmsis_gcc.h ****   typedef struct {
 142:Drivers/CMSIS/Include/cmsis_gcc.h ****     uint32_t* dest;
 143:Drivers/CMSIS/Include/cmsis_gcc.h ****     uint32_t  wlen;
 144:Drivers/CMSIS/Include/cmsis_gcc.h ****   } __zero_table_t;
 145:Drivers/CMSIS/Include/cmsis_gcc.h **** 
 146:Drivers/CMSIS/Include/cmsis_gcc.h ****   extern const __copy_table_t __copy_table_start__;
 147:Drivers/CMSIS/Include/cmsis_gcc.h ****   extern const __copy_table_t __copy_table_end__;
 148:Drivers/CMSIS/Include/cmsis_gcc.h ****   extern const __zero_table_t __zero_table_start__;
 149:Drivers/CMSIS/Include/cmsis_gcc.h ****   extern const __zero_table_t __zero_table_end__;
 150:Drivers/CMSIS/Include/cmsis_gcc.h **** 
 151:Drivers/CMSIS/Include/cmsis_gcc.h ****   for (__copy_table_t const* pTable = &__copy_table_start__; pTable < &__copy_table_end__; ++pTable
 152:Drivers/CMSIS/Include/cmsis_gcc.h ****     for(uint32_t i=0u; i<pTable->wlen; ++i) {
 153:Drivers/CMSIS/Include/cmsis_gcc.h ****       pTable->dest[i] = pTable->src[i];
 154:Drivers/CMSIS/Include/cmsis_gcc.h ****     }
 155:Drivers/CMSIS/Include/cmsis_gcc.h ****   }
 156:Drivers/CMSIS/Include/cmsis_gcc.h **** 
 157:Drivers/CMSIS/Include/cmsis_gcc.h ****   for (__zero_table_t const* pTable = &__zero_table_start__; pTable < &__zero_table_end__; ++pTable
 158:Drivers/CMSIS/Include/cmsis_gcc.h ****     for(uint32_t i=0u; i<pTable->wlen; ++i) {
 159:Drivers/CMSIS/Include/cmsis_gcc.h ****       pTable->dest[i] = 0u;
 160:Drivers/CMSIS/Include/cmsis_gcc.h ****     }
 161:Drivers/CMSIS/Include/cmsis_gcc.h ****   }
 162:Drivers/CMSIS/Include/cmsis_gcc.h **** 
ARM GAS  /tmp/ccF15fEM.s 			page 33


 163:Drivers/CMSIS/Include/cmsis_gcc.h ****   _start();
 164:Drivers/CMSIS/Include/cmsis_gcc.h **** }
 165:Drivers/CMSIS/Include/cmsis_gcc.h **** 
 166:Drivers/CMSIS/Include/cmsis_gcc.h **** #define __PROGRAM_START           __cmsis_start
 167:Drivers/CMSIS/Include/cmsis_gcc.h **** #endif
 168:Drivers/CMSIS/Include/cmsis_gcc.h **** 
 169:Drivers/CMSIS/Include/cmsis_gcc.h **** #ifndef __INITIAL_SP
 170:Drivers/CMSIS/Include/cmsis_gcc.h **** #define __INITIAL_SP              __StackTop
 171:Drivers/CMSIS/Include/cmsis_gcc.h **** #endif
 172:Drivers/CMSIS/Include/cmsis_gcc.h **** 
 173:Drivers/CMSIS/Include/cmsis_gcc.h **** #ifndef __STACK_LIMIT
 174:Drivers/CMSIS/Include/cmsis_gcc.h **** #define __STACK_LIMIT             __StackLimit
 175:Drivers/CMSIS/Include/cmsis_gcc.h **** #endif
 176:Drivers/CMSIS/Include/cmsis_gcc.h **** 
 177:Drivers/CMSIS/Include/cmsis_gcc.h **** #ifndef __VECTOR_TABLE
 178:Drivers/CMSIS/Include/cmsis_gcc.h **** #define __VECTOR_TABLE            __Vectors
 179:Drivers/CMSIS/Include/cmsis_gcc.h **** #endif
 180:Drivers/CMSIS/Include/cmsis_gcc.h **** 
 181:Drivers/CMSIS/Include/cmsis_gcc.h **** #ifndef __VECTOR_TABLE_ATTRIBUTE
 182:Drivers/CMSIS/Include/cmsis_gcc.h **** #define __VECTOR_TABLE_ATTRIBUTE  __attribute__((used, section(".vectors")))
 183:Drivers/CMSIS/Include/cmsis_gcc.h **** #endif
 184:Drivers/CMSIS/Include/cmsis_gcc.h **** 
 185:Drivers/CMSIS/Include/cmsis_gcc.h **** #if defined (__ARM_FEATURE_CMSE) && (__ARM_FEATURE_CMSE == 3U)
 186:Drivers/CMSIS/Include/cmsis_gcc.h **** #ifndef __STACK_SEAL
 187:Drivers/CMSIS/Include/cmsis_gcc.h **** #define __STACK_SEAL              __StackSeal
 188:Drivers/CMSIS/Include/cmsis_gcc.h **** #endif
 189:Drivers/CMSIS/Include/cmsis_gcc.h **** 
 190:Drivers/CMSIS/Include/cmsis_gcc.h **** #ifndef __TZ_STACK_SEAL_SIZE
 191:Drivers/CMSIS/Include/cmsis_gcc.h **** #define __TZ_STACK_SEAL_SIZE      8U
 192:Drivers/CMSIS/Include/cmsis_gcc.h **** #endif
 193:Drivers/CMSIS/Include/cmsis_gcc.h **** 
 194:Drivers/CMSIS/Include/cmsis_gcc.h **** #ifndef __TZ_STACK_SEAL_VALUE
 195:Drivers/CMSIS/Include/cmsis_gcc.h **** #define __TZ_STACK_SEAL_VALUE     0xFEF5EDA5FEF5EDA5ULL
 196:Drivers/CMSIS/Include/cmsis_gcc.h **** #endif
 197:Drivers/CMSIS/Include/cmsis_gcc.h **** 
 198:Drivers/CMSIS/Include/cmsis_gcc.h **** 
 199:Drivers/CMSIS/Include/cmsis_gcc.h **** __STATIC_FORCEINLINE void __TZ_set_STACKSEAL_S (uint32_t* stackTop) {
 200:Drivers/CMSIS/Include/cmsis_gcc.h ****   *((uint64_t *)stackTop) = __TZ_STACK_SEAL_VALUE;
 201:Drivers/CMSIS/Include/cmsis_gcc.h **** }
 202:Drivers/CMSIS/Include/cmsis_gcc.h **** #endif
 203:Drivers/CMSIS/Include/cmsis_gcc.h **** 
 204:Drivers/CMSIS/Include/cmsis_gcc.h **** 
 205:Drivers/CMSIS/Include/cmsis_gcc.h **** /* ##########################  Core Instruction Access  ######################### */
 206:Drivers/CMSIS/Include/cmsis_gcc.h **** /** \defgroup CMSIS_Core_InstructionInterface CMSIS Core Instruction Interface
 207:Drivers/CMSIS/Include/cmsis_gcc.h ****   Access to dedicated instructions
 208:Drivers/CMSIS/Include/cmsis_gcc.h ****   @{
 209:Drivers/CMSIS/Include/cmsis_gcc.h **** */
 210:Drivers/CMSIS/Include/cmsis_gcc.h **** 
 211:Drivers/CMSIS/Include/cmsis_gcc.h **** /* Define macros for porting to both thumb1 and thumb2.
 212:Drivers/CMSIS/Include/cmsis_gcc.h ****  * For thumb1, use low register (r0-r7), specified by constraint "l"
 213:Drivers/CMSIS/Include/cmsis_gcc.h ****  * Otherwise, use general registers, specified by constraint "r" */
 214:Drivers/CMSIS/Include/cmsis_gcc.h **** #if defined (__thumb__) && !defined (__thumb2__)
 215:Drivers/CMSIS/Include/cmsis_gcc.h **** #define __CMSIS_GCC_OUT_REG(r) "=l" (r)
 216:Drivers/CMSIS/Include/cmsis_gcc.h **** #define __CMSIS_GCC_RW_REG(r) "+l" (r)
 217:Drivers/CMSIS/Include/cmsis_gcc.h **** #define __CMSIS_GCC_USE_REG(r) "l" (r)
 218:Drivers/CMSIS/Include/cmsis_gcc.h **** #else
 219:Drivers/CMSIS/Include/cmsis_gcc.h **** #define __CMSIS_GCC_OUT_REG(r) "=r" (r)
ARM GAS  /tmp/ccF15fEM.s 			page 34


 220:Drivers/CMSIS/Include/cmsis_gcc.h **** #define __CMSIS_GCC_RW_REG(r) "+r" (r)
 221:Drivers/CMSIS/Include/cmsis_gcc.h **** #define __CMSIS_GCC_USE_REG(r) "r" (r)
 222:Drivers/CMSIS/Include/cmsis_gcc.h **** #endif
 223:Drivers/CMSIS/Include/cmsis_gcc.h **** 
 224:Drivers/CMSIS/Include/cmsis_gcc.h **** /**
 225:Drivers/CMSIS/Include/cmsis_gcc.h ****   \brief   No Operation
 226:Drivers/CMSIS/Include/cmsis_gcc.h ****   \details No Operation does nothing. This instruction can be used for code alignment purposes.
 227:Drivers/CMSIS/Include/cmsis_gcc.h ****  */
 228:Drivers/CMSIS/Include/cmsis_gcc.h **** #define __NOP()                             __ASM volatile ("nop")
 229:Drivers/CMSIS/Include/cmsis_gcc.h **** 
 230:Drivers/CMSIS/Include/cmsis_gcc.h **** /**
 231:Drivers/CMSIS/Include/cmsis_gcc.h ****   \brief   Wait For Interrupt
 232:Drivers/CMSIS/Include/cmsis_gcc.h ****   \details Wait For Interrupt is a hint instruction that suspends execution until one of a number o
 233:Drivers/CMSIS/Include/cmsis_gcc.h ****  */
 234:Drivers/CMSIS/Include/cmsis_gcc.h **** #define __WFI()                             __ASM volatile ("wfi":::"memory")
 235:Drivers/CMSIS/Include/cmsis_gcc.h **** 
 236:Drivers/CMSIS/Include/cmsis_gcc.h **** 
 237:Drivers/CMSIS/Include/cmsis_gcc.h **** /**
 238:Drivers/CMSIS/Include/cmsis_gcc.h ****   \brief   Wait For Event
 239:Drivers/CMSIS/Include/cmsis_gcc.h ****   \details Wait For Event is a hint instruction that permits the processor to enter
 240:Drivers/CMSIS/Include/cmsis_gcc.h ****            a low-power state until one of a number of events occurs.
 241:Drivers/CMSIS/Include/cmsis_gcc.h ****  */
 242:Drivers/CMSIS/Include/cmsis_gcc.h **** #define __WFE()                             __ASM volatile ("wfe":::"memory")
 243:Drivers/CMSIS/Include/cmsis_gcc.h **** 
 244:Drivers/CMSIS/Include/cmsis_gcc.h **** 
 245:Drivers/CMSIS/Include/cmsis_gcc.h **** /**
 246:Drivers/CMSIS/Include/cmsis_gcc.h ****   \brief   Send Event
 247:Drivers/CMSIS/Include/cmsis_gcc.h ****   \details Send Event is a hint instruction. It causes an event to be signaled to the CPU.
 248:Drivers/CMSIS/Include/cmsis_gcc.h ****  */
 249:Drivers/CMSIS/Include/cmsis_gcc.h **** #define __SEV()                             __ASM volatile ("sev")
 250:Drivers/CMSIS/Include/cmsis_gcc.h **** 
 251:Drivers/CMSIS/Include/cmsis_gcc.h **** 
 252:Drivers/CMSIS/Include/cmsis_gcc.h **** /**
 253:Drivers/CMSIS/Include/cmsis_gcc.h ****   \brief   Instruction Synchronization Barrier
 254:Drivers/CMSIS/Include/cmsis_gcc.h ****   \details Instruction Synchronization Barrier flushes the pipeline in the processor,
 255:Drivers/CMSIS/Include/cmsis_gcc.h ****            so that all instructions following the ISB are fetched from cache or memory,
 256:Drivers/CMSIS/Include/cmsis_gcc.h ****            after the instruction has been completed.
 257:Drivers/CMSIS/Include/cmsis_gcc.h ****  */
 258:Drivers/CMSIS/Include/cmsis_gcc.h **** __STATIC_FORCEINLINE void __ISB(void)
 259:Drivers/CMSIS/Include/cmsis_gcc.h **** {
 260:Drivers/CMSIS/Include/cmsis_gcc.h ****   __ASM volatile ("isb 0xF":::"memory");
 1068              		.loc 2 260 3
 1069              		.syntax unified
 1070              	@ 260 "Drivers/CMSIS/Include/cmsis_gcc.h" 1
 1071 0036 BFF36F8F 		isb 0xF
 1072              	@ 0 "" 2
 261:Drivers/CMSIS/Include/cmsis_gcc.h **** }
 1073              		.loc 2 261 1
 1074              		.thumb
 1075              		.syntax unified
 1076 003a 00BF     		nop
 1077              	.LBE5:
 1078              	.LBE4:
 616:Drivers/STM32F4xx_HAL_Driver/Src/stm32f4xx_hal_flash.c **** 
 617:Drivers/STM32F4xx_HAL_Driver/Src/stm32f4xx_hal_flash.c ****   /* Barrier to ensure programming is performed in 2 steps, in right order
 618:Drivers/STM32F4xx_HAL_Driver/Src/stm32f4xx_hal_flash.c ****     (independently of compiler optimization behavior) */
 619:Drivers/STM32F4xx_HAL_Driver/Src/stm32f4xx_hal_flash.c ****   __ISB();
ARM GAS  /tmp/ccF15fEM.s 			page 35


 620:Drivers/STM32F4xx_HAL_Driver/Src/stm32f4xx_hal_flash.c **** 
 621:Drivers/STM32F4xx_HAL_Driver/Src/stm32f4xx_hal_flash.c ****   /* Program second word */
 622:Drivers/STM32F4xx_HAL_Driver/Src/stm32f4xx_hal_flash.c ****   *(__IO uint32_t *)(Address + 4) = (uint32_t)(Data >> 32);
 1079              		.loc 1 622 53
 1080 003c D7E90001 		ldrd	r0, [r7]
 1081 0040 4FF00002 		mov	r2, #0
 1082 0044 4FF00003 		mov	r3, #0
 1083 0048 0A00     		movs	r2, r1
 1084 004a 0023     		movs	r3, #0
 1085              		.loc 1 622 30
 1086 004c F968     		ldr	r1, [r7, #12]
 1087 004e 0431     		adds	r1, r1, #4
 1088              		.loc 1 622 37
 1089 0050 1346     		mov	r3, r2
 1090              		.loc 1 622 35
 1091 0052 0B60     		str	r3, [r1]
 623:Drivers/STM32F4xx_HAL_Driver/Src/stm32f4xx_hal_flash.c **** }
 1092              		.loc 1 623 1
 1093 0054 00BF     		nop
 1094 0056 1437     		adds	r7, r7, #20
 1095              	.LCFI59:
 1096              		.cfi_def_cfa_offset 4
 1097 0058 BD46     		mov	sp, r7
 1098              	.LCFI60:
 1099              		.cfi_def_cfa_register 13
 1100              		@ sp needed
 1101 005a 5DF8047B 		ldr	r7, [sp], #4
 1102              	.LCFI61:
 1103              		.cfi_restore 7
 1104              		.cfi_def_cfa_offset 0
 1105 005e 7047     		bx	lr
 1106              	.L74:
 1107              		.align	2
 1108              	.L73:
 1109 0060 003C0240 		.word	1073888256
 1110              		.cfi_endproc
 1111              	.LFE251:
 1113              		.section	.text.FLASH_Program_Word,"ax",%progbits
 1114              		.align	1
 1115              		.syntax unified
 1116              		.thumb
 1117              		.thumb_func
 1119              	FLASH_Program_Word:
 1120              	.LFB252:
 624:Drivers/STM32F4xx_HAL_Driver/Src/stm32f4xx_hal_flash.c **** 
 625:Drivers/STM32F4xx_HAL_Driver/Src/stm32f4xx_hal_flash.c **** 
 626:Drivers/STM32F4xx_HAL_Driver/Src/stm32f4xx_hal_flash.c **** /**
 627:Drivers/STM32F4xx_HAL_Driver/Src/stm32f4xx_hal_flash.c ****   * @brief  Program word (32-bit) at a specified address.
 628:Drivers/STM32F4xx_HAL_Driver/Src/stm32f4xx_hal_flash.c ****   * @note   This function must be used when the device voltage range is from
 629:Drivers/STM32F4xx_HAL_Driver/Src/stm32f4xx_hal_flash.c ****   *         2.7V to 3.6V.
 630:Drivers/STM32F4xx_HAL_Driver/Src/stm32f4xx_hal_flash.c ****   *
 631:Drivers/STM32F4xx_HAL_Driver/Src/stm32f4xx_hal_flash.c ****   * @note   If an erase and a program operations are requested simultaneously,
 632:Drivers/STM32F4xx_HAL_Driver/Src/stm32f4xx_hal_flash.c ****   *         the erase operation is performed before the program one.
 633:Drivers/STM32F4xx_HAL_Driver/Src/stm32f4xx_hal_flash.c ****   *
 634:Drivers/STM32F4xx_HAL_Driver/Src/stm32f4xx_hal_flash.c ****   * @param  Address specifies the address to be programmed.
 635:Drivers/STM32F4xx_HAL_Driver/Src/stm32f4xx_hal_flash.c ****   * @param  Data specifies the data to be programmed.
 636:Drivers/STM32F4xx_HAL_Driver/Src/stm32f4xx_hal_flash.c ****   * @retval None
ARM GAS  /tmp/ccF15fEM.s 			page 36


 637:Drivers/STM32F4xx_HAL_Driver/Src/stm32f4xx_hal_flash.c ****   */
 638:Drivers/STM32F4xx_HAL_Driver/Src/stm32f4xx_hal_flash.c **** static void FLASH_Program_Word(uint32_t Address, uint32_t Data)
 639:Drivers/STM32F4xx_HAL_Driver/Src/stm32f4xx_hal_flash.c **** {
 1121              		.loc 1 639 1
 1122              		.cfi_startproc
 1123              		@ args = 0, pretend = 0, frame = 8
 1124              		@ frame_needed = 1, uses_anonymous_args = 0
 1125              		@ link register save eliminated.
 1126 0000 80B4     		push	{r7}
 1127              	.LCFI62:
 1128              		.cfi_def_cfa_offset 4
 1129              		.cfi_offset 7, -4
 1130 0002 83B0     		sub	sp, sp, #12
 1131              	.LCFI63:
 1132              		.cfi_def_cfa_offset 16
 1133 0004 00AF     		add	r7, sp, #0
 1134              	.LCFI64:
 1135              		.cfi_def_cfa_register 7
 1136 0006 7860     		str	r0, [r7, #4]
 1137 0008 3960     		str	r1, [r7]
 640:Drivers/STM32F4xx_HAL_Driver/Src/stm32f4xx_hal_flash.c ****   /* Check the parameters */
 641:Drivers/STM32F4xx_HAL_Driver/Src/stm32f4xx_hal_flash.c ****   assert_param(IS_FLASH_ADDRESS(Address));
 642:Drivers/STM32F4xx_HAL_Driver/Src/stm32f4xx_hal_flash.c **** 
 643:Drivers/STM32F4xx_HAL_Driver/Src/stm32f4xx_hal_flash.c ****   /* If the previous operation is completed, proceed to program the new data */
 644:Drivers/STM32F4xx_HAL_Driver/Src/stm32f4xx_hal_flash.c ****   CLEAR_BIT(FLASH->CR, FLASH_CR_PSIZE);
 1138              		.loc 1 644 3
 1139 000a 0D4B     		ldr	r3, .L76
 1140 000c 1B69     		ldr	r3, [r3, #16]
 1141 000e 0C4A     		ldr	r2, .L76
 1142 0010 23F44073 		bic	r3, r3, #768
 1143 0014 1361     		str	r3, [r2, #16]
 645:Drivers/STM32F4xx_HAL_Driver/Src/stm32f4xx_hal_flash.c ****   FLASH->CR |= FLASH_PSIZE_WORD;
 1144              		.loc 1 645 8
 1145 0016 0A4B     		ldr	r3, .L76
 1146 0018 1B69     		ldr	r3, [r3, #16]
 1147 001a 094A     		ldr	r2, .L76
 1148              		.loc 1 645 13
 1149 001c 43F40073 		orr	r3, r3, #512
 1150 0020 1361     		str	r3, [r2, #16]
 646:Drivers/STM32F4xx_HAL_Driver/Src/stm32f4xx_hal_flash.c ****   FLASH->CR |= FLASH_CR_PG;
 1151              		.loc 1 646 8
 1152 0022 074B     		ldr	r3, .L76
 1153 0024 1B69     		ldr	r3, [r3, #16]
 1154 0026 064A     		ldr	r2, .L76
 1155              		.loc 1 646 13
 1156 0028 43F00103 		orr	r3, r3, #1
 1157 002c 1361     		str	r3, [r2, #16]
 647:Drivers/STM32F4xx_HAL_Driver/Src/stm32f4xx_hal_flash.c **** 
 648:Drivers/STM32F4xx_HAL_Driver/Src/stm32f4xx_hal_flash.c ****   *(__IO uint32_t *)Address = Data;
 1158              		.loc 1 648 4
 1159 002e 7B68     		ldr	r3, [r7, #4]
 1160              		.loc 1 648 29
 1161 0030 3A68     		ldr	r2, [r7]
 1162 0032 1A60     		str	r2, [r3]
 649:Drivers/STM32F4xx_HAL_Driver/Src/stm32f4xx_hal_flash.c **** }
 1163              		.loc 1 649 1
 1164 0034 00BF     		nop
ARM GAS  /tmp/ccF15fEM.s 			page 37


 1165 0036 0C37     		adds	r7, r7, #12
 1166              	.LCFI65:
 1167              		.cfi_def_cfa_offset 4
 1168 0038 BD46     		mov	sp, r7
 1169              	.LCFI66:
 1170              		.cfi_def_cfa_register 13
 1171              		@ sp needed
 1172 003a 5DF8047B 		ldr	r7, [sp], #4
 1173              	.LCFI67:
 1174              		.cfi_restore 7
 1175              		.cfi_def_cfa_offset 0
 1176 003e 7047     		bx	lr
 1177              	.L77:
 1178              		.align	2
 1179              	.L76:
 1180 0040 003C0240 		.word	1073888256
 1181              		.cfi_endproc
 1182              	.LFE252:
 1184              		.section	.text.FLASH_Program_HalfWord,"ax",%progbits
 1185              		.align	1
 1186              		.syntax unified
 1187              		.thumb
 1188              		.thumb_func
 1190              	FLASH_Program_HalfWord:
 1191              	.LFB253:
 650:Drivers/STM32F4xx_HAL_Driver/Src/stm32f4xx_hal_flash.c **** 
 651:Drivers/STM32F4xx_HAL_Driver/Src/stm32f4xx_hal_flash.c **** /**
 652:Drivers/STM32F4xx_HAL_Driver/Src/stm32f4xx_hal_flash.c ****   * @brief  Program a half-word (16-bit) at a specified address.
 653:Drivers/STM32F4xx_HAL_Driver/Src/stm32f4xx_hal_flash.c ****   * @note   This function must be used when the device voltage range is from
 654:Drivers/STM32F4xx_HAL_Driver/Src/stm32f4xx_hal_flash.c ****   *         2.1V to 3.6V.
 655:Drivers/STM32F4xx_HAL_Driver/Src/stm32f4xx_hal_flash.c ****   *
 656:Drivers/STM32F4xx_HAL_Driver/Src/stm32f4xx_hal_flash.c ****   * @note   If an erase and a program operations are requested simultaneously,
 657:Drivers/STM32F4xx_HAL_Driver/Src/stm32f4xx_hal_flash.c ****   *         the erase operation is performed before the program one.
 658:Drivers/STM32F4xx_HAL_Driver/Src/stm32f4xx_hal_flash.c ****   *
 659:Drivers/STM32F4xx_HAL_Driver/Src/stm32f4xx_hal_flash.c ****   * @param  Address specifies the address to be programmed.
 660:Drivers/STM32F4xx_HAL_Driver/Src/stm32f4xx_hal_flash.c ****   * @param  Data specifies the data to be programmed.
 661:Drivers/STM32F4xx_HAL_Driver/Src/stm32f4xx_hal_flash.c ****   * @retval None
 662:Drivers/STM32F4xx_HAL_Driver/Src/stm32f4xx_hal_flash.c ****   */
 663:Drivers/STM32F4xx_HAL_Driver/Src/stm32f4xx_hal_flash.c **** static void FLASH_Program_HalfWord(uint32_t Address, uint16_t Data)
 664:Drivers/STM32F4xx_HAL_Driver/Src/stm32f4xx_hal_flash.c **** {
 1192              		.loc 1 664 1
 1193              		.cfi_startproc
 1194              		@ args = 0, pretend = 0, frame = 8
 1195              		@ frame_needed = 1, uses_anonymous_args = 0
 1196              		@ link register save eliminated.
 1197 0000 80B4     		push	{r7}
 1198              	.LCFI68:
 1199              		.cfi_def_cfa_offset 4
 1200              		.cfi_offset 7, -4
 1201 0002 83B0     		sub	sp, sp, #12
 1202              	.LCFI69:
 1203              		.cfi_def_cfa_offset 16
 1204 0004 00AF     		add	r7, sp, #0
 1205              	.LCFI70:
 1206              		.cfi_def_cfa_register 7
 1207 0006 7860     		str	r0, [r7, #4]
 1208 0008 0B46     		mov	r3, r1
ARM GAS  /tmp/ccF15fEM.s 			page 38


 1209 000a 7B80     		strh	r3, [r7, #2]	@ movhi
 665:Drivers/STM32F4xx_HAL_Driver/Src/stm32f4xx_hal_flash.c ****   /* Check the parameters */
 666:Drivers/STM32F4xx_HAL_Driver/Src/stm32f4xx_hal_flash.c ****   assert_param(IS_FLASH_ADDRESS(Address));
 667:Drivers/STM32F4xx_HAL_Driver/Src/stm32f4xx_hal_flash.c **** 
 668:Drivers/STM32F4xx_HAL_Driver/Src/stm32f4xx_hal_flash.c ****   /* If the previous operation is completed, proceed to program the new data */
 669:Drivers/STM32F4xx_HAL_Driver/Src/stm32f4xx_hal_flash.c ****   CLEAR_BIT(FLASH->CR, FLASH_CR_PSIZE);
 1210              		.loc 1 669 3
 1211 000c 0D4B     		ldr	r3, .L79
 1212 000e 1B69     		ldr	r3, [r3, #16]
 1213 0010 0C4A     		ldr	r2, .L79
 1214 0012 23F44073 		bic	r3, r3, #768
 1215 0016 1361     		str	r3, [r2, #16]
 670:Drivers/STM32F4xx_HAL_Driver/Src/stm32f4xx_hal_flash.c ****   FLASH->CR |= FLASH_PSIZE_HALF_WORD;
 1216              		.loc 1 670 8
 1217 0018 0A4B     		ldr	r3, .L79
 1218 001a 1B69     		ldr	r3, [r3, #16]
 1219 001c 094A     		ldr	r2, .L79
 1220              		.loc 1 670 13
 1221 001e 43F48073 		orr	r3, r3, #256
 1222 0022 1361     		str	r3, [r2, #16]
 671:Drivers/STM32F4xx_HAL_Driver/Src/stm32f4xx_hal_flash.c ****   FLASH->CR |= FLASH_CR_PG;
 1223              		.loc 1 671 8
 1224 0024 074B     		ldr	r3, .L79
 1225 0026 1B69     		ldr	r3, [r3, #16]
 1226 0028 064A     		ldr	r2, .L79
 1227              		.loc 1 671 13
 1228 002a 43F00103 		orr	r3, r3, #1
 1229 002e 1361     		str	r3, [r2, #16]
 672:Drivers/STM32F4xx_HAL_Driver/Src/stm32f4xx_hal_flash.c **** 
 673:Drivers/STM32F4xx_HAL_Driver/Src/stm32f4xx_hal_flash.c ****   *(__IO uint16_t *)Address = Data;
 1230              		.loc 1 673 4
 1231 0030 7B68     		ldr	r3, [r7, #4]
 1232              		.loc 1 673 29
 1233 0032 7A88     		ldrh	r2, [r7, #2]	@ movhi
 1234 0034 1A80     		strh	r2, [r3]	@ movhi
 674:Drivers/STM32F4xx_HAL_Driver/Src/stm32f4xx_hal_flash.c **** }
 1235              		.loc 1 674 1
 1236 0036 00BF     		nop
 1237 0038 0C37     		adds	r7, r7, #12
 1238              	.LCFI71:
 1239              		.cfi_def_cfa_offset 4
 1240 003a BD46     		mov	sp, r7
 1241              	.LCFI72:
 1242              		.cfi_def_cfa_register 13
 1243              		@ sp needed
 1244 003c 5DF8047B 		ldr	r7, [sp], #4
 1245              	.LCFI73:
 1246              		.cfi_restore 7
 1247              		.cfi_def_cfa_offset 0
 1248 0040 7047     		bx	lr
 1249              	.L80:
 1250 0042 00BF     		.align	2
 1251              	.L79:
 1252 0044 003C0240 		.word	1073888256
 1253              		.cfi_endproc
 1254              	.LFE253:
 1256              		.section	.text.FLASH_Program_Byte,"ax",%progbits
ARM GAS  /tmp/ccF15fEM.s 			page 39


 1257              		.align	1
 1258              		.syntax unified
 1259              		.thumb
 1260              		.thumb_func
 1262              	FLASH_Program_Byte:
 1263              	.LFB254:
 675:Drivers/STM32F4xx_HAL_Driver/Src/stm32f4xx_hal_flash.c **** 
 676:Drivers/STM32F4xx_HAL_Driver/Src/stm32f4xx_hal_flash.c **** /**
 677:Drivers/STM32F4xx_HAL_Driver/Src/stm32f4xx_hal_flash.c ****   * @brief  Program byte (8-bit) at a specified address.
 678:Drivers/STM32F4xx_HAL_Driver/Src/stm32f4xx_hal_flash.c ****   * @note   This function must be used when the device voltage range is from
 679:Drivers/STM32F4xx_HAL_Driver/Src/stm32f4xx_hal_flash.c ****   *         1.8V to 3.6V.
 680:Drivers/STM32F4xx_HAL_Driver/Src/stm32f4xx_hal_flash.c ****   *
 681:Drivers/STM32F4xx_HAL_Driver/Src/stm32f4xx_hal_flash.c ****   * @note   If an erase and a program operations are requested simultaneously,
 682:Drivers/STM32F4xx_HAL_Driver/Src/stm32f4xx_hal_flash.c ****   *         the erase operation is performed before the program one.
 683:Drivers/STM32F4xx_HAL_Driver/Src/stm32f4xx_hal_flash.c ****   *
 684:Drivers/STM32F4xx_HAL_Driver/Src/stm32f4xx_hal_flash.c ****   * @param  Address specifies the address to be programmed.
 685:Drivers/STM32F4xx_HAL_Driver/Src/stm32f4xx_hal_flash.c ****   * @param  Data specifies the data to be programmed.
 686:Drivers/STM32F4xx_HAL_Driver/Src/stm32f4xx_hal_flash.c ****   * @retval None
 687:Drivers/STM32F4xx_HAL_Driver/Src/stm32f4xx_hal_flash.c ****   */
 688:Drivers/STM32F4xx_HAL_Driver/Src/stm32f4xx_hal_flash.c **** static void FLASH_Program_Byte(uint32_t Address, uint8_t Data)
 689:Drivers/STM32F4xx_HAL_Driver/Src/stm32f4xx_hal_flash.c **** {
 1264              		.loc 1 689 1
 1265              		.cfi_startproc
 1266              		@ args = 0, pretend = 0, frame = 8
 1267              		@ frame_needed = 1, uses_anonymous_args = 0
 1268              		@ link register save eliminated.
 1269 0000 80B4     		push	{r7}
 1270              	.LCFI74:
 1271              		.cfi_def_cfa_offset 4
 1272              		.cfi_offset 7, -4
 1273 0002 83B0     		sub	sp, sp, #12
 1274              	.LCFI75:
 1275              		.cfi_def_cfa_offset 16
 1276 0004 00AF     		add	r7, sp, #0
 1277              	.LCFI76:
 1278              		.cfi_def_cfa_register 7
 1279 0006 7860     		str	r0, [r7, #4]
 1280 0008 0B46     		mov	r3, r1
 1281 000a FB70     		strb	r3, [r7, #3]
 690:Drivers/STM32F4xx_HAL_Driver/Src/stm32f4xx_hal_flash.c ****   /* Check the parameters */
 691:Drivers/STM32F4xx_HAL_Driver/Src/stm32f4xx_hal_flash.c ****   assert_param(IS_FLASH_ADDRESS(Address));
 692:Drivers/STM32F4xx_HAL_Driver/Src/stm32f4xx_hal_flash.c **** 
 693:Drivers/STM32F4xx_HAL_Driver/Src/stm32f4xx_hal_flash.c ****   /* If the previous operation is completed, proceed to program the new data */
 694:Drivers/STM32F4xx_HAL_Driver/Src/stm32f4xx_hal_flash.c ****   CLEAR_BIT(FLASH->CR, FLASH_CR_PSIZE);
 1282              		.loc 1 694 3
 1283 000c 0C4B     		ldr	r3, .L82
 1284 000e 1B69     		ldr	r3, [r3, #16]
 1285 0010 0B4A     		ldr	r2, .L82
 1286 0012 23F44073 		bic	r3, r3, #768
 1287 0016 1361     		str	r3, [r2, #16]
 695:Drivers/STM32F4xx_HAL_Driver/Src/stm32f4xx_hal_flash.c ****   FLASH->CR |= FLASH_PSIZE_BYTE;
 1288              		.loc 1 695 8
 1289 0018 094B     		ldr	r3, .L82
 1290 001a 094A     		ldr	r2, .L82
 1291 001c 1B69     		ldr	r3, [r3, #16]
 1292              		.loc 1 695 13
 1293 001e 1361     		str	r3, [r2, #16]
ARM GAS  /tmp/ccF15fEM.s 			page 40


 696:Drivers/STM32F4xx_HAL_Driver/Src/stm32f4xx_hal_flash.c ****   FLASH->CR |= FLASH_CR_PG;
 1294              		.loc 1 696 8
 1295 0020 074B     		ldr	r3, .L82
 1296 0022 1B69     		ldr	r3, [r3, #16]
 1297 0024 064A     		ldr	r2, .L82
 1298              		.loc 1 696 13
 1299 0026 43F00103 		orr	r3, r3, #1
 1300 002a 1361     		str	r3, [r2, #16]
 697:Drivers/STM32F4xx_HAL_Driver/Src/stm32f4xx_hal_flash.c **** 
 698:Drivers/STM32F4xx_HAL_Driver/Src/stm32f4xx_hal_flash.c ****   *(__IO uint8_t *)Address = Data;
 1301              		.loc 1 698 4
 1302 002c 7B68     		ldr	r3, [r7, #4]
 1303              		.loc 1 698 28
 1304 002e FA78     		ldrb	r2, [r7, #3]
 1305 0030 1A70     		strb	r2, [r3]
 699:Drivers/STM32F4xx_HAL_Driver/Src/stm32f4xx_hal_flash.c **** }
 1306              		.loc 1 699 1
 1307 0032 00BF     		nop
 1308 0034 0C37     		adds	r7, r7, #12
 1309              	.LCFI77:
 1310              		.cfi_def_cfa_offset 4
 1311 0036 BD46     		mov	sp, r7
 1312              	.LCFI78:
 1313              		.cfi_def_cfa_register 13
 1314              		@ sp needed
 1315 0038 5DF8047B 		ldr	r7, [sp], #4
 1316              	.LCFI79:
 1317              		.cfi_restore 7
 1318              		.cfi_def_cfa_offset 0
 1319 003c 7047     		bx	lr
 1320              	.L83:
 1321 003e 00BF     		.align	2
 1322              	.L82:
 1323 0040 003C0240 		.word	1073888256
 1324              		.cfi_endproc
 1325              	.LFE254:
 1327              		.section	.text.FLASH_SetErrorCode,"ax",%progbits
 1328              		.align	1
 1329              		.syntax unified
 1330              		.thumb
 1331              		.thumb_func
 1333              	FLASH_SetErrorCode:
 1334              	.LFB255:
 700:Drivers/STM32F4xx_HAL_Driver/Src/stm32f4xx_hal_flash.c **** 
 701:Drivers/STM32F4xx_HAL_Driver/Src/stm32f4xx_hal_flash.c **** /**
 702:Drivers/STM32F4xx_HAL_Driver/Src/stm32f4xx_hal_flash.c ****   * @brief  Set the specific FLASH error flag.
 703:Drivers/STM32F4xx_HAL_Driver/Src/stm32f4xx_hal_flash.c ****   * @retval None
 704:Drivers/STM32F4xx_HAL_Driver/Src/stm32f4xx_hal_flash.c ****   */
 705:Drivers/STM32F4xx_HAL_Driver/Src/stm32f4xx_hal_flash.c **** static void FLASH_SetErrorCode(void)
 706:Drivers/STM32F4xx_HAL_Driver/Src/stm32f4xx_hal_flash.c **** {
 1335              		.loc 1 706 1
 1336              		.cfi_startproc
 1337              		@ args = 0, pretend = 0, frame = 0
 1338              		@ frame_needed = 1, uses_anonymous_args = 0
 1339              		@ link register save eliminated.
 1340 0000 80B4     		push	{r7}
 1341              	.LCFI80:
ARM GAS  /tmp/ccF15fEM.s 			page 41


 1342              		.cfi_def_cfa_offset 4
 1343              		.cfi_offset 7, -4
 1344 0002 00AF     		add	r7, sp, #0
 1345              	.LCFI81:
 1346              		.cfi_def_cfa_register 7
 707:Drivers/STM32F4xx_HAL_Driver/Src/stm32f4xx_hal_flash.c ****   if (__HAL_FLASH_GET_FLAG(FLASH_FLAG_WRPERR) != RESET)
 1347              		.loc 1 707 7
 1348 0004 274B     		ldr	r3, .L91
 1349 0006 DB68     		ldr	r3, [r3, #12]
 1350 0008 03F01003 		and	r3, r3, #16
 1351              		.loc 1 707 6
 1352 000c 002B     		cmp	r3, #0
 1353 000e 08D0     		beq	.L85
 708:Drivers/STM32F4xx_HAL_Driver/Src/stm32f4xx_hal_flash.c ****   {
 709:Drivers/STM32F4xx_HAL_Driver/Src/stm32f4xx_hal_flash.c ****     pFlash.ErrorCode |= HAL_FLASH_ERROR_WRP;
 1354              		.loc 1 709 11
 1355 0010 254B     		ldr	r3, .L91+4
 1356 0012 DB69     		ldr	r3, [r3, #28]
 1357              		.loc 1 709 22
 1358 0014 43F01003 		orr	r3, r3, #16
 1359 0018 234A     		ldr	r2, .L91+4
 1360 001a D361     		str	r3, [r2, #28]
 710:Drivers/STM32F4xx_HAL_Driver/Src/stm32f4xx_hal_flash.c **** 
 711:Drivers/STM32F4xx_HAL_Driver/Src/stm32f4xx_hal_flash.c ****     /* Clear FLASH write protection error pending bit */
 712:Drivers/STM32F4xx_HAL_Driver/Src/stm32f4xx_hal_flash.c ****     __HAL_FLASH_CLEAR_FLAG(FLASH_FLAG_WRPERR);
 1361              		.loc 1 712 5
 1362 001c 214B     		ldr	r3, .L91
 1363 001e 1022     		movs	r2, #16
 1364 0020 DA60     		str	r2, [r3, #12]
 1365              	.L85:
 713:Drivers/STM32F4xx_HAL_Driver/Src/stm32f4xx_hal_flash.c ****   }
 714:Drivers/STM32F4xx_HAL_Driver/Src/stm32f4xx_hal_flash.c **** 
 715:Drivers/STM32F4xx_HAL_Driver/Src/stm32f4xx_hal_flash.c ****   if (__HAL_FLASH_GET_FLAG(FLASH_FLAG_PGAERR) != RESET)
 1366              		.loc 1 715 7
 1367 0022 204B     		ldr	r3, .L91
 1368 0024 DB68     		ldr	r3, [r3, #12]
 1369 0026 03F02003 		and	r3, r3, #32
 1370              		.loc 1 715 6
 1371 002a 002B     		cmp	r3, #0
 1372 002c 08D0     		beq	.L86
 716:Drivers/STM32F4xx_HAL_Driver/Src/stm32f4xx_hal_flash.c ****   {
 717:Drivers/STM32F4xx_HAL_Driver/Src/stm32f4xx_hal_flash.c ****     pFlash.ErrorCode |= HAL_FLASH_ERROR_PGA;
 1373              		.loc 1 717 11
 1374 002e 1E4B     		ldr	r3, .L91+4
 1375 0030 DB69     		ldr	r3, [r3, #28]
 1376              		.loc 1 717 22
 1377 0032 43F00803 		orr	r3, r3, #8
 1378 0036 1C4A     		ldr	r2, .L91+4
 1379 0038 D361     		str	r3, [r2, #28]
 718:Drivers/STM32F4xx_HAL_Driver/Src/stm32f4xx_hal_flash.c **** 
 719:Drivers/STM32F4xx_HAL_Driver/Src/stm32f4xx_hal_flash.c ****     /* Clear FLASH Programming alignment error pending bit */
 720:Drivers/STM32F4xx_HAL_Driver/Src/stm32f4xx_hal_flash.c ****     __HAL_FLASH_CLEAR_FLAG(FLASH_FLAG_PGAERR);
 1380              		.loc 1 720 5
 1381 003a 1A4B     		ldr	r3, .L91
 1382 003c 2022     		movs	r2, #32
 1383 003e DA60     		str	r2, [r3, #12]
 1384              	.L86:
ARM GAS  /tmp/ccF15fEM.s 			page 42


 721:Drivers/STM32F4xx_HAL_Driver/Src/stm32f4xx_hal_flash.c ****   }
 722:Drivers/STM32F4xx_HAL_Driver/Src/stm32f4xx_hal_flash.c **** 
 723:Drivers/STM32F4xx_HAL_Driver/Src/stm32f4xx_hal_flash.c ****   if (__HAL_FLASH_GET_FLAG(FLASH_FLAG_PGPERR) != RESET)
 1385              		.loc 1 723 7
 1386 0040 184B     		ldr	r3, .L91
 1387 0042 DB68     		ldr	r3, [r3, #12]
 1388 0044 03F04003 		and	r3, r3, #64
 1389              		.loc 1 723 6
 1390 0048 002B     		cmp	r3, #0
 1391 004a 08D0     		beq	.L87
 724:Drivers/STM32F4xx_HAL_Driver/Src/stm32f4xx_hal_flash.c ****   {
 725:Drivers/STM32F4xx_HAL_Driver/Src/stm32f4xx_hal_flash.c ****     pFlash.ErrorCode |= HAL_FLASH_ERROR_PGP;
 1392              		.loc 1 725 11
 1393 004c 164B     		ldr	r3, .L91+4
 1394 004e DB69     		ldr	r3, [r3, #28]
 1395              		.loc 1 725 22
 1396 0050 43F00403 		orr	r3, r3, #4
 1397 0054 144A     		ldr	r2, .L91+4
 1398 0056 D361     		str	r3, [r2, #28]
 726:Drivers/STM32F4xx_HAL_Driver/Src/stm32f4xx_hal_flash.c **** 
 727:Drivers/STM32F4xx_HAL_Driver/Src/stm32f4xx_hal_flash.c ****     /* Clear FLASH Programming parallelism error pending bit */
 728:Drivers/STM32F4xx_HAL_Driver/Src/stm32f4xx_hal_flash.c ****     __HAL_FLASH_CLEAR_FLAG(FLASH_FLAG_PGPERR);
 1399              		.loc 1 728 5
 1400 0058 124B     		ldr	r3, .L91
 1401 005a 4022     		movs	r2, #64
 1402 005c DA60     		str	r2, [r3, #12]
 1403              	.L87:
 729:Drivers/STM32F4xx_HAL_Driver/Src/stm32f4xx_hal_flash.c ****   }
 730:Drivers/STM32F4xx_HAL_Driver/Src/stm32f4xx_hal_flash.c **** 
 731:Drivers/STM32F4xx_HAL_Driver/Src/stm32f4xx_hal_flash.c ****   if (__HAL_FLASH_GET_FLAG(FLASH_FLAG_PGSERR) != RESET)
 1404              		.loc 1 731 7
 1405 005e 114B     		ldr	r3, .L91
 1406 0060 DB68     		ldr	r3, [r3, #12]
 1407 0062 03F08003 		and	r3, r3, #128
 1408              		.loc 1 731 6
 1409 0066 002B     		cmp	r3, #0
 1410 0068 08D0     		beq	.L88
 732:Drivers/STM32F4xx_HAL_Driver/Src/stm32f4xx_hal_flash.c ****   {
 733:Drivers/STM32F4xx_HAL_Driver/Src/stm32f4xx_hal_flash.c ****     pFlash.ErrorCode |= HAL_FLASH_ERROR_PGS;
 1411              		.loc 1 733 11
 1412 006a 0F4B     		ldr	r3, .L91+4
 1413 006c DB69     		ldr	r3, [r3, #28]
 1414              		.loc 1 733 22
 1415 006e 43F00203 		orr	r3, r3, #2
 1416 0072 0D4A     		ldr	r2, .L91+4
 1417 0074 D361     		str	r3, [r2, #28]
 734:Drivers/STM32F4xx_HAL_Driver/Src/stm32f4xx_hal_flash.c **** 
 735:Drivers/STM32F4xx_HAL_Driver/Src/stm32f4xx_hal_flash.c ****     /* Clear FLASH Programming sequence error pending bit */
 736:Drivers/STM32F4xx_HAL_Driver/Src/stm32f4xx_hal_flash.c ****     __HAL_FLASH_CLEAR_FLAG(FLASH_FLAG_PGSERR);
 1418              		.loc 1 736 5
 1419 0076 0B4B     		ldr	r3, .L91
 1420 0078 8022     		movs	r2, #128
 1421 007a DA60     		str	r2, [r3, #12]
 1422              	.L88:
 737:Drivers/STM32F4xx_HAL_Driver/Src/stm32f4xx_hal_flash.c ****   }
 738:Drivers/STM32F4xx_HAL_Driver/Src/stm32f4xx_hal_flash.c **** #if defined(FLASH_SR_RDERR)
 739:Drivers/STM32F4xx_HAL_Driver/Src/stm32f4xx_hal_flash.c ****   if (__HAL_FLASH_GET_FLAG(FLASH_FLAG_RDERR) != RESET)
ARM GAS  /tmp/ccF15fEM.s 			page 43


 740:Drivers/STM32F4xx_HAL_Driver/Src/stm32f4xx_hal_flash.c ****   {
 741:Drivers/STM32F4xx_HAL_Driver/Src/stm32f4xx_hal_flash.c ****     pFlash.ErrorCode |= HAL_FLASH_ERROR_RD;
 742:Drivers/STM32F4xx_HAL_Driver/Src/stm32f4xx_hal_flash.c **** 
 743:Drivers/STM32F4xx_HAL_Driver/Src/stm32f4xx_hal_flash.c ****     /* Clear FLASH Proprietary readout protection error pending bit */
 744:Drivers/STM32F4xx_HAL_Driver/Src/stm32f4xx_hal_flash.c ****     __HAL_FLASH_CLEAR_FLAG(FLASH_FLAG_RDERR);
 745:Drivers/STM32F4xx_HAL_Driver/Src/stm32f4xx_hal_flash.c ****   }
 746:Drivers/STM32F4xx_HAL_Driver/Src/stm32f4xx_hal_flash.c **** #endif /* FLASH_SR_RDERR */
 747:Drivers/STM32F4xx_HAL_Driver/Src/stm32f4xx_hal_flash.c ****   if (__HAL_FLASH_GET_FLAG(FLASH_FLAG_OPERR) != RESET)
 1423              		.loc 1 747 7
 1424 007c 094B     		ldr	r3, .L91
 1425 007e DB68     		ldr	r3, [r3, #12]
 1426 0080 03F00203 		and	r3, r3, #2
 1427              		.loc 1 747 6
 1428 0084 002B     		cmp	r3, #0
 1429 0086 08D0     		beq	.L90
 748:Drivers/STM32F4xx_HAL_Driver/Src/stm32f4xx_hal_flash.c ****   {
 749:Drivers/STM32F4xx_HAL_Driver/Src/stm32f4xx_hal_flash.c ****     pFlash.ErrorCode |= HAL_FLASH_ERROR_OPERATION;
 1430              		.loc 1 749 11
 1431 0088 074B     		ldr	r3, .L91+4
 1432 008a DB69     		ldr	r3, [r3, #28]
 1433              		.loc 1 749 22
 1434 008c 43F02003 		orr	r3, r3, #32
 1435 0090 054A     		ldr	r2, .L91+4
 1436 0092 D361     		str	r3, [r2, #28]
 750:Drivers/STM32F4xx_HAL_Driver/Src/stm32f4xx_hal_flash.c **** 
 751:Drivers/STM32F4xx_HAL_Driver/Src/stm32f4xx_hal_flash.c ****     /* Clear FLASH Operation error pending bit */
 752:Drivers/STM32F4xx_HAL_Driver/Src/stm32f4xx_hal_flash.c ****     __HAL_FLASH_CLEAR_FLAG(FLASH_FLAG_OPERR);
 1437              		.loc 1 752 5
 1438 0094 034B     		ldr	r3, .L91
 1439 0096 0222     		movs	r2, #2
 1440 0098 DA60     		str	r2, [r3, #12]
 1441              	.L90:
 753:Drivers/STM32F4xx_HAL_Driver/Src/stm32f4xx_hal_flash.c ****   }
 754:Drivers/STM32F4xx_HAL_Driver/Src/stm32f4xx_hal_flash.c **** }
 1442              		.loc 1 754 1
 1443 009a 00BF     		nop
 1444 009c BD46     		mov	sp, r7
 1445              	.LCFI82:
 1446              		.cfi_def_cfa_register 13
 1447              		@ sp needed
 1448 009e 5DF8047B 		ldr	r7, [sp], #4
 1449              	.LCFI83:
 1450              		.cfi_restore 7
 1451              		.cfi_def_cfa_offset 0
 1452 00a2 7047     		bx	lr
 1453              	.L92:
 1454              		.align	2
 1455              	.L91:
 1456 00a4 003C0240 		.word	1073888256
 1457 00a8 00000000 		.word	pFlash
 1458              		.cfi_endproc
 1459              	.LFE255:
 1461              		.text
 1462              	.Letext0:
 1463              		.file 3 "/opt/st/stm32cubeclt_1.17.0/GNU-tools-for-STM32/arm-none-eabi/include/machine/_default_ty
 1464              		.file 4 "/opt/st/stm32cubeclt_1.17.0/GNU-tools-for-STM32/arm-none-eabi/include/sys/_stdint.h"
 1465              		.file 5 "Drivers/CMSIS/Device/ST/STM32F4xx/Include/stm32f405xx.h"
ARM GAS  /tmp/ccF15fEM.s 			page 44


 1466              		.file 6 "Drivers/CMSIS/Device/ST/STM32F4xx/Include/stm32f4xx.h"
 1467              		.file 7 "Drivers/STM32F4xx_HAL_Driver/Inc/stm32f4xx_hal_def.h"
 1468              		.file 8 "Drivers/STM32F4xx_HAL_Driver/Inc/stm32f4xx_hal_flash.h"
 1469              		.file 9 "Drivers/STM32F4xx_HAL_Driver/Inc/stm32f4xx_hal.h"
 1470              		.file 10 "Drivers/STM32F4xx_HAL_Driver/Inc/stm32f4xx_hal_flash_ex.h"
ARM GAS  /tmp/ccF15fEM.s 			page 45


DEFINED SYMBOLS
                            *ABS*:00000000 stm32f4xx_hal_flash.c
     /tmp/ccF15fEM.s:25     .bss.pFlash:00000000 pFlash
     /tmp/ccF15fEM.s:22     .bss.pFlash:00000000 $d
     /tmp/ccF15fEM.s:28     .text.HAL_FLASH_Program:00000000 $t
     /tmp/ccF15fEM.s:34     .text.HAL_FLASH_Program:00000000 HAL_FLASH_Program
     /tmp/ccF15fEM.s:907    .text.FLASH_WaitForLastOperation:00000000 FLASH_WaitForLastOperation
     /tmp/ccF15fEM.s:1262   .text.FLASH_Program_Byte:00000000 FLASH_Program_Byte
     /tmp/ccF15fEM.s:1190   .text.FLASH_Program_HalfWord:00000000 FLASH_Program_HalfWord
     /tmp/ccF15fEM.s:1119   .text.FLASH_Program_Word:00000000 FLASH_Program_Word
     /tmp/ccF15fEM.s:1020   .text.FLASH_Program_DoubleWord:00000000 FLASH_Program_DoubleWord
     /tmp/ccF15fEM.s:150    .text.HAL_FLASH_Program:000000a0 $d
     /tmp/ccF15fEM.s:156    .text.HAL_FLASH_Program_IT:00000000 $t
     /tmp/ccF15fEM.s:162    .text.HAL_FLASH_Program_IT:00000000 HAL_FLASH_Program_IT
     /tmp/ccF15fEM.s:258    .text.HAL_FLASH_Program_IT:00000080 $d
     /tmp/ccF15fEM.s:264    .text.HAL_FLASH_IRQHandler:00000000 $t
     /tmp/ccF15fEM.s:270    .text.HAL_FLASH_IRQHandler:00000000 HAL_FLASH_IRQHandler
     /tmp/ccF15fEM.s:1333   .text.FLASH_SetErrorCode:00000000 FLASH_SetErrorCode
     /tmp/ccF15fEM.s:541    .text.HAL_FLASH_OperationErrorCallback:00000000 HAL_FLASH_OperationErrorCallback
     /tmp/ccF15fEM.s:499    .text.HAL_FLASH_EndOfOperationCallback:00000000 HAL_FLASH_EndOfOperationCallback
     /tmp/ccF15fEM.s:487    .text.HAL_FLASH_IRQHandler:00000130 $d
     /tmp/ccF15fEM.s:493    .text.HAL_FLASH_EndOfOperationCallback:00000000 $t
     /tmp/ccF15fEM.s:535    .text.HAL_FLASH_OperationErrorCallback:00000000 $t
     /tmp/ccF15fEM.s:577    .text.HAL_FLASH_Unlock:00000000 $t
     /tmp/ccF15fEM.s:583    .text.HAL_FLASH_Unlock:00000000 HAL_FLASH_Unlock
     /tmp/ccF15fEM.s:646    .text.HAL_FLASH_Unlock:00000038 $d
     /tmp/ccF15fEM.s:653    .text.HAL_FLASH_Lock:00000000 $t
     /tmp/ccF15fEM.s:659    .text.HAL_FLASH_Lock:00000000 HAL_FLASH_Lock
     /tmp/ccF15fEM.s:696    .text.HAL_FLASH_Lock:0000001c $d
     /tmp/ccF15fEM.s:701    .text.HAL_FLASH_OB_Unlock:00000000 $t
     /tmp/ccF15fEM.s:707    .text.HAL_FLASH_OB_Unlock:00000000 HAL_FLASH_OB_Unlock
     /tmp/ccF15fEM.s:760    .text.HAL_FLASH_OB_Unlock:0000002c $d
     /tmp/ccF15fEM.s:767    .text.HAL_FLASH_OB_Lock:00000000 $t
     /tmp/ccF15fEM.s:773    .text.HAL_FLASH_OB_Lock:00000000 HAL_FLASH_OB_Lock
     /tmp/ccF15fEM.s:810    .text.HAL_FLASH_OB_Lock:0000001c $d
     /tmp/ccF15fEM.s:815    .text.HAL_FLASH_OB_Launch:00000000 $t
     /tmp/ccF15fEM.s:821    .text.HAL_FLASH_OB_Launch:00000000 HAL_FLASH_OB_Launch
     /tmp/ccF15fEM.s:854    .text.HAL_FLASH_OB_Launch:00000024 $d
     /tmp/ccF15fEM.s:859    .text.HAL_FLASH_GetError:00000000 $t
     /tmp/ccF15fEM.s:865    .text.HAL_FLASH_GetError:00000000 HAL_FLASH_GetError
     /tmp/ccF15fEM.s:896    .text.HAL_FLASH_GetError:00000014 $d
     /tmp/ccF15fEM.s:901    .text.FLASH_WaitForLastOperation:00000000 $t
     /tmp/ccF15fEM.s:1009   .text.FLASH_WaitForLastOperation:00000078 $d
     /tmp/ccF15fEM.s:1015   .text.FLASH_Program_DoubleWord:00000000 $t
     /tmp/ccF15fEM.s:1109   .text.FLASH_Program_DoubleWord:00000060 $d
     /tmp/ccF15fEM.s:1114   .text.FLASH_Program_Word:00000000 $t
     /tmp/ccF15fEM.s:1180   .text.FLASH_Program_Word:00000040 $d
     /tmp/ccF15fEM.s:1185   .text.FLASH_Program_HalfWord:00000000 $t
     /tmp/ccF15fEM.s:1252   .text.FLASH_Program_HalfWord:00000044 $d
     /tmp/ccF15fEM.s:1257   .text.FLASH_Program_Byte:00000000 $t
     /tmp/ccF15fEM.s:1323   .text.FLASH_Program_Byte:00000040 $d
     /tmp/ccF15fEM.s:1328   .text.FLASH_SetErrorCode:00000000 $t
     /tmp/ccF15fEM.s:1456   .text.FLASH_SetErrorCode:000000a4 $d

UNDEFINED SYMBOLS
FLASH_Erase_Sector
FLASH_FlushCaches
ARM GAS  /tmp/ccF15fEM.s 			page 46


HAL_GetTick
