ARM GAS  /tmp/ccpBr0sa.s 			page 1


   1              		.cpu cortex-m4
   2              		.arch armv7e-m
   3              		.fpu fpv4-sp-d16
   4              		.eabi_attribute 27, 1
   5              		.eabi_attribute 28, 1
   6              		.eabi_attribute 20, 1
   7              		.eabi_attribute 21, 1
   8              		.eabi_attribute 23, 3
   9              		.eabi_attribute 24, 1
  10              		.eabi_attribute 25, 1
  11              		.eabi_attribute 26, 1
  12              		.eabi_attribute 30, 6
  13              		.eabi_attribute 34, 1
  14              		.eabi_attribute 18, 4
  15              		.file	"stm32f4xx_hal_adc.c"
  16              		.text
  17              	.Ltext0:
  18              		.cfi_sections	.debug_frame
  19              		.file 1 "Drivers/STM32F4xx_HAL_Driver/Src/stm32f4xx_hal_adc.c"
  20              		.section	.text.HAL_ADC_Init,"ax",%progbits
  21              		.align	1
  22              		.global	HAL_ADC_Init
  23              		.syntax unified
  24              		.thumb
  25              		.thumb_func
  27              	HAL_ADC_Init:
  28              	.LFB239:
   1:Drivers/STM32F4xx_HAL_Driver/Src/stm32f4xx_hal_adc.c **** /**
   2:Drivers/STM32F4xx_HAL_Driver/Src/stm32f4xx_hal_adc.c ****   ******************************************************************************
   3:Drivers/STM32F4xx_HAL_Driver/Src/stm32f4xx_hal_adc.c ****   * @file    stm32f4xx_hal_adc.c
   4:Drivers/STM32F4xx_HAL_Driver/Src/stm32f4xx_hal_adc.c ****   * @author  MCD Application Team
   5:Drivers/STM32F4xx_HAL_Driver/Src/stm32f4xx_hal_adc.c ****   * @brief   This file provides firmware functions to manage the following
   6:Drivers/STM32F4xx_HAL_Driver/Src/stm32f4xx_hal_adc.c ****   *          functionalities of the Analog to Digital Converter (ADC) peripheral:
   7:Drivers/STM32F4xx_HAL_Driver/Src/stm32f4xx_hal_adc.c ****   *           + Initialization and de-initialization functions
   8:Drivers/STM32F4xx_HAL_Driver/Src/stm32f4xx_hal_adc.c ****   *           + Peripheral Control functions
   9:Drivers/STM32F4xx_HAL_Driver/Src/stm32f4xx_hal_adc.c ****   *           + Peripheral State functions
  10:Drivers/STM32F4xx_HAL_Driver/Src/stm32f4xx_hal_adc.c ****   *
  11:Drivers/STM32F4xx_HAL_Driver/Src/stm32f4xx_hal_adc.c ****   ******************************************************************************
  12:Drivers/STM32F4xx_HAL_Driver/Src/stm32f4xx_hal_adc.c ****   * @attention
  13:Drivers/STM32F4xx_HAL_Driver/Src/stm32f4xx_hal_adc.c ****   *
  14:Drivers/STM32F4xx_HAL_Driver/Src/stm32f4xx_hal_adc.c ****   * Copyright (c) 2017 STMicroelectronics.
  15:Drivers/STM32F4xx_HAL_Driver/Src/stm32f4xx_hal_adc.c ****   * All rights reserved.
  16:Drivers/STM32F4xx_HAL_Driver/Src/stm32f4xx_hal_adc.c ****   *
  17:Drivers/STM32F4xx_HAL_Driver/Src/stm32f4xx_hal_adc.c ****   * This software is licensed under terms that can be found in the LICENSE file
  18:Drivers/STM32F4xx_HAL_Driver/Src/stm32f4xx_hal_adc.c ****   * in the root directory of this software component.
  19:Drivers/STM32F4xx_HAL_Driver/Src/stm32f4xx_hal_adc.c ****   * If no LICENSE file comes with this software, it is provided AS-IS.
  20:Drivers/STM32F4xx_HAL_Driver/Src/stm32f4xx_hal_adc.c ****   *
  21:Drivers/STM32F4xx_HAL_Driver/Src/stm32f4xx_hal_adc.c ****   ******************************************************************************
  22:Drivers/STM32F4xx_HAL_Driver/Src/stm32f4xx_hal_adc.c ****   @verbatim
  23:Drivers/STM32F4xx_HAL_Driver/Src/stm32f4xx_hal_adc.c ****   ==============================================================================
  24:Drivers/STM32F4xx_HAL_Driver/Src/stm32f4xx_hal_adc.c ****                     ##### ADC Peripheral features #####
  25:Drivers/STM32F4xx_HAL_Driver/Src/stm32f4xx_hal_adc.c ****   ==============================================================================
  26:Drivers/STM32F4xx_HAL_Driver/Src/stm32f4xx_hal_adc.c ****   [..]
  27:Drivers/STM32F4xx_HAL_Driver/Src/stm32f4xx_hal_adc.c ****   (#) 12-bit, 10-bit, 8-bit or 6-bit configurable resolution.
  28:Drivers/STM32F4xx_HAL_Driver/Src/stm32f4xx_hal_adc.c ****   (#) Interrupt generation at the end of conversion, end of injected conversion,
  29:Drivers/STM32F4xx_HAL_Driver/Src/stm32f4xx_hal_adc.c ****       and in case of analog watchdog or overrun events
  30:Drivers/STM32F4xx_HAL_Driver/Src/stm32f4xx_hal_adc.c ****   (#) Single and continuous conversion modes.
ARM GAS  /tmp/ccpBr0sa.s 			page 2


  31:Drivers/STM32F4xx_HAL_Driver/Src/stm32f4xx_hal_adc.c ****   (#) Scan mode for automatic conversion of channel 0 to channel x.
  32:Drivers/STM32F4xx_HAL_Driver/Src/stm32f4xx_hal_adc.c ****   (#) Data alignment with in-built data coherency.
  33:Drivers/STM32F4xx_HAL_Driver/Src/stm32f4xx_hal_adc.c ****   (#) Channel-wise programmable sampling time.
  34:Drivers/STM32F4xx_HAL_Driver/Src/stm32f4xx_hal_adc.c ****   (#) External trigger option with configurable polarity for both regular and
  35:Drivers/STM32F4xx_HAL_Driver/Src/stm32f4xx_hal_adc.c ****       injected conversion.
  36:Drivers/STM32F4xx_HAL_Driver/Src/stm32f4xx_hal_adc.c ****   (#) Dual/Triple mode (on devices with 2 ADCs or more).
  37:Drivers/STM32F4xx_HAL_Driver/Src/stm32f4xx_hal_adc.c ****   (#) Configurable DMA data storage in Dual/Triple ADC mode.
  38:Drivers/STM32F4xx_HAL_Driver/Src/stm32f4xx_hal_adc.c ****   (#) Configurable delay between conversions in Dual/Triple interleaved mode.
  39:Drivers/STM32F4xx_HAL_Driver/Src/stm32f4xx_hal_adc.c ****   (#) ADC conversion type (refer to the datasheets).
  40:Drivers/STM32F4xx_HAL_Driver/Src/stm32f4xx_hal_adc.c ****   (#) ADC supply requirements: 2.4 V to 3.6 V at full speed and down to 1.8 V at
  41:Drivers/STM32F4xx_HAL_Driver/Src/stm32f4xx_hal_adc.c ****       slower speed.
  42:Drivers/STM32F4xx_HAL_Driver/Src/stm32f4xx_hal_adc.c ****   (#) ADC input range: VREF(minus) = VIN = VREF(plus).
  43:Drivers/STM32F4xx_HAL_Driver/Src/stm32f4xx_hal_adc.c ****   (#) DMA request generation during regular channel conversion.
  44:Drivers/STM32F4xx_HAL_Driver/Src/stm32f4xx_hal_adc.c **** 
  45:Drivers/STM32F4xx_HAL_Driver/Src/stm32f4xx_hal_adc.c **** 
  46:Drivers/STM32F4xx_HAL_Driver/Src/stm32f4xx_hal_adc.c ****                      ##### How to use this driver #####
  47:Drivers/STM32F4xx_HAL_Driver/Src/stm32f4xx_hal_adc.c ****   ==============================================================================
  48:Drivers/STM32F4xx_HAL_Driver/Src/stm32f4xx_hal_adc.c ****   [..]
  49:Drivers/STM32F4xx_HAL_Driver/Src/stm32f4xx_hal_adc.c ****   (#)Initialize the ADC low level resources by implementing the HAL_ADC_MspInit():
  50:Drivers/STM32F4xx_HAL_Driver/Src/stm32f4xx_hal_adc.c ****        (##) Enable the ADC interface clock using __HAL_RCC_ADC_CLK_ENABLE()
  51:Drivers/STM32F4xx_HAL_Driver/Src/stm32f4xx_hal_adc.c ****        (##) ADC pins configuration
  52:Drivers/STM32F4xx_HAL_Driver/Src/stm32f4xx_hal_adc.c ****              (+++) Enable the clock for the ADC GPIOs using the following function:
  53:Drivers/STM32F4xx_HAL_Driver/Src/stm32f4xx_hal_adc.c ****                    __HAL_RCC_GPIOx_CLK_ENABLE()
  54:Drivers/STM32F4xx_HAL_Driver/Src/stm32f4xx_hal_adc.c ****              (+++) Configure these ADC pins in analog mode using HAL_GPIO_Init()
  55:Drivers/STM32F4xx_HAL_Driver/Src/stm32f4xx_hal_adc.c ****        (##) In case of using interrupts (e.g. HAL_ADC_Start_IT())
  56:Drivers/STM32F4xx_HAL_Driver/Src/stm32f4xx_hal_adc.c ****              (+++) Configure the ADC interrupt priority using HAL_NVIC_SetPriority()
  57:Drivers/STM32F4xx_HAL_Driver/Src/stm32f4xx_hal_adc.c ****              (+++) Enable the ADC IRQ handler using HAL_NVIC_EnableIRQ()
  58:Drivers/STM32F4xx_HAL_Driver/Src/stm32f4xx_hal_adc.c ****              (+++) In ADC IRQ handler, call HAL_ADC_IRQHandler()
  59:Drivers/STM32F4xx_HAL_Driver/Src/stm32f4xx_hal_adc.c ****        (##) In case of using DMA to control data transfer (e.g. HAL_ADC_Start_DMA())
  60:Drivers/STM32F4xx_HAL_Driver/Src/stm32f4xx_hal_adc.c ****              (+++) Enable the DMAx interface clock using __HAL_RCC_DMAx_CLK_ENABLE()
  61:Drivers/STM32F4xx_HAL_Driver/Src/stm32f4xx_hal_adc.c ****              (+++) Configure and enable two DMA streams stream for managing data
  62:Drivers/STM32F4xx_HAL_Driver/Src/stm32f4xx_hal_adc.c ****                  transfer from peripheral to memory (output stream)
  63:Drivers/STM32F4xx_HAL_Driver/Src/stm32f4xx_hal_adc.c ****              (+++) Associate the initialized DMA handle to the CRYP DMA handle
  64:Drivers/STM32F4xx_HAL_Driver/Src/stm32f4xx_hal_adc.c ****                  using  __HAL_LINKDMA()
  65:Drivers/STM32F4xx_HAL_Driver/Src/stm32f4xx_hal_adc.c ****              (+++) Configure the priority and enable the NVIC for the transfer complete
  66:Drivers/STM32F4xx_HAL_Driver/Src/stm32f4xx_hal_adc.c ****                  interrupt on the two DMA Streams. The output stream should have higher
  67:Drivers/STM32F4xx_HAL_Driver/Src/stm32f4xx_hal_adc.c ****                  priority than the input stream.
  68:Drivers/STM32F4xx_HAL_Driver/Src/stm32f4xx_hal_adc.c **** 
  69:Drivers/STM32F4xx_HAL_Driver/Src/stm32f4xx_hal_adc.c ****     *** Configuration of ADC, groups regular/injected, channels parameters ***
  70:Drivers/STM32F4xx_HAL_Driver/Src/stm32f4xx_hal_adc.c ****   ==============================================================================
  71:Drivers/STM32F4xx_HAL_Driver/Src/stm32f4xx_hal_adc.c ****   [..]
  72:Drivers/STM32F4xx_HAL_Driver/Src/stm32f4xx_hal_adc.c ****   (#) Configure the ADC parameters (resolution, data alignment, ...)
  73:Drivers/STM32F4xx_HAL_Driver/Src/stm32f4xx_hal_adc.c ****       and regular group parameters (conversion trigger, sequencer, ...)
  74:Drivers/STM32F4xx_HAL_Driver/Src/stm32f4xx_hal_adc.c ****       using function HAL_ADC_Init().
  75:Drivers/STM32F4xx_HAL_Driver/Src/stm32f4xx_hal_adc.c **** 
  76:Drivers/STM32F4xx_HAL_Driver/Src/stm32f4xx_hal_adc.c ****   (#) Configure the channels for regular group parameters (channel number,
  77:Drivers/STM32F4xx_HAL_Driver/Src/stm32f4xx_hal_adc.c ****       channel rank into sequencer, ..., into regular group)
  78:Drivers/STM32F4xx_HAL_Driver/Src/stm32f4xx_hal_adc.c ****       using function HAL_ADC_ConfigChannel().
  79:Drivers/STM32F4xx_HAL_Driver/Src/stm32f4xx_hal_adc.c **** 
  80:Drivers/STM32F4xx_HAL_Driver/Src/stm32f4xx_hal_adc.c ****   (#) Optionally, configure the injected group parameters (conversion trigger,
  81:Drivers/STM32F4xx_HAL_Driver/Src/stm32f4xx_hal_adc.c ****       sequencer, ..., of injected group)
  82:Drivers/STM32F4xx_HAL_Driver/Src/stm32f4xx_hal_adc.c ****       and the channels for injected group parameters (channel number,
  83:Drivers/STM32F4xx_HAL_Driver/Src/stm32f4xx_hal_adc.c ****       channel rank into sequencer, ..., into injected group)
  84:Drivers/STM32F4xx_HAL_Driver/Src/stm32f4xx_hal_adc.c ****       using function HAL_ADCEx_InjectedConfigChannel().
  85:Drivers/STM32F4xx_HAL_Driver/Src/stm32f4xx_hal_adc.c **** 
  86:Drivers/STM32F4xx_HAL_Driver/Src/stm32f4xx_hal_adc.c ****   (#) Optionally, configure the analog watchdog parameters (channels
  87:Drivers/STM32F4xx_HAL_Driver/Src/stm32f4xx_hal_adc.c ****       monitored, thresholds, ...) using function HAL_ADC_AnalogWDGConfig().
ARM GAS  /tmp/ccpBr0sa.s 			page 3


  88:Drivers/STM32F4xx_HAL_Driver/Src/stm32f4xx_hal_adc.c **** 
  89:Drivers/STM32F4xx_HAL_Driver/Src/stm32f4xx_hal_adc.c ****   (#) Optionally, for devices with several ADC instances: configure the
  90:Drivers/STM32F4xx_HAL_Driver/Src/stm32f4xx_hal_adc.c ****       multimode parameters using function HAL_ADCEx_MultiModeConfigChannel().
  91:Drivers/STM32F4xx_HAL_Driver/Src/stm32f4xx_hal_adc.c **** 
  92:Drivers/STM32F4xx_HAL_Driver/Src/stm32f4xx_hal_adc.c ****                        *** Execution of ADC conversions ***
  93:Drivers/STM32F4xx_HAL_Driver/Src/stm32f4xx_hal_adc.c ****   ==============================================================================
  94:Drivers/STM32F4xx_HAL_Driver/Src/stm32f4xx_hal_adc.c ****   [..]
  95:Drivers/STM32F4xx_HAL_Driver/Src/stm32f4xx_hal_adc.c ****   (#) ADC driver can be used among three modes: polling, interruption,
  96:Drivers/STM32F4xx_HAL_Driver/Src/stm32f4xx_hal_adc.c ****       transfer by DMA.
  97:Drivers/STM32F4xx_HAL_Driver/Src/stm32f4xx_hal_adc.c **** 
  98:Drivers/STM32F4xx_HAL_Driver/Src/stm32f4xx_hal_adc.c ****      *** Polling mode IO operation ***
  99:Drivers/STM32F4xx_HAL_Driver/Src/stm32f4xx_hal_adc.c ****      =================================
 100:Drivers/STM32F4xx_HAL_Driver/Src/stm32f4xx_hal_adc.c ****      [..]
 101:Drivers/STM32F4xx_HAL_Driver/Src/stm32f4xx_hal_adc.c ****        (+) Start the ADC peripheral using HAL_ADC_Start()
 102:Drivers/STM32F4xx_HAL_Driver/Src/stm32f4xx_hal_adc.c ****        (+) Wait for end of conversion using HAL_ADC_PollForConversion(), at this stage
 103:Drivers/STM32F4xx_HAL_Driver/Src/stm32f4xx_hal_adc.c ****            user can specify the value of timeout according to his end application
 104:Drivers/STM32F4xx_HAL_Driver/Src/stm32f4xx_hal_adc.c ****        (+) To read the ADC converted values, use the HAL_ADC_GetValue() function.
 105:Drivers/STM32F4xx_HAL_Driver/Src/stm32f4xx_hal_adc.c ****        (+) Stop the ADC peripheral using HAL_ADC_Stop()
 106:Drivers/STM32F4xx_HAL_Driver/Src/stm32f4xx_hal_adc.c **** 
 107:Drivers/STM32F4xx_HAL_Driver/Src/stm32f4xx_hal_adc.c ****      *** Interrupt mode IO operation ***
 108:Drivers/STM32F4xx_HAL_Driver/Src/stm32f4xx_hal_adc.c ****      ===================================
 109:Drivers/STM32F4xx_HAL_Driver/Src/stm32f4xx_hal_adc.c ****      [..]
 110:Drivers/STM32F4xx_HAL_Driver/Src/stm32f4xx_hal_adc.c ****        (+) Start the ADC peripheral using HAL_ADC_Start_IT()
 111:Drivers/STM32F4xx_HAL_Driver/Src/stm32f4xx_hal_adc.c ****        (+) Use HAL_ADC_IRQHandler() called under ADC_IRQHandler() Interrupt subroutine
 112:Drivers/STM32F4xx_HAL_Driver/Src/stm32f4xx_hal_adc.c ****        (+) At ADC end of conversion HAL_ADC_ConvCpltCallback() function is executed and user can
 113:Drivers/STM32F4xx_HAL_Driver/Src/stm32f4xx_hal_adc.c ****            add his own code by customization of function pointer HAL_ADC_ConvCpltCallback
 114:Drivers/STM32F4xx_HAL_Driver/Src/stm32f4xx_hal_adc.c ****        (+) In case of ADC Error, HAL_ADC_ErrorCallback() function is executed and user can
 115:Drivers/STM32F4xx_HAL_Driver/Src/stm32f4xx_hal_adc.c ****            add his own code by customization of function pointer HAL_ADC_ErrorCallback
 116:Drivers/STM32F4xx_HAL_Driver/Src/stm32f4xx_hal_adc.c ****        (+) Stop the ADC peripheral using HAL_ADC_Stop_IT()
 117:Drivers/STM32F4xx_HAL_Driver/Src/stm32f4xx_hal_adc.c **** 
 118:Drivers/STM32F4xx_HAL_Driver/Src/stm32f4xx_hal_adc.c ****      *** DMA mode IO operation ***
 119:Drivers/STM32F4xx_HAL_Driver/Src/stm32f4xx_hal_adc.c ****      ==============================
 120:Drivers/STM32F4xx_HAL_Driver/Src/stm32f4xx_hal_adc.c ****      [..]
 121:Drivers/STM32F4xx_HAL_Driver/Src/stm32f4xx_hal_adc.c ****        (+) Start the ADC peripheral using HAL_ADC_Start_DMA(), at this stage the user specify the l
 122:Drivers/STM32F4xx_HAL_Driver/Src/stm32f4xx_hal_adc.c ****            of data to be transferred at each end of conversion
 123:Drivers/STM32F4xx_HAL_Driver/Src/stm32f4xx_hal_adc.c ****        (+) At The end of data transfer by HAL_ADC_ConvCpltCallback() function is executed and user 
 124:Drivers/STM32F4xx_HAL_Driver/Src/stm32f4xx_hal_adc.c ****            add his own code by customization of function pointer HAL_ADC_ConvCpltCallback
 125:Drivers/STM32F4xx_HAL_Driver/Src/stm32f4xx_hal_adc.c ****        (+) In case of transfer Error, HAL_ADC_ErrorCallback() function is executed and user can
 126:Drivers/STM32F4xx_HAL_Driver/Src/stm32f4xx_hal_adc.c ****            add his own code by customization of function pointer HAL_ADC_ErrorCallback
 127:Drivers/STM32F4xx_HAL_Driver/Src/stm32f4xx_hal_adc.c ****        (+) Stop the ADC peripheral using HAL_ADC_Stop_DMA()
 128:Drivers/STM32F4xx_HAL_Driver/Src/stm32f4xx_hal_adc.c **** 
 129:Drivers/STM32F4xx_HAL_Driver/Src/stm32f4xx_hal_adc.c ****      *** ADC HAL driver macros list ***
 130:Drivers/STM32F4xx_HAL_Driver/Src/stm32f4xx_hal_adc.c ****      =============================================
 131:Drivers/STM32F4xx_HAL_Driver/Src/stm32f4xx_hal_adc.c ****      [..]
 132:Drivers/STM32F4xx_HAL_Driver/Src/stm32f4xx_hal_adc.c ****        Below the list of most used macros in ADC HAL driver.
 133:Drivers/STM32F4xx_HAL_Driver/Src/stm32f4xx_hal_adc.c **** 
 134:Drivers/STM32F4xx_HAL_Driver/Src/stm32f4xx_hal_adc.c ****       (+) __HAL_ADC_ENABLE : Enable the ADC peripheral
 135:Drivers/STM32F4xx_HAL_Driver/Src/stm32f4xx_hal_adc.c ****       (+) __HAL_ADC_DISABLE : Disable the ADC peripheral
 136:Drivers/STM32F4xx_HAL_Driver/Src/stm32f4xx_hal_adc.c ****       (+) __HAL_ADC_ENABLE_IT: Enable the ADC end of conversion interrupt
 137:Drivers/STM32F4xx_HAL_Driver/Src/stm32f4xx_hal_adc.c ****       (+) __HAL_ADC_DISABLE_IT: Disable the ADC end of conversion interrupt
 138:Drivers/STM32F4xx_HAL_Driver/Src/stm32f4xx_hal_adc.c ****       (+) __HAL_ADC_GET_IT_SOURCE: Check if the specified ADC interrupt source is enabled or disabl
 139:Drivers/STM32F4xx_HAL_Driver/Src/stm32f4xx_hal_adc.c ****       (+) __HAL_ADC_CLEAR_FLAG: Clear the ADC's pending flags
 140:Drivers/STM32F4xx_HAL_Driver/Src/stm32f4xx_hal_adc.c ****       (+) __HAL_ADC_GET_FLAG: Get the selected ADC's flag status
 141:Drivers/STM32F4xx_HAL_Driver/Src/stm32f4xx_hal_adc.c ****       (+) ADC_GET_RESOLUTION: Return resolution bits in CR1 register
 142:Drivers/STM32F4xx_HAL_Driver/Src/stm32f4xx_hal_adc.c **** 
 143:Drivers/STM32F4xx_HAL_Driver/Src/stm32f4xx_hal_adc.c ****      [..]
 144:Drivers/STM32F4xx_HAL_Driver/Src/stm32f4xx_hal_adc.c ****        (@) You can refer to the ADC HAL driver header file for more useful macros
ARM GAS  /tmp/ccpBr0sa.s 			page 4


 145:Drivers/STM32F4xx_HAL_Driver/Src/stm32f4xx_hal_adc.c **** 
 146:Drivers/STM32F4xx_HAL_Driver/Src/stm32f4xx_hal_adc.c ****                       *** Deinitialization of ADC ***
 147:Drivers/STM32F4xx_HAL_Driver/Src/stm32f4xx_hal_adc.c ****   ==============================================================================
 148:Drivers/STM32F4xx_HAL_Driver/Src/stm32f4xx_hal_adc.c ****   [..]
 149:Drivers/STM32F4xx_HAL_Driver/Src/stm32f4xx_hal_adc.c ****   (#) Disable the ADC interface
 150:Drivers/STM32F4xx_HAL_Driver/Src/stm32f4xx_hal_adc.c ****      (++) ADC clock can be hard reset and disabled at RCC top level.
 151:Drivers/STM32F4xx_HAL_Driver/Src/stm32f4xx_hal_adc.c ****      (++) Hard reset of ADC peripherals
 152:Drivers/STM32F4xx_HAL_Driver/Src/stm32f4xx_hal_adc.c ****           using macro __HAL_RCC_ADC_FORCE_RESET(), __HAL_RCC_ADC_RELEASE_RESET().
 153:Drivers/STM32F4xx_HAL_Driver/Src/stm32f4xx_hal_adc.c ****      (++) ADC clock disable using the equivalent macro/functions as configuration step.
 154:Drivers/STM32F4xx_HAL_Driver/Src/stm32f4xx_hal_adc.c ****                (+++) Example:
 155:Drivers/STM32F4xx_HAL_Driver/Src/stm32f4xx_hal_adc.c ****                    Into HAL_ADC_MspDeInit() (recommended code location) or with
 156:Drivers/STM32F4xx_HAL_Driver/Src/stm32f4xx_hal_adc.c ****                    other device clock parameters configuration:
 157:Drivers/STM32F4xx_HAL_Driver/Src/stm32f4xx_hal_adc.c ****                (+++) HAL_RCC_GetOscConfig(&RCC_OscInitStructure);
 158:Drivers/STM32F4xx_HAL_Driver/Src/stm32f4xx_hal_adc.c ****                (+++) RCC_OscInitStructure.OscillatorType = RCC_OSCILLATORTYPE_HSI;
 159:Drivers/STM32F4xx_HAL_Driver/Src/stm32f4xx_hal_adc.c ****                (+++) RCC_OscInitStructure.HSIState = RCC_HSI_OFF; (if not used for system clock)
 160:Drivers/STM32F4xx_HAL_Driver/Src/stm32f4xx_hal_adc.c ****                (+++) HAL_RCC_OscConfig(&RCC_OscInitStructure);
 161:Drivers/STM32F4xx_HAL_Driver/Src/stm32f4xx_hal_adc.c **** 
 162:Drivers/STM32F4xx_HAL_Driver/Src/stm32f4xx_hal_adc.c ****   (#) ADC pins configuration
 163:Drivers/STM32F4xx_HAL_Driver/Src/stm32f4xx_hal_adc.c ****      (++) Disable the clock for the ADC GPIOs using macro __HAL_RCC_GPIOx_CLK_DISABLE()
 164:Drivers/STM32F4xx_HAL_Driver/Src/stm32f4xx_hal_adc.c **** 
 165:Drivers/STM32F4xx_HAL_Driver/Src/stm32f4xx_hal_adc.c ****   (#) Optionally, in case of usage of ADC with interruptions:
 166:Drivers/STM32F4xx_HAL_Driver/Src/stm32f4xx_hal_adc.c ****      (++) Disable the NVIC for ADC using function HAL_NVIC_DisableIRQ(ADCx_IRQn)
 167:Drivers/STM32F4xx_HAL_Driver/Src/stm32f4xx_hal_adc.c **** 
 168:Drivers/STM32F4xx_HAL_Driver/Src/stm32f4xx_hal_adc.c ****   (#) Optionally, in case of usage of DMA:
 169:Drivers/STM32F4xx_HAL_Driver/Src/stm32f4xx_hal_adc.c ****         (++) Deinitialize the DMA using function HAL_DMA_DeInit().
 170:Drivers/STM32F4xx_HAL_Driver/Src/stm32f4xx_hal_adc.c ****         (++) Disable the NVIC for DMA using function HAL_NVIC_DisableIRQ(DMAx_Channelx_IRQn)
 171:Drivers/STM32F4xx_HAL_Driver/Src/stm32f4xx_hal_adc.c ****                       *** Callback registration ***
 172:Drivers/STM32F4xx_HAL_Driver/Src/stm32f4xx_hal_adc.c ****   ==============================================================================
 173:Drivers/STM32F4xx_HAL_Driver/Src/stm32f4xx_hal_adc.c ****     [..]
 174:Drivers/STM32F4xx_HAL_Driver/Src/stm32f4xx_hal_adc.c **** 
 175:Drivers/STM32F4xx_HAL_Driver/Src/stm32f4xx_hal_adc.c ****      The compilation flag USE_HAL_ADC_REGISTER_CALLBACKS, when set to 1,
 176:Drivers/STM32F4xx_HAL_Driver/Src/stm32f4xx_hal_adc.c ****      allows the user to configure dynamically the driver callbacks.
 177:Drivers/STM32F4xx_HAL_Driver/Src/stm32f4xx_hal_adc.c ****      Use Functions HAL_ADC_RegisterCallback()
 178:Drivers/STM32F4xx_HAL_Driver/Src/stm32f4xx_hal_adc.c ****      to register an interrupt callback.
 179:Drivers/STM32F4xx_HAL_Driver/Src/stm32f4xx_hal_adc.c ****     [..]
 180:Drivers/STM32F4xx_HAL_Driver/Src/stm32f4xx_hal_adc.c **** 
 181:Drivers/STM32F4xx_HAL_Driver/Src/stm32f4xx_hal_adc.c ****      Function HAL_ADC_RegisterCallback() allows to register following callbacks:
 182:Drivers/STM32F4xx_HAL_Driver/Src/stm32f4xx_hal_adc.c ****        (+) ConvCpltCallback               : ADC conversion complete callback
 183:Drivers/STM32F4xx_HAL_Driver/Src/stm32f4xx_hal_adc.c ****        (+) ConvHalfCpltCallback           : ADC conversion DMA half-transfer callback
 184:Drivers/STM32F4xx_HAL_Driver/Src/stm32f4xx_hal_adc.c ****        (+) LevelOutOfWindowCallback       : ADC analog watchdog 1 callback
 185:Drivers/STM32F4xx_HAL_Driver/Src/stm32f4xx_hal_adc.c ****        (+) ErrorCallback                  : ADC error callback
 186:Drivers/STM32F4xx_HAL_Driver/Src/stm32f4xx_hal_adc.c ****        (+) InjectedConvCpltCallback       : ADC group injected conversion complete callback
 187:Drivers/STM32F4xx_HAL_Driver/Src/stm32f4xx_hal_adc.c ****        (+) InjectedQueueOverflowCallback  : ADC group injected context queue overflow callback
 188:Drivers/STM32F4xx_HAL_Driver/Src/stm32f4xx_hal_adc.c ****        (+) LevelOutOfWindow2Callback      : ADC analog watchdog 2 callback
 189:Drivers/STM32F4xx_HAL_Driver/Src/stm32f4xx_hal_adc.c ****        (+) LevelOutOfWindow3Callback      : ADC analog watchdog 3 callback
 190:Drivers/STM32F4xx_HAL_Driver/Src/stm32f4xx_hal_adc.c ****        (+) EndOfSamplingCallback          : ADC end of sampling callback
 191:Drivers/STM32F4xx_HAL_Driver/Src/stm32f4xx_hal_adc.c ****        (+) MspInitCallback                : ADC Msp Init callback
 192:Drivers/STM32F4xx_HAL_Driver/Src/stm32f4xx_hal_adc.c ****        (+) MspDeInitCallback              : ADC Msp DeInit callback
 193:Drivers/STM32F4xx_HAL_Driver/Src/stm32f4xx_hal_adc.c ****      This function takes as parameters the HAL peripheral handle, the Callback ID
 194:Drivers/STM32F4xx_HAL_Driver/Src/stm32f4xx_hal_adc.c ****      and a pointer to the user callback function.
 195:Drivers/STM32F4xx_HAL_Driver/Src/stm32f4xx_hal_adc.c ****     [..]
 196:Drivers/STM32F4xx_HAL_Driver/Src/stm32f4xx_hal_adc.c **** 
 197:Drivers/STM32F4xx_HAL_Driver/Src/stm32f4xx_hal_adc.c ****      Use function HAL_ADC_UnRegisterCallback to reset a callback to the default
 198:Drivers/STM32F4xx_HAL_Driver/Src/stm32f4xx_hal_adc.c ****      weak function.
 199:Drivers/STM32F4xx_HAL_Driver/Src/stm32f4xx_hal_adc.c ****     [..]
 200:Drivers/STM32F4xx_HAL_Driver/Src/stm32f4xx_hal_adc.c **** 
 201:Drivers/STM32F4xx_HAL_Driver/Src/stm32f4xx_hal_adc.c ****      HAL_ADC_UnRegisterCallback takes as parameters the HAL peripheral handle,
ARM GAS  /tmp/ccpBr0sa.s 			page 5


 202:Drivers/STM32F4xx_HAL_Driver/Src/stm32f4xx_hal_adc.c ****      and the Callback ID.
 203:Drivers/STM32F4xx_HAL_Driver/Src/stm32f4xx_hal_adc.c ****      This function allows to reset following callbacks:
 204:Drivers/STM32F4xx_HAL_Driver/Src/stm32f4xx_hal_adc.c ****        (+) ConvCpltCallback               : ADC conversion complete callback
 205:Drivers/STM32F4xx_HAL_Driver/Src/stm32f4xx_hal_adc.c ****        (+) ConvHalfCpltCallback           : ADC conversion DMA half-transfer callback
 206:Drivers/STM32F4xx_HAL_Driver/Src/stm32f4xx_hal_adc.c ****        (+) LevelOutOfWindowCallback       : ADC analog watchdog 1 callback
 207:Drivers/STM32F4xx_HAL_Driver/Src/stm32f4xx_hal_adc.c ****        (+) ErrorCallback                  : ADC error callback
 208:Drivers/STM32F4xx_HAL_Driver/Src/stm32f4xx_hal_adc.c ****        (+) InjectedConvCpltCallback       : ADC group injected conversion complete callback
 209:Drivers/STM32F4xx_HAL_Driver/Src/stm32f4xx_hal_adc.c ****        (+) InjectedQueueOverflowCallback  : ADC group injected context queue overflow callback
 210:Drivers/STM32F4xx_HAL_Driver/Src/stm32f4xx_hal_adc.c ****        (+) LevelOutOfWindow2Callback      : ADC analog watchdog 2 callback
 211:Drivers/STM32F4xx_HAL_Driver/Src/stm32f4xx_hal_adc.c ****        (+) LevelOutOfWindow3Callback      : ADC analog watchdog 3 callback
 212:Drivers/STM32F4xx_HAL_Driver/Src/stm32f4xx_hal_adc.c ****        (+) EndOfSamplingCallback          : ADC end of sampling callback
 213:Drivers/STM32F4xx_HAL_Driver/Src/stm32f4xx_hal_adc.c ****        (+) MspInitCallback                : ADC Msp Init callback
 214:Drivers/STM32F4xx_HAL_Driver/Src/stm32f4xx_hal_adc.c ****        (+) MspDeInitCallback              : ADC Msp DeInit callback
 215:Drivers/STM32F4xx_HAL_Driver/Src/stm32f4xx_hal_adc.c ****      [..]
 216:Drivers/STM32F4xx_HAL_Driver/Src/stm32f4xx_hal_adc.c **** 
 217:Drivers/STM32F4xx_HAL_Driver/Src/stm32f4xx_hal_adc.c ****      By default, after the HAL_ADC_Init() and when the state is HAL_ADC_STATE_RESET
 218:Drivers/STM32F4xx_HAL_Driver/Src/stm32f4xx_hal_adc.c ****      all callbacks are set to the corresponding weak functions:
 219:Drivers/STM32F4xx_HAL_Driver/Src/stm32f4xx_hal_adc.c ****      examples HAL_ADC_ConvCpltCallback(), HAL_ADC_ErrorCallback().
 220:Drivers/STM32F4xx_HAL_Driver/Src/stm32f4xx_hal_adc.c ****      Exception done for MspInit and MspDeInit functions that are
 221:Drivers/STM32F4xx_HAL_Driver/Src/stm32f4xx_hal_adc.c ****      reset to the legacy weak functions in the HAL_ADC_Init()/ HAL_ADC_DeInit() only when
 222:Drivers/STM32F4xx_HAL_Driver/Src/stm32f4xx_hal_adc.c ****      these callbacks are null (not registered beforehand).
 223:Drivers/STM32F4xx_HAL_Driver/Src/stm32f4xx_hal_adc.c ****     [..]
 224:Drivers/STM32F4xx_HAL_Driver/Src/stm32f4xx_hal_adc.c **** 
 225:Drivers/STM32F4xx_HAL_Driver/Src/stm32f4xx_hal_adc.c ****      If MspInit or MspDeInit are not null, the HAL_ADC_Init()/ HAL_ADC_DeInit()
 226:Drivers/STM32F4xx_HAL_Driver/Src/stm32f4xx_hal_adc.c ****      keep and use the user MspInit/MspDeInit callbacks (registered beforehand) whatever the state.
 227:Drivers/STM32F4xx_HAL_Driver/Src/stm32f4xx_hal_adc.c ****      [..]
 228:Drivers/STM32F4xx_HAL_Driver/Src/stm32f4xx_hal_adc.c **** 
 229:Drivers/STM32F4xx_HAL_Driver/Src/stm32f4xx_hal_adc.c ****      Callbacks can be registered/unregistered in HAL_ADC_STATE_READY state only.
 230:Drivers/STM32F4xx_HAL_Driver/Src/stm32f4xx_hal_adc.c ****      Exception done MspInit/MspDeInit functions that can be registered/unregistered
 231:Drivers/STM32F4xx_HAL_Driver/Src/stm32f4xx_hal_adc.c ****      in HAL_ADC_STATE_READY or HAL_ADC_STATE_RESET state,
 232:Drivers/STM32F4xx_HAL_Driver/Src/stm32f4xx_hal_adc.c ****      thus registered (user) MspInit/DeInit callbacks can be used during the Init/DeInit.
 233:Drivers/STM32F4xx_HAL_Driver/Src/stm32f4xx_hal_adc.c ****     [..]
 234:Drivers/STM32F4xx_HAL_Driver/Src/stm32f4xx_hal_adc.c **** 
 235:Drivers/STM32F4xx_HAL_Driver/Src/stm32f4xx_hal_adc.c ****      Then, the user first registers the MspInit/MspDeInit user callbacks
 236:Drivers/STM32F4xx_HAL_Driver/Src/stm32f4xx_hal_adc.c ****      using HAL_ADC_RegisterCallback() before calling HAL_ADC_DeInit()
 237:Drivers/STM32F4xx_HAL_Driver/Src/stm32f4xx_hal_adc.c ****      or HAL_ADC_Init() function.
 238:Drivers/STM32F4xx_HAL_Driver/Src/stm32f4xx_hal_adc.c ****      [..]
 239:Drivers/STM32F4xx_HAL_Driver/Src/stm32f4xx_hal_adc.c **** 
 240:Drivers/STM32F4xx_HAL_Driver/Src/stm32f4xx_hal_adc.c ****      When the compilation flag USE_HAL_ADC_REGISTER_CALLBACKS is set to 0 or
 241:Drivers/STM32F4xx_HAL_Driver/Src/stm32f4xx_hal_adc.c ****      not defined, the callback registration feature is not available and all callbacks
 242:Drivers/STM32F4xx_HAL_Driver/Src/stm32f4xx_hal_adc.c ****      are set to the corresponding weak functions.
 243:Drivers/STM32F4xx_HAL_Driver/Src/stm32f4xx_hal_adc.c **** 
 244:Drivers/STM32F4xx_HAL_Driver/Src/stm32f4xx_hal_adc.c ****     @endverbatim
 245:Drivers/STM32F4xx_HAL_Driver/Src/stm32f4xx_hal_adc.c ****   */
 246:Drivers/STM32F4xx_HAL_Driver/Src/stm32f4xx_hal_adc.c **** 
 247:Drivers/STM32F4xx_HAL_Driver/Src/stm32f4xx_hal_adc.c **** /* Includes ------------------------------------------------------------------*/
 248:Drivers/STM32F4xx_HAL_Driver/Src/stm32f4xx_hal_adc.c **** #include "stm32f4xx_hal.h"
 249:Drivers/STM32F4xx_HAL_Driver/Src/stm32f4xx_hal_adc.c **** 
 250:Drivers/STM32F4xx_HAL_Driver/Src/stm32f4xx_hal_adc.c **** /** @addtogroup STM32F4xx_HAL_Driver
 251:Drivers/STM32F4xx_HAL_Driver/Src/stm32f4xx_hal_adc.c ****   * @{
 252:Drivers/STM32F4xx_HAL_Driver/Src/stm32f4xx_hal_adc.c ****   */
 253:Drivers/STM32F4xx_HAL_Driver/Src/stm32f4xx_hal_adc.c **** 
 254:Drivers/STM32F4xx_HAL_Driver/Src/stm32f4xx_hal_adc.c **** /** @defgroup ADC ADC
 255:Drivers/STM32F4xx_HAL_Driver/Src/stm32f4xx_hal_adc.c ****   * @brief ADC driver modules
 256:Drivers/STM32F4xx_HAL_Driver/Src/stm32f4xx_hal_adc.c ****   * @{
 257:Drivers/STM32F4xx_HAL_Driver/Src/stm32f4xx_hal_adc.c ****   */
 258:Drivers/STM32F4xx_HAL_Driver/Src/stm32f4xx_hal_adc.c **** 
ARM GAS  /tmp/ccpBr0sa.s 			page 6


 259:Drivers/STM32F4xx_HAL_Driver/Src/stm32f4xx_hal_adc.c **** #ifdef HAL_ADC_MODULE_ENABLED
 260:Drivers/STM32F4xx_HAL_Driver/Src/stm32f4xx_hal_adc.c **** 
 261:Drivers/STM32F4xx_HAL_Driver/Src/stm32f4xx_hal_adc.c **** /* Private typedef -----------------------------------------------------------*/
 262:Drivers/STM32F4xx_HAL_Driver/Src/stm32f4xx_hal_adc.c **** /* Private define ------------------------------------------------------------*/
 263:Drivers/STM32F4xx_HAL_Driver/Src/stm32f4xx_hal_adc.c **** /* Private macro -------------------------------------------------------------*/
 264:Drivers/STM32F4xx_HAL_Driver/Src/stm32f4xx_hal_adc.c **** /* Private variables ---------------------------------------------------------*/
 265:Drivers/STM32F4xx_HAL_Driver/Src/stm32f4xx_hal_adc.c **** /** @addtogroup ADC_Private_Functions
 266:Drivers/STM32F4xx_HAL_Driver/Src/stm32f4xx_hal_adc.c ****   * @{
 267:Drivers/STM32F4xx_HAL_Driver/Src/stm32f4xx_hal_adc.c ****   */
 268:Drivers/STM32F4xx_HAL_Driver/Src/stm32f4xx_hal_adc.c **** /* Private function prototypes -----------------------------------------------*/
 269:Drivers/STM32F4xx_HAL_Driver/Src/stm32f4xx_hal_adc.c **** static void ADC_Init(ADC_HandleTypeDef *hadc);
 270:Drivers/STM32F4xx_HAL_Driver/Src/stm32f4xx_hal_adc.c **** static void ADC_DMAConvCplt(DMA_HandleTypeDef *hdma);
 271:Drivers/STM32F4xx_HAL_Driver/Src/stm32f4xx_hal_adc.c **** static void ADC_DMAError(DMA_HandleTypeDef *hdma);
 272:Drivers/STM32F4xx_HAL_Driver/Src/stm32f4xx_hal_adc.c **** static void ADC_DMAHalfConvCplt(DMA_HandleTypeDef *hdma);
 273:Drivers/STM32F4xx_HAL_Driver/Src/stm32f4xx_hal_adc.c **** /**
 274:Drivers/STM32F4xx_HAL_Driver/Src/stm32f4xx_hal_adc.c ****   * @}
 275:Drivers/STM32F4xx_HAL_Driver/Src/stm32f4xx_hal_adc.c ****   */
 276:Drivers/STM32F4xx_HAL_Driver/Src/stm32f4xx_hal_adc.c **** /* Exported functions --------------------------------------------------------*/
 277:Drivers/STM32F4xx_HAL_Driver/Src/stm32f4xx_hal_adc.c **** /** @defgroup ADC_Exported_Functions ADC Exported Functions
 278:Drivers/STM32F4xx_HAL_Driver/Src/stm32f4xx_hal_adc.c ****   * @{
 279:Drivers/STM32F4xx_HAL_Driver/Src/stm32f4xx_hal_adc.c ****   */
 280:Drivers/STM32F4xx_HAL_Driver/Src/stm32f4xx_hal_adc.c **** 
 281:Drivers/STM32F4xx_HAL_Driver/Src/stm32f4xx_hal_adc.c **** /** @defgroup ADC_Exported_Functions_Group1 Initialization and de-initialization functions
 282:Drivers/STM32F4xx_HAL_Driver/Src/stm32f4xx_hal_adc.c ****  *  @brief    Initialization and Configuration functions
 283:Drivers/STM32F4xx_HAL_Driver/Src/stm32f4xx_hal_adc.c ****  *
 284:Drivers/STM32F4xx_HAL_Driver/Src/stm32f4xx_hal_adc.c **** @verbatim
 285:Drivers/STM32F4xx_HAL_Driver/Src/stm32f4xx_hal_adc.c ****  ===============================================================================
 286:Drivers/STM32F4xx_HAL_Driver/Src/stm32f4xx_hal_adc.c ****               ##### Initialization and de-initialization functions #####
 287:Drivers/STM32F4xx_HAL_Driver/Src/stm32f4xx_hal_adc.c ****  ===============================================================================
 288:Drivers/STM32F4xx_HAL_Driver/Src/stm32f4xx_hal_adc.c ****     [..]  This section provides functions allowing to:
 289:Drivers/STM32F4xx_HAL_Driver/Src/stm32f4xx_hal_adc.c ****       (+) Initialize and configure the ADC.
 290:Drivers/STM32F4xx_HAL_Driver/Src/stm32f4xx_hal_adc.c ****       (+) De-initialize the ADC.
 291:Drivers/STM32F4xx_HAL_Driver/Src/stm32f4xx_hal_adc.c **** 
 292:Drivers/STM32F4xx_HAL_Driver/Src/stm32f4xx_hal_adc.c **** @endverbatim
 293:Drivers/STM32F4xx_HAL_Driver/Src/stm32f4xx_hal_adc.c ****   * @{
 294:Drivers/STM32F4xx_HAL_Driver/Src/stm32f4xx_hal_adc.c ****   */
 295:Drivers/STM32F4xx_HAL_Driver/Src/stm32f4xx_hal_adc.c **** 
 296:Drivers/STM32F4xx_HAL_Driver/Src/stm32f4xx_hal_adc.c **** /**
 297:Drivers/STM32F4xx_HAL_Driver/Src/stm32f4xx_hal_adc.c ****   * @brief  Initializes the ADCx peripheral according to the specified parameters
 298:Drivers/STM32F4xx_HAL_Driver/Src/stm32f4xx_hal_adc.c ****   *         in the ADC_InitStruct and initializes the ADC MSP.
 299:Drivers/STM32F4xx_HAL_Driver/Src/stm32f4xx_hal_adc.c ****   *
 300:Drivers/STM32F4xx_HAL_Driver/Src/stm32f4xx_hal_adc.c ****   * @note   This function is used to configure the global features of the ADC (
 301:Drivers/STM32F4xx_HAL_Driver/Src/stm32f4xx_hal_adc.c ****   *         ClockPrescaler, Resolution, Data Alignment and number of conversion), however,
 302:Drivers/STM32F4xx_HAL_Driver/Src/stm32f4xx_hal_adc.c ****   *         the rest of the configuration parameters are specific to the regular
 303:Drivers/STM32F4xx_HAL_Driver/Src/stm32f4xx_hal_adc.c ****   *         channels group (scan mode activation, continuous mode activation,
 304:Drivers/STM32F4xx_HAL_Driver/Src/stm32f4xx_hal_adc.c ****   *         External trigger source and edge, DMA continuous request after the
 305:Drivers/STM32F4xx_HAL_Driver/Src/stm32f4xx_hal_adc.c ****   *         last transfer and End of conversion selection).
 306:Drivers/STM32F4xx_HAL_Driver/Src/stm32f4xx_hal_adc.c ****   *
 307:Drivers/STM32F4xx_HAL_Driver/Src/stm32f4xx_hal_adc.c ****   * @param  hadc pointer to a ADC_HandleTypeDef structure that contains
 308:Drivers/STM32F4xx_HAL_Driver/Src/stm32f4xx_hal_adc.c ****   *         the configuration information for the specified ADC.
 309:Drivers/STM32F4xx_HAL_Driver/Src/stm32f4xx_hal_adc.c ****   * @retval HAL status
 310:Drivers/STM32F4xx_HAL_Driver/Src/stm32f4xx_hal_adc.c ****   */
 311:Drivers/STM32F4xx_HAL_Driver/Src/stm32f4xx_hal_adc.c **** HAL_StatusTypeDef HAL_ADC_Init(ADC_HandleTypeDef *hadc)
 312:Drivers/STM32F4xx_HAL_Driver/Src/stm32f4xx_hal_adc.c **** {
  29              		.loc 1 312 1
  30              		.cfi_startproc
  31              		@ args = 0, pretend = 0, frame = 16
ARM GAS  /tmp/ccpBr0sa.s 			page 7


  32              		@ frame_needed = 1, uses_anonymous_args = 0
  33 0000 80B5     		push	{r7, lr}
  34              	.LCFI0:
  35              		.cfi_def_cfa_offset 8
  36              		.cfi_offset 7, -8
  37              		.cfi_offset 14, -4
  38 0002 84B0     		sub	sp, sp, #16
  39              	.LCFI1:
  40              		.cfi_def_cfa_offset 24
  41 0004 00AF     		add	r7, sp, #0
  42              	.LCFI2:
  43              		.cfi_def_cfa_register 7
  44 0006 7860     		str	r0, [r7, #4]
 313:Drivers/STM32F4xx_HAL_Driver/Src/stm32f4xx_hal_adc.c ****   HAL_StatusTypeDef tmp_hal_status = HAL_OK;
  45              		.loc 1 313 21
  46 0008 0023     		movs	r3, #0
  47 000a FB73     		strb	r3, [r7, #15]
 314:Drivers/STM32F4xx_HAL_Driver/Src/stm32f4xx_hal_adc.c **** 
 315:Drivers/STM32F4xx_HAL_Driver/Src/stm32f4xx_hal_adc.c ****   /* Check ADC handle */
 316:Drivers/STM32F4xx_HAL_Driver/Src/stm32f4xx_hal_adc.c ****   if (hadc == NULL)
  48              		.loc 1 316 6
  49 000c 7B68     		ldr	r3, [r7, #4]
  50 000e 002B     		cmp	r3, #0
  51 0010 01D1     		bne	.L2
 317:Drivers/STM32F4xx_HAL_Driver/Src/stm32f4xx_hal_adc.c ****   {
 318:Drivers/STM32F4xx_HAL_Driver/Src/stm32f4xx_hal_adc.c ****     return HAL_ERROR;
  52              		.loc 1 318 12
  53 0012 0123     		movs	r3, #1
  54 0014 33E0     		b	.L3
  55              	.L2:
 319:Drivers/STM32F4xx_HAL_Driver/Src/stm32f4xx_hal_adc.c ****   }
 320:Drivers/STM32F4xx_HAL_Driver/Src/stm32f4xx_hal_adc.c **** 
 321:Drivers/STM32F4xx_HAL_Driver/Src/stm32f4xx_hal_adc.c ****   /* Check the parameters */
 322:Drivers/STM32F4xx_HAL_Driver/Src/stm32f4xx_hal_adc.c ****   assert_param(IS_ADC_ALL_INSTANCE(hadc->Instance));
 323:Drivers/STM32F4xx_HAL_Driver/Src/stm32f4xx_hal_adc.c ****   assert_param(IS_ADC_CLOCKPRESCALER(hadc->Init.ClockPrescaler));
 324:Drivers/STM32F4xx_HAL_Driver/Src/stm32f4xx_hal_adc.c ****   assert_param(IS_ADC_RESOLUTION(hadc->Init.Resolution));
 325:Drivers/STM32F4xx_HAL_Driver/Src/stm32f4xx_hal_adc.c ****   assert_param(IS_FUNCTIONAL_STATE(hadc->Init.ScanConvMode));
 326:Drivers/STM32F4xx_HAL_Driver/Src/stm32f4xx_hal_adc.c ****   assert_param(IS_FUNCTIONAL_STATE(hadc->Init.ContinuousConvMode));
 327:Drivers/STM32F4xx_HAL_Driver/Src/stm32f4xx_hal_adc.c ****   assert_param(IS_ADC_EXT_TRIG(hadc->Init.ExternalTrigConv));
 328:Drivers/STM32F4xx_HAL_Driver/Src/stm32f4xx_hal_adc.c ****   assert_param(IS_ADC_DATA_ALIGN(hadc->Init.DataAlign));
 329:Drivers/STM32F4xx_HAL_Driver/Src/stm32f4xx_hal_adc.c ****   assert_param(IS_ADC_REGULAR_LENGTH(hadc->Init.NbrOfConversion));
 330:Drivers/STM32F4xx_HAL_Driver/Src/stm32f4xx_hal_adc.c ****   assert_param(IS_FUNCTIONAL_STATE(hadc->Init.DMAContinuousRequests));
 331:Drivers/STM32F4xx_HAL_Driver/Src/stm32f4xx_hal_adc.c ****   assert_param(IS_ADC_EOCSelection(hadc->Init.EOCSelection));
 332:Drivers/STM32F4xx_HAL_Driver/Src/stm32f4xx_hal_adc.c ****   assert_param(IS_FUNCTIONAL_STATE(hadc->Init.DiscontinuousConvMode));
 333:Drivers/STM32F4xx_HAL_Driver/Src/stm32f4xx_hal_adc.c **** 
 334:Drivers/STM32F4xx_HAL_Driver/Src/stm32f4xx_hal_adc.c ****   if (hadc->Init.ExternalTrigConv != ADC_SOFTWARE_START)
 335:Drivers/STM32F4xx_HAL_Driver/Src/stm32f4xx_hal_adc.c ****   {
 336:Drivers/STM32F4xx_HAL_Driver/Src/stm32f4xx_hal_adc.c ****     assert_param(IS_ADC_EXT_TRIG_EDGE(hadc->Init.ExternalTrigConvEdge));
 337:Drivers/STM32F4xx_HAL_Driver/Src/stm32f4xx_hal_adc.c ****   }
 338:Drivers/STM32F4xx_HAL_Driver/Src/stm32f4xx_hal_adc.c **** 
 339:Drivers/STM32F4xx_HAL_Driver/Src/stm32f4xx_hal_adc.c ****   if (hadc->State == HAL_ADC_STATE_RESET)
  56              		.loc 1 339 11
  57 0016 7B68     		ldr	r3, [r7, #4]
  58 0018 1B6C     		ldr	r3, [r3, #64]
  59              		.loc 1 339 6
  60 001a 002B     		cmp	r3, #0
  61 001c 09D1     		bne	.L4
ARM GAS  /tmp/ccpBr0sa.s 			page 8


 340:Drivers/STM32F4xx_HAL_Driver/Src/stm32f4xx_hal_adc.c ****   {
 341:Drivers/STM32F4xx_HAL_Driver/Src/stm32f4xx_hal_adc.c **** #if (USE_HAL_ADC_REGISTER_CALLBACKS == 1)
 342:Drivers/STM32F4xx_HAL_Driver/Src/stm32f4xx_hal_adc.c ****     /* Init the ADC Callback settings */
 343:Drivers/STM32F4xx_HAL_Driver/Src/stm32f4xx_hal_adc.c ****     hadc->ConvCpltCallback              = HAL_ADC_ConvCpltCallback;                 /* Legacy weak 
 344:Drivers/STM32F4xx_HAL_Driver/Src/stm32f4xx_hal_adc.c ****     hadc->ConvHalfCpltCallback          = HAL_ADC_ConvHalfCpltCallback;             /* Legacy weak 
 345:Drivers/STM32F4xx_HAL_Driver/Src/stm32f4xx_hal_adc.c ****     hadc->LevelOutOfWindowCallback      = HAL_ADC_LevelOutOfWindowCallback;         /* Legacy weak 
 346:Drivers/STM32F4xx_HAL_Driver/Src/stm32f4xx_hal_adc.c ****     hadc->ErrorCallback                 = HAL_ADC_ErrorCallback;                    /* Legacy weak 
 347:Drivers/STM32F4xx_HAL_Driver/Src/stm32f4xx_hal_adc.c ****     hadc->InjectedConvCpltCallback      = HAL_ADCEx_InjectedConvCpltCallback;       /* Legacy weak 
 348:Drivers/STM32F4xx_HAL_Driver/Src/stm32f4xx_hal_adc.c ****     if (hadc->MspInitCallback == NULL)
 349:Drivers/STM32F4xx_HAL_Driver/Src/stm32f4xx_hal_adc.c ****     {
 350:Drivers/STM32F4xx_HAL_Driver/Src/stm32f4xx_hal_adc.c ****       hadc->MspInitCallback = HAL_ADC_MspInit; /* Legacy weak MspInit  */
 351:Drivers/STM32F4xx_HAL_Driver/Src/stm32f4xx_hal_adc.c ****     }
 352:Drivers/STM32F4xx_HAL_Driver/Src/stm32f4xx_hal_adc.c **** 
 353:Drivers/STM32F4xx_HAL_Driver/Src/stm32f4xx_hal_adc.c ****     /* Init the low level hardware */
 354:Drivers/STM32F4xx_HAL_Driver/Src/stm32f4xx_hal_adc.c ****     hadc->MspInitCallback(hadc);
 355:Drivers/STM32F4xx_HAL_Driver/Src/stm32f4xx_hal_adc.c **** #else
 356:Drivers/STM32F4xx_HAL_Driver/Src/stm32f4xx_hal_adc.c ****     /* Init the low level hardware */
 357:Drivers/STM32F4xx_HAL_Driver/Src/stm32f4xx_hal_adc.c ****     HAL_ADC_MspInit(hadc);
  62              		.loc 1 357 5
  63 001e 7868     		ldr	r0, [r7, #4]
  64 0020 FFF7FEFF 		bl	HAL_ADC_MspInit
 358:Drivers/STM32F4xx_HAL_Driver/Src/stm32f4xx_hal_adc.c **** #endif /* USE_HAL_ADC_REGISTER_CALLBACKS */
 359:Drivers/STM32F4xx_HAL_Driver/Src/stm32f4xx_hal_adc.c **** 
 360:Drivers/STM32F4xx_HAL_Driver/Src/stm32f4xx_hal_adc.c ****     /* Initialize ADC error code */
 361:Drivers/STM32F4xx_HAL_Driver/Src/stm32f4xx_hal_adc.c ****     ADC_CLEAR_ERRORCODE(hadc);
  65              		.loc 1 361 5
  66 0024 7B68     		ldr	r3, [r7, #4]
  67 0026 0022     		movs	r2, #0
  68 0028 5A64     		str	r2, [r3, #68]
 362:Drivers/STM32F4xx_HAL_Driver/Src/stm32f4xx_hal_adc.c **** 
 363:Drivers/STM32F4xx_HAL_Driver/Src/stm32f4xx_hal_adc.c ****     /* Allocate lock resource and initialize it */
 364:Drivers/STM32F4xx_HAL_Driver/Src/stm32f4xx_hal_adc.c ****     hadc->Lock = HAL_UNLOCKED;
  69              		.loc 1 364 16
  70 002a 7B68     		ldr	r3, [r7, #4]
  71 002c 0022     		movs	r2, #0
  72 002e 83F83C20 		strb	r2, [r3, #60]
  73              	.L4:
 365:Drivers/STM32F4xx_HAL_Driver/Src/stm32f4xx_hal_adc.c ****   }
 366:Drivers/STM32F4xx_HAL_Driver/Src/stm32f4xx_hal_adc.c **** 
 367:Drivers/STM32F4xx_HAL_Driver/Src/stm32f4xx_hal_adc.c ****   /* Configuration of ADC parameters if previous preliminary actions are      */
 368:Drivers/STM32F4xx_HAL_Driver/Src/stm32f4xx_hal_adc.c ****   /* correctly completed.                                                     */
 369:Drivers/STM32F4xx_HAL_Driver/Src/stm32f4xx_hal_adc.c ****   if (HAL_IS_BIT_CLR(hadc->State, HAL_ADC_STATE_ERROR_INTERNAL))
  74              		.loc 1 369 7
  75 0032 7B68     		ldr	r3, [r7, #4]
  76 0034 1B6C     		ldr	r3, [r3, #64]
  77 0036 03F01003 		and	r3, r3, #16
  78              		.loc 1 369 6
  79 003a 002B     		cmp	r3, #0
  80 003c 18D1     		bne	.L5
 370:Drivers/STM32F4xx_HAL_Driver/Src/stm32f4xx_hal_adc.c ****   {
 371:Drivers/STM32F4xx_HAL_Driver/Src/stm32f4xx_hal_adc.c ****     /* Set ADC state */
 372:Drivers/STM32F4xx_HAL_Driver/Src/stm32f4xx_hal_adc.c ****     ADC_STATE_CLR_SET(hadc->State,
  81              		.loc 1 372 5
  82 003e 7B68     		ldr	r3, [r7, #4]
  83 0040 1B6C     		ldr	r3, [r3, #64]
  84 0042 23F48853 		bic	r3, r3, #4352
  85 0046 23F00203 		bic	r3, r3, #2
ARM GAS  /tmp/ccpBr0sa.s 			page 9


  86 004a 43F00202 		orr	r2, r3, #2
  87 004e 7B68     		ldr	r3, [r7, #4]
  88 0050 1A64     		str	r2, [r3, #64]
 373:Drivers/STM32F4xx_HAL_Driver/Src/stm32f4xx_hal_adc.c ****                       HAL_ADC_STATE_REG_BUSY | HAL_ADC_STATE_INJ_BUSY,
 374:Drivers/STM32F4xx_HAL_Driver/Src/stm32f4xx_hal_adc.c ****                       HAL_ADC_STATE_BUSY_INTERNAL);
 375:Drivers/STM32F4xx_HAL_Driver/Src/stm32f4xx_hal_adc.c **** 
 376:Drivers/STM32F4xx_HAL_Driver/Src/stm32f4xx_hal_adc.c ****     /* Set ADC parameters */
 377:Drivers/STM32F4xx_HAL_Driver/Src/stm32f4xx_hal_adc.c ****     ADC_Init(hadc);
  89              		.loc 1 377 5
  90 0052 7868     		ldr	r0, [r7, #4]
  91 0054 FFF7FEFF 		bl	ADC_Init
 378:Drivers/STM32F4xx_HAL_Driver/Src/stm32f4xx_hal_adc.c **** 
 379:Drivers/STM32F4xx_HAL_Driver/Src/stm32f4xx_hal_adc.c ****     /* Set ADC error code to none */
 380:Drivers/STM32F4xx_HAL_Driver/Src/stm32f4xx_hal_adc.c ****     ADC_CLEAR_ERRORCODE(hadc);
  92              		.loc 1 380 5
  93 0058 7B68     		ldr	r3, [r7, #4]
  94 005a 0022     		movs	r2, #0
  95 005c 5A64     		str	r2, [r3, #68]
 381:Drivers/STM32F4xx_HAL_Driver/Src/stm32f4xx_hal_adc.c **** 
 382:Drivers/STM32F4xx_HAL_Driver/Src/stm32f4xx_hal_adc.c ****     /* Set the ADC state */
 383:Drivers/STM32F4xx_HAL_Driver/Src/stm32f4xx_hal_adc.c ****     ADC_STATE_CLR_SET(hadc->State,
  96              		.loc 1 383 5
  97 005e 7B68     		ldr	r3, [r7, #4]
  98 0060 1B6C     		ldr	r3, [r3, #64]
  99 0062 23F00303 		bic	r3, r3, #3
 100 0066 43F00102 		orr	r2, r3, #1
 101 006a 7B68     		ldr	r3, [r7, #4]
 102 006c 1A64     		str	r2, [r3, #64]
 103 006e 01E0     		b	.L6
 104              	.L5:
 384:Drivers/STM32F4xx_HAL_Driver/Src/stm32f4xx_hal_adc.c ****                       HAL_ADC_STATE_BUSY_INTERNAL,
 385:Drivers/STM32F4xx_HAL_Driver/Src/stm32f4xx_hal_adc.c ****                       HAL_ADC_STATE_READY);
 386:Drivers/STM32F4xx_HAL_Driver/Src/stm32f4xx_hal_adc.c ****   }
 387:Drivers/STM32F4xx_HAL_Driver/Src/stm32f4xx_hal_adc.c ****   else
 388:Drivers/STM32F4xx_HAL_Driver/Src/stm32f4xx_hal_adc.c ****   {
 389:Drivers/STM32F4xx_HAL_Driver/Src/stm32f4xx_hal_adc.c ****     tmp_hal_status = HAL_ERROR;
 105              		.loc 1 389 20
 106 0070 0123     		movs	r3, #1
 107 0072 FB73     		strb	r3, [r7, #15]
 108              	.L6:
 390:Drivers/STM32F4xx_HAL_Driver/Src/stm32f4xx_hal_adc.c ****   }
 391:Drivers/STM32F4xx_HAL_Driver/Src/stm32f4xx_hal_adc.c **** 
 392:Drivers/STM32F4xx_HAL_Driver/Src/stm32f4xx_hal_adc.c ****   /* Release Lock */
 393:Drivers/STM32F4xx_HAL_Driver/Src/stm32f4xx_hal_adc.c ****   __HAL_UNLOCK(hadc);
 109              		.loc 1 393 3
 110 0074 7B68     		ldr	r3, [r7, #4]
 111 0076 0022     		movs	r2, #0
 112 0078 83F83C20 		strb	r2, [r3, #60]
 394:Drivers/STM32F4xx_HAL_Driver/Src/stm32f4xx_hal_adc.c **** 
 395:Drivers/STM32F4xx_HAL_Driver/Src/stm32f4xx_hal_adc.c ****   /* Return function status */
 396:Drivers/STM32F4xx_HAL_Driver/Src/stm32f4xx_hal_adc.c ****   return tmp_hal_status;
 113              		.loc 1 396 10
 114 007c FB7B     		ldrb	r3, [r7, #15]	@ zero_extendqisi2
 115              	.L3:
 397:Drivers/STM32F4xx_HAL_Driver/Src/stm32f4xx_hal_adc.c **** }
 116              		.loc 1 397 1
 117 007e 1846     		mov	r0, r3
ARM GAS  /tmp/ccpBr0sa.s 			page 10


 118 0080 1037     		adds	r7, r7, #16
 119              	.LCFI3:
 120              		.cfi_def_cfa_offset 8
 121 0082 BD46     		mov	sp, r7
 122              	.LCFI4:
 123              		.cfi_def_cfa_register 13
 124              		@ sp needed
 125 0084 80BD     		pop	{r7, pc}
 126              		.cfi_endproc
 127              	.LFE239:
 129              		.section	.text.HAL_ADC_DeInit,"ax",%progbits
 130              		.align	1
 131              		.global	HAL_ADC_DeInit
 132              		.syntax unified
 133              		.thumb
 134              		.thumb_func
 136              	HAL_ADC_DeInit:
 137              	.LFB240:
 398:Drivers/STM32F4xx_HAL_Driver/Src/stm32f4xx_hal_adc.c **** 
 399:Drivers/STM32F4xx_HAL_Driver/Src/stm32f4xx_hal_adc.c **** /**
 400:Drivers/STM32F4xx_HAL_Driver/Src/stm32f4xx_hal_adc.c ****   * @brief  Deinitializes the ADCx peripheral registers to their default reset values.
 401:Drivers/STM32F4xx_HAL_Driver/Src/stm32f4xx_hal_adc.c ****   * @param  hadc pointer to a ADC_HandleTypeDef structure that contains
 402:Drivers/STM32F4xx_HAL_Driver/Src/stm32f4xx_hal_adc.c ****   *         the configuration information for the specified ADC.
 403:Drivers/STM32F4xx_HAL_Driver/Src/stm32f4xx_hal_adc.c ****   * @retval HAL status
 404:Drivers/STM32F4xx_HAL_Driver/Src/stm32f4xx_hal_adc.c ****   */
 405:Drivers/STM32F4xx_HAL_Driver/Src/stm32f4xx_hal_adc.c **** HAL_StatusTypeDef HAL_ADC_DeInit(ADC_HandleTypeDef *hadc)
 406:Drivers/STM32F4xx_HAL_Driver/Src/stm32f4xx_hal_adc.c **** {
 138              		.loc 1 406 1
 139              		.cfi_startproc
 140              		@ args = 0, pretend = 0, frame = 16
 141              		@ frame_needed = 1, uses_anonymous_args = 0
 142 0000 80B5     		push	{r7, lr}
 143              	.LCFI5:
 144              		.cfi_def_cfa_offset 8
 145              		.cfi_offset 7, -8
 146              		.cfi_offset 14, -4
 147 0002 84B0     		sub	sp, sp, #16
 148              	.LCFI6:
 149              		.cfi_def_cfa_offset 24
 150 0004 00AF     		add	r7, sp, #0
 151              	.LCFI7:
 152              		.cfi_def_cfa_register 7
 153 0006 7860     		str	r0, [r7, #4]
 407:Drivers/STM32F4xx_HAL_Driver/Src/stm32f4xx_hal_adc.c ****   HAL_StatusTypeDef tmp_hal_status = HAL_OK;
 154              		.loc 1 407 21
 155 0008 0023     		movs	r3, #0
 156 000a FB73     		strb	r3, [r7, #15]
 408:Drivers/STM32F4xx_HAL_Driver/Src/stm32f4xx_hal_adc.c **** 
 409:Drivers/STM32F4xx_HAL_Driver/Src/stm32f4xx_hal_adc.c ****   /* Check ADC handle */
 410:Drivers/STM32F4xx_HAL_Driver/Src/stm32f4xx_hal_adc.c ****   if (hadc == NULL)
 157              		.loc 1 410 6
 158 000c 7B68     		ldr	r3, [r7, #4]
 159 000e 002B     		cmp	r3, #0
 160 0010 01D1     		bne	.L8
 411:Drivers/STM32F4xx_HAL_Driver/Src/stm32f4xx_hal_adc.c ****   {
 412:Drivers/STM32F4xx_HAL_Driver/Src/stm32f4xx_hal_adc.c ****     return HAL_ERROR;
 161              		.loc 1 412 12
ARM GAS  /tmp/ccpBr0sa.s 			page 11


 162 0012 0123     		movs	r3, #1
 163 0014 22E0     		b	.L9
 164              	.L8:
 413:Drivers/STM32F4xx_HAL_Driver/Src/stm32f4xx_hal_adc.c ****   }
 414:Drivers/STM32F4xx_HAL_Driver/Src/stm32f4xx_hal_adc.c **** 
 415:Drivers/STM32F4xx_HAL_Driver/Src/stm32f4xx_hal_adc.c ****   /* Check the parameters */
 416:Drivers/STM32F4xx_HAL_Driver/Src/stm32f4xx_hal_adc.c ****   assert_param(IS_ADC_ALL_INSTANCE(hadc->Instance));
 417:Drivers/STM32F4xx_HAL_Driver/Src/stm32f4xx_hal_adc.c **** 
 418:Drivers/STM32F4xx_HAL_Driver/Src/stm32f4xx_hal_adc.c ****   /* Set ADC state */
 419:Drivers/STM32F4xx_HAL_Driver/Src/stm32f4xx_hal_adc.c ****   SET_BIT(hadc->State, HAL_ADC_STATE_BUSY_INTERNAL);
 165              		.loc 1 419 3
 166 0016 7B68     		ldr	r3, [r7, #4]
 167 0018 1B6C     		ldr	r3, [r3, #64]
 168 001a 43F00202 		orr	r2, r3, #2
 169 001e 7B68     		ldr	r3, [r7, #4]
 170 0020 1A64     		str	r2, [r3, #64]
 420:Drivers/STM32F4xx_HAL_Driver/Src/stm32f4xx_hal_adc.c **** 
 421:Drivers/STM32F4xx_HAL_Driver/Src/stm32f4xx_hal_adc.c ****   /* Stop potential conversion on going, on regular and injected groups */
 422:Drivers/STM32F4xx_HAL_Driver/Src/stm32f4xx_hal_adc.c ****   /* Disable ADC peripheral */
 423:Drivers/STM32F4xx_HAL_Driver/Src/stm32f4xx_hal_adc.c ****   __HAL_ADC_DISABLE(hadc);
 171              		.loc 1 423 3
 172 0022 7B68     		ldr	r3, [r7, #4]
 173 0024 1B68     		ldr	r3, [r3]
 174 0026 9A68     		ldr	r2, [r3, #8]
 175 0028 7B68     		ldr	r3, [r7, #4]
 176 002a 1B68     		ldr	r3, [r3]
 177 002c 22F00102 		bic	r2, r2, #1
 178 0030 9A60     		str	r2, [r3, #8]
 424:Drivers/STM32F4xx_HAL_Driver/Src/stm32f4xx_hal_adc.c **** 
 425:Drivers/STM32F4xx_HAL_Driver/Src/stm32f4xx_hal_adc.c ****   /* Configuration of ADC parameters if previous preliminary actions are      */
 426:Drivers/STM32F4xx_HAL_Driver/Src/stm32f4xx_hal_adc.c ****   /* correctly completed.                                                     */
 427:Drivers/STM32F4xx_HAL_Driver/Src/stm32f4xx_hal_adc.c ****   if (HAL_IS_BIT_CLR(hadc->Instance->CR2, ADC_CR2_ADON))
 179              		.loc 1 427 7
 180 0032 7B68     		ldr	r3, [r7, #4]
 181 0034 1B68     		ldr	r3, [r3]
 182 0036 9B68     		ldr	r3, [r3, #8]
 183 0038 03F00103 		and	r3, r3, #1
 184              		.loc 1 427 6
 185 003c 002B     		cmp	r3, #0
 186 003e 08D1     		bne	.L10
 428:Drivers/STM32F4xx_HAL_Driver/Src/stm32f4xx_hal_adc.c ****   {
 429:Drivers/STM32F4xx_HAL_Driver/Src/stm32f4xx_hal_adc.c **** #if (USE_HAL_ADC_REGISTER_CALLBACKS == 1)
 430:Drivers/STM32F4xx_HAL_Driver/Src/stm32f4xx_hal_adc.c ****     if (hadc->MspDeInitCallback == NULL)
 431:Drivers/STM32F4xx_HAL_Driver/Src/stm32f4xx_hal_adc.c ****     {
 432:Drivers/STM32F4xx_HAL_Driver/Src/stm32f4xx_hal_adc.c ****       hadc->MspDeInitCallback = HAL_ADC_MspDeInit; /* Legacy weak MspDeInit  */
 433:Drivers/STM32F4xx_HAL_Driver/Src/stm32f4xx_hal_adc.c ****     }
 434:Drivers/STM32F4xx_HAL_Driver/Src/stm32f4xx_hal_adc.c **** 
 435:Drivers/STM32F4xx_HAL_Driver/Src/stm32f4xx_hal_adc.c ****     /* DeInit the low level hardware: RCC clock, NVIC */
 436:Drivers/STM32F4xx_HAL_Driver/Src/stm32f4xx_hal_adc.c ****     hadc->MspDeInitCallback(hadc);
 437:Drivers/STM32F4xx_HAL_Driver/Src/stm32f4xx_hal_adc.c **** #else
 438:Drivers/STM32F4xx_HAL_Driver/Src/stm32f4xx_hal_adc.c ****     /* DeInit the low level hardware: RCC clock, NVIC */
 439:Drivers/STM32F4xx_HAL_Driver/Src/stm32f4xx_hal_adc.c ****     HAL_ADC_MspDeInit(hadc);
 187              		.loc 1 439 5
 188 0040 7868     		ldr	r0, [r7, #4]
 189 0042 FFF7FEFF 		bl	HAL_ADC_MspDeInit
 440:Drivers/STM32F4xx_HAL_Driver/Src/stm32f4xx_hal_adc.c **** #endif /* USE_HAL_ADC_REGISTER_CALLBACKS */
 441:Drivers/STM32F4xx_HAL_Driver/Src/stm32f4xx_hal_adc.c **** 
ARM GAS  /tmp/ccpBr0sa.s 			page 12


 442:Drivers/STM32F4xx_HAL_Driver/Src/stm32f4xx_hal_adc.c ****     /* Set ADC error code to none */
 443:Drivers/STM32F4xx_HAL_Driver/Src/stm32f4xx_hal_adc.c ****     ADC_CLEAR_ERRORCODE(hadc);
 190              		.loc 1 443 5
 191 0046 7B68     		ldr	r3, [r7, #4]
 192 0048 0022     		movs	r2, #0
 193 004a 5A64     		str	r2, [r3, #68]
 444:Drivers/STM32F4xx_HAL_Driver/Src/stm32f4xx_hal_adc.c **** 
 445:Drivers/STM32F4xx_HAL_Driver/Src/stm32f4xx_hal_adc.c ****     /* Set ADC state */
 446:Drivers/STM32F4xx_HAL_Driver/Src/stm32f4xx_hal_adc.c ****     hadc->State = HAL_ADC_STATE_RESET;
 194              		.loc 1 446 17
 195 004c 7B68     		ldr	r3, [r7, #4]
 196 004e 0022     		movs	r2, #0
 197 0050 1A64     		str	r2, [r3, #64]
 198              	.L10:
 447:Drivers/STM32F4xx_HAL_Driver/Src/stm32f4xx_hal_adc.c ****   }
 448:Drivers/STM32F4xx_HAL_Driver/Src/stm32f4xx_hal_adc.c **** 
 449:Drivers/STM32F4xx_HAL_Driver/Src/stm32f4xx_hal_adc.c ****   /* Process unlocked */
 450:Drivers/STM32F4xx_HAL_Driver/Src/stm32f4xx_hal_adc.c ****   __HAL_UNLOCK(hadc);
 199              		.loc 1 450 3
 200 0052 7B68     		ldr	r3, [r7, #4]
 201 0054 0022     		movs	r2, #0
 202 0056 83F83C20 		strb	r2, [r3, #60]
 451:Drivers/STM32F4xx_HAL_Driver/Src/stm32f4xx_hal_adc.c **** 
 452:Drivers/STM32F4xx_HAL_Driver/Src/stm32f4xx_hal_adc.c ****   /* Return function status */
 453:Drivers/STM32F4xx_HAL_Driver/Src/stm32f4xx_hal_adc.c ****   return tmp_hal_status;
 203              		.loc 1 453 10
 204 005a FB7B     		ldrb	r3, [r7, #15]	@ zero_extendqisi2
 205              	.L9:
 454:Drivers/STM32F4xx_HAL_Driver/Src/stm32f4xx_hal_adc.c **** }
 206              		.loc 1 454 1
 207 005c 1846     		mov	r0, r3
 208 005e 1037     		adds	r7, r7, #16
 209              	.LCFI8:
 210              		.cfi_def_cfa_offset 8
 211 0060 BD46     		mov	sp, r7
 212              	.LCFI9:
 213              		.cfi_def_cfa_register 13
 214              		@ sp needed
 215 0062 80BD     		pop	{r7, pc}
 216              		.cfi_endproc
 217              	.LFE240:
 219              		.section	.text.HAL_ADC_MspInit,"ax",%progbits
 220              		.align	1
 221              		.weak	HAL_ADC_MspInit
 222              		.syntax unified
 223              		.thumb
 224              		.thumb_func
 226              	HAL_ADC_MspInit:
 227              	.LFB241:
 455:Drivers/STM32F4xx_HAL_Driver/Src/stm32f4xx_hal_adc.c **** 
 456:Drivers/STM32F4xx_HAL_Driver/Src/stm32f4xx_hal_adc.c **** #if (USE_HAL_ADC_REGISTER_CALLBACKS == 1)
 457:Drivers/STM32F4xx_HAL_Driver/Src/stm32f4xx_hal_adc.c **** /**
 458:Drivers/STM32F4xx_HAL_Driver/Src/stm32f4xx_hal_adc.c ****   * @brief  Register a User ADC Callback
 459:Drivers/STM32F4xx_HAL_Driver/Src/stm32f4xx_hal_adc.c ****   *         To be used instead of the weak predefined callback
 460:Drivers/STM32F4xx_HAL_Driver/Src/stm32f4xx_hal_adc.c ****   * @param  hadc Pointer to a ADC_HandleTypeDef structure that contains
 461:Drivers/STM32F4xx_HAL_Driver/Src/stm32f4xx_hal_adc.c ****   *                the configuration information for the specified ADC.
 462:Drivers/STM32F4xx_HAL_Driver/Src/stm32f4xx_hal_adc.c ****   * @param  CallbackID ID of the callback to be registered
ARM GAS  /tmp/ccpBr0sa.s 			page 13


 463:Drivers/STM32F4xx_HAL_Driver/Src/stm32f4xx_hal_adc.c ****   *         This parameter can be one of the following values:
 464:Drivers/STM32F4xx_HAL_Driver/Src/stm32f4xx_hal_adc.c ****   *          @arg @ref HAL_ADC_CONVERSION_COMPLETE_CB_ID      ADC conversion complete callback ID
 465:Drivers/STM32F4xx_HAL_Driver/Src/stm32f4xx_hal_adc.c ****   *          @arg @ref HAL_ADC_CONVERSION_HALF_CB_ID          ADC conversion DMA half-transfer call
 466:Drivers/STM32F4xx_HAL_Driver/Src/stm32f4xx_hal_adc.c ****   *          @arg @ref HAL_ADC_LEVEL_OUT_OF_WINDOW_1_CB_ID    ADC analog watchdog 1 callback ID
 467:Drivers/STM32F4xx_HAL_Driver/Src/stm32f4xx_hal_adc.c ****   *          @arg @ref HAL_ADC_ERROR_CB_ID                    ADC error callback ID
 468:Drivers/STM32F4xx_HAL_Driver/Src/stm32f4xx_hal_adc.c ****   *          @arg @ref HAL_ADC_INJ_CONVERSION_COMPLETE_CB_ID  ADC group injected conversion complet
 469:Drivers/STM32F4xx_HAL_Driver/Src/stm32f4xx_hal_adc.c ****   *          @arg @ref HAL_ADC_MSPINIT_CB_ID                  ADC Msp Init callback ID
 470:Drivers/STM32F4xx_HAL_Driver/Src/stm32f4xx_hal_adc.c ****   *          @arg @ref HAL_ADC_MSPDEINIT_CB_ID                ADC Msp DeInit callback ID
 471:Drivers/STM32F4xx_HAL_Driver/Src/stm32f4xx_hal_adc.c ****   * @param  pCallback pointer to the Callback function
 472:Drivers/STM32F4xx_HAL_Driver/Src/stm32f4xx_hal_adc.c ****   * @retval HAL status
 473:Drivers/STM32F4xx_HAL_Driver/Src/stm32f4xx_hal_adc.c ****   */
 474:Drivers/STM32F4xx_HAL_Driver/Src/stm32f4xx_hal_adc.c **** HAL_StatusTypeDef HAL_ADC_RegisterCallback(ADC_HandleTypeDef *hadc, HAL_ADC_CallbackIDTypeDef Callb
 475:Drivers/STM32F4xx_HAL_Driver/Src/stm32f4xx_hal_adc.c **** {
 476:Drivers/STM32F4xx_HAL_Driver/Src/stm32f4xx_hal_adc.c ****   HAL_StatusTypeDef status = HAL_OK;
 477:Drivers/STM32F4xx_HAL_Driver/Src/stm32f4xx_hal_adc.c **** 
 478:Drivers/STM32F4xx_HAL_Driver/Src/stm32f4xx_hal_adc.c ****   if (pCallback == NULL)
 479:Drivers/STM32F4xx_HAL_Driver/Src/stm32f4xx_hal_adc.c ****   {
 480:Drivers/STM32F4xx_HAL_Driver/Src/stm32f4xx_hal_adc.c ****     /* Update the error code */
 481:Drivers/STM32F4xx_HAL_Driver/Src/stm32f4xx_hal_adc.c ****     hadc->ErrorCode |= HAL_ADC_ERROR_INVALID_CALLBACK;
 482:Drivers/STM32F4xx_HAL_Driver/Src/stm32f4xx_hal_adc.c **** 
 483:Drivers/STM32F4xx_HAL_Driver/Src/stm32f4xx_hal_adc.c ****     return HAL_ERROR;
 484:Drivers/STM32F4xx_HAL_Driver/Src/stm32f4xx_hal_adc.c ****   }
 485:Drivers/STM32F4xx_HAL_Driver/Src/stm32f4xx_hal_adc.c **** 
 486:Drivers/STM32F4xx_HAL_Driver/Src/stm32f4xx_hal_adc.c ****   if ((hadc->State & HAL_ADC_STATE_READY) != 0UL)
 487:Drivers/STM32F4xx_HAL_Driver/Src/stm32f4xx_hal_adc.c ****   {
 488:Drivers/STM32F4xx_HAL_Driver/Src/stm32f4xx_hal_adc.c ****     switch (CallbackID)
 489:Drivers/STM32F4xx_HAL_Driver/Src/stm32f4xx_hal_adc.c ****     {
 490:Drivers/STM32F4xx_HAL_Driver/Src/stm32f4xx_hal_adc.c ****       case HAL_ADC_CONVERSION_COMPLETE_CB_ID :
 491:Drivers/STM32F4xx_HAL_Driver/Src/stm32f4xx_hal_adc.c ****         hadc->ConvCpltCallback = pCallback;
 492:Drivers/STM32F4xx_HAL_Driver/Src/stm32f4xx_hal_adc.c ****         break;
 493:Drivers/STM32F4xx_HAL_Driver/Src/stm32f4xx_hal_adc.c **** 
 494:Drivers/STM32F4xx_HAL_Driver/Src/stm32f4xx_hal_adc.c ****       case HAL_ADC_CONVERSION_HALF_CB_ID :
 495:Drivers/STM32F4xx_HAL_Driver/Src/stm32f4xx_hal_adc.c ****         hadc->ConvHalfCpltCallback = pCallback;
 496:Drivers/STM32F4xx_HAL_Driver/Src/stm32f4xx_hal_adc.c ****         break;
 497:Drivers/STM32F4xx_HAL_Driver/Src/stm32f4xx_hal_adc.c **** 
 498:Drivers/STM32F4xx_HAL_Driver/Src/stm32f4xx_hal_adc.c ****       case HAL_ADC_LEVEL_OUT_OF_WINDOW_1_CB_ID :
 499:Drivers/STM32F4xx_HAL_Driver/Src/stm32f4xx_hal_adc.c ****         hadc->LevelOutOfWindowCallback = pCallback;
 500:Drivers/STM32F4xx_HAL_Driver/Src/stm32f4xx_hal_adc.c ****         break;
 501:Drivers/STM32F4xx_HAL_Driver/Src/stm32f4xx_hal_adc.c **** 
 502:Drivers/STM32F4xx_HAL_Driver/Src/stm32f4xx_hal_adc.c ****       case HAL_ADC_ERROR_CB_ID :
 503:Drivers/STM32F4xx_HAL_Driver/Src/stm32f4xx_hal_adc.c ****         hadc->ErrorCallback = pCallback;
 504:Drivers/STM32F4xx_HAL_Driver/Src/stm32f4xx_hal_adc.c ****         break;
 505:Drivers/STM32F4xx_HAL_Driver/Src/stm32f4xx_hal_adc.c **** 
 506:Drivers/STM32F4xx_HAL_Driver/Src/stm32f4xx_hal_adc.c ****       case HAL_ADC_INJ_CONVERSION_COMPLETE_CB_ID :
 507:Drivers/STM32F4xx_HAL_Driver/Src/stm32f4xx_hal_adc.c ****         hadc->InjectedConvCpltCallback = pCallback;
 508:Drivers/STM32F4xx_HAL_Driver/Src/stm32f4xx_hal_adc.c ****         break;
 509:Drivers/STM32F4xx_HAL_Driver/Src/stm32f4xx_hal_adc.c **** 
 510:Drivers/STM32F4xx_HAL_Driver/Src/stm32f4xx_hal_adc.c ****       case HAL_ADC_MSPINIT_CB_ID :
 511:Drivers/STM32F4xx_HAL_Driver/Src/stm32f4xx_hal_adc.c ****         hadc->MspInitCallback = pCallback;
 512:Drivers/STM32F4xx_HAL_Driver/Src/stm32f4xx_hal_adc.c ****         break;
 513:Drivers/STM32F4xx_HAL_Driver/Src/stm32f4xx_hal_adc.c **** 
 514:Drivers/STM32F4xx_HAL_Driver/Src/stm32f4xx_hal_adc.c ****       case HAL_ADC_MSPDEINIT_CB_ID :
 515:Drivers/STM32F4xx_HAL_Driver/Src/stm32f4xx_hal_adc.c ****         hadc->MspDeInitCallback = pCallback;
 516:Drivers/STM32F4xx_HAL_Driver/Src/stm32f4xx_hal_adc.c ****         break;
 517:Drivers/STM32F4xx_HAL_Driver/Src/stm32f4xx_hal_adc.c **** 
 518:Drivers/STM32F4xx_HAL_Driver/Src/stm32f4xx_hal_adc.c ****       default :
 519:Drivers/STM32F4xx_HAL_Driver/Src/stm32f4xx_hal_adc.c ****         /* Update the error code */
ARM GAS  /tmp/ccpBr0sa.s 			page 14


 520:Drivers/STM32F4xx_HAL_Driver/Src/stm32f4xx_hal_adc.c ****         hadc->ErrorCode |= HAL_ADC_ERROR_INVALID_CALLBACK;
 521:Drivers/STM32F4xx_HAL_Driver/Src/stm32f4xx_hal_adc.c **** 
 522:Drivers/STM32F4xx_HAL_Driver/Src/stm32f4xx_hal_adc.c ****         /* Return error status */
 523:Drivers/STM32F4xx_HAL_Driver/Src/stm32f4xx_hal_adc.c ****         status = HAL_ERROR;
 524:Drivers/STM32F4xx_HAL_Driver/Src/stm32f4xx_hal_adc.c ****         break;
 525:Drivers/STM32F4xx_HAL_Driver/Src/stm32f4xx_hal_adc.c ****     }
 526:Drivers/STM32F4xx_HAL_Driver/Src/stm32f4xx_hal_adc.c ****   }
 527:Drivers/STM32F4xx_HAL_Driver/Src/stm32f4xx_hal_adc.c ****   else if (HAL_ADC_STATE_RESET == hadc->State)
 528:Drivers/STM32F4xx_HAL_Driver/Src/stm32f4xx_hal_adc.c ****   {
 529:Drivers/STM32F4xx_HAL_Driver/Src/stm32f4xx_hal_adc.c ****     switch (CallbackID)
 530:Drivers/STM32F4xx_HAL_Driver/Src/stm32f4xx_hal_adc.c ****     {
 531:Drivers/STM32F4xx_HAL_Driver/Src/stm32f4xx_hal_adc.c ****       case HAL_ADC_MSPINIT_CB_ID :
 532:Drivers/STM32F4xx_HAL_Driver/Src/stm32f4xx_hal_adc.c ****         hadc->MspInitCallback = pCallback;
 533:Drivers/STM32F4xx_HAL_Driver/Src/stm32f4xx_hal_adc.c ****         break;
 534:Drivers/STM32F4xx_HAL_Driver/Src/stm32f4xx_hal_adc.c **** 
 535:Drivers/STM32F4xx_HAL_Driver/Src/stm32f4xx_hal_adc.c ****       case HAL_ADC_MSPDEINIT_CB_ID :
 536:Drivers/STM32F4xx_HAL_Driver/Src/stm32f4xx_hal_adc.c ****         hadc->MspDeInitCallback = pCallback;
 537:Drivers/STM32F4xx_HAL_Driver/Src/stm32f4xx_hal_adc.c ****         break;
 538:Drivers/STM32F4xx_HAL_Driver/Src/stm32f4xx_hal_adc.c **** 
 539:Drivers/STM32F4xx_HAL_Driver/Src/stm32f4xx_hal_adc.c ****       default :
 540:Drivers/STM32F4xx_HAL_Driver/Src/stm32f4xx_hal_adc.c ****         /* Update the error code */
 541:Drivers/STM32F4xx_HAL_Driver/Src/stm32f4xx_hal_adc.c ****         hadc->ErrorCode |= HAL_ADC_ERROR_INVALID_CALLBACK;
 542:Drivers/STM32F4xx_HAL_Driver/Src/stm32f4xx_hal_adc.c **** 
 543:Drivers/STM32F4xx_HAL_Driver/Src/stm32f4xx_hal_adc.c ****         /* Return error status */
 544:Drivers/STM32F4xx_HAL_Driver/Src/stm32f4xx_hal_adc.c ****         status = HAL_ERROR;
 545:Drivers/STM32F4xx_HAL_Driver/Src/stm32f4xx_hal_adc.c ****         break;
 546:Drivers/STM32F4xx_HAL_Driver/Src/stm32f4xx_hal_adc.c ****     }
 547:Drivers/STM32F4xx_HAL_Driver/Src/stm32f4xx_hal_adc.c ****   }
 548:Drivers/STM32F4xx_HAL_Driver/Src/stm32f4xx_hal_adc.c ****   else
 549:Drivers/STM32F4xx_HAL_Driver/Src/stm32f4xx_hal_adc.c ****   {
 550:Drivers/STM32F4xx_HAL_Driver/Src/stm32f4xx_hal_adc.c ****     /* Update the error code */
 551:Drivers/STM32F4xx_HAL_Driver/Src/stm32f4xx_hal_adc.c ****     hadc->ErrorCode |= HAL_ADC_ERROR_INVALID_CALLBACK;
 552:Drivers/STM32F4xx_HAL_Driver/Src/stm32f4xx_hal_adc.c **** 
 553:Drivers/STM32F4xx_HAL_Driver/Src/stm32f4xx_hal_adc.c ****     /* Return error status */
 554:Drivers/STM32F4xx_HAL_Driver/Src/stm32f4xx_hal_adc.c ****     status =  HAL_ERROR;
 555:Drivers/STM32F4xx_HAL_Driver/Src/stm32f4xx_hal_adc.c ****   }
 556:Drivers/STM32F4xx_HAL_Driver/Src/stm32f4xx_hal_adc.c **** 
 557:Drivers/STM32F4xx_HAL_Driver/Src/stm32f4xx_hal_adc.c ****   return status;
 558:Drivers/STM32F4xx_HAL_Driver/Src/stm32f4xx_hal_adc.c **** }
 559:Drivers/STM32F4xx_HAL_Driver/Src/stm32f4xx_hal_adc.c **** 
 560:Drivers/STM32F4xx_HAL_Driver/Src/stm32f4xx_hal_adc.c **** /**
 561:Drivers/STM32F4xx_HAL_Driver/Src/stm32f4xx_hal_adc.c ****   * @brief  Unregister a ADC Callback
 562:Drivers/STM32F4xx_HAL_Driver/Src/stm32f4xx_hal_adc.c ****   *         ADC callback is redirected to the weak predefined callback
 563:Drivers/STM32F4xx_HAL_Driver/Src/stm32f4xx_hal_adc.c ****   * @param  hadc Pointer to a ADC_HandleTypeDef structure that contains
 564:Drivers/STM32F4xx_HAL_Driver/Src/stm32f4xx_hal_adc.c ****   *                the configuration information for the specified ADC.
 565:Drivers/STM32F4xx_HAL_Driver/Src/stm32f4xx_hal_adc.c ****   * @param  CallbackID ID of the callback to be unregistered
 566:Drivers/STM32F4xx_HAL_Driver/Src/stm32f4xx_hal_adc.c ****   *         This parameter can be one of the following values:
 567:Drivers/STM32F4xx_HAL_Driver/Src/stm32f4xx_hal_adc.c ****   *          @arg @ref HAL_ADC_CONVERSION_COMPLETE_CB_ID      ADC conversion complete callback ID
 568:Drivers/STM32F4xx_HAL_Driver/Src/stm32f4xx_hal_adc.c ****   *          @arg @ref HAL_ADC_CONVERSION_HALF_CB_ID          ADC conversion DMA half-transfer call
 569:Drivers/STM32F4xx_HAL_Driver/Src/stm32f4xx_hal_adc.c ****   *          @arg @ref HAL_ADC_LEVEL_OUT_OF_WINDOW_1_CB_ID    ADC analog watchdog 1 callback ID
 570:Drivers/STM32F4xx_HAL_Driver/Src/stm32f4xx_hal_adc.c ****   *          @arg @ref HAL_ADC_ERROR_CB_ID                    ADC error callback ID
 571:Drivers/STM32F4xx_HAL_Driver/Src/stm32f4xx_hal_adc.c ****   *          @arg @ref HAL_ADC_INJ_CONVERSION_COMPLETE_CB_ID  ADC group injected conversion complet
 572:Drivers/STM32F4xx_HAL_Driver/Src/stm32f4xx_hal_adc.c ****   *          @arg @ref HAL_ADC_MSPINIT_CB_ID                  ADC Msp Init callback ID
 573:Drivers/STM32F4xx_HAL_Driver/Src/stm32f4xx_hal_adc.c ****   *          @arg @ref HAL_ADC_MSPDEINIT_CB_ID                ADC Msp DeInit callback ID
 574:Drivers/STM32F4xx_HAL_Driver/Src/stm32f4xx_hal_adc.c ****   * @retval HAL status
 575:Drivers/STM32F4xx_HAL_Driver/Src/stm32f4xx_hal_adc.c ****   */
 576:Drivers/STM32F4xx_HAL_Driver/Src/stm32f4xx_hal_adc.c **** HAL_StatusTypeDef HAL_ADC_UnRegisterCallback(ADC_HandleTypeDef *hadc, HAL_ADC_CallbackIDTypeDef Cal
ARM GAS  /tmp/ccpBr0sa.s 			page 15


 577:Drivers/STM32F4xx_HAL_Driver/Src/stm32f4xx_hal_adc.c **** {
 578:Drivers/STM32F4xx_HAL_Driver/Src/stm32f4xx_hal_adc.c ****   HAL_StatusTypeDef status = HAL_OK;
 579:Drivers/STM32F4xx_HAL_Driver/Src/stm32f4xx_hal_adc.c **** 
 580:Drivers/STM32F4xx_HAL_Driver/Src/stm32f4xx_hal_adc.c ****   if ((hadc->State & HAL_ADC_STATE_READY) != 0UL)
 581:Drivers/STM32F4xx_HAL_Driver/Src/stm32f4xx_hal_adc.c ****   {
 582:Drivers/STM32F4xx_HAL_Driver/Src/stm32f4xx_hal_adc.c ****     switch (CallbackID)
 583:Drivers/STM32F4xx_HAL_Driver/Src/stm32f4xx_hal_adc.c ****     {
 584:Drivers/STM32F4xx_HAL_Driver/Src/stm32f4xx_hal_adc.c ****       case HAL_ADC_CONVERSION_COMPLETE_CB_ID :
 585:Drivers/STM32F4xx_HAL_Driver/Src/stm32f4xx_hal_adc.c ****         hadc->ConvCpltCallback = HAL_ADC_ConvCpltCallback;
 586:Drivers/STM32F4xx_HAL_Driver/Src/stm32f4xx_hal_adc.c ****         break;
 587:Drivers/STM32F4xx_HAL_Driver/Src/stm32f4xx_hal_adc.c **** 
 588:Drivers/STM32F4xx_HAL_Driver/Src/stm32f4xx_hal_adc.c ****       case HAL_ADC_CONVERSION_HALF_CB_ID :
 589:Drivers/STM32F4xx_HAL_Driver/Src/stm32f4xx_hal_adc.c ****         hadc->ConvHalfCpltCallback = HAL_ADC_ConvHalfCpltCallback;
 590:Drivers/STM32F4xx_HAL_Driver/Src/stm32f4xx_hal_adc.c ****         break;
 591:Drivers/STM32F4xx_HAL_Driver/Src/stm32f4xx_hal_adc.c **** 
 592:Drivers/STM32F4xx_HAL_Driver/Src/stm32f4xx_hal_adc.c ****       case HAL_ADC_LEVEL_OUT_OF_WINDOW_1_CB_ID :
 593:Drivers/STM32F4xx_HAL_Driver/Src/stm32f4xx_hal_adc.c ****         hadc->LevelOutOfWindowCallback = HAL_ADC_LevelOutOfWindowCallback;
 594:Drivers/STM32F4xx_HAL_Driver/Src/stm32f4xx_hal_adc.c ****         break;
 595:Drivers/STM32F4xx_HAL_Driver/Src/stm32f4xx_hal_adc.c **** 
 596:Drivers/STM32F4xx_HAL_Driver/Src/stm32f4xx_hal_adc.c ****       case HAL_ADC_ERROR_CB_ID :
 597:Drivers/STM32F4xx_HAL_Driver/Src/stm32f4xx_hal_adc.c ****         hadc->ErrorCallback = HAL_ADC_ErrorCallback;
 598:Drivers/STM32F4xx_HAL_Driver/Src/stm32f4xx_hal_adc.c ****         break;
 599:Drivers/STM32F4xx_HAL_Driver/Src/stm32f4xx_hal_adc.c **** 
 600:Drivers/STM32F4xx_HAL_Driver/Src/stm32f4xx_hal_adc.c ****       case HAL_ADC_INJ_CONVERSION_COMPLETE_CB_ID :
 601:Drivers/STM32F4xx_HAL_Driver/Src/stm32f4xx_hal_adc.c ****         hadc->InjectedConvCpltCallback = HAL_ADCEx_InjectedConvCpltCallback;
 602:Drivers/STM32F4xx_HAL_Driver/Src/stm32f4xx_hal_adc.c ****         break;
 603:Drivers/STM32F4xx_HAL_Driver/Src/stm32f4xx_hal_adc.c **** 
 604:Drivers/STM32F4xx_HAL_Driver/Src/stm32f4xx_hal_adc.c ****       case HAL_ADC_MSPINIT_CB_ID :
 605:Drivers/STM32F4xx_HAL_Driver/Src/stm32f4xx_hal_adc.c ****         hadc->MspInitCallback = HAL_ADC_MspInit; /* Legacy weak MspInit              */
 606:Drivers/STM32F4xx_HAL_Driver/Src/stm32f4xx_hal_adc.c ****         break;
 607:Drivers/STM32F4xx_HAL_Driver/Src/stm32f4xx_hal_adc.c **** 
 608:Drivers/STM32F4xx_HAL_Driver/Src/stm32f4xx_hal_adc.c ****       case HAL_ADC_MSPDEINIT_CB_ID :
 609:Drivers/STM32F4xx_HAL_Driver/Src/stm32f4xx_hal_adc.c ****         hadc->MspDeInitCallback = HAL_ADC_MspDeInit; /* Legacy weak MspDeInit            */
 610:Drivers/STM32F4xx_HAL_Driver/Src/stm32f4xx_hal_adc.c ****         break;
 611:Drivers/STM32F4xx_HAL_Driver/Src/stm32f4xx_hal_adc.c **** 
 612:Drivers/STM32F4xx_HAL_Driver/Src/stm32f4xx_hal_adc.c ****       default :
 613:Drivers/STM32F4xx_HAL_Driver/Src/stm32f4xx_hal_adc.c ****         /* Update the error code */
 614:Drivers/STM32F4xx_HAL_Driver/Src/stm32f4xx_hal_adc.c ****         hadc->ErrorCode |= HAL_ADC_ERROR_INVALID_CALLBACK;
 615:Drivers/STM32F4xx_HAL_Driver/Src/stm32f4xx_hal_adc.c **** 
 616:Drivers/STM32F4xx_HAL_Driver/Src/stm32f4xx_hal_adc.c ****         /* Return error status */
 617:Drivers/STM32F4xx_HAL_Driver/Src/stm32f4xx_hal_adc.c ****         status =  HAL_ERROR;
 618:Drivers/STM32F4xx_HAL_Driver/Src/stm32f4xx_hal_adc.c ****         break;
 619:Drivers/STM32F4xx_HAL_Driver/Src/stm32f4xx_hal_adc.c ****     }
 620:Drivers/STM32F4xx_HAL_Driver/Src/stm32f4xx_hal_adc.c ****   }
 621:Drivers/STM32F4xx_HAL_Driver/Src/stm32f4xx_hal_adc.c ****   else if (HAL_ADC_STATE_RESET == hadc->State)
 622:Drivers/STM32F4xx_HAL_Driver/Src/stm32f4xx_hal_adc.c ****   {
 623:Drivers/STM32F4xx_HAL_Driver/Src/stm32f4xx_hal_adc.c ****     switch (CallbackID)
 624:Drivers/STM32F4xx_HAL_Driver/Src/stm32f4xx_hal_adc.c ****     {
 625:Drivers/STM32F4xx_HAL_Driver/Src/stm32f4xx_hal_adc.c ****       case HAL_ADC_MSPINIT_CB_ID :
 626:Drivers/STM32F4xx_HAL_Driver/Src/stm32f4xx_hal_adc.c ****         hadc->MspInitCallback = HAL_ADC_MspInit;                   /* Legacy weak MspInit          
 627:Drivers/STM32F4xx_HAL_Driver/Src/stm32f4xx_hal_adc.c ****         break;
 628:Drivers/STM32F4xx_HAL_Driver/Src/stm32f4xx_hal_adc.c **** 
 629:Drivers/STM32F4xx_HAL_Driver/Src/stm32f4xx_hal_adc.c ****       case HAL_ADC_MSPDEINIT_CB_ID :
 630:Drivers/STM32F4xx_HAL_Driver/Src/stm32f4xx_hal_adc.c ****         hadc->MspDeInitCallback = HAL_ADC_MspDeInit;               /* Legacy weak MspDeInit        
 631:Drivers/STM32F4xx_HAL_Driver/Src/stm32f4xx_hal_adc.c ****         break;
 632:Drivers/STM32F4xx_HAL_Driver/Src/stm32f4xx_hal_adc.c **** 
 633:Drivers/STM32F4xx_HAL_Driver/Src/stm32f4xx_hal_adc.c ****       default :
ARM GAS  /tmp/ccpBr0sa.s 			page 16


 634:Drivers/STM32F4xx_HAL_Driver/Src/stm32f4xx_hal_adc.c ****         /* Update the error code */
 635:Drivers/STM32F4xx_HAL_Driver/Src/stm32f4xx_hal_adc.c ****         hadc->ErrorCode |= HAL_ADC_ERROR_INVALID_CALLBACK;
 636:Drivers/STM32F4xx_HAL_Driver/Src/stm32f4xx_hal_adc.c **** 
 637:Drivers/STM32F4xx_HAL_Driver/Src/stm32f4xx_hal_adc.c ****         /* Return error status */
 638:Drivers/STM32F4xx_HAL_Driver/Src/stm32f4xx_hal_adc.c ****         status =  HAL_ERROR;
 639:Drivers/STM32F4xx_HAL_Driver/Src/stm32f4xx_hal_adc.c ****         break;
 640:Drivers/STM32F4xx_HAL_Driver/Src/stm32f4xx_hal_adc.c ****     }
 641:Drivers/STM32F4xx_HAL_Driver/Src/stm32f4xx_hal_adc.c ****   }
 642:Drivers/STM32F4xx_HAL_Driver/Src/stm32f4xx_hal_adc.c ****   else
 643:Drivers/STM32F4xx_HAL_Driver/Src/stm32f4xx_hal_adc.c ****   {
 644:Drivers/STM32F4xx_HAL_Driver/Src/stm32f4xx_hal_adc.c ****     /* Update the error code */
 645:Drivers/STM32F4xx_HAL_Driver/Src/stm32f4xx_hal_adc.c ****     hadc->ErrorCode |= HAL_ADC_ERROR_INVALID_CALLBACK;
 646:Drivers/STM32F4xx_HAL_Driver/Src/stm32f4xx_hal_adc.c **** 
 647:Drivers/STM32F4xx_HAL_Driver/Src/stm32f4xx_hal_adc.c ****     /* Return error status */
 648:Drivers/STM32F4xx_HAL_Driver/Src/stm32f4xx_hal_adc.c ****     status =  HAL_ERROR;
 649:Drivers/STM32F4xx_HAL_Driver/Src/stm32f4xx_hal_adc.c ****   }
 650:Drivers/STM32F4xx_HAL_Driver/Src/stm32f4xx_hal_adc.c **** 
 651:Drivers/STM32F4xx_HAL_Driver/Src/stm32f4xx_hal_adc.c ****   return status;
 652:Drivers/STM32F4xx_HAL_Driver/Src/stm32f4xx_hal_adc.c **** }
 653:Drivers/STM32F4xx_HAL_Driver/Src/stm32f4xx_hal_adc.c **** 
 654:Drivers/STM32F4xx_HAL_Driver/Src/stm32f4xx_hal_adc.c **** #endif /* USE_HAL_ADC_REGISTER_CALLBACKS */
 655:Drivers/STM32F4xx_HAL_Driver/Src/stm32f4xx_hal_adc.c **** 
 656:Drivers/STM32F4xx_HAL_Driver/Src/stm32f4xx_hal_adc.c **** /**
 657:Drivers/STM32F4xx_HAL_Driver/Src/stm32f4xx_hal_adc.c ****   * @brief  Initializes the ADC MSP.
 658:Drivers/STM32F4xx_HAL_Driver/Src/stm32f4xx_hal_adc.c ****   * @param  hadc pointer to a ADC_HandleTypeDef structure that contains
 659:Drivers/STM32F4xx_HAL_Driver/Src/stm32f4xx_hal_adc.c ****   *         the configuration information for the specified ADC.
 660:Drivers/STM32F4xx_HAL_Driver/Src/stm32f4xx_hal_adc.c ****   * @retval None
 661:Drivers/STM32F4xx_HAL_Driver/Src/stm32f4xx_hal_adc.c ****   */
 662:Drivers/STM32F4xx_HAL_Driver/Src/stm32f4xx_hal_adc.c **** __weak void HAL_ADC_MspInit(ADC_HandleTypeDef *hadc)
 663:Drivers/STM32F4xx_HAL_Driver/Src/stm32f4xx_hal_adc.c **** {
 228              		.loc 1 663 1
 229              		.cfi_startproc
 230              		@ args = 0, pretend = 0, frame = 8
 231              		@ frame_needed = 1, uses_anonymous_args = 0
 232              		@ link register save eliminated.
 233 0000 80B4     		push	{r7}
 234              	.LCFI10:
 235              		.cfi_def_cfa_offset 4
 236              		.cfi_offset 7, -4
 237 0002 83B0     		sub	sp, sp, #12
 238              	.LCFI11:
 239              		.cfi_def_cfa_offset 16
 240 0004 00AF     		add	r7, sp, #0
 241              	.LCFI12:
 242              		.cfi_def_cfa_register 7
 243 0006 7860     		str	r0, [r7, #4]
 664:Drivers/STM32F4xx_HAL_Driver/Src/stm32f4xx_hal_adc.c ****   /* Prevent unused argument(s) compilation warning */
 665:Drivers/STM32F4xx_HAL_Driver/Src/stm32f4xx_hal_adc.c ****   UNUSED(hadc);
 666:Drivers/STM32F4xx_HAL_Driver/Src/stm32f4xx_hal_adc.c ****   /* NOTE : This function Should not be modified, when the callback is needed,
 667:Drivers/STM32F4xx_HAL_Driver/Src/stm32f4xx_hal_adc.c ****             the HAL_ADC_MspInit could be implemented in the user file
 668:Drivers/STM32F4xx_HAL_Driver/Src/stm32f4xx_hal_adc.c ****    */
 669:Drivers/STM32F4xx_HAL_Driver/Src/stm32f4xx_hal_adc.c **** }
 244              		.loc 1 669 1
 245 0008 00BF     		nop
 246 000a 0C37     		adds	r7, r7, #12
 247              	.LCFI13:
 248              		.cfi_def_cfa_offset 4
ARM GAS  /tmp/ccpBr0sa.s 			page 17


 249 000c BD46     		mov	sp, r7
 250              	.LCFI14:
 251              		.cfi_def_cfa_register 13
 252              		@ sp needed
 253 000e 5DF8047B 		ldr	r7, [sp], #4
 254              	.LCFI15:
 255              		.cfi_restore 7
 256              		.cfi_def_cfa_offset 0
 257 0012 7047     		bx	lr
 258              		.cfi_endproc
 259              	.LFE241:
 261              		.section	.text.HAL_ADC_MspDeInit,"ax",%progbits
 262              		.align	1
 263              		.weak	HAL_ADC_MspDeInit
 264              		.syntax unified
 265              		.thumb
 266              		.thumb_func
 268              	HAL_ADC_MspDeInit:
 269              	.LFB242:
 670:Drivers/STM32F4xx_HAL_Driver/Src/stm32f4xx_hal_adc.c **** 
 671:Drivers/STM32F4xx_HAL_Driver/Src/stm32f4xx_hal_adc.c **** /**
 672:Drivers/STM32F4xx_HAL_Driver/Src/stm32f4xx_hal_adc.c ****   * @brief  DeInitializes the ADC MSP.
 673:Drivers/STM32F4xx_HAL_Driver/Src/stm32f4xx_hal_adc.c ****   * @param  hadc pointer to a ADC_HandleTypeDef structure that contains
 674:Drivers/STM32F4xx_HAL_Driver/Src/stm32f4xx_hal_adc.c ****   *         the configuration information for the specified ADC.
 675:Drivers/STM32F4xx_HAL_Driver/Src/stm32f4xx_hal_adc.c ****   * @retval None
 676:Drivers/STM32F4xx_HAL_Driver/Src/stm32f4xx_hal_adc.c ****   */
 677:Drivers/STM32F4xx_HAL_Driver/Src/stm32f4xx_hal_adc.c **** __weak void HAL_ADC_MspDeInit(ADC_HandleTypeDef *hadc)
 678:Drivers/STM32F4xx_HAL_Driver/Src/stm32f4xx_hal_adc.c **** {
 270              		.loc 1 678 1
 271              		.cfi_startproc
 272              		@ args = 0, pretend = 0, frame = 8
 273              		@ frame_needed = 1, uses_anonymous_args = 0
 274              		@ link register save eliminated.
 275 0000 80B4     		push	{r7}
 276              	.LCFI16:
 277              		.cfi_def_cfa_offset 4
 278              		.cfi_offset 7, -4
 279 0002 83B0     		sub	sp, sp, #12
 280              	.LCFI17:
 281              		.cfi_def_cfa_offset 16
 282 0004 00AF     		add	r7, sp, #0
 283              	.LCFI18:
 284              		.cfi_def_cfa_register 7
 285 0006 7860     		str	r0, [r7, #4]
 679:Drivers/STM32F4xx_HAL_Driver/Src/stm32f4xx_hal_adc.c ****   /* Prevent unused argument(s) compilation warning */
 680:Drivers/STM32F4xx_HAL_Driver/Src/stm32f4xx_hal_adc.c ****   UNUSED(hadc);
 681:Drivers/STM32F4xx_HAL_Driver/Src/stm32f4xx_hal_adc.c ****   /* NOTE : This function Should not be modified, when the callback is needed,
 682:Drivers/STM32F4xx_HAL_Driver/Src/stm32f4xx_hal_adc.c ****             the HAL_ADC_MspDeInit could be implemented in the user file
 683:Drivers/STM32F4xx_HAL_Driver/Src/stm32f4xx_hal_adc.c ****    */
 684:Drivers/STM32F4xx_HAL_Driver/Src/stm32f4xx_hal_adc.c **** }
 286              		.loc 1 684 1
 287 0008 00BF     		nop
 288 000a 0C37     		adds	r7, r7, #12
 289              	.LCFI19:
 290              		.cfi_def_cfa_offset 4
 291 000c BD46     		mov	sp, r7
 292              	.LCFI20:
ARM GAS  /tmp/ccpBr0sa.s 			page 18


 293              		.cfi_def_cfa_register 13
 294              		@ sp needed
 295 000e 5DF8047B 		ldr	r7, [sp], #4
 296              	.LCFI21:
 297              		.cfi_restore 7
 298              		.cfi_def_cfa_offset 0
 299 0012 7047     		bx	lr
 300              		.cfi_endproc
 301              	.LFE242:
 303              		.section	.text.HAL_ADC_Start,"ax",%progbits
 304              		.align	1
 305              		.global	HAL_ADC_Start
 306              		.syntax unified
 307              		.thumb
 308              		.thumb_func
 310              	HAL_ADC_Start:
 311              	.LFB243:
 685:Drivers/STM32F4xx_HAL_Driver/Src/stm32f4xx_hal_adc.c **** 
 686:Drivers/STM32F4xx_HAL_Driver/Src/stm32f4xx_hal_adc.c **** /**
 687:Drivers/STM32F4xx_HAL_Driver/Src/stm32f4xx_hal_adc.c ****   * @}
 688:Drivers/STM32F4xx_HAL_Driver/Src/stm32f4xx_hal_adc.c ****   */
 689:Drivers/STM32F4xx_HAL_Driver/Src/stm32f4xx_hal_adc.c **** 
 690:Drivers/STM32F4xx_HAL_Driver/Src/stm32f4xx_hal_adc.c **** /** @defgroup ADC_Exported_Functions_Group2 IO operation functions
 691:Drivers/STM32F4xx_HAL_Driver/Src/stm32f4xx_hal_adc.c ****  *  @brief    IO operation functions
 692:Drivers/STM32F4xx_HAL_Driver/Src/stm32f4xx_hal_adc.c ****  *
 693:Drivers/STM32F4xx_HAL_Driver/Src/stm32f4xx_hal_adc.c **** @verbatim
 694:Drivers/STM32F4xx_HAL_Driver/Src/stm32f4xx_hal_adc.c ****  ===============================================================================
 695:Drivers/STM32F4xx_HAL_Driver/Src/stm32f4xx_hal_adc.c ****              ##### IO operation functions #####
 696:Drivers/STM32F4xx_HAL_Driver/Src/stm32f4xx_hal_adc.c ****  ===============================================================================
 697:Drivers/STM32F4xx_HAL_Driver/Src/stm32f4xx_hal_adc.c ****     [..]  This section provides functions allowing to:
 698:Drivers/STM32F4xx_HAL_Driver/Src/stm32f4xx_hal_adc.c ****       (+) Start conversion of regular channel.
 699:Drivers/STM32F4xx_HAL_Driver/Src/stm32f4xx_hal_adc.c ****       (+) Stop conversion of regular channel.
 700:Drivers/STM32F4xx_HAL_Driver/Src/stm32f4xx_hal_adc.c ****       (+) Start conversion of regular channel and enable interrupt.
 701:Drivers/STM32F4xx_HAL_Driver/Src/stm32f4xx_hal_adc.c ****       (+) Stop conversion of regular channel and disable interrupt.
 702:Drivers/STM32F4xx_HAL_Driver/Src/stm32f4xx_hal_adc.c ****       (+) Start conversion of regular channel and enable DMA transfer.
 703:Drivers/STM32F4xx_HAL_Driver/Src/stm32f4xx_hal_adc.c ****       (+) Stop conversion of regular channel and disable DMA transfer.
 704:Drivers/STM32F4xx_HAL_Driver/Src/stm32f4xx_hal_adc.c ****       (+) Handle ADC interrupt request.
 705:Drivers/STM32F4xx_HAL_Driver/Src/stm32f4xx_hal_adc.c **** 
 706:Drivers/STM32F4xx_HAL_Driver/Src/stm32f4xx_hal_adc.c **** @endverbatim
 707:Drivers/STM32F4xx_HAL_Driver/Src/stm32f4xx_hal_adc.c ****   * @{
 708:Drivers/STM32F4xx_HAL_Driver/Src/stm32f4xx_hal_adc.c ****   */
 709:Drivers/STM32F4xx_HAL_Driver/Src/stm32f4xx_hal_adc.c **** 
 710:Drivers/STM32F4xx_HAL_Driver/Src/stm32f4xx_hal_adc.c **** /**
 711:Drivers/STM32F4xx_HAL_Driver/Src/stm32f4xx_hal_adc.c ****   * @brief  Enables ADC and starts conversion of the regular channels.
 712:Drivers/STM32F4xx_HAL_Driver/Src/stm32f4xx_hal_adc.c ****   * @param  hadc pointer to a ADC_HandleTypeDef structure that contains
 713:Drivers/STM32F4xx_HAL_Driver/Src/stm32f4xx_hal_adc.c ****   *         the configuration information for the specified ADC.
 714:Drivers/STM32F4xx_HAL_Driver/Src/stm32f4xx_hal_adc.c ****   * @retval HAL status
 715:Drivers/STM32F4xx_HAL_Driver/Src/stm32f4xx_hal_adc.c ****   */
 716:Drivers/STM32F4xx_HAL_Driver/Src/stm32f4xx_hal_adc.c **** HAL_StatusTypeDef HAL_ADC_Start(ADC_HandleTypeDef *hadc)
 717:Drivers/STM32F4xx_HAL_Driver/Src/stm32f4xx_hal_adc.c **** {
 312              		.loc 1 717 1
 313              		.cfi_startproc
 314              		@ args = 0, pretend = 0, frame = 16
 315              		@ frame_needed = 1, uses_anonymous_args = 0
 316              		@ link register save eliminated.
 317 0000 80B4     		push	{r7}
 318              	.LCFI22:
ARM GAS  /tmp/ccpBr0sa.s 			page 19


 319              		.cfi_def_cfa_offset 4
 320              		.cfi_offset 7, -4
 321 0002 85B0     		sub	sp, sp, #20
 322              	.LCFI23:
 323              		.cfi_def_cfa_offset 24
 324 0004 00AF     		add	r7, sp, #0
 325              	.LCFI24:
 326              		.cfi_def_cfa_register 7
 327 0006 7860     		str	r0, [r7, #4]
 718:Drivers/STM32F4xx_HAL_Driver/Src/stm32f4xx_hal_adc.c ****   __IO uint32_t counter = 0U;
 328              		.loc 1 718 17
 329 0008 0023     		movs	r3, #0
 330 000a BB60     		str	r3, [r7, #8]
 719:Drivers/STM32F4xx_HAL_Driver/Src/stm32f4xx_hal_adc.c ****   ADC_Common_TypeDef *tmpADC_Common;
 720:Drivers/STM32F4xx_HAL_Driver/Src/stm32f4xx_hal_adc.c **** 
 721:Drivers/STM32F4xx_HAL_Driver/Src/stm32f4xx_hal_adc.c ****   /* Check the parameters */
 722:Drivers/STM32F4xx_HAL_Driver/Src/stm32f4xx_hal_adc.c ****   assert_param(IS_FUNCTIONAL_STATE(hadc->Init.ContinuousConvMode));
 723:Drivers/STM32F4xx_HAL_Driver/Src/stm32f4xx_hal_adc.c ****   assert_param(IS_ADC_EXT_TRIG_EDGE(hadc->Init.ExternalTrigConvEdge));
 724:Drivers/STM32F4xx_HAL_Driver/Src/stm32f4xx_hal_adc.c **** 
 725:Drivers/STM32F4xx_HAL_Driver/Src/stm32f4xx_hal_adc.c ****   /* Process locked */
 726:Drivers/STM32F4xx_HAL_Driver/Src/stm32f4xx_hal_adc.c ****   __HAL_LOCK(hadc);
 331              		.loc 1 726 3
 332 000c 7B68     		ldr	r3, [r7, #4]
 333 000e 93F83C30 		ldrb	r3, [r3, #60]	@ zero_extendqisi2
 334 0012 012B     		cmp	r3, #1
 335 0014 01D1     		bne	.L14
 336              		.loc 1 726 3 is_stmt 0 discriminator 1
 337 0016 0223     		movs	r3, #2
 338 0018 B2E0     		b	.L15
 339              	.L14:
 340              		.loc 1 726 3 discriminator 2
 341 001a 7B68     		ldr	r3, [r7, #4]
 342 001c 0122     		movs	r2, #1
 343 001e 83F83C20 		strb	r2, [r3, #60]
 727:Drivers/STM32F4xx_HAL_Driver/Src/stm32f4xx_hal_adc.c **** 
 728:Drivers/STM32F4xx_HAL_Driver/Src/stm32f4xx_hal_adc.c ****   /* Enable the ADC peripheral */
 729:Drivers/STM32F4xx_HAL_Driver/Src/stm32f4xx_hal_adc.c ****   /* Check if ADC peripheral is disabled in order to enable it and wait during
 730:Drivers/STM32F4xx_HAL_Driver/Src/stm32f4xx_hal_adc.c ****   Tstab time the ADC's stabilization */
 731:Drivers/STM32F4xx_HAL_Driver/Src/stm32f4xx_hal_adc.c ****   if ((hadc->Instance->CR2 & ADC_CR2_ADON) != ADC_CR2_ADON)
 344              		.loc 1 731 12 is_stmt 1 discriminator 2
 345 0022 7B68     		ldr	r3, [r7, #4]
 346 0024 1B68     		ldr	r3, [r3]
 347              		.loc 1 731 22 discriminator 2
 348 0026 9B68     		ldr	r3, [r3, #8]
 349              		.loc 1 731 28 discriminator 2
 350 0028 03F00103 		and	r3, r3, #1
 351              		.loc 1 731 6 discriminator 2
 352 002c 012B     		cmp	r3, #1
 353 002e 18D0     		beq	.L16
 732:Drivers/STM32F4xx_HAL_Driver/Src/stm32f4xx_hal_adc.c ****   {
 733:Drivers/STM32F4xx_HAL_Driver/Src/stm32f4xx_hal_adc.c ****     /* Enable the Peripheral */
 734:Drivers/STM32F4xx_HAL_Driver/Src/stm32f4xx_hal_adc.c ****     __HAL_ADC_ENABLE(hadc);
 354              		.loc 1 734 5
 355 0030 7B68     		ldr	r3, [r7, #4]
 356 0032 1B68     		ldr	r3, [r3]
 357 0034 9A68     		ldr	r2, [r3, #8]
 358 0036 7B68     		ldr	r3, [r7, #4]
ARM GAS  /tmp/ccpBr0sa.s 			page 20


 359 0038 1B68     		ldr	r3, [r3]
 360 003a 42F00102 		orr	r2, r2, #1
 361 003e 9A60     		str	r2, [r3, #8]
 735:Drivers/STM32F4xx_HAL_Driver/Src/stm32f4xx_hal_adc.c **** 
 736:Drivers/STM32F4xx_HAL_Driver/Src/stm32f4xx_hal_adc.c ****     /* Delay for ADC stabilization time */
 737:Drivers/STM32F4xx_HAL_Driver/Src/stm32f4xx_hal_adc.c ****     /* Compute number of CPU cycles to wait for */
 738:Drivers/STM32F4xx_HAL_Driver/Src/stm32f4xx_hal_adc.c ****     counter = (ADC_STAB_DELAY_US * (SystemCoreClock / 1000000U));
 362              		.loc 1 738 53
 363 0040 524B     		ldr	r3, .L27
 364 0042 1B68     		ldr	r3, [r3]
 365 0044 524A     		ldr	r2, .L27+4
 366 0046 A2FB0323 		umull	r2, r3, r2, r3
 367 004a 9A0C     		lsrs	r2, r3, #18
 368              		.loc 1 738 34
 369 004c 1346     		mov	r3, r2
 370 004e 5B00     		lsls	r3, r3, #1
 371 0050 1344     		add	r3, r3, r2
 372              		.loc 1 738 13
 373 0052 BB60     		str	r3, [r7, #8]
 739:Drivers/STM32F4xx_HAL_Driver/Src/stm32f4xx_hal_adc.c ****     while (counter != 0U)
 374              		.loc 1 739 11
 375 0054 02E0     		b	.L17
 376              	.L18:
 740:Drivers/STM32F4xx_HAL_Driver/Src/stm32f4xx_hal_adc.c ****     {
 741:Drivers/STM32F4xx_HAL_Driver/Src/stm32f4xx_hal_adc.c ****       counter--;
 377              		.loc 1 741 14
 378 0056 BB68     		ldr	r3, [r7, #8]
 379 0058 013B     		subs	r3, r3, #1
 380 005a BB60     		str	r3, [r7, #8]
 381              	.L17:
 739:Drivers/STM32F4xx_HAL_Driver/Src/stm32f4xx_hal_adc.c ****     while (counter != 0U)
 382              		.loc 1 739 20
 383 005c BB68     		ldr	r3, [r7, #8]
 384 005e 002B     		cmp	r3, #0
 385 0060 F9D1     		bne	.L18
 386              	.L16:
 742:Drivers/STM32F4xx_HAL_Driver/Src/stm32f4xx_hal_adc.c ****     }
 743:Drivers/STM32F4xx_HAL_Driver/Src/stm32f4xx_hal_adc.c ****   }
 744:Drivers/STM32F4xx_HAL_Driver/Src/stm32f4xx_hal_adc.c **** 
 745:Drivers/STM32F4xx_HAL_Driver/Src/stm32f4xx_hal_adc.c ****   /* Start conversion if ADC is effectively enabled */
 746:Drivers/STM32F4xx_HAL_Driver/Src/stm32f4xx_hal_adc.c ****   if (HAL_IS_BIT_SET(hadc->Instance->CR2, ADC_CR2_ADON))
 387              		.loc 1 746 7
 388 0062 7B68     		ldr	r3, [r7, #4]
 389 0064 1B68     		ldr	r3, [r3]
 390 0066 9B68     		ldr	r3, [r3, #8]
 391 0068 03F00103 		and	r3, r3, #1
 392              		.loc 1 746 6
 393 006c 012B     		cmp	r3, #1
 394 006e 7AD1     		bne	.L19
 747:Drivers/STM32F4xx_HAL_Driver/Src/stm32f4xx_hal_adc.c ****   {
 748:Drivers/STM32F4xx_HAL_Driver/Src/stm32f4xx_hal_adc.c ****     /* Set ADC state                                                          */
 749:Drivers/STM32F4xx_HAL_Driver/Src/stm32f4xx_hal_adc.c ****     /* - Clear state bitfield related to regular group conversion results     */
 750:Drivers/STM32F4xx_HAL_Driver/Src/stm32f4xx_hal_adc.c ****     /* - Set state bitfield related to regular group operation                */
 751:Drivers/STM32F4xx_HAL_Driver/Src/stm32f4xx_hal_adc.c ****     ADC_STATE_CLR_SET(hadc->State,
 395              		.loc 1 751 5
 396 0070 7B68     		ldr	r3, [r7, #4]
 397 0072 1B6C     		ldr	r3, [r3, #64]
ARM GAS  /tmp/ccpBr0sa.s 			page 21


 398 0074 23F4E063 		bic	r3, r3, #1792
 399 0078 23F00103 		bic	r3, r3, #1
 400 007c 43F48072 		orr	r2, r3, #256
 401 0080 7B68     		ldr	r3, [r7, #4]
 402 0082 1A64     		str	r2, [r3, #64]
 752:Drivers/STM32F4xx_HAL_Driver/Src/stm32f4xx_hal_adc.c ****                       HAL_ADC_STATE_READY | HAL_ADC_STATE_REG_EOC | HAL_ADC_STATE_REG_OVR,
 753:Drivers/STM32F4xx_HAL_Driver/Src/stm32f4xx_hal_adc.c ****                       HAL_ADC_STATE_REG_BUSY);
 754:Drivers/STM32F4xx_HAL_Driver/Src/stm32f4xx_hal_adc.c **** 
 755:Drivers/STM32F4xx_HAL_Driver/Src/stm32f4xx_hal_adc.c ****     /* If conversions on group regular are also triggering group injected,    */
 756:Drivers/STM32F4xx_HAL_Driver/Src/stm32f4xx_hal_adc.c ****     /* update ADC state.                                                      */
 757:Drivers/STM32F4xx_HAL_Driver/Src/stm32f4xx_hal_adc.c ****     if (READ_BIT(hadc->Instance->CR1, ADC_CR1_JAUTO) != RESET)
 403              		.loc 1 757 9
 404 0084 7B68     		ldr	r3, [r7, #4]
 405 0086 1B68     		ldr	r3, [r3]
 406 0088 5B68     		ldr	r3, [r3, #4]
 407 008a 03F48063 		and	r3, r3, #1024
 408              		.loc 1 757 8
 409 008e 002B     		cmp	r3, #0
 410 0090 07D0     		beq	.L20
 758:Drivers/STM32F4xx_HAL_Driver/Src/stm32f4xx_hal_adc.c ****     {
 759:Drivers/STM32F4xx_HAL_Driver/Src/stm32f4xx_hal_adc.c ****       ADC_STATE_CLR_SET(hadc->State, HAL_ADC_STATE_INJ_EOC, HAL_ADC_STATE_INJ_BUSY);
 411              		.loc 1 759 7
 412 0092 7B68     		ldr	r3, [r7, #4]
 413 0094 1B6C     		ldr	r3, [r3, #64]
 414 0096 23F44053 		bic	r3, r3, #12288
 415 009a 43F48052 		orr	r2, r3, #4096
 416 009e 7B68     		ldr	r3, [r7, #4]
 417 00a0 1A64     		str	r2, [r3, #64]
 418              	.L20:
 760:Drivers/STM32F4xx_HAL_Driver/Src/stm32f4xx_hal_adc.c ****     }
 761:Drivers/STM32F4xx_HAL_Driver/Src/stm32f4xx_hal_adc.c **** 
 762:Drivers/STM32F4xx_HAL_Driver/Src/stm32f4xx_hal_adc.c ****     /* State machine update: Check if an injected conversion is ongoing */
 763:Drivers/STM32F4xx_HAL_Driver/Src/stm32f4xx_hal_adc.c ****     if (HAL_IS_BIT_SET(hadc->State, HAL_ADC_STATE_INJ_BUSY))
 419              		.loc 1 763 9
 420 00a2 7B68     		ldr	r3, [r7, #4]
 421 00a4 1B6C     		ldr	r3, [r3, #64]
 422 00a6 03F48053 		and	r3, r3, #4096
 423              		.loc 1 763 8
 424 00aa B3F5805F 		cmp	r3, #4096
 425 00ae 06D1     		bne	.L21
 764:Drivers/STM32F4xx_HAL_Driver/Src/stm32f4xx_hal_adc.c ****     {
 765:Drivers/STM32F4xx_HAL_Driver/Src/stm32f4xx_hal_adc.c ****       /* Reset ADC error code fields related to conversions on group regular */
 766:Drivers/STM32F4xx_HAL_Driver/Src/stm32f4xx_hal_adc.c ****       CLEAR_BIT(hadc->ErrorCode, (HAL_ADC_ERROR_OVR | HAL_ADC_ERROR_DMA));
 426              		.loc 1 766 7
 427 00b0 7B68     		ldr	r3, [r7, #4]
 428 00b2 5B6C     		ldr	r3, [r3, #68]
 429 00b4 23F00602 		bic	r2, r3, #6
 430 00b8 7B68     		ldr	r3, [r7, #4]
 431 00ba 5A64     		str	r2, [r3, #68]
 432 00bc 02E0     		b	.L22
 433              	.L21:
 767:Drivers/STM32F4xx_HAL_Driver/Src/stm32f4xx_hal_adc.c ****     }
 768:Drivers/STM32F4xx_HAL_Driver/Src/stm32f4xx_hal_adc.c ****     else
 769:Drivers/STM32F4xx_HAL_Driver/Src/stm32f4xx_hal_adc.c ****     {
 770:Drivers/STM32F4xx_HAL_Driver/Src/stm32f4xx_hal_adc.c ****       /* Reset ADC all error code fields */
 771:Drivers/STM32F4xx_HAL_Driver/Src/stm32f4xx_hal_adc.c ****       ADC_CLEAR_ERRORCODE(hadc);
 434              		.loc 1 771 7
ARM GAS  /tmp/ccpBr0sa.s 			page 22


 435 00be 7B68     		ldr	r3, [r7, #4]
 436 00c0 0022     		movs	r2, #0
 437 00c2 5A64     		str	r2, [r3, #68]
 438              	.L22:
 772:Drivers/STM32F4xx_HAL_Driver/Src/stm32f4xx_hal_adc.c ****     }
 773:Drivers/STM32F4xx_HAL_Driver/Src/stm32f4xx_hal_adc.c **** 
 774:Drivers/STM32F4xx_HAL_Driver/Src/stm32f4xx_hal_adc.c ****     /* Process unlocked */
 775:Drivers/STM32F4xx_HAL_Driver/Src/stm32f4xx_hal_adc.c ****     /* Unlock before starting ADC conversions: in case of potential           */
 776:Drivers/STM32F4xx_HAL_Driver/Src/stm32f4xx_hal_adc.c ****     /* interruption, to let the process to ADC IRQ Handler.                   */
 777:Drivers/STM32F4xx_HAL_Driver/Src/stm32f4xx_hal_adc.c ****     __HAL_UNLOCK(hadc);
 439              		.loc 1 777 5
 440 00c4 7B68     		ldr	r3, [r7, #4]
 441 00c6 0022     		movs	r2, #0
 442 00c8 83F83C20 		strb	r2, [r3, #60]
 778:Drivers/STM32F4xx_HAL_Driver/Src/stm32f4xx_hal_adc.c **** 
 779:Drivers/STM32F4xx_HAL_Driver/Src/stm32f4xx_hal_adc.c ****     /* Pointer to the common control register to which is belonging hadc    */
 780:Drivers/STM32F4xx_HAL_Driver/Src/stm32f4xx_hal_adc.c ****     /* (Depending on STM32F4 product, there may be up to 3 ADCs and 1 common */
 781:Drivers/STM32F4xx_HAL_Driver/Src/stm32f4xx_hal_adc.c ****     /* control register)                                                    */
 782:Drivers/STM32F4xx_HAL_Driver/Src/stm32f4xx_hal_adc.c ****     tmpADC_Common = ADC_COMMON_REGISTER(hadc);
 443              		.loc 1 782 19
 444 00cc 314B     		ldr	r3, .L27+8
 445 00ce FB60     		str	r3, [r7, #12]
 783:Drivers/STM32F4xx_HAL_Driver/Src/stm32f4xx_hal_adc.c **** 
 784:Drivers/STM32F4xx_HAL_Driver/Src/stm32f4xx_hal_adc.c ****     /* Clear regular group conversion flag and overrun flag */
 785:Drivers/STM32F4xx_HAL_Driver/Src/stm32f4xx_hal_adc.c ****     /* (To ensure of no unknown state from potential previous ADC operations) */
 786:Drivers/STM32F4xx_HAL_Driver/Src/stm32f4xx_hal_adc.c ****     __HAL_ADC_CLEAR_FLAG(hadc, ADC_FLAG_EOC | ADC_FLAG_OVR);
 446              		.loc 1 786 5
 447 00d0 7B68     		ldr	r3, [r7, #4]
 448 00d2 1B68     		ldr	r3, [r3]
 449 00d4 6FF02202 		mvn	r2, #34
 450 00d8 1A60     		str	r2, [r3]
 787:Drivers/STM32F4xx_HAL_Driver/Src/stm32f4xx_hal_adc.c **** 
 788:Drivers/STM32F4xx_HAL_Driver/Src/stm32f4xx_hal_adc.c ****     /* Check if Multimode enabled */
 789:Drivers/STM32F4xx_HAL_Driver/Src/stm32f4xx_hal_adc.c ****     if (HAL_IS_BIT_CLR(tmpADC_Common->CCR, ADC_CCR_MULTI))
 451              		.loc 1 789 9
 452 00da FB68     		ldr	r3, [r7, #12]
 453 00dc 5B68     		ldr	r3, [r3, #4]
 454 00de 03F01F03 		and	r3, r3, #31
 455              		.loc 1 789 8
 456 00e2 002B     		cmp	r3, #0
 457 00e4 2AD1     		bne	.L23
 790:Drivers/STM32F4xx_HAL_Driver/Src/stm32f4xx_hal_adc.c ****     {
 791:Drivers/STM32F4xx_HAL_Driver/Src/stm32f4xx_hal_adc.c **** #if defined(ADC2) && defined(ADC3)
 792:Drivers/STM32F4xx_HAL_Driver/Src/stm32f4xx_hal_adc.c ****       if ((hadc->Instance == ADC1) || ((hadc->Instance == ADC2) && ((ADC->CCR & ADC_CCR_MULTI_Msk) 
 458              		.loc 1 792 16
 459 00e6 7B68     		ldr	r3, [r7, #4]
 460 00e8 1B68     		ldr	r3, [r3]
 461              		.loc 1 792 10
 462 00ea 2B4A     		ldr	r2, .L27+12
 463 00ec 9342     		cmp	r3, r2
 464 00ee 15D0     		beq	.L24
 465              		.loc 1 792 45 discriminator 1
 466 00f0 7B68     		ldr	r3, [r7, #4]
 467 00f2 1B68     		ldr	r3, [r3]
 468              		.loc 1 792 36 discriminator 1
 469 00f4 294A     		ldr	r2, .L27+16
 470 00f6 9342     		cmp	r3, r2
ARM GAS  /tmp/ccpBr0sa.s 			page 23


 471 00f8 05D1     		bne	.L25
 472              		.loc 1 792 73 discriminator 2
 473 00fa 264B     		ldr	r3, .L27+8
 474 00fc 5B68     		ldr	r3, [r3, #4]
 475              		.loc 1 792 79 discriminator 2
 476 00fe 03F01F03 		and	r3, r3, #31
 477              		.loc 1 792 65 discriminator 2
 478 0102 002B     		cmp	r3, #0
 479 0104 0AD0     		beq	.L24
 480              	.L25:
 793:Drivers/STM32F4xx_HAL_Driver/Src/stm32f4xx_hal_adc.c ****           || ((hadc->Instance == ADC3) && ((ADC->CCR & ADC_CCR_MULTI_Msk) < ADC_CCR_MULTI_4)))
 481              		.loc 1 793 20
 482 0106 7B68     		ldr	r3, [r7, #4]
 483 0108 1B68     		ldr	r3, [r3]
 484              		.loc 1 793 11
 485 010a 254A     		ldr	r2, .L27+20
 486 010c 9342     		cmp	r3, r2
 487 010e 36D1     		bne	.L26
 488              		.loc 1 793 48 discriminator 1
 489 0110 204B     		ldr	r3, .L27+8
 490 0112 5B68     		ldr	r3, [r3, #4]
 491              		.loc 1 793 75 discriminator 1
 492 0114 03F01003 		and	r3, r3, #16
 493              		.loc 1 793 40 discriminator 1
 494 0118 002B     		cmp	r3, #0
 495 011a 30D1     		bne	.L26
 496              	.L24:
 794:Drivers/STM32F4xx_HAL_Driver/Src/stm32f4xx_hal_adc.c ****       {
 795:Drivers/STM32F4xx_HAL_Driver/Src/stm32f4xx_hal_adc.c **** #endif /* ADC2 || ADC3 */
 796:Drivers/STM32F4xx_HAL_Driver/Src/stm32f4xx_hal_adc.c ****         /* if no external trigger present enable software conversion of regular channels */
 797:Drivers/STM32F4xx_HAL_Driver/Src/stm32f4xx_hal_adc.c ****         if ((hadc->Instance->CR2 & ADC_CR2_EXTEN) == RESET)
 497              		.loc 1 797 18
 498 011c 7B68     		ldr	r3, [r7, #4]
 499 011e 1B68     		ldr	r3, [r3]
 500              		.loc 1 797 28
 501 0120 9B68     		ldr	r3, [r3, #8]
 502              		.loc 1 797 34
 503 0122 03F04053 		and	r3, r3, #805306368
 504              		.loc 1 797 12
 505 0126 002B     		cmp	r3, #0
 506 0128 29D1     		bne	.L26
 798:Drivers/STM32F4xx_HAL_Driver/Src/stm32f4xx_hal_adc.c ****         {
 799:Drivers/STM32F4xx_HAL_Driver/Src/stm32f4xx_hal_adc.c ****           /* Enable the selected ADC software conversion for regular group */
 800:Drivers/STM32F4xx_HAL_Driver/Src/stm32f4xx_hal_adc.c ****           hadc->Instance->CR2 |= (uint32_t)ADC_CR2_SWSTART;
 507              		.loc 1 800 15
 508 012a 7B68     		ldr	r3, [r7, #4]
 509 012c 1B68     		ldr	r3, [r3]
 510              		.loc 1 800 25
 511 012e 9A68     		ldr	r2, [r3, #8]
 512              		.loc 1 800 15
 513 0130 7B68     		ldr	r3, [r7, #4]
 514 0132 1B68     		ldr	r3, [r3]
 515              		.loc 1 800 31
 516 0134 42F08042 		orr	r2, r2, #1073741824
 517 0138 9A60     		str	r2, [r3, #8]
 518 013a 20E0     		b	.L26
 519              	.L23:
ARM GAS  /tmp/ccpBr0sa.s 			page 24


 801:Drivers/STM32F4xx_HAL_Driver/Src/stm32f4xx_hal_adc.c ****         }
 802:Drivers/STM32F4xx_HAL_Driver/Src/stm32f4xx_hal_adc.c **** #if defined(ADC2) && defined(ADC3)
 803:Drivers/STM32F4xx_HAL_Driver/Src/stm32f4xx_hal_adc.c ****       }
 804:Drivers/STM32F4xx_HAL_Driver/Src/stm32f4xx_hal_adc.c **** #endif /* ADC2 || ADC3 */
 805:Drivers/STM32F4xx_HAL_Driver/Src/stm32f4xx_hal_adc.c ****     }
 806:Drivers/STM32F4xx_HAL_Driver/Src/stm32f4xx_hal_adc.c ****     else
 807:Drivers/STM32F4xx_HAL_Driver/Src/stm32f4xx_hal_adc.c ****     {
 808:Drivers/STM32F4xx_HAL_Driver/Src/stm32f4xx_hal_adc.c ****       /* if instance of handle correspond to ADC1 and  no external trigger present enable software 
 809:Drivers/STM32F4xx_HAL_Driver/Src/stm32f4xx_hal_adc.c ****       if ((hadc->Instance == ADC1) && ((hadc->Instance->CR2 & ADC_CR2_EXTEN) == RESET))
 520              		.loc 1 809 16
 521 013c 7B68     		ldr	r3, [r7, #4]
 522 013e 1B68     		ldr	r3, [r3]
 523              		.loc 1 809 10
 524 0140 154A     		ldr	r2, .L27+12
 525 0142 9342     		cmp	r3, r2
 526 0144 1BD1     		bne	.L26
 527              		.loc 1 809 45 discriminator 1
 528 0146 7B68     		ldr	r3, [r7, #4]
 529 0148 1B68     		ldr	r3, [r3]
 530              		.loc 1 809 55 discriminator 1
 531 014a 9B68     		ldr	r3, [r3, #8]
 532              		.loc 1 809 61 discriminator 1
 533 014c 03F04053 		and	r3, r3, #805306368
 534              		.loc 1 809 36 discriminator 1
 535 0150 002B     		cmp	r3, #0
 536 0152 14D1     		bne	.L26
 810:Drivers/STM32F4xx_HAL_Driver/Src/stm32f4xx_hal_adc.c ****       {
 811:Drivers/STM32F4xx_HAL_Driver/Src/stm32f4xx_hal_adc.c ****         /* Enable the selected ADC software conversion for regular group */
 812:Drivers/STM32F4xx_HAL_Driver/Src/stm32f4xx_hal_adc.c ****         hadc->Instance->CR2 |= (uint32_t)ADC_CR2_SWSTART;
 537              		.loc 1 812 13
 538 0154 7B68     		ldr	r3, [r7, #4]
 539 0156 1B68     		ldr	r3, [r3]
 540              		.loc 1 812 23
 541 0158 9A68     		ldr	r2, [r3, #8]
 542              		.loc 1 812 13
 543 015a 7B68     		ldr	r3, [r7, #4]
 544 015c 1B68     		ldr	r3, [r3]
 545              		.loc 1 812 29
 546 015e 42F08042 		orr	r2, r2, #1073741824
 547 0162 9A60     		str	r2, [r3, #8]
 548 0164 0BE0     		b	.L26
 549              	.L19:
 813:Drivers/STM32F4xx_HAL_Driver/Src/stm32f4xx_hal_adc.c ****       }
 814:Drivers/STM32F4xx_HAL_Driver/Src/stm32f4xx_hal_adc.c ****     }
 815:Drivers/STM32F4xx_HAL_Driver/Src/stm32f4xx_hal_adc.c ****   }
 816:Drivers/STM32F4xx_HAL_Driver/Src/stm32f4xx_hal_adc.c ****   else
 817:Drivers/STM32F4xx_HAL_Driver/Src/stm32f4xx_hal_adc.c ****   {
 818:Drivers/STM32F4xx_HAL_Driver/Src/stm32f4xx_hal_adc.c ****     /* Update ADC state machine to error */
 819:Drivers/STM32F4xx_HAL_Driver/Src/stm32f4xx_hal_adc.c ****     SET_BIT(hadc->State, HAL_ADC_STATE_ERROR_INTERNAL);
 550              		.loc 1 819 5
 551 0166 7B68     		ldr	r3, [r7, #4]
 552 0168 1B6C     		ldr	r3, [r3, #64]
 553 016a 43F01002 		orr	r2, r3, #16
 554 016e 7B68     		ldr	r3, [r7, #4]
 555 0170 1A64     		str	r2, [r3, #64]
 820:Drivers/STM32F4xx_HAL_Driver/Src/stm32f4xx_hal_adc.c **** 
 821:Drivers/STM32F4xx_HAL_Driver/Src/stm32f4xx_hal_adc.c ****     /* Set ADC error code to ADC IP internal error */
ARM GAS  /tmp/ccpBr0sa.s 			page 25


 822:Drivers/STM32F4xx_HAL_Driver/Src/stm32f4xx_hal_adc.c ****     SET_BIT(hadc->ErrorCode, HAL_ADC_ERROR_INTERNAL);
 556              		.loc 1 822 5
 557 0172 7B68     		ldr	r3, [r7, #4]
 558 0174 5B6C     		ldr	r3, [r3, #68]
 559 0176 43F00102 		orr	r2, r3, #1
 560 017a 7B68     		ldr	r3, [r7, #4]
 561 017c 5A64     		str	r2, [r3, #68]
 562              	.L26:
 823:Drivers/STM32F4xx_HAL_Driver/Src/stm32f4xx_hal_adc.c ****   }
 824:Drivers/STM32F4xx_HAL_Driver/Src/stm32f4xx_hal_adc.c **** 
 825:Drivers/STM32F4xx_HAL_Driver/Src/stm32f4xx_hal_adc.c ****   /* Return function status */
 826:Drivers/STM32F4xx_HAL_Driver/Src/stm32f4xx_hal_adc.c ****   return HAL_OK;
 563              		.loc 1 826 10
 564 017e 0023     		movs	r3, #0
 565              	.L15:
 827:Drivers/STM32F4xx_HAL_Driver/Src/stm32f4xx_hal_adc.c **** }
 566              		.loc 1 827 1
 567 0180 1846     		mov	r0, r3
 568 0182 1437     		adds	r7, r7, #20
 569              	.LCFI25:
 570              		.cfi_def_cfa_offset 4
 571 0184 BD46     		mov	sp, r7
 572              	.LCFI26:
 573              		.cfi_def_cfa_register 13
 574              		@ sp needed
 575 0186 5DF8047B 		ldr	r7, [sp], #4
 576              	.LCFI27:
 577              		.cfi_restore 7
 578              		.cfi_def_cfa_offset 0
 579 018a 7047     		bx	lr
 580              	.L28:
 581              		.align	2
 582              	.L27:
 583 018c 00000000 		.word	SystemCoreClock
 584 0190 83DE1B43 		.word	1125899907
 585 0194 00230140 		.word	1073816320
 586 0198 00200140 		.word	1073815552
 587 019c 00210140 		.word	1073815808
 588 01a0 00220140 		.word	1073816064
 589              		.cfi_endproc
 590              	.LFE243:
 592              		.section	.text.HAL_ADC_Stop,"ax",%progbits
 593              		.align	1
 594              		.global	HAL_ADC_Stop
 595              		.syntax unified
 596              		.thumb
 597              		.thumb_func
 599              	HAL_ADC_Stop:
 600              	.LFB244:
 828:Drivers/STM32F4xx_HAL_Driver/Src/stm32f4xx_hal_adc.c **** 
 829:Drivers/STM32F4xx_HAL_Driver/Src/stm32f4xx_hal_adc.c **** /**
 830:Drivers/STM32F4xx_HAL_Driver/Src/stm32f4xx_hal_adc.c ****   * @brief  Disables ADC and stop conversion of regular channels.
 831:Drivers/STM32F4xx_HAL_Driver/Src/stm32f4xx_hal_adc.c ****   *
 832:Drivers/STM32F4xx_HAL_Driver/Src/stm32f4xx_hal_adc.c ****   * @note   Caution: This function will stop also injected channels.
 833:Drivers/STM32F4xx_HAL_Driver/Src/stm32f4xx_hal_adc.c ****   *
 834:Drivers/STM32F4xx_HAL_Driver/Src/stm32f4xx_hal_adc.c ****   * @param  hadc pointer to a ADC_HandleTypeDef structure that contains
 835:Drivers/STM32F4xx_HAL_Driver/Src/stm32f4xx_hal_adc.c ****   *         the configuration information for the specified ADC.
ARM GAS  /tmp/ccpBr0sa.s 			page 26


 836:Drivers/STM32F4xx_HAL_Driver/Src/stm32f4xx_hal_adc.c ****   *
 837:Drivers/STM32F4xx_HAL_Driver/Src/stm32f4xx_hal_adc.c ****   * @retval HAL status.
 838:Drivers/STM32F4xx_HAL_Driver/Src/stm32f4xx_hal_adc.c ****   */
 839:Drivers/STM32F4xx_HAL_Driver/Src/stm32f4xx_hal_adc.c **** HAL_StatusTypeDef HAL_ADC_Stop(ADC_HandleTypeDef *hadc)
 840:Drivers/STM32F4xx_HAL_Driver/Src/stm32f4xx_hal_adc.c **** {
 601              		.loc 1 840 1
 602              		.cfi_startproc
 603              		@ args = 0, pretend = 0, frame = 8
 604              		@ frame_needed = 1, uses_anonymous_args = 0
 605              		@ link register save eliminated.
 606 0000 80B4     		push	{r7}
 607              	.LCFI28:
 608              		.cfi_def_cfa_offset 4
 609              		.cfi_offset 7, -4
 610 0002 83B0     		sub	sp, sp, #12
 611              	.LCFI29:
 612              		.cfi_def_cfa_offset 16
 613 0004 00AF     		add	r7, sp, #0
 614              	.LCFI30:
 615              		.cfi_def_cfa_register 7
 616 0006 7860     		str	r0, [r7, #4]
 841:Drivers/STM32F4xx_HAL_Driver/Src/stm32f4xx_hal_adc.c ****   /* Check the parameters */
 842:Drivers/STM32F4xx_HAL_Driver/Src/stm32f4xx_hal_adc.c ****   assert_param(IS_ADC_ALL_INSTANCE(hadc->Instance));
 843:Drivers/STM32F4xx_HAL_Driver/Src/stm32f4xx_hal_adc.c **** 
 844:Drivers/STM32F4xx_HAL_Driver/Src/stm32f4xx_hal_adc.c ****   /* Process locked */
 845:Drivers/STM32F4xx_HAL_Driver/Src/stm32f4xx_hal_adc.c ****   __HAL_LOCK(hadc);
 617              		.loc 1 845 3
 618 0008 7B68     		ldr	r3, [r7, #4]
 619 000a 93F83C30 		ldrb	r3, [r3, #60]	@ zero_extendqisi2
 620 000e 012B     		cmp	r3, #1
 621 0010 01D1     		bne	.L30
 622              		.loc 1 845 3 is_stmt 0 discriminator 1
 623 0012 0223     		movs	r3, #2
 624 0014 21E0     		b	.L31
 625              	.L30:
 626              		.loc 1 845 3 discriminator 2
 627 0016 7B68     		ldr	r3, [r7, #4]
 628 0018 0122     		movs	r2, #1
 629 001a 83F83C20 		strb	r2, [r3, #60]
 846:Drivers/STM32F4xx_HAL_Driver/Src/stm32f4xx_hal_adc.c **** 
 847:Drivers/STM32F4xx_HAL_Driver/Src/stm32f4xx_hal_adc.c ****   /* Stop potential conversion on going, on regular and injected groups */
 848:Drivers/STM32F4xx_HAL_Driver/Src/stm32f4xx_hal_adc.c ****   /* Disable ADC peripheral */
 849:Drivers/STM32F4xx_HAL_Driver/Src/stm32f4xx_hal_adc.c ****   __HAL_ADC_DISABLE(hadc);
 630              		.loc 1 849 3 is_stmt 1 discriminator 2
 631 001e 7B68     		ldr	r3, [r7, #4]
 632 0020 1B68     		ldr	r3, [r3]
 633 0022 9A68     		ldr	r2, [r3, #8]
 634 0024 7B68     		ldr	r3, [r7, #4]
 635 0026 1B68     		ldr	r3, [r3]
 636 0028 22F00102 		bic	r2, r2, #1
 637 002c 9A60     		str	r2, [r3, #8]
 850:Drivers/STM32F4xx_HAL_Driver/Src/stm32f4xx_hal_adc.c **** 
 851:Drivers/STM32F4xx_HAL_Driver/Src/stm32f4xx_hal_adc.c ****   /* Check if ADC is effectively disabled */
 852:Drivers/STM32F4xx_HAL_Driver/Src/stm32f4xx_hal_adc.c ****   if (HAL_IS_BIT_CLR(hadc->Instance->CR2, ADC_CR2_ADON))
 638              		.loc 1 852 7 discriminator 2
 639 002e 7B68     		ldr	r3, [r7, #4]
 640 0030 1B68     		ldr	r3, [r3]
ARM GAS  /tmp/ccpBr0sa.s 			page 27


 641 0032 9B68     		ldr	r3, [r3, #8]
 642 0034 03F00103 		and	r3, r3, #1
 643              		.loc 1 852 6 discriminator 2
 644 0038 002B     		cmp	r3, #0
 645 003a 09D1     		bne	.L32
 853:Drivers/STM32F4xx_HAL_Driver/Src/stm32f4xx_hal_adc.c ****   {
 854:Drivers/STM32F4xx_HAL_Driver/Src/stm32f4xx_hal_adc.c ****     /* Set ADC state */
 855:Drivers/STM32F4xx_HAL_Driver/Src/stm32f4xx_hal_adc.c ****     ADC_STATE_CLR_SET(hadc->State,
 646              		.loc 1 855 5
 647 003c 7B68     		ldr	r3, [r7, #4]
 648 003e 1B6C     		ldr	r3, [r3, #64]
 649 0040 23F48853 		bic	r3, r3, #4352
 650 0044 23F00103 		bic	r3, r3, #1
 651 0048 43F00102 		orr	r2, r3, #1
 652 004c 7B68     		ldr	r3, [r7, #4]
 653 004e 1A64     		str	r2, [r3, #64]
 654              	.L32:
 856:Drivers/STM32F4xx_HAL_Driver/Src/stm32f4xx_hal_adc.c ****                       HAL_ADC_STATE_REG_BUSY | HAL_ADC_STATE_INJ_BUSY,
 857:Drivers/STM32F4xx_HAL_Driver/Src/stm32f4xx_hal_adc.c ****                       HAL_ADC_STATE_READY);
 858:Drivers/STM32F4xx_HAL_Driver/Src/stm32f4xx_hal_adc.c ****   }
 859:Drivers/STM32F4xx_HAL_Driver/Src/stm32f4xx_hal_adc.c **** 
 860:Drivers/STM32F4xx_HAL_Driver/Src/stm32f4xx_hal_adc.c ****   /* Process unlocked */
 861:Drivers/STM32F4xx_HAL_Driver/Src/stm32f4xx_hal_adc.c ****   __HAL_UNLOCK(hadc);
 655              		.loc 1 861 3
 656 0050 7B68     		ldr	r3, [r7, #4]
 657 0052 0022     		movs	r2, #0
 658 0054 83F83C20 		strb	r2, [r3, #60]
 862:Drivers/STM32F4xx_HAL_Driver/Src/stm32f4xx_hal_adc.c **** 
 863:Drivers/STM32F4xx_HAL_Driver/Src/stm32f4xx_hal_adc.c ****   /* Return function status */
 864:Drivers/STM32F4xx_HAL_Driver/Src/stm32f4xx_hal_adc.c ****   return HAL_OK;
 659              		.loc 1 864 10
 660 0058 0023     		movs	r3, #0
 661              	.L31:
 865:Drivers/STM32F4xx_HAL_Driver/Src/stm32f4xx_hal_adc.c **** }
 662              		.loc 1 865 1
 663 005a 1846     		mov	r0, r3
 664 005c 0C37     		adds	r7, r7, #12
 665              	.LCFI31:
 666              		.cfi_def_cfa_offset 4
 667 005e BD46     		mov	sp, r7
 668              	.LCFI32:
 669              		.cfi_def_cfa_register 13
 670              		@ sp needed
 671 0060 5DF8047B 		ldr	r7, [sp], #4
 672              	.LCFI33:
 673              		.cfi_restore 7
 674              		.cfi_def_cfa_offset 0
 675 0064 7047     		bx	lr
 676              		.cfi_endproc
 677              	.LFE244:
 679              		.section	.text.HAL_ADC_PollForConversion,"ax",%progbits
 680              		.align	1
 681              		.global	HAL_ADC_PollForConversion
 682              		.syntax unified
 683              		.thumb
 684              		.thumb_func
 686              	HAL_ADC_PollForConversion:
ARM GAS  /tmp/ccpBr0sa.s 			page 28


 687              	.LFB245:
 866:Drivers/STM32F4xx_HAL_Driver/Src/stm32f4xx_hal_adc.c **** 
 867:Drivers/STM32F4xx_HAL_Driver/Src/stm32f4xx_hal_adc.c **** /**
 868:Drivers/STM32F4xx_HAL_Driver/Src/stm32f4xx_hal_adc.c ****   * @brief  Poll for regular conversion complete
 869:Drivers/STM32F4xx_HAL_Driver/Src/stm32f4xx_hal_adc.c ****   * @note   ADC conversion flags EOS (end of sequence) and EOC (end of
 870:Drivers/STM32F4xx_HAL_Driver/Src/stm32f4xx_hal_adc.c ****   *         conversion) are cleared by this function.
 871:Drivers/STM32F4xx_HAL_Driver/Src/stm32f4xx_hal_adc.c ****   * @note   This function cannot be used in a particular setup: ADC configured
 872:Drivers/STM32F4xx_HAL_Driver/Src/stm32f4xx_hal_adc.c ****   *         in DMA mode and polling for end of each conversion (ADC init
 873:Drivers/STM32F4xx_HAL_Driver/Src/stm32f4xx_hal_adc.c ****   *         parameter "EOCSelection" set to ADC_EOC_SINGLE_CONV).
 874:Drivers/STM32F4xx_HAL_Driver/Src/stm32f4xx_hal_adc.c ****   *         In this case, DMA resets the flag EOC and polling cannot be
 875:Drivers/STM32F4xx_HAL_Driver/Src/stm32f4xx_hal_adc.c ****   *         performed on each conversion. Nevertheless, polling can still
 876:Drivers/STM32F4xx_HAL_Driver/Src/stm32f4xx_hal_adc.c ****   *         be performed on the complete sequence.
 877:Drivers/STM32F4xx_HAL_Driver/Src/stm32f4xx_hal_adc.c ****   * @param  hadc pointer to a ADC_HandleTypeDef structure that contains
 878:Drivers/STM32F4xx_HAL_Driver/Src/stm32f4xx_hal_adc.c ****   *         the configuration information for the specified ADC.
 879:Drivers/STM32F4xx_HAL_Driver/Src/stm32f4xx_hal_adc.c ****   * @param  Timeout Timeout value in millisecond.
 880:Drivers/STM32F4xx_HAL_Driver/Src/stm32f4xx_hal_adc.c ****   * @retval HAL status
 881:Drivers/STM32F4xx_HAL_Driver/Src/stm32f4xx_hal_adc.c ****   */
 882:Drivers/STM32F4xx_HAL_Driver/Src/stm32f4xx_hal_adc.c **** HAL_StatusTypeDef HAL_ADC_PollForConversion(ADC_HandleTypeDef *hadc, uint32_t Timeout)
 883:Drivers/STM32F4xx_HAL_Driver/Src/stm32f4xx_hal_adc.c **** {
 688              		.loc 1 883 1
 689              		.cfi_startproc
 690              		@ args = 0, pretend = 0, frame = 16
 691              		@ frame_needed = 1, uses_anonymous_args = 0
 692 0000 80B5     		push	{r7, lr}
 693              	.LCFI34:
 694              		.cfi_def_cfa_offset 8
 695              		.cfi_offset 7, -8
 696              		.cfi_offset 14, -4
 697 0002 84B0     		sub	sp, sp, #16
 698              	.LCFI35:
 699              		.cfi_def_cfa_offset 24
 700 0004 00AF     		add	r7, sp, #0
 701              	.LCFI36:
 702              		.cfi_def_cfa_register 7
 703 0006 7860     		str	r0, [r7, #4]
 704 0008 3960     		str	r1, [r7]
 884:Drivers/STM32F4xx_HAL_Driver/Src/stm32f4xx_hal_adc.c ****   uint32_t tickstart = 0U;
 705              		.loc 1 884 12
 706 000a 0023     		movs	r3, #0
 707 000c FB60     		str	r3, [r7, #12]
 885:Drivers/STM32F4xx_HAL_Driver/Src/stm32f4xx_hal_adc.c **** 
 886:Drivers/STM32F4xx_HAL_Driver/Src/stm32f4xx_hal_adc.c ****   /* Verification that ADC configuration is compliant with polling for      */
 887:Drivers/STM32F4xx_HAL_Driver/Src/stm32f4xx_hal_adc.c ****   /* each conversion:                                                       */
 888:Drivers/STM32F4xx_HAL_Driver/Src/stm32f4xx_hal_adc.c ****   /* Particular case is ADC configured in DMA mode and ADC sequencer with   */
 889:Drivers/STM32F4xx_HAL_Driver/Src/stm32f4xx_hal_adc.c ****   /* several ranks and polling for end of each conversion.                  */
 890:Drivers/STM32F4xx_HAL_Driver/Src/stm32f4xx_hal_adc.c ****   /* For code simplicity sake, this particular case is generalized to       */
 891:Drivers/STM32F4xx_HAL_Driver/Src/stm32f4xx_hal_adc.c ****   /* ADC configured in DMA mode and polling for end of each conversion.     */
 892:Drivers/STM32F4xx_HAL_Driver/Src/stm32f4xx_hal_adc.c ****   if (HAL_IS_BIT_SET(hadc->Instance->CR2, ADC_CR2_EOCS) &&
 708              		.loc 1 892 7
 709 000e 7B68     		ldr	r3, [r7, #4]
 710 0010 1B68     		ldr	r3, [r3]
 711 0012 9B68     		ldr	r3, [r3, #8]
 712 0014 03F48063 		and	r3, r3, #1024
 713              		.loc 1 892 6
 714 0018 B3F5806F 		cmp	r3, #1024
 715 001c 13D1     		bne	.L34
 893:Drivers/STM32F4xx_HAL_Driver/Src/stm32f4xx_hal_adc.c ****       HAL_IS_BIT_SET(hadc->Instance->CR2, ADC_CR2_DMA))
ARM GAS  /tmp/ccpBr0sa.s 			page 29


 716              		.loc 1 893 7 discriminator 1
 717 001e 7B68     		ldr	r3, [r7, #4]
 718 0020 1B68     		ldr	r3, [r3]
 719 0022 9B68     		ldr	r3, [r3, #8]
 720 0024 03F48073 		and	r3, r3, #256
 892:Drivers/STM32F4xx_HAL_Driver/Src/stm32f4xx_hal_adc.c ****       HAL_IS_BIT_SET(hadc->Instance->CR2, ADC_CR2_DMA))
 721              		.loc 1 892 57 discriminator 1
 722 0028 B3F5807F 		cmp	r3, #256
 723 002c 0BD1     		bne	.L34
 894:Drivers/STM32F4xx_HAL_Driver/Src/stm32f4xx_hal_adc.c ****   {
 895:Drivers/STM32F4xx_HAL_Driver/Src/stm32f4xx_hal_adc.c ****     /* Update ADC state machine to error */
 896:Drivers/STM32F4xx_HAL_Driver/Src/stm32f4xx_hal_adc.c ****     SET_BIT(hadc->State, HAL_ADC_STATE_ERROR_CONFIG);
 724              		.loc 1 896 5
 725 002e 7B68     		ldr	r3, [r7, #4]
 726 0030 1B6C     		ldr	r3, [r3, #64]
 727 0032 43F02002 		orr	r2, r3, #32
 728 0036 7B68     		ldr	r3, [r7, #4]
 729 0038 1A64     		str	r2, [r3, #64]
 897:Drivers/STM32F4xx_HAL_Driver/Src/stm32f4xx_hal_adc.c **** 
 898:Drivers/STM32F4xx_HAL_Driver/Src/stm32f4xx_hal_adc.c ****     /* Process unlocked */
 899:Drivers/STM32F4xx_HAL_Driver/Src/stm32f4xx_hal_adc.c ****     __HAL_UNLOCK(hadc);
 730              		.loc 1 899 5
 731 003a 7B68     		ldr	r3, [r7, #4]
 732 003c 0022     		movs	r2, #0
 733 003e 83F83C20 		strb	r2, [r3, #60]
 900:Drivers/STM32F4xx_HAL_Driver/Src/stm32f4xx_hal_adc.c **** 
 901:Drivers/STM32F4xx_HAL_Driver/Src/stm32f4xx_hal_adc.c ****     return HAL_ERROR;
 734              		.loc 1 901 12
 735 0042 0123     		movs	r3, #1
 736 0044 63E0     		b	.L35
 737              	.L34:
 902:Drivers/STM32F4xx_HAL_Driver/Src/stm32f4xx_hal_adc.c ****   }
 903:Drivers/STM32F4xx_HAL_Driver/Src/stm32f4xx_hal_adc.c **** 
 904:Drivers/STM32F4xx_HAL_Driver/Src/stm32f4xx_hal_adc.c ****   /* Get tick */
 905:Drivers/STM32F4xx_HAL_Driver/Src/stm32f4xx_hal_adc.c ****   tickstart = HAL_GetTick();
 738              		.loc 1 905 15
 739 0046 FFF7FEFF 		bl	HAL_GetTick
 740 004a F860     		str	r0, [r7, #12]
 906:Drivers/STM32F4xx_HAL_Driver/Src/stm32f4xx_hal_adc.c **** 
 907:Drivers/STM32F4xx_HAL_Driver/Src/stm32f4xx_hal_adc.c ****   /* Check End of conversion flag */
 908:Drivers/STM32F4xx_HAL_Driver/Src/stm32f4xx_hal_adc.c ****   while (!(__HAL_ADC_GET_FLAG(hadc, ADC_FLAG_EOC)))
 741              		.loc 1 908 9
 742 004c 21E0     		b	.L37
 743              	.L40:
 909:Drivers/STM32F4xx_HAL_Driver/Src/stm32f4xx_hal_adc.c ****   {
 910:Drivers/STM32F4xx_HAL_Driver/Src/stm32f4xx_hal_adc.c ****     /* Check if timeout is disabled (set to infinite wait) */
 911:Drivers/STM32F4xx_HAL_Driver/Src/stm32f4xx_hal_adc.c ****     if (Timeout != HAL_MAX_DELAY)
 744              		.loc 1 911 8
 745 004e 3B68     		ldr	r3, [r7]
 746 0050 B3F1FF3F 		cmp	r3, #-1
 747 0054 1DD0     		beq	.L37
 912:Drivers/STM32F4xx_HAL_Driver/Src/stm32f4xx_hal_adc.c ****     {
 913:Drivers/STM32F4xx_HAL_Driver/Src/stm32f4xx_hal_adc.c ****       if ((Timeout == 0U) || ((HAL_GetTick() - tickstart) > Timeout))
 748              		.loc 1 913 10
 749 0056 3B68     		ldr	r3, [r7]
 750 0058 002B     		cmp	r3, #0
 751 005a 07D0     		beq	.L38
ARM GAS  /tmp/ccpBr0sa.s 			page 30


 752              		.loc 1 913 32 discriminator 1
 753 005c FFF7FEFF 		bl	HAL_GetTick
 754 0060 0246     		mov	r2, r0
 755              		.loc 1 913 46 discriminator 1
 756 0062 FB68     		ldr	r3, [r7, #12]
 757 0064 D31A     		subs	r3, r2, r3
 758              		.loc 1 913 27 discriminator 1
 759 0066 3A68     		ldr	r2, [r7]
 760 0068 9A42     		cmp	r2, r3
 761 006a 12D2     		bcs	.L37
 762              	.L38:
 914:Drivers/STM32F4xx_HAL_Driver/Src/stm32f4xx_hal_adc.c ****       {
 915:Drivers/STM32F4xx_HAL_Driver/Src/stm32f4xx_hal_adc.c ****         /* New check to avoid false timeout detection in case of preemption */
 916:Drivers/STM32F4xx_HAL_Driver/Src/stm32f4xx_hal_adc.c ****         if (!(__HAL_ADC_GET_FLAG(hadc, ADC_FLAG_EOC)))
 763              		.loc 1 916 15
 764 006c 7B68     		ldr	r3, [r7, #4]
 765 006e 1B68     		ldr	r3, [r3]
 766 0070 1B68     		ldr	r3, [r3]
 767 0072 03F00203 		and	r3, r3, #2
 768              		.loc 1 916 12
 769 0076 022B     		cmp	r3, #2
 770 0078 0BD0     		beq	.L37
 917:Drivers/STM32F4xx_HAL_Driver/Src/stm32f4xx_hal_adc.c ****         {
 918:Drivers/STM32F4xx_HAL_Driver/Src/stm32f4xx_hal_adc.c ****           /* Update ADC state machine to timeout */
 919:Drivers/STM32F4xx_HAL_Driver/Src/stm32f4xx_hal_adc.c ****           SET_BIT(hadc->State, HAL_ADC_STATE_TIMEOUT);
 771              		.loc 1 919 11
 772 007a 7B68     		ldr	r3, [r7, #4]
 773 007c 1B6C     		ldr	r3, [r3, #64]
 774 007e 43F00402 		orr	r2, r3, #4
 775 0082 7B68     		ldr	r3, [r7, #4]
 776 0084 1A64     		str	r2, [r3, #64]
 920:Drivers/STM32F4xx_HAL_Driver/Src/stm32f4xx_hal_adc.c **** 
 921:Drivers/STM32F4xx_HAL_Driver/Src/stm32f4xx_hal_adc.c ****           /* Process unlocked */
 922:Drivers/STM32F4xx_HAL_Driver/Src/stm32f4xx_hal_adc.c ****           __HAL_UNLOCK(hadc);
 777              		.loc 1 922 11
 778 0086 7B68     		ldr	r3, [r7, #4]
 779 0088 0022     		movs	r2, #0
 780 008a 83F83C20 		strb	r2, [r3, #60]
 923:Drivers/STM32F4xx_HAL_Driver/Src/stm32f4xx_hal_adc.c **** 
 924:Drivers/STM32F4xx_HAL_Driver/Src/stm32f4xx_hal_adc.c ****           return HAL_TIMEOUT;
 781              		.loc 1 924 18
 782 008e 0323     		movs	r3, #3
 783 0090 3DE0     		b	.L35
 784              	.L37:
 908:Drivers/STM32F4xx_HAL_Driver/Src/stm32f4xx_hal_adc.c ****   {
 785              		.loc 1 908 12
 786 0092 7B68     		ldr	r3, [r7, #4]
 787 0094 1B68     		ldr	r3, [r3]
 788 0096 1B68     		ldr	r3, [r3]
 789 0098 03F00203 		and	r3, r3, #2
 908:Drivers/STM32F4xx_HAL_Driver/Src/stm32f4xx_hal_adc.c ****   {
 790              		.loc 1 908 10
 791 009c 022B     		cmp	r3, #2
 792 009e D6D1     		bne	.L40
 925:Drivers/STM32F4xx_HAL_Driver/Src/stm32f4xx_hal_adc.c ****         }
 926:Drivers/STM32F4xx_HAL_Driver/Src/stm32f4xx_hal_adc.c ****       }
 927:Drivers/STM32F4xx_HAL_Driver/Src/stm32f4xx_hal_adc.c ****     }
ARM GAS  /tmp/ccpBr0sa.s 			page 31


 928:Drivers/STM32F4xx_HAL_Driver/Src/stm32f4xx_hal_adc.c ****   }
 929:Drivers/STM32F4xx_HAL_Driver/Src/stm32f4xx_hal_adc.c **** 
 930:Drivers/STM32F4xx_HAL_Driver/Src/stm32f4xx_hal_adc.c ****   /* Clear regular group conversion flag */
 931:Drivers/STM32F4xx_HAL_Driver/Src/stm32f4xx_hal_adc.c ****   __HAL_ADC_CLEAR_FLAG(hadc, ADC_FLAG_STRT | ADC_FLAG_EOC);
 793              		.loc 1 931 3
 794 00a0 7B68     		ldr	r3, [r7, #4]
 795 00a2 1B68     		ldr	r3, [r3]
 796 00a4 6FF01202 		mvn	r2, #18
 797 00a8 1A60     		str	r2, [r3]
 932:Drivers/STM32F4xx_HAL_Driver/Src/stm32f4xx_hal_adc.c **** 
 933:Drivers/STM32F4xx_HAL_Driver/Src/stm32f4xx_hal_adc.c ****   /* Update ADC state machine */
 934:Drivers/STM32F4xx_HAL_Driver/Src/stm32f4xx_hal_adc.c ****   SET_BIT(hadc->State, HAL_ADC_STATE_REG_EOC);
 798              		.loc 1 934 3
 799 00aa 7B68     		ldr	r3, [r7, #4]
 800 00ac 1B6C     		ldr	r3, [r3, #64]
 801 00ae 43F40072 		orr	r2, r3, #512
 802 00b2 7B68     		ldr	r3, [r7, #4]
 803 00b4 1A64     		str	r2, [r3, #64]
 935:Drivers/STM32F4xx_HAL_Driver/Src/stm32f4xx_hal_adc.c **** 
 936:Drivers/STM32F4xx_HAL_Driver/Src/stm32f4xx_hal_adc.c ****   /* Determine whether any further conversion upcoming on group regular       */
 937:Drivers/STM32F4xx_HAL_Driver/Src/stm32f4xx_hal_adc.c ****   /* by external trigger, continuous mode or scan sequence on going.          */
 938:Drivers/STM32F4xx_HAL_Driver/Src/stm32f4xx_hal_adc.c ****   /* Note: On STM32F4, there is no independent flag of end of sequence.       */
 939:Drivers/STM32F4xx_HAL_Driver/Src/stm32f4xx_hal_adc.c ****   /*       The test of scan sequence on going is done either with scan        */
 940:Drivers/STM32F4xx_HAL_Driver/Src/stm32f4xx_hal_adc.c ****   /*       sequence disabled or with end of conversion flag set to            */
 941:Drivers/STM32F4xx_HAL_Driver/Src/stm32f4xx_hal_adc.c ****   /*       of end of sequence.                                                */
 942:Drivers/STM32F4xx_HAL_Driver/Src/stm32f4xx_hal_adc.c ****   if (ADC_IS_SOFTWARE_START_REGULAR(hadc)                   &&
 804              		.loc 1 942 7
 805 00b6 7B68     		ldr	r3, [r7, #4]
 806 00b8 1B68     		ldr	r3, [r3]
 807 00ba 9B68     		ldr	r3, [r3, #8]
 808 00bc 03F04053 		and	r3, r3, #805306368
 809              		.loc 1 942 6
 810 00c0 002B     		cmp	r3, #0
 811 00c2 23D1     		bne	.L41
 943:Drivers/STM32F4xx_HAL_Driver/Src/stm32f4xx_hal_adc.c ****       (hadc->Init.ContinuousConvMode == DISABLE)            &&
 812              		.loc 1 943 18 discriminator 1
 813 00c4 7B68     		ldr	r3, [r7, #4]
 814 00c6 1B7E     		ldrb	r3, [r3, #24]	@ zero_extendqisi2
 942:Drivers/STM32F4xx_HAL_Driver/Src/stm32f4xx_hal_adc.c ****       (hadc->Init.ContinuousConvMode == DISABLE)            &&
 815              		.loc 1 942 61 discriminator 1
 816 00c8 002B     		cmp	r3, #0
 817 00ca 1FD1     		bne	.L41
 944:Drivers/STM32F4xx_HAL_Driver/Src/stm32f4xx_hal_adc.c ****       (HAL_IS_BIT_CLR(hadc->Instance->SQR1, ADC_SQR1_L) ||
 818              		.loc 1 944 8
 819 00cc 7B68     		ldr	r3, [r7, #4]
 820 00ce 1B68     		ldr	r3, [r3]
 821 00d0 DB6A     		ldr	r3, [r3, #44]
 822 00d2 03F47003 		and	r3, r3, #15728640
 943:Drivers/STM32F4xx_HAL_Driver/Src/stm32f4xx_hal_adc.c ****       (hadc->Init.ContinuousConvMode == DISABLE)            &&
 823              		.loc 1 943 61
 824 00d6 002B     		cmp	r3, #0
 825 00d8 06D0     		beq	.L42
 945:Drivers/STM32F4xx_HAL_Driver/Src/stm32f4xx_hal_adc.c ****        HAL_IS_BIT_CLR(hadc->Instance->CR2, ADC_CR2_EOCS)))
 826              		.loc 1 945 8
 827 00da 7B68     		ldr	r3, [r7, #4]
 828 00dc 1B68     		ldr	r3, [r3]
 829 00de 9B68     		ldr	r3, [r3, #8]
ARM GAS  /tmp/ccpBr0sa.s 			page 32


 830 00e0 03F48063 		and	r3, r3, #1024
 944:Drivers/STM32F4xx_HAL_Driver/Src/stm32f4xx_hal_adc.c ****       (HAL_IS_BIT_CLR(hadc->Instance->SQR1, ADC_SQR1_L) ||
 831              		.loc 1 944 57
 832 00e4 002B     		cmp	r3, #0
 833 00e6 11D1     		bne	.L41
 834              	.L42:
 946:Drivers/STM32F4xx_HAL_Driver/Src/stm32f4xx_hal_adc.c ****   {
 947:Drivers/STM32F4xx_HAL_Driver/Src/stm32f4xx_hal_adc.c ****     /* Set ADC state */
 948:Drivers/STM32F4xx_HAL_Driver/Src/stm32f4xx_hal_adc.c ****     CLEAR_BIT(hadc->State, HAL_ADC_STATE_REG_BUSY);
 835              		.loc 1 948 5
 836 00e8 7B68     		ldr	r3, [r7, #4]
 837 00ea 1B6C     		ldr	r3, [r3, #64]
 838 00ec 23F48072 		bic	r2, r3, #256
 839 00f0 7B68     		ldr	r3, [r7, #4]
 840 00f2 1A64     		str	r2, [r3, #64]
 949:Drivers/STM32F4xx_HAL_Driver/Src/stm32f4xx_hal_adc.c **** 
 950:Drivers/STM32F4xx_HAL_Driver/Src/stm32f4xx_hal_adc.c ****     if (HAL_IS_BIT_CLR(hadc->State, HAL_ADC_STATE_INJ_BUSY))
 841              		.loc 1 950 9
 842 00f4 7B68     		ldr	r3, [r7, #4]
 843 00f6 1B6C     		ldr	r3, [r3, #64]
 844 00f8 03F48053 		and	r3, r3, #4096
 845              		.loc 1 950 8
 846 00fc 002B     		cmp	r3, #0
 847 00fe 05D1     		bne	.L41
 951:Drivers/STM32F4xx_HAL_Driver/Src/stm32f4xx_hal_adc.c ****     {
 952:Drivers/STM32F4xx_HAL_Driver/Src/stm32f4xx_hal_adc.c ****       SET_BIT(hadc->State, HAL_ADC_STATE_READY);
 848              		.loc 1 952 7
 849 0100 7B68     		ldr	r3, [r7, #4]
 850 0102 1B6C     		ldr	r3, [r3, #64]
 851 0104 43F00102 		orr	r2, r3, #1
 852 0108 7B68     		ldr	r3, [r7, #4]
 853 010a 1A64     		str	r2, [r3, #64]
 854              	.L41:
 953:Drivers/STM32F4xx_HAL_Driver/Src/stm32f4xx_hal_adc.c ****     }
 954:Drivers/STM32F4xx_HAL_Driver/Src/stm32f4xx_hal_adc.c ****   }
 955:Drivers/STM32F4xx_HAL_Driver/Src/stm32f4xx_hal_adc.c **** 
 956:Drivers/STM32F4xx_HAL_Driver/Src/stm32f4xx_hal_adc.c ****   /* Return ADC state */
 957:Drivers/STM32F4xx_HAL_Driver/Src/stm32f4xx_hal_adc.c ****   return HAL_OK;
 855              		.loc 1 957 10
 856 010c 0023     		movs	r3, #0
 857              	.L35:
 958:Drivers/STM32F4xx_HAL_Driver/Src/stm32f4xx_hal_adc.c **** }
 858              		.loc 1 958 1
 859 010e 1846     		mov	r0, r3
 860 0110 1037     		adds	r7, r7, #16
 861              	.LCFI37:
 862              		.cfi_def_cfa_offset 8
 863 0112 BD46     		mov	sp, r7
 864              	.LCFI38:
 865              		.cfi_def_cfa_register 13
 866              		@ sp needed
 867 0114 80BD     		pop	{r7, pc}
 868              		.cfi_endproc
 869              	.LFE245:
 871              		.section	.text.HAL_ADC_PollForEvent,"ax",%progbits
 872              		.align	1
 873              		.global	HAL_ADC_PollForEvent
ARM GAS  /tmp/ccpBr0sa.s 			page 33


 874              		.syntax unified
 875              		.thumb
 876              		.thumb_func
 878              	HAL_ADC_PollForEvent:
 879              	.LFB246:
 959:Drivers/STM32F4xx_HAL_Driver/Src/stm32f4xx_hal_adc.c **** 
 960:Drivers/STM32F4xx_HAL_Driver/Src/stm32f4xx_hal_adc.c **** /**
 961:Drivers/STM32F4xx_HAL_Driver/Src/stm32f4xx_hal_adc.c ****   * @brief  Poll for conversion event
 962:Drivers/STM32F4xx_HAL_Driver/Src/stm32f4xx_hal_adc.c ****   * @param  hadc pointer to a ADC_HandleTypeDef structure that contains
 963:Drivers/STM32F4xx_HAL_Driver/Src/stm32f4xx_hal_adc.c ****   *         the configuration information for the specified ADC.
 964:Drivers/STM32F4xx_HAL_Driver/Src/stm32f4xx_hal_adc.c ****   * @param  EventType the ADC event type.
 965:Drivers/STM32F4xx_HAL_Driver/Src/stm32f4xx_hal_adc.c ****   *          This parameter can be one of the following values:
 966:Drivers/STM32F4xx_HAL_Driver/Src/stm32f4xx_hal_adc.c ****   *            @arg ADC_AWD_EVENT: ADC Analog watch Dog event.
 967:Drivers/STM32F4xx_HAL_Driver/Src/stm32f4xx_hal_adc.c ****   *            @arg ADC_OVR_EVENT: ADC Overrun event.
 968:Drivers/STM32F4xx_HAL_Driver/Src/stm32f4xx_hal_adc.c ****   * @param  Timeout Timeout value in millisecond.
 969:Drivers/STM32F4xx_HAL_Driver/Src/stm32f4xx_hal_adc.c ****   * @retval HAL status
 970:Drivers/STM32F4xx_HAL_Driver/Src/stm32f4xx_hal_adc.c ****   */
 971:Drivers/STM32F4xx_HAL_Driver/Src/stm32f4xx_hal_adc.c **** HAL_StatusTypeDef HAL_ADC_PollForEvent(ADC_HandleTypeDef *hadc, uint32_t EventType, uint32_t Timeou
 972:Drivers/STM32F4xx_HAL_Driver/Src/stm32f4xx_hal_adc.c **** {
 880              		.loc 1 972 1
 881              		.cfi_startproc
 882              		@ args = 0, pretend = 0, frame = 24
 883              		@ frame_needed = 1, uses_anonymous_args = 0
 884 0000 80B5     		push	{r7, lr}
 885              	.LCFI39:
 886              		.cfi_def_cfa_offset 8
 887              		.cfi_offset 7, -8
 888              		.cfi_offset 14, -4
 889 0002 86B0     		sub	sp, sp, #24
 890              	.LCFI40:
 891              		.cfi_def_cfa_offset 32
 892 0004 00AF     		add	r7, sp, #0
 893              	.LCFI41:
 894              		.cfi_def_cfa_register 7
 895 0006 F860     		str	r0, [r7, #12]
 896 0008 B960     		str	r1, [r7, #8]
 897 000a 7A60     		str	r2, [r7, #4]
 973:Drivers/STM32F4xx_HAL_Driver/Src/stm32f4xx_hal_adc.c ****   uint32_t tickstart = 0U;
 898              		.loc 1 973 12
 899 000c 0023     		movs	r3, #0
 900 000e 7B61     		str	r3, [r7, #20]
 974:Drivers/STM32F4xx_HAL_Driver/Src/stm32f4xx_hal_adc.c **** 
 975:Drivers/STM32F4xx_HAL_Driver/Src/stm32f4xx_hal_adc.c ****   /* Check the parameters */
 976:Drivers/STM32F4xx_HAL_Driver/Src/stm32f4xx_hal_adc.c ****   assert_param(IS_ADC_ALL_INSTANCE(hadc->Instance));
 977:Drivers/STM32F4xx_HAL_Driver/Src/stm32f4xx_hal_adc.c ****   assert_param(IS_ADC_EVENT_TYPE(EventType));
 978:Drivers/STM32F4xx_HAL_Driver/Src/stm32f4xx_hal_adc.c **** 
 979:Drivers/STM32F4xx_HAL_Driver/Src/stm32f4xx_hal_adc.c ****   /* Get tick */
 980:Drivers/STM32F4xx_HAL_Driver/Src/stm32f4xx_hal_adc.c ****   tickstart = HAL_GetTick();
 901              		.loc 1 980 15
 902 0010 FFF7FEFF 		bl	HAL_GetTick
 903 0014 7861     		str	r0, [r7, #20]
 981:Drivers/STM32F4xx_HAL_Driver/Src/stm32f4xx_hal_adc.c **** 
 982:Drivers/STM32F4xx_HAL_Driver/Src/stm32f4xx_hal_adc.c ****   /* Check selected event flag */
 983:Drivers/STM32F4xx_HAL_Driver/Src/stm32f4xx_hal_adc.c ****   while (!(__HAL_ADC_GET_FLAG(hadc, EventType)))
 904              		.loc 1 983 9
 905 0016 22E0     		b	.L45
 906              	.L49:
ARM GAS  /tmp/ccpBr0sa.s 			page 34


 984:Drivers/STM32F4xx_HAL_Driver/Src/stm32f4xx_hal_adc.c ****   {
 985:Drivers/STM32F4xx_HAL_Driver/Src/stm32f4xx_hal_adc.c ****     /* Check for the Timeout */
 986:Drivers/STM32F4xx_HAL_Driver/Src/stm32f4xx_hal_adc.c ****     if (Timeout != HAL_MAX_DELAY)
 907              		.loc 1 986 8
 908 0018 7B68     		ldr	r3, [r7, #4]
 909 001a B3F1FF3F 		cmp	r3, #-1
 910 001e 1ED0     		beq	.L45
 987:Drivers/STM32F4xx_HAL_Driver/Src/stm32f4xx_hal_adc.c ****     {
 988:Drivers/STM32F4xx_HAL_Driver/Src/stm32f4xx_hal_adc.c ****       if ((Timeout == 0U) || ((HAL_GetTick() - tickstart) > Timeout))
 911              		.loc 1 988 10
 912 0020 7B68     		ldr	r3, [r7, #4]
 913 0022 002B     		cmp	r3, #0
 914 0024 07D0     		beq	.L46
 915              		.loc 1 988 32 discriminator 1
 916 0026 FFF7FEFF 		bl	HAL_GetTick
 917 002a 0246     		mov	r2, r0
 918              		.loc 1 988 46 discriminator 1
 919 002c 7B69     		ldr	r3, [r7, #20]
 920 002e D31A     		subs	r3, r2, r3
 921              		.loc 1 988 27 discriminator 1
 922 0030 7A68     		ldr	r2, [r7, #4]
 923 0032 9A42     		cmp	r2, r3
 924 0034 13D2     		bcs	.L45
 925              	.L46:
 989:Drivers/STM32F4xx_HAL_Driver/Src/stm32f4xx_hal_adc.c ****       {
 990:Drivers/STM32F4xx_HAL_Driver/Src/stm32f4xx_hal_adc.c ****         /* New check to avoid false timeout detection in case of preemption */
 991:Drivers/STM32F4xx_HAL_Driver/Src/stm32f4xx_hal_adc.c ****         if (!(__HAL_ADC_GET_FLAG(hadc, EventType)))
 926              		.loc 1 991 15
 927 0036 FB68     		ldr	r3, [r7, #12]
 928 0038 1B68     		ldr	r3, [r3]
 929 003a 1A68     		ldr	r2, [r3]
 930 003c BB68     		ldr	r3, [r7, #8]
 931 003e 1340     		ands	r3, r3, r2
 932              		.loc 1 991 12
 933 0040 BA68     		ldr	r2, [r7, #8]
 934 0042 9A42     		cmp	r2, r3
 935 0044 0BD0     		beq	.L45
 992:Drivers/STM32F4xx_HAL_Driver/Src/stm32f4xx_hal_adc.c ****         {
 993:Drivers/STM32F4xx_HAL_Driver/Src/stm32f4xx_hal_adc.c ****           /* Update ADC state machine to timeout */
 994:Drivers/STM32F4xx_HAL_Driver/Src/stm32f4xx_hal_adc.c ****           SET_BIT(hadc->State, HAL_ADC_STATE_TIMEOUT);
 936              		.loc 1 994 11
 937 0046 FB68     		ldr	r3, [r7, #12]
 938 0048 1B6C     		ldr	r3, [r3, #64]
 939 004a 43F00402 		orr	r2, r3, #4
 940 004e FB68     		ldr	r3, [r7, #12]
 941 0050 1A64     		str	r2, [r3, #64]
 995:Drivers/STM32F4xx_HAL_Driver/Src/stm32f4xx_hal_adc.c **** 
 996:Drivers/STM32F4xx_HAL_Driver/Src/stm32f4xx_hal_adc.c ****           /* Process unlocked */
 997:Drivers/STM32F4xx_HAL_Driver/Src/stm32f4xx_hal_adc.c ****           __HAL_UNLOCK(hadc);
 942              		.loc 1 997 11
 943 0052 FB68     		ldr	r3, [r7, #12]
 944 0054 0022     		movs	r2, #0
 945 0056 83F83C20 		strb	r2, [r3, #60]
 998:Drivers/STM32F4xx_HAL_Driver/Src/stm32f4xx_hal_adc.c **** 
 999:Drivers/STM32F4xx_HAL_Driver/Src/stm32f4xx_hal_adc.c ****           return HAL_TIMEOUT;
 946              		.loc 1 999 18
 947 005a 0323     		movs	r3, #3
ARM GAS  /tmp/ccpBr0sa.s 			page 35


 948 005c 28E0     		b	.L48
 949              	.L45:
 983:Drivers/STM32F4xx_HAL_Driver/Src/stm32f4xx_hal_adc.c ****   {
 950              		.loc 1 983 12
 951 005e FB68     		ldr	r3, [r7, #12]
 952 0060 1B68     		ldr	r3, [r3]
 953 0062 1A68     		ldr	r2, [r3]
 954 0064 BB68     		ldr	r3, [r7, #8]
 955 0066 1340     		ands	r3, r3, r2
 983:Drivers/STM32F4xx_HAL_Driver/Src/stm32f4xx_hal_adc.c ****   {
 956              		.loc 1 983 10
 957 0068 BA68     		ldr	r2, [r7, #8]
 958 006a 9A42     		cmp	r2, r3
 959 006c D4D1     		bne	.L49
1000:Drivers/STM32F4xx_HAL_Driver/Src/stm32f4xx_hal_adc.c ****         }
1001:Drivers/STM32F4xx_HAL_Driver/Src/stm32f4xx_hal_adc.c ****       }
1002:Drivers/STM32F4xx_HAL_Driver/Src/stm32f4xx_hal_adc.c ****     }
1003:Drivers/STM32F4xx_HAL_Driver/Src/stm32f4xx_hal_adc.c ****   }
1004:Drivers/STM32F4xx_HAL_Driver/Src/stm32f4xx_hal_adc.c **** 
1005:Drivers/STM32F4xx_HAL_Driver/Src/stm32f4xx_hal_adc.c ****   /* Analog watchdog (level out of window) event */
1006:Drivers/STM32F4xx_HAL_Driver/Src/stm32f4xx_hal_adc.c ****   if (EventType == ADC_AWD_EVENT)
 960              		.loc 1 1006 6
 961 006e BB68     		ldr	r3, [r7, #8]
 962 0070 012B     		cmp	r3, #1
 963 0072 0BD1     		bne	.L50
1007:Drivers/STM32F4xx_HAL_Driver/Src/stm32f4xx_hal_adc.c ****   {
1008:Drivers/STM32F4xx_HAL_Driver/Src/stm32f4xx_hal_adc.c ****     /* Set ADC state */
1009:Drivers/STM32F4xx_HAL_Driver/Src/stm32f4xx_hal_adc.c ****     SET_BIT(hadc->State, HAL_ADC_STATE_AWD1);
 964              		.loc 1 1009 5
 965 0074 FB68     		ldr	r3, [r7, #12]
 966 0076 1B6C     		ldr	r3, [r3, #64]
 967 0078 43F48032 		orr	r2, r3, #65536
 968 007c FB68     		ldr	r3, [r7, #12]
 969 007e 1A64     		str	r2, [r3, #64]
1010:Drivers/STM32F4xx_HAL_Driver/Src/stm32f4xx_hal_adc.c **** 
1011:Drivers/STM32F4xx_HAL_Driver/Src/stm32f4xx_hal_adc.c ****     /* Clear ADC analog watchdog flag */
1012:Drivers/STM32F4xx_HAL_Driver/Src/stm32f4xx_hal_adc.c ****     __HAL_ADC_CLEAR_FLAG(hadc, ADC_FLAG_AWD);
 970              		.loc 1 1012 5
 971 0080 FB68     		ldr	r3, [r7, #12]
 972 0082 1B68     		ldr	r3, [r3]
 973 0084 6FF00102 		mvn	r2, #1
 974 0088 1A60     		str	r2, [r3]
 975 008a 10E0     		b	.L51
 976              	.L50:
1013:Drivers/STM32F4xx_HAL_Driver/Src/stm32f4xx_hal_adc.c ****   }
1014:Drivers/STM32F4xx_HAL_Driver/Src/stm32f4xx_hal_adc.c ****   /* Overrun event */
1015:Drivers/STM32F4xx_HAL_Driver/Src/stm32f4xx_hal_adc.c ****   else
1016:Drivers/STM32F4xx_HAL_Driver/Src/stm32f4xx_hal_adc.c ****   {
1017:Drivers/STM32F4xx_HAL_Driver/Src/stm32f4xx_hal_adc.c ****     /* Set ADC state */
1018:Drivers/STM32F4xx_HAL_Driver/Src/stm32f4xx_hal_adc.c ****     SET_BIT(hadc->State, HAL_ADC_STATE_REG_OVR);
 977              		.loc 1 1018 5
 978 008c FB68     		ldr	r3, [r7, #12]
 979 008e 1B6C     		ldr	r3, [r3, #64]
 980 0090 43F48062 		orr	r2, r3, #1024
 981 0094 FB68     		ldr	r3, [r7, #12]
 982 0096 1A64     		str	r2, [r3, #64]
1019:Drivers/STM32F4xx_HAL_Driver/Src/stm32f4xx_hal_adc.c ****     /* Set ADC error code to overrun */
ARM GAS  /tmp/ccpBr0sa.s 			page 36


1020:Drivers/STM32F4xx_HAL_Driver/Src/stm32f4xx_hal_adc.c ****     SET_BIT(hadc->ErrorCode, HAL_ADC_ERROR_OVR);
 983              		.loc 1 1020 5
 984 0098 FB68     		ldr	r3, [r7, #12]
 985 009a 5B6C     		ldr	r3, [r3, #68]
 986 009c 43F00202 		orr	r2, r3, #2
 987 00a0 FB68     		ldr	r3, [r7, #12]
 988 00a2 5A64     		str	r2, [r3, #68]
1021:Drivers/STM32F4xx_HAL_Driver/Src/stm32f4xx_hal_adc.c **** 
1022:Drivers/STM32F4xx_HAL_Driver/Src/stm32f4xx_hal_adc.c ****     /* Clear ADC overrun flag */
1023:Drivers/STM32F4xx_HAL_Driver/Src/stm32f4xx_hal_adc.c ****     __HAL_ADC_CLEAR_FLAG(hadc, ADC_FLAG_OVR);
 989              		.loc 1 1023 5
 990 00a4 FB68     		ldr	r3, [r7, #12]
 991 00a6 1B68     		ldr	r3, [r3]
 992 00a8 6FF02002 		mvn	r2, #32
 993 00ac 1A60     		str	r2, [r3]
 994              	.L51:
1024:Drivers/STM32F4xx_HAL_Driver/Src/stm32f4xx_hal_adc.c ****   }
1025:Drivers/STM32F4xx_HAL_Driver/Src/stm32f4xx_hal_adc.c **** 
1026:Drivers/STM32F4xx_HAL_Driver/Src/stm32f4xx_hal_adc.c ****   /* Return ADC state */
1027:Drivers/STM32F4xx_HAL_Driver/Src/stm32f4xx_hal_adc.c ****   return HAL_OK;
 995              		.loc 1 1027 10
 996 00ae 0023     		movs	r3, #0
 997              	.L48:
1028:Drivers/STM32F4xx_HAL_Driver/Src/stm32f4xx_hal_adc.c **** }
 998              		.loc 1 1028 1
 999 00b0 1846     		mov	r0, r3
 1000 00b2 1837     		adds	r7, r7, #24
 1001              	.LCFI42:
 1002              		.cfi_def_cfa_offset 8
 1003 00b4 BD46     		mov	sp, r7
 1004              	.LCFI43:
 1005              		.cfi_def_cfa_register 13
 1006              		@ sp needed
 1007 00b6 80BD     		pop	{r7, pc}
 1008              		.cfi_endproc
 1009              	.LFE246:
 1011              		.section	.text.HAL_ADC_Start_IT,"ax",%progbits
 1012              		.align	1
 1013              		.global	HAL_ADC_Start_IT
 1014              		.syntax unified
 1015              		.thumb
 1016              		.thumb_func
 1018              	HAL_ADC_Start_IT:
 1019              	.LFB247:
1029:Drivers/STM32F4xx_HAL_Driver/Src/stm32f4xx_hal_adc.c **** 
1030:Drivers/STM32F4xx_HAL_Driver/Src/stm32f4xx_hal_adc.c **** 
1031:Drivers/STM32F4xx_HAL_Driver/Src/stm32f4xx_hal_adc.c **** /**
1032:Drivers/STM32F4xx_HAL_Driver/Src/stm32f4xx_hal_adc.c ****   * @brief  Enables the interrupt and starts ADC conversion of regular channels.
1033:Drivers/STM32F4xx_HAL_Driver/Src/stm32f4xx_hal_adc.c ****   * @param  hadc pointer to a ADC_HandleTypeDef structure that contains
1034:Drivers/STM32F4xx_HAL_Driver/Src/stm32f4xx_hal_adc.c ****   *         the configuration information for the specified ADC.
1035:Drivers/STM32F4xx_HAL_Driver/Src/stm32f4xx_hal_adc.c ****   * @retval HAL status.
1036:Drivers/STM32F4xx_HAL_Driver/Src/stm32f4xx_hal_adc.c ****   */
1037:Drivers/STM32F4xx_HAL_Driver/Src/stm32f4xx_hal_adc.c **** HAL_StatusTypeDef HAL_ADC_Start_IT(ADC_HandleTypeDef *hadc)
1038:Drivers/STM32F4xx_HAL_Driver/Src/stm32f4xx_hal_adc.c **** {
 1020              		.loc 1 1038 1
 1021              		.cfi_startproc
 1022              		@ args = 0, pretend = 0, frame = 16
ARM GAS  /tmp/ccpBr0sa.s 			page 37


 1023              		@ frame_needed = 1, uses_anonymous_args = 0
 1024              		@ link register save eliminated.
 1025 0000 80B4     		push	{r7}
 1026              	.LCFI44:
 1027              		.cfi_def_cfa_offset 4
 1028              		.cfi_offset 7, -4
 1029 0002 85B0     		sub	sp, sp, #20
 1030              	.LCFI45:
 1031              		.cfi_def_cfa_offset 24
 1032 0004 00AF     		add	r7, sp, #0
 1033              	.LCFI46:
 1034              		.cfi_def_cfa_register 7
 1035 0006 7860     		str	r0, [r7, #4]
1039:Drivers/STM32F4xx_HAL_Driver/Src/stm32f4xx_hal_adc.c ****   __IO uint32_t counter = 0U;
 1036              		.loc 1 1039 17
 1037 0008 0023     		movs	r3, #0
 1038 000a BB60     		str	r3, [r7, #8]
1040:Drivers/STM32F4xx_HAL_Driver/Src/stm32f4xx_hal_adc.c ****   ADC_Common_TypeDef *tmpADC_Common;
1041:Drivers/STM32F4xx_HAL_Driver/Src/stm32f4xx_hal_adc.c **** 
1042:Drivers/STM32F4xx_HAL_Driver/Src/stm32f4xx_hal_adc.c ****   /* Check the parameters */
1043:Drivers/STM32F4xx_HAL_Driver/Src/stm32f4xx_hal_adc.c ****   assert_param(IS_FUNCTIONAL_STATE(hadc->Init.ContinuousConvMode));
1044:Drivers/STM32F4xx_HAL_Driver/Src/stm32f4xx_hal_adc.c ****   assert_param(IS_ADC_EXT_TRIG_EDGE(hadc->Init.ExternalTrigConvEdge));
1045:Drivers/STM32F4xx_HAL_Driver/Src/stm32f4xx_hal_adc.c **** 
1046:Drivers/STM32F4xx_HAL_Driver/Src/stm32f4xx_hal_adc.c ****   /* Process locked */
1047:Drivers/STM32F4xx_HAL_Driver/Src/stm32f4xx_hal_adc.c ****   __HAL_LOCK(hadc);
 1039              		.loc 1 1047 3
 1040 000c 7B68     		ldr	r3, [r7, #4]
 1041 000e 93F83C30 		ldrb	r3, [r3, #60]	@ zero_extendqisi2
 1042 0012 012B     		cmp	r3, #1
 1043 0014 01D1     		bne	.L53
 1044              		.loc 1 1047 3 is_stmt 0 discriminator 1
 1045 0016 0223     		movs	r3, #2
 1046 0018 BDE0     		b	.L54
 1047              	.L53:
 1048              		.loc 1 1047 3 discriminator 2
 1049 001a 7B68     		ldr	r3, [r7, #4]
 1050 001c 0122     		movs	r2, #1
 1051 001e 83F83C20 		strb	r2, [r3, #60]
1048:Drivers/STM32F4xx_HAL_Driver/Src/stm32f4xx_hal_adc.c **** 
1049:Drivers/STM32F4xx_HAL_Driver/Src/stm32f4xx_hal_adc.c ****   /* Enable the ADC peripheral */
1050:Drivers/STM32F4xx_HAL_Driver/Src/stm32f4xx_hal_adc.c ****   /* Check if ADC peripheral is disabled in order to enable it and wait during
1051:Drivers/STM32F4xx_HAL_Driver/Src/stm32f4xx_hal_adc.c ****   Tstab time the ADC's stabilization */
1052:Drivers/STM32F4xx_HAL_Driver/Src/stm32f4xx_hal_adc.c ****   if ((hadc->Instance->CR2 & ADC_CR2_ADON) != ADC_CR2_ADON)
 1052              		.loc 1 1052 12 is_stmt 1 discriminator 2
 1053 0022 7B68     		ldr	r3, [r7, #4]
 1054 0024 1B68     		ldr	r3, [r3]
 1055              		.loc 1 1052 22 discriminator 2
 1056 0026 9B68     		ldr	r3, [r3, #8]
 1057              		.loc 1 1052 28 discriminator 2
 1058 0028 03F00103 		and	r3, r3, #1
 1059              		.loc 1 1052 6 discriminator 2
 1060 002c 012B     		cmp	r3, #1
 1061 002e 18D0     		beq	.L55
1053:Drivers/STM32F4xx_HAL_Driver/Src/stm32f4xx_hal_adc.c ****   {
1054:Drivers/STM32F4xx_HAL_Driver/Src/stm32f4xx_hal_adc.c ****     /* Enable the Peripheral */
1055:Drivers/STM32F4xx_HAL_Driver/Src/stm32f4xx_hal_adc.c ****     __HAL_ADC_ENABLE(hadc);
 1062              		.loc 1 1055 5
ARM GAS  /tmp/ccpBr0sa.s 			page 38


 1063 0030 7B68     		ldr	r3, [r7, #4]
 1064 0032 1B68     		ldr	r3, [r3]
 1065 0034 9A68     		ldr	r2, [r3, #8]
 1066 0036 7B68     		ldr	r3, [r7, #4]
 1067 0038 1B68     		ldr	r3, [r3]
 1068 003a 42F00102 		orr	r2, r2, #1
 1069 003e 9A60     		str	r2, [r3, #8]
1056:Drivers/STM32F4xx_HAL_Driver/Src/stm32f4xx_hal_adc.c **** 
1057:Drivers/STM32F4xx_HAL_Driver/Src/stm32f4xx_hal_adc.c ****     /* Delay for ADC stabilization time */
1058:Drivers/STM32F4xx_HAL_Driver/Src/stm32f4xx_hal_adc.c ****     /* Compute number of CPU cycles to wait for */
1059:Drivers/STM32F4xx_HAL_Driver/Src/stm32f4xx_hal_adc.c ****     counter = (ADC_STAB_DELAY_US * (SystemCoreClock / 1000000U));
 1070              		.loc 1 1059 53
 1071 0040 584B     		ldr	r3, .L66
 1072 0042 1B68     		ldr	r3, [r3]
 1073 0044 584A     		ldr	r2, .L66+4
 1074 0046 A2FB0323 		umull	r2, r3, r2, r3
 1075 004a 9A0C     		lsrs	r2, r3, #18
 1076              		.loc 1 1059 34
 1077 004c 1346     		mov	r3, r2
 1078 004e 5B00     		lsls	r3, r3, #1
 1079 0050 1344     		add	r3, r3, r2
 1080              		.loc 1 1059 13
 1081 0052 BB60     		str	r3, [r7, #8]
1060:Drivers/STM32F4xx_HAL_Driver/Src/stm32f4xx_hal_adc.c ****     while (counter != 0U)
 1082              		.loc 1 1060 11
 1083 0054 02E0     		b	.L56
 1084              	.L57:
1061:Drivers/STM32F4xx_HAL_Driver/Src/stm32f4xx_hal_adc.c ****     {
1062:Drivers/STM32F4xx_HAL_Driver/Src/stm32f4xx_hal_adc.c ****       counter--;
 1085              		.loc 1 1062 14
 1086 0056 BB68     		ldr	r3, [r7, #8]
 1087 0058 013B     		subs	r3, r3, #1
 1088 005a BB60     		str	r3, [r7, #8]
 1089              	.L56:
1060:Drivers/STM32F4xx_HAL_Driver/Src/stm32f4xx_hal_adc.c ****     while (counter != 0U)
 1090              		.loc 1 1060 20
 1091 005c BB68     		ldr	r3, [r7, #8]
 1092 005e 002B     		cmp	r3, #0
 1093 0060 F9D1     		bne	.L57
 1094              	.L55:
1063:Drivers/STM32F4xx_HAL_Driver/Src/stm32f4xx_hal_adc.c ****     }
1064:Drivers/STM32F4xx_HAL_Driver/Src/stm32f4xx_hal_adc.c ****   }
1065:Drivers/STM32F4xx_HAL_Driver/Src/stm32f4xx_hal_adc.c **** 
1066:Drivers/STM32F4xx_HAL_Driver/Src/stm32f4xx_hal_adc.c ****   /* Start conversion if ADC is effectively enabled */
1067:Drivers/STM32F4xx_HAL_Driver/Src/stm32f4xx_hal_adc.c ****   if (HAL_IS_BIT_SET(hadc->Instance->CR2, ADC_CR2_ADON))
 1095              		.loc 1 1067 7
 1096 0062 7B68     		ldr	r3, [r7, #4]
 1097 0064 1B68     		ldr	r3, [r3]
 1098 0066 9B68     		ldr	r3, [r3, #8]
 1099 0068 03F00103 		and	r3, r3, #1
 1100              		.loc 1 1067 6
 1101 006c 012B     		cmp	r3, #1
 1102 006e 40F08580 		bne	.L58
1068:Drivers/STM32F4xx_HAL_Driver/Src/stm32f4xx_hal_adc.c ****   {
1069:Drivers/STM32F4xx_HAL_Driver/Src/stm32f4xx_hal_adc.c ****     /* Set ADC state                                                          */
1070:Drivers/STM32F4xx_HAL_Driver/Src/stm32f4xx_hal_adc.c ****     /* - Clear state bitfield related to regular group conversion results     */
1071:Drivers/STM32F4xx_HAL_Driver/Src/stm32f4xx_hal_adc.c ****     /* - Set state bitfield related to regular group operation                */
ARM GAS  /tmp/ccpBr0sa.s 			page 39


1072:Drivers/STM32F4xx_HAL_Driver/Src/stm32f4xx_hal_adc.c ****     ADC_STATE_CLR_SET(hadc->State,
 1103              		.loc 1 1072 5
 1104 0072 7B68     		ldr	r3, [r7, #4]
 1105 0074 1B6C     		ldr	r3, [r3, #64]
 1106 0076 23F4E063 		bic	r3, r3, #1792
 1107 007a 23F00103 		bic	r3, r3, #1
 1108 007e 43F48072 		orr	r2, r3, #256
 1109 0082 7B68     		ldr	r3, [r7, #4]
 1110 0084 1A64     		str	r2, [r3, #64]
1073:Drivers/STM32F4xx_HAL_Driver/Src/stm32f4xx_hal_adc.c ****                       HAL_ADC_STATE_READY | HAL_ADC_STATE_REG_EOC | HAL_ADC_STATE_REG_OVR,
1074:Drivers/STM32F4xx_HAL_Driver/Src/stm32f4xx_hal_adc.c ****                       HAL_ADC_STATE_REG_BUSY);
1075:Drivers/STM32F4xx_HAL_Driver/Src/stm32f4xx_hal_adc.c **** 
1076:Drivers/STM32F4xx_HAL_Driver/Src/stm32f4xx_hal_adc.c ****     /* If conversions on group regular are also triggering group injected,    */
1077:Drivers/STM32F4xx_HAL_Driver/Src/stm32f4xx_hal_adc.c ****     /* update ADC state.                                                      */
1078:Drivers/STM32F4xx_HAL_Driver/Src/stm32f4xx_hal_adc.c ****     if (READ_BIT(hadc->Instance->CR1, ADC_CR1_JAUTO) != RESET)
 1111              		.loc 1 1078 9
 1112 0086 7B68     		ldr	r3, [r7, #4]
 1113 0088 1B68     		ldr	r3, [r3]
 1114 008a 5B68     		ldr	r3, [r3, #4]
 1115 008c 03F48063 		and	r3, r3, #1024
 1116              		.loc 1 1078 8
 1117 0090 002B     		cmp	r3, #0
 1118 0092 07D0     		beq	.L59
1079:Drivers/STM32F4xx_HAL_Driver/Src/stm32f4xx_hal_adc.c ****     {
1080:Drivers/STM32F4xx_HAL_Driver/Src/stm32f4xx_hal_adc.c ****       ADC_STATE_CLR_SET(hadc->State, HAL_ADC_STATE_INJ_EOC, HAL_ADC_STATE_INJ_BUSY);
 1119              		.loc 1 1080 7
 1120 0094 7B68     		ldr	r3, [r7, #4]
 1121 0096 1B6C     		ldr	r3, [r3, #64]
 1122 0098 23F44053 		bic	r3, r3, #12288
 1123 009c 43F48052 		orr	r2, r3, #4096
 1124 00a0 7B68     		ldr	r3, [r7, #4]
 1125 00a2 1A64     		str	r2, [r3, #64]
 1126              	.L59:
1081:Drivers/STM32F4xx_HAL_Driver/Src/stm32f4xx_hal_adc.c ****     }
1082:Drivers/STM32F4xx_HAL_Driver/Src/stm32f4xx_hal_adc.c **** 
1083:Drivers/STM32F4xx_HAL_Driver/Src/stm32f4xx_hal_adc.c ****     /* State machine update: Check if an injected conversion is ongoing */
1084:Drivers/STM32F4xx_HAL_Driver/Src/stm32f4xx_hal_adc.c ****     if (HAL_IS_BIT_SET(hadc->State, HAL_ADC_STATE_INJ_BUSY))
 1127              		.loc 1 1084 9
 1128 00a4 7B68     		ldr	r3, [r7, #4]
 1129 00a6 1B6C     		ldr	r3, [r3, #64]
 1130 00a8 03F48053 		and	r3, r3, #4096
 1131              		.loc 1 1084 8
 1132 00ac B3F5805F 		cmp	r3, #4096
 1133 00b0 06D1     		bne	.L60
1085:Drivers/STM32F4xx_HAL_Driver/Src/stm32f4xx_hal_adc.c ****     {
1086:Drivers/STM32F4xx_HAL_Driver/Src/stm32f4xx_hal_adc.c ****       /* Reset ADC error code fields related to conversions on group regular */
1087:Drivers/STM32F4xx_HAL_Driver/Src/stm32f4xx_hal_adc.c ****       CLEAR_BIT(hadc->ErrorCode, (HAL_ADC_ERROR_OVR | HAL_ADC_ERROR_DMA));
 1134              		.loc 1 1087 7
 1135 00b2 7B68     		ldr	r3, [r7, #4]
 1136 00b4 5B6C     		ldr	r3, [r3, #68]
 1137 00b6 23F00602 		bic	r2, r3, #6
 1138 00ba 7B68     		ldr	r3, [r7, #4]
 1139 00bc 5A64     		str	r2, [r3, #68]
 1140 00be 02E0     		b	.L61
 1141              	.L60:
1088:Drivers/STM32F4xx_HAL_Driver/Src/stm32f4xx_hal_adc.c ****     }
1089:Drivers/STM32F4xx_HAL_Driver/Src/stm32f4xx_hal_adc.c ****     else
ARM GAS  /tmp/ccpBr0sa.s 			page 40


1090:Drivers/STM32F4xx_HAL_Driver/Src/stm32f4xx_hal_adc.c ****     {
1091:Drivers/STM32F4xx_HAL_Driver/Src/stm32f4xx_hal_adc.c ****       /* Reset ADC all error code fields */
1092:Drivers/STM32F4xx_HAL_Driver/Src/stm32f4xx_hal_adc.c ****       ADC_CLEAR_ERRORCODE(hadc);
 1142              		.loc 1 1092 7
 1143 00c0 7B68     		ldr	r3, [r7, #4]
 1144 00c2 0022     		movs	r2, #0
 1145 00c4 5A64     		str	r2, [r3, #68]
 1146              	.L61:
1093:Drivers/STM32F4xx_HAL_Driver/Src/stm32f4xx_hal_adc.c ****     }
1094:Drivers/STM32F4xx_HAL_Driver/Src/stm32f4xx_hal_adc.c **** 
1095:Drivers/STM32F4xx_HAL_Driver/Src/stm32f4xx_hal_adc.c ****     /* Process unlocked */
1096:Drivers/STM32F4xx_HAL_Driver/Src/stm32f4xx_hal_adc.c ****     /* Unlock before starting ADC conversions: in case of potential           */
1097:Drivers/STM32F4xx_HAL_Driver/Src/stm32f4xx_hal_adc.c ****     /* interruption, to let the process to ADC IRQ Handler.                   */
1098:Drivers/STM32F4xx_HAL_Driver/Src/stm32f4xx_hal_adc.c ****     __HAL_UNLOCK(hadc);
 1147              		.loc 1 1098 5
 1148 00c6 7B68     		ldr	r3, [r7, #4]
 1149 00c8 0022     		movs	r2, #0
 1150 00ca 83F83C20 		strb	r2, [r3, #60]
1099:Drivers/STM32F4xx_HAL_Driver/Src/stm32f4xx_hal_adc.c **** 
1100:Drivers/STM32F4xx_HAL_Driver/Src/stm32f4xx_hal_adc.c ****     /* Pointer to the common control register to which is belonging hadc    */
1101:Drivers/STM32F4xx_HAL_Driver/Src/stm32f4xx_hal_adc.c ****     /* (Depending on STM32F4 product, there may be up to 3 ADCs and 1 common */
1102:Drivers/STM32F4xx_HAL_Driver/Src/stm32f4xx_hal_adc.c ****     /* control register)                                                    */
1103:Drivers/STM32F4xx_HAL_Driver/Src/stm32f4xx_hal_adc.c ****     tmpADC_Common = ADC_COMMON_REGISTER(hadc);
 1151              		.loc 1 1103 19
 1152 00ce 374B     		ldr	r3, .L66+8
 1153 00d0 FB60     		str	r3, [r7, #12]
1104:Drivers/STM32F4xx_HAL_Driver/Src/stm32f4xx_hal_adc.c **** 
1105:Drivers/STM32F4xx_HAL_Driver/Src/stm32f4xx_hal_adc.c ****     /* Clear regular group conversion flag and overrun flag */
1106:Drivers/STM32F4xx_HAL_Driver/Src/stm32f4xx_hal_adc.c ****     /* (To ensure of no unknown state from potential previous ADC operations) */
1107:Drivers/STM32F4xx_HAL_Driver/Src/stm32f4xx_hal_adc.c ****     __HAL_ADC_CLEAR_FLAG(hadc, ADC_FLAG_EOC | ADC_FLAG_OVR);
 1154              		.loc 1 1107 5
 1155 00d2 7B68     		ldr	r3, [r7, #4]
 1156 00d4 1B68     		ldr	r3, [r3]
 1157 00d6 6FF02202 		mvn	r2, #34
 1158 00da 1A60     		str	r2, [r3]
1108:Drivers/STM32F4xx_HAL_Driver/Src/stm32f4xx_hal_adc.c **** 
1109:Drivers/STM32F4xx_HAL_Driver/Src/stm32f4xx_hal_adc.c ****     /* Enable end of conversion interrupt for regular group */
1110:Drivers/STM32F4xx_HAL_Driver/Src/stm32f4xx_hal_adc.c ****     __HAL_ADC_ENABLE_IT(hadc, (ADC_IT_EOC | ADC_IT_OVR));
 1159              		.loc 1 1110 5
 1160 00dc 7B68     		ldr	r3, [r7, #4]
 1161 00de 1B68     		ldr	r3, [r3]
 1162 00e0 5B68     		ldr	r3, [r3, #4]
 1163 00e2 7A68     		ldr	r2, [r7, #4]
 1164 00e4 1268     		ldr	r2, [r2]
 1165 00e6 43F08063 		orr	r3, r3, #67108864
 1166 00ea 43F02003 		orr	r3, r3, #32
 1167 00ee 5360     		str	r3, [r2, #4]
1111:Drivers/STM32F4xx_HAL_Driver/Src/stm32f4xx_hal_adc.c **** 
1112:Drivers/STM32F4xx_HAL_Driver/Src/stm32f4xx_hal_adc.c ****     /* Check if Multimode enabled */
1113:Drivers/STM32F4xx_HAL_Driver/Src/stm32f4xx_hal_adc.c ****     if (HAL_IS_BIT_CLR(tmpADC_Common->CCR, ADC_CCR_MULTI))
 1168              		.loc 1 1113 9
 1169 00f0 FB68     		ldr	r3, [r7, #12]
 1170 00f2 5B68     		ldr	r3, [r3, #4]
 1171 00f4 03F01F03 		and	r3, r3, #31
 1172              		.loc 1 1113 8
 1173 00f8 002B     		cmp	r3, #0
 1174 00fa 2AD1     		bne	.L62
ARM GAS  /tmp/ccpBr0sa.s 			page 41


1114:Drivers/STM32F4xx_HAL_Driver/Src/stm32f4xx_hal_adc.c ****     {
1115:Drivers/STM32F4xx_HAL_Driver/Src/stm32f4xx_hal_adc.c **** #if defined(ADC2) && defined(ADC3)
1116:Drivers/STM32F4xx_HAL_Driver/Src/stm32f4xx_hal_adc.c ****       if ((hadc->Instance == ADC1) || ((hadc->Instance == ADC2) && ((ADC->CCR & ADC_CCR_MULTI_Msk) 
 1175              		.loc 1 1116 16
 1176 00fc 7B68     		ldr	r3, [r7, #4]
 1177 00fe 1B68     		ldr	r3, [r3]
 1178              		.loc 1 1116 10
 1179 0100 2B4A     		ldr	r2, .L66+12
 1180 0102 9342     		cmp	r3, r2
 1181 0104 15D0     		beq	.L63
 1182              		.loc 1 1116 45 discriminator 1
 1183 0106 7B68     		ldr	r3, [r7, #4]
 1184 0108 1B68     		ldr	r3, [r3]
 1185              		.loc 1 1116 36 discriminator 1
 1186 010a 2A4A     		ldr	r2, .L66+16
 1187 010c 9342     		cmp	r3, r2
 1188 010e 05D1     		bne	.L64
 1189              		.loc 1 1116 73 discriminator 2
 1190 0110 264B     		ldr	r3, .L66+8
 1191 0112 5B68     		ldr	r3, [r3, #4]
 1192              		.loc 1 1116 79 discriminator 2
 1193 0114 03F01F03 		and	r3, r3, #31
 1194              		.loc 1 1116 65 discriminator 2
 1195 0118 002B     		cmp	r3, #0
 1196 011a 0AD0     		beq	.L63
 1197              	.L64:
1117:Drivers/STM32F4xx_HAL_Driver/Src/stm32f4xx_hal_adc.c ****           || ((hadc->Instance == ADC3) && ((ADC->CCR & ADC_CCR_MULTI_Msk) < ADC_CCR_MULTI_4)))
 1198              		.loc 1 1117 20
 1199 011c 7B68     		ldr	r3, [r7, #4]
 1200 011e 1B68     		ldr	r3, [r3]
 1201              		.loc 1 1117 11
 1202 0120 254A     		ldr	r2, .L66+20
 1203 0122 9342     		cmp	r3, r2
 1204 0124 36D1     		bne	.L65
 1205              		.loc 1 1117 48 discriminator 1
 1206 0126 214B     		ldr	r3, .L66+8
 1207 0128 5B68     		ldr	r3, [r3, #4]
 1208              		.loc 1 1117 75 discriminator 1
 1209 012a 03F01003 		and	r3, r3, #16
 1210              		.loc 1 1117 40 discriminator 1
 1211 012e 002B     		cmp	r3, #0
 1212 0130 30D1     		bne	.L65
 1213              	.L63:
1118:Drivers/STM32F4xx_HAL_Driver/Src/stm32f4xx_hal_adc.c ****       {
1119:Drivers/STM32F4xx_HAL_Driver/Src/stm32f4xx_hal_adc.c **** #endif /* ADC2 || ADC3 */
1120:Drivers/STM32F4xx_HAL_Driver/Src/stm32f4xx_hal_adc.c ****         /* if no external trigger present enable software conversion of regular channels */
1121:Drivers/STM32F4xx_HAL_Driver/Src/stm32f4xx_hal_adc.c ****         if ((hadc->Instance->CR2 & ADC_CR2_EXTEN) == RESET)
 1214              		.loc 1 1121 18
 1215 0132 7B68     		ldr	r3, [r7, #4]
 1216 0134 1B68     		ldr	r3, [r3]
 1217              		.loc 1 1121 28
 1218 0136 9B68     		ldr	r3, [r3, #8]
 1219              		.loc 1 1121 34
 1220 0138 03F04053 		and	r3, r3, #805306368
 1221              		.loc 1 1121 12
 1222 013c 002B     		cmp	r3, #0
 1223 013e 29D1     		bne	.L65
ARM GAS  /tmp/ccpBr0sa.s 			page 42


1122:Drivers/STM32F4xx_HAL_Driver/Src/stm32f4xx_hal_adc.c ****         {
1123:Drivers/STM32F4xx_HAL_Driver/Src/stm32f4xx_hal_adc.c ****           /* Enable the selected ADC software conversion for regular group */
1124:Drivers/STM32F4xx_HAL_Driver/Src/stm32f4xx_hal_adc.c ****           hadc->Instance->CR2 |= (uint32_t)ADC_CR2_SWSTART;
 1224              		.loc 1 1124 15
 1225 0140 7B68     		ldr	r3, [r7, #4]
 1226 0142 1B68     		ldr	r3, [r3]
 1227              		.loc 1 1124 25
 1228 0144 9A68     		ldr	r2, [r3, #8]
 1229              		.loc 1 1124 15
 1230 0146 7B68     		ldr	r3, [r7, #4]
 1231 0148 1B68     		ldr	r3, [r3]
 1232              		.loc 1 1124 31
 1233 014a 42F08042 		orr	r2, r2, #1073741824
 1234 014e 9A60     		str	r2, [r3, #8]
 1235 0150 20E0     		b	.L65
 1236              	.L62:
1125:Drivers/STM32F4xx_HAL_Driver/Src/stm32f4xx_hal_adc.c ****         }
1126:Drivers/STM32F4xx_HAL_Driver/Src/stm32f4xx_hal_adc.c **** #if defined(ADC2) && defined(ADC3)
1127:Drivers/STM32F4xx_HAL_Driver/Src/stm32f4xx_hal_adc.c ****       }
1128:Drivers/STM32F4xx_HAL_Driver/Src/stm32f4xx_hal_adc.c **** #endif /* ADC2 || ADC3 */
1129:Drivers/STM32F4xx_HAL_Driver/Src/stm32f4xx_hal_adc.c ****     }
1130:Drivers/STM32F4xx_HAL_Driver/Src/stm32f4xx_hal_adc.c ****     else
1131:Drivers/STM32F4xx_HAL_Driver/Src/stm32f4xx_hal_adc.c ****     {
1132:Drivers/STM32F4xx_HAL_Driver/Src/stm32f4xx_hal_adc.c ****       /* if instance of handle correspond to ADC1 and  no external trigger present enable software 
1133:Drivers/STM32F4xx_HAL_Driver/Src/stm32f4xx_hal_adc.c ****       if ((hadc->Instance == ADC1) && ((hadc->Instance->CR2 & ADC_CR2_EXTEN) == RESET))
 1237              		.loc 1 1133 16
 1238 0152 7B68     		ldr	r3, [r7, #4]
 1239 0154 1B68     		ldr	r3, [r3]
 1240              		.loc 1 1133 10
 1241 0156 164A     		ldr	r2, .L66+12
 1242 0158 9342     		cmp	r3, r2
 1243 015a 1BD1     		bne	.L65
 1244              		.loc 1 1133 45 discriminator 1
 1245 015c 7B68     		ldr	r3, [r7, #4]
 1246 015e 1B68     		ldr	r3, [r3]
 1247              		.loc 1 1133 55 discriminator 1
 1248 0160 9B68     		ldr	r3, [r3, #8]
 1249              		.loc 1 1133 61 discriminator 1
 1250 0162 03F04053 		and	r3, r3, #805306368
 1251              		.loc 1 1133 36 discriminator 1
 1252 0166 002B     		cmp	r3, #0
 1253 0168 14D1     		bne	.L65
1134:Drivers/STM32F4xx_HAL_Driver/Src/stm32f4xx_hal_adc.c ****       {
1135:Drivers/STM32F4xx_HAL_Driver/Src/stm32f4xx_hal_adc.c ****         /* Enable the selected ADC software conversion for regular group */
1136:Drivers/STM32F4xx_HAL_Driver/Src/stm32f4xx_hal_adc.c ****         hadc->Instance->CR2 |= (uint32_t)ADC_CR2_SWSTART;
 1254              		.loc 1 1136 13
 1255 016a 7B68     		ldr	r3, [r7, #4]
 1256 016c 1B68     		ldr	r3, [r3]
 1257              		.loc 1 1136 23
 1258 016e 9A68     		ldr	r2, [r3, #8]
 1259              		.loc 1 1136 13
 1260 0170 7B68     		ldr	r3, [r7, #4]
 1261 0172 1B68     		ldr	r3, [r3]
 1262              		.loc 1 1136 29
 1263 0174 42F08042 		orr	r2, r2, #1073741824
 1264 0178 9A60     		str	r2, [r3, #8]
 1265 017a 0BE0     		b	.L65
ARM GAS  /tmp/ccpBr0sa.s 			page 43


 1266              	.L58:
1137:Drivers/STM32F4xx_HAL_Driver/Src/stm32f4xx_hal_adc.c ****       }
1138:Drivers/STM32F4xx_HAL_Driver/Src/stm32f4xx_hal_adc.c ****     }
1139:Drivers/STM32F4xx_HAL_Driver/Src/stm32f4xx_hal_adc.c ****   }
1140:Drivers/STM32F4xx_HAL_Driver/Src/stm32f4xx_hal_adc.c ****   else
1141:Drivers/STM32F4xx_HAL_Driver/Src/stm32f4xx_hal_adc.c ****   {
1142:Drivers/STM32F4xx_HAL_Driver/Src/stm32f4xx_hal_adc.c ****     /* Update ADC state machine to error */
1143:Drivers/STM32F4xx_HAL_Driver/Src/stm32f4xx_hal_adc.c ****     SET_BIT(hadc->State, HAL_ADC_STATE_ERROR_INTERNAL);
 1267              		.loc 1 1143 5
 1268 017c 7B68     		ldr	r3, [r7, #4]
 1269 017e 1B6C     		ldr	r3, [r3, #64]
 1270 0180 43F01002 		orr	r2, r3, #16
 1271 0184 7B68     		ldr	r3, [r7, #4]
 1272 0186 1A64     		str	r2, [r3, #64]
1144:Drivers/STM32F4xx_HAL_Driver/Src/stm32f4xx_hal_adc.c **** 
1145:Drivers/STM32F4xx_HAL_Driver/Src/stm32f4xx_hal_adc.c ****     /* Set ADC error code to ADC IP internal error */
1146:Drivers/STM32F4xx_HAL_Driver/Src/stm32f4xx_hal_adc.c ****     SET_BIT(hadc->ErrorCode, HAL_ADC_ERROR_INTERNAL);
 1273              		.loc 1 1146 5
 1274 0188 7B68     		ldr	r3, [r7, #4]
 1275 018a 5B6C     		ldr	r3, [r3, #68]
 1276 018c 43F00102 		orr	r2, r3, #1
 1277 0190 7B68     		ldr	r3, [r7, #4]
 1278 0192 5A64     		str	r2, [r3, #68]
 1279              	.L65:
1147:Drivers/STM32F4xx_HAL_Driver/Src/stm32f4xx_hal_adc.c ****   }
1148:Drivers/STM32F4xx_HAL_Driver/Src/stm32f4xx_hal_adc.c **** 
1149:Drivers/STM32F4xx_HAL_Driver/Src/stm32f4xx_hal_adc.c ****   /* Return function status */
1150:Drivers/STM32F4xx_HAL_Driver/Src/stm32f4xx_hal_adc.c ****   return HAL_OK;
 1280              		.loc 1 1150 10
 1281 0194 0023     		movs	r3, #0
 1282              	.L54:
1151:Drivers/STM32F4xx_HAL_Driver/Src/stm32f4xx_hal_adc.c **** }
 1283              		.loc 1 1151 1
 1284 0196 1846     		mov	r0, r3
 1285 0198 1437     		adds	r7, r7, #20
 1286              	.LCFI47:
 1287              		.cfi_def_cfa_offset 4
 1288 019a BD46     		mov	sp, r7
 1289              	.LCFI48:
 1290              		.cfi_def_cfa_register 13
 1291              		@ sp needed
 1292 019c 5DF8047B 		ldr	r7, [sp], #4
 1293              	.LCFI49:
 1294              		.cfi_restore 7
 1295              		.cfi_def_cfa_offset 0
 1296 01a0 7047     		bx	lr
 1297              	.L67:
 1298 01a2 00BF     		.align	2
 1299              	.L66:
 1300 01a4 00000000 		.word	SystemCoreClock
 1301 01a8 83DE1B43 		.word	1125899907
 1302 01ac 00230140 		.word	1073816320
 1303 01b0 00200140 		.word	1073815552
 1304 01b4 00210140 		.word	1073815808
 1305 01b8 00220140 		.word	1073816064
 1306              		.cfi_endproc
 1307              	.LFE247:
ARM GAS  /tmp/ccpBr0sa.s 			page 44


 1309              		.section	.text.HAL_ADC_Stop_IT,"ax",%progbits
 1310              		.align	1
 1311              		.global	HAL_ADC_Stop_IT
 1312              		.syntax unified
 1313              		.thumb
 1314              		.thumb_func
 1316              	HAL_ADC_Stop_IT:
 1317              	.LFB248:
1152:Drivers/STM32F4xx_HAL_Driver/Src/stm32f4xx_hal_adc.c **** 
1153:Drivers/STM32F4xx_HAL_Driver/Src/stm32f4xx_hal_adc.c **** /**
1154:Drivers/STM32F4xx_HAL_Driver/Src/stm32f4xx_hal_adc.c ****   * @brief  Disables the interrupt and stop ADC conversion of regular channels.
1155:Drivers/STM32F4xx_HAL_Driver/Src/stm32f4xx_hal_adc.c ****   *
1156:Drivers/STM32F4xx_HAL_Driver/Src/stm32f4xx_hal_adc.c ****   * @note   Caution: This function will stop also injected channels.
1157:Drivers/STM32F4xx_HAL_Driver/Src/stm32f4xx_hal_adc.c ****   *
1158:Drivers/STM32F4xx_HAL_Driver/Src/stm32f4xx_hal_adc.c ****   * @param  hadc pointer to a ADC_HandleTypeDef structure that contains
1159:Drivers/STM32F4xx_HAL_Driver/Src/stm32f4xx_hal_adc.c ****   *         the configuration information for the specified ADC.
1160:Drivers/STM32F4xx_HAL_Driver/Src/stm32f4xx_hal_adc.c ****   * @retval HAL status.
1161:Drivers/STM32F4xx_HAL_Driver/Src/stm32f4xx_hal_adc.c ****   */
1162:Drivers/STM32F4xx_HAL_Driver/Src/stm32f4xx_hal_adc.c **** HAL_StatusTypeDef HAL_ADC_Stop_IT(ADC_HandleTypeDef *hadc)
1163:Drivers/STM32F4xx_HAL_Driver/Src/stm32f4xx_hal_adc.c **** {
 1318              		.loc 1 1163 1
 1319              		.cfi_startproc
 1320              		@ args = 0, pretend = 0, frame = 8
 1321              		@ frame_needed = 1, uses_anonymous_args = 0
 1322              		@ link register save eliminated.
 1323 0000 80B4     		push	{r7}
 1324              	.LCFI50:
 1325              		.cfi_def_cfa_offset 4
 1326              		.cfi_offset 7, -4
 1327 0002 83B0     		sub	sp, sp, #12
 1328              	.LCFI51:
 1329              		.cfi_def_cfa_offset 16
 1330 0004 00AF     		add	r7, sp, #0
 1331              	.LCFI52:
 1332              		.cfi_def_cfa_register 7
 1333 0006 7860     		str	r0, [r7, #4]
1164:Drivers/STM32F4xx_HAL_Driver/Src/stm32f4xx_hal_adc.c ****   /* Check the parameters */
1165:Drivers/STM32F4xx_HAL_Driver/Src/stm32f4xx_hal_adc.c ****   assert_param(IS_ADC_ALL_INSTANCE(hadc->Instance));
1166:Drivers/STM32F4xx_HAL_Driver/Src/stm32f4xx_hal_adc.c **** 
1167:Drivers/STM32F4xx_HAL_Driver/Src/stm32f4xx_hal_adc.c ****   /* Process locked */
1168:Drivers/STM32F4xx_HAL_Driver/Src/stm32f4xx_hal_adc.c ****   __HAL_LOCK(hadc);
 1334              		.loc 1 1168 3
 1335 0008 7B68     		ldr	r3, [r7, #4]
 1336 000a 93F83C30 		ldrb	r3, [r3, #60]	@ zero_extendqisi2
 1337 000e 012B     		cmp	r3, #1
 1338 0010 01D1     		bne	.L69
 1339              		.loc 1 1168 3 is_stmt 0 discriminator 1
 1340 0012 0223     		movs	r3, #2
 1341 0014 2BE0     		b	.L70
 1342              	.L69:
 1343              		.loc 1 1168 3 discriminator 2
 1344 0016 7B68     		ldr	r3, [r7, #4]
 1345 0018 0122     		movs	r2, #1
 1346 001a 83F83C20 		strb	r2, [r3, #60]
1169:Drivers/STM32F4xx_HAL_Driver/Src/stm32f4xx_hal_adc.c **** 
1170:Drivers/STM32F4xx_HAL_Driver/Src/stm32f4xx_hal_adc.c ****   /* Stop potential conversion on going, on regular and injected groups */
1171:Drivers/STM32F4xx_HAL_Driver/Src/stm32f4xx_hal_adc.c ****   /* Disable ADC peripheral */
ARM GAS  /tmp/ccpBr0sa.s 			page 45


1172:Drivers/STM32F4xx_HAL_Driver/Src/stm32f4xx_hal_adc.c ****   __HAL_ADC_DISABLE(hadc);
 1347              		.loc 1 1172 3 is_stmt 1 discriminator 2
 1348 001e 7B68     		ldr	r3, [r7, #4]
 1349 0020 1B68     		ldr	r3, [r3]
 1350 0022 9A68     		ldr	r2, [r3, #8]
 1351 0024 7B68     		ldr	r3, [r7, #4]
 1352 0026 1B68     		ldr	r3, [r3]
 1353 0028 22F00102 		bic	r2, r2, #1
 1354 002c 9A60     		str	r2, [r3, #8]
1173:Drivers/STM32F4xx_HAL_Driver/Src/stm32f4xx_hal_adc.c **** 
1174:Drivers/STM32F4xx_HAL_Driver/Src/stm32f4xx_hal_adc.c ****   /* Check if ADC is effectively disabled */
1175:Drivers/STM32F4xx_HAL_Driver/Src/stm32f4xx_hal_adc.c ****   if (HAL_IS_BIT_CLR(hadc->Instance->CR2, ADC_CR2_ADON))
 1355              		.loc 1 1175 7 discriminator 2
 1356 002e 7B68     		ldr	r3, [r7, #4]
 1357 0030 1B68     		ldr	r3, [r3]
 1358 0032 9B68     		ldr	r3, [r3, #8]
 1359 0034 03F00103 		and	r3, r3, #1
 1360              		.loc 1 1175 6 discriminator 2
 1361 0038 002B     		cmp	r3, #0
 1362 003a 13D1     		bne	.L71
1176:Drivers/STM32F4xx_HAL_Driver/Src/stm32f4xx_hal_adc.c ****   {
1177:Drivers/STM32F4xx_HAL_Driver/Src/stm32f4xx_hal_adc.c ****     /* Disable ADC end of conversion interrupt for regular group */
1178:Drivers/STM32F4xx_HAL_Driver/Src/stm32f4xx_hal_adc.c ****     __HAL_ADC_DISABLE_IT(hadc, (ADC_IT_EOC | ADC_IT_OVR));
 1363              		.loc 1 1178 5
 1364 003c 7B68     		ldr	r3, [r7, #4]
 1365 003e 1B68     		ldr	r3, [r3]
 1366 0040 5B68     		ldr	r3, [r3, #4]
 1367 0042 7A68     		ldr	r2, [r7, #4]
 1368 0044 1268     		ldr	r2, [r2]
 1369 0046 23F08063 		bic	r3, r3, #67108864
 1370 004a 23F02003 		bic	r3, r3, #32
 1371 004e 5360     		str	r3, [r2, #4]
1179:Drivers/STM32F4xx_HAL_Driver/Src/stm32f4xx_hal_adc.c **** 
1180:Drivers/STM32F4xx_HAL_Driver/Src/stm32f4xx_hal_adc.c ****     /* Set ADC state */
1181:Drivers/STM32F4xx_HAL_Driver/Src/stm32f4xx_hal_adc.c ****     ADC_STATE_CLR_SET(hadc->State,
 1372              		.loc 1 1181 5
 1373 0050 7B68     		ldr	r3, [r7, #4]
 1374 0052 1B6C     		ldr	r3, [r3, #64]
 1375 0054 23F48853 		bic	r3, r3, #4352
 1376 0058 23F00103 		bic	r3, r3, #1
 1377 005c 43F00102 		orr	r2, r3, #1
 1378 0060 7B68     		ldr	r3, [r7, #4]
 1379 0062 1A64     		str	r2, [r3, #64]
 1380              	.L71:
1182:Drivers/STM32F4xx_HAL_Driver/Src/stm32f4xx_hal_adc.c ****                       HAL_ADC_STATE_REG_BUSY | HAL_ADC_STATE_INJ_BUSY,
1183:Drivers/STM32F4xx_HAL_Driver/Src/stm32f4xx_hal_adc.c ****                       HAL_ADC_STATE_READY);
1184:Drivers/STM32F4xx_HAL_Driver/Src/stm32f4xx_hal_adc.c ****   }
1185:Drivers/STM32F4xx_HAL_Driver/Src/stm32f4xx_hal_adc.c **** 
1186:Drivers/STM32F4xx_HAL_Driver/Src/stm32f4xx_hal_adc.c ****   /* Process unlocked */
1187:Drivers/STM32F4xx_HAL_Driver/Src/stm32f4xx_hal_adc.c ****   __HAL_UNLOCK(hadc);
 1381              		.loc 1 1187 3
 1382 0064 7B68     		ldr	r3, [r7, #4]
 1383 0066 0022     		movs	r2, #0
 1384 0068 83F83C20 		strb	r2, [r3, #60]
1188:Drivers/STM32F4xx_HAL_Driver/Src/stm32f4xx_hal_adc.c **** 
1189:Drivers/STM32F4xx_HAL_Driver/Src/stm32f4xx_hal_adc.c ****   /* Return function status */
1190:Drivers/STM32F4xx_HAL_Driver/Src/stm32f4xx_hal_adc.c ****   return HAL_OK;
ARM GAS  /tmp/ccpBr0sa.s 			page 46


 1385              		.loc 1 1190 10
 1386 006c 0023     		movs	r3, #0
 1387              	.L70:
1191:Drivers/STM32F4xx_HAL_Driver/Src/stm32f4xx_hal_adc.c **** }
 1388              		.loc 1 1191 1
 1389 006e 1846     		mov	r0, r3
 1390 0070 0C37     		adds	r7, r7, #12
 1391              	.LCFI53:
 1392              		.cfi_def_cfa_offset 4
 1393 0072 BD46     		mov	sp, r7
 1394              	.LCFI54:
 1395              		.cfi_def_cfa_register 13
 1396              		@ sp needed
 1397 0074 5DF8047B 		ldr	r7, [sp], #4
 1398              	.LCFI55:
 1399              		.cfi_restore 7
 1400              		.cfi_def_cfa_offset 0
 1401 0078 7047     		bx	lr
 1402              		.cfi_endproc
 1403              	.LFE248:
 1405              		.section	.text.HAL_ADC_IRQHandler,"ax",%progbits
 1406              		.align	1
 1407              		.global	HAL_ADC_IRQHandler
 1408              		.syntax unified
 1409              		.thumb
 1410              		.thumb_func
 1412              	HAL_ADC_IRQHandler:
 1413              	.LFB249:
1192:Drivers/STM32F4xx_HAL_Driver/Src/stm32f4xx_hal_adc.c **** 
1193:Drivers/STM32F4xx_HAL_Driver/Src/stm32f4xx_hal_adc.c **** /**
1194:Drivers/STM32F4xx_HAL_Driver/Src/stm32f4xx_hal_adc.c ****   * @brief  Handles ADC interrupt request
1195:Drivers/STM32F4xx_HAL_Driver/Src/stm32f4xx_hal_adc.c ****   * @param  hadc pointer to a ADC_HandleTypeDef structure that contains
1196:Drivers/STM32F4xx_HAL_Driver/Src/stm32f4xx_hal_adc.c ****   *         the configuration information for the specified ADC.
1197:Drivers/STM32F4xx_HAL_Driver/Src/stm32f4xx_hal_adc.c ****   * @retval None
1198:Drivers/STM32F4xx_HAL_Driver/Src/stm32f4xx_hal_adc.c ****   */
1199:Drivers/STM32F4xx_HAL_Driver/Src/stm32f4xx_hal_adc.c **** void HAL_ADC_IRQHandler(ADC_HandleTypeDef *hadc)
1200:Drivers/STM32F4xx_HAL_Driver/Src/stm32f4xx_hal_adc.c **** {
 1414              		.loc 1 1200 1
 1415              		.cfi_startproc
 1416              		@ args = 0, pretend = 0, frame = 24
 1417              		@ frame_needed = 1, uses_anonymous_args = 0
 1418 0000 80B5     		push	{r7, lr}
 1419              	.LCFI56:
 1420              		.cfi_def_cfa_offset 8
 1421              		.cfi_offset 7, -8
 1422              		.cfi_offset 14, -4
 1423 0002 86B0     		sub	sp, sp, #24
 1424              	.LCFI57:
 1425              		.cfi_def_cfa_offset 32
 1426 0004 00AF     		add	r7, sp, #0
 1427              	.LCFI58:
 1428              		.cfi_def_cfa_register 7
 1429 0006 7860     		str	r0, [r7, #4]
1201:Drivers/STM32F4xx_HAL_Driver/Src/stm32f4xx_hal_adc.c ****   uint32_t tmp1 = 0U, tmp2 = 0U;
 1430              		.loc 1 1201 12
 1431 0008 0023     		movs	r3, #0
 1432 000a 7B61     		str	r3, [r7, #20]
ARM GAS  /tmp/ccpBr0sa.s 			page 47


 1433              		.loc 1 1201 23
 1434 000c 0023     		movs	r3, #0
 1435 000e 3B61     		str	r3, [r7, #16]
1202:Drivers/STM32F4xx_HAL_Driver/Src/stm32f4xx_hal_adc.c **** 
1203:Drivers/STM32F4xx_HAL_Driver/Src/stm32f4xx_hal_adc.c ****   uint32_t tmp_sr = hadc->Instance->SR;
 1436              		.loc 1 1203 25
 1437 0010 7B68     		ldr	r3, [r7, #4]
 1438 0012 1B68     		ldr	r3, [r3]
 1439              		.loc 1 1203 12
 1440 0014 1B68     		ldr	r3, [r3]
 1441 0016 FB60     		str	r3, [r7, #12]
1204:Drivers/STM32F4xx_HAL_Driver/Src/stm32f4xx_hal_adc.c ****   uint32_t tmp_cr1 = hadc->Instance->CR1;
 1442              		.loc 1 1204 26
 1443 0018 7B68     		ldr	r3, [r7, #4]
 1444 001a 1B68     		ldr	r3, [r3]
 1445              		.loc 1 1204 12
 1446 001c 5B68     		ldr	r3, [r3, #4]
 1447 001e BB60     		str	r3, [r7, #8]
1205:Drivers/STM32F4xx_HAL_Driver/Src/stm32f4xx_hal_adc.c **** 
1206:Drivers/STM32F4xx_HAL_Driver/Src/stm32f4xx_hal_adc.c ****   /* Check the parameters */
1207:Drivers/STM32F4xx_HAL_Driver/Src/stm32f4xx_hal_adc.c ****   assert_param(IS_FUNCTIONAL_STATE(hadc->Init.ContinuousConvMode));
1208:Drivers/STM32F4xx_HAL_Driver/Src/stm32f4xx_hal_adc.c ****   assert_param(IS_ADC_REGULAR_LENGTH(hadc->Init.NbrOfConversion));
1209:Drivers/STM32F4xx_HAL_Driver/Src/stm32f4xx_hal_adc.c ****   assert_param(IS_ADC_EOCSelection(hadc->Init.EOCSelection));
1210:Drivers/STM32F4xx_HAL_Driver/Src/stm32f4xx_hal_adc.c **** 
1211:Drivers/STM32F4xx_HAL_Driver/Src/stm32f4xx_hal_adc.c ****   tmp1 = tmp_sr & ADC_FLAG_EOC;
 1448              		.loc 1 1211 8
 1449 0020 FB68     		ldr	r3, [r7, #12]
 1450 0022 03F00203 		and	r3, r3, #2
 1451 0026 7B61     		str	r3, [r7, #20]
1212:Drivers/STM32F4xx_HAL_Driver/Src/stm32f4xx_hal_adc.c ****   tmp2 = tmp_cr1 & ADC_IT_EOC;
 1452              		.loc 1 1212 8
 1453 0028 BB68     		ldr	r3, [r7, #8]
 1454 002a 03F02003 		and	r3, r3, #32
 1455 002e 3B61     		str	r3, [r7, #16]
1213:Drivers/STM32F4xx_HAL_Driver/Src/stm32f4xx_hal_adc.c ****   /* Check End of conversion flag for regular channels */
1214:Drivers/STM32F4xx_HAL_Driver/Src/stm32f4xx_hal_adc.c ****   if (tmp1 && tmp2)
 1456              		.loc 1 1214 6
 1457 0030 7B69     		ldr	r3, [r7, #20]
 1458 0032 002B     		cmp	r3, #0
 1459 0034 49D0     		beq	.L73
 1460              		.loc 1 1214 12 discriminator 1
 1461 0036 3B69     		ldr	r3, [r7, #16]
 1462 0038 002B     		cmp	r3, #0
 1463 003a 46D0     		beq	.L73
1215:Drivers/STM32F4xx_HAL_Driver/Src/stm32f4xx_hal_adc.c ****   {
1216:Drivers/STM32F4xx_HAL_Driver/Src/stm32f4xx_hal_adc.c ****     /* Update state machine on conversion status if not in error state */
1217:Drivers/STM32F4xx_HAL_Driver/Src/stm32f4xx_hal_adc.c ****     if (HAL_IS_BIT_CLR(hadc->State, HAL_ADC_STATE_ERROR_INTERNAL))
 1464              		.loc 1 1217 9
 1465 003c 7B68     		ldr	r3, [r7, #4]
 1466 003e 1B6C     		ldr	r3, [r3, #64]
 1467 0040 03F01003 		and	r3, r3, #16
 1468              		.loc 1 1217 8
 1469 0044 002B     		cmp	r3, #0
 1470 0046 05D1     		bne	.L74
1218:Drivers/STM32F4xx_HAL_Driver/Src/stm32f4xx_hal_adc.c ****     {
1219:Drivers/STM32F4xx_HAL_Driver/Src/stm32f4xx_hal_adc.c ****       /* Set ADC state */
1220:Drivers/STM32F4xx_HAL_Driver/Src/stm32f4xx_hal_adc.c ****       SET_BIT(hadc->State, HAL_ADC_STATE_REG_EOC);
ARM GAS  /tmp/ccpBr0sa.s 			page 48


 1471              		.loc 1 1220 7
 1472 0048 7B68     		ldr	r3, [r7, #4]
 1473 004a 1B6C     		ldr	r3, [r3, #64]
 1474 004c 43F40072 		orr	r2, r3, #512
 1475 0050 7B68     		ldr	r3, [r7, #4]
 1476 0052 1A64     		str	r2, [r3, #64]
 1477              	.L74:
1221:Drivers/STM32F4xx_HAL_Driver/Src/stm32f4xx_hal_adc.c ****     }
1222:Drivers/STM32F4xx_HAL_Driver/Src/stm32f4xx_hal_adc.c **** 
1223:Drivers/STM32F4xx_HAL_Driver/Src/stm32f4xx_hal_adc.c ****     /* Determine whether any further conversion upcoming on group regular   */
1224:Drivers/STM32F4xx_HAL_Driver/Src/stm32f4xx_hal_adc.c ****     /* by external trigger, continuous mode or scan sequence on going.      */
1225:Drivers/STM32F4xx_HAL_Driver/Src/stm32f4xx_hal_adc.c ****     /* Note: On STM32F4, there is no independent flag of end of sequence.   */
1226:Drivers/STM32F4xx_HAL_Driver/Src/stm32f4xx_hal_adc.c ****     /*       The test of scan sequence on going is done either with scan    */
1227:Drivers/STM32F4xx_HAL_Driver/Src/stm32f4xx_hal_adc.c ****     /*       sequence disabled or with end of conversion flag set to        */
1228:Drivers/STM32F4xx_HAL_Driver/Src/stm32f4xx_hal_adc.c ****     /*       of end of sequence.                                            */
1229:Drivers/STM32F4xx_HAL_Driver/Src/stm32f4xx_hal_adc.c ****     if (ADC_IS_SOFTWARE_START_REGULAR(hadc)                   &&
 1478              		.loc 1 1229 9
 1479 0054 7B68     		ldr	r3, [r7, #4]
 1480 0056 1B68     		ldr	r3, [r3]
 1481 0058 9B68     		ldr	r3, [r3, #8]
 1482 005a 03F04053 		and	r3, r3, #805306368
 1483              		.loc 1 1229 8
 1484 005e 002B     		cmp	r3, #0
 1485 0060 2BD1     		bne	.L75
1230:Drivers/STM32F4xx_HAL_Driver/Src/stm32f4xx_hal_adc.c ****         (hadc->Init.ContinuousConvMode == DISABLE)            &&
 1486              		.loc 1 1230 20 discriminator 1
 1487 0062 7B68     		ldr	r3, [r7, #4]
 1488 0064 1B7E     		ldrb	r3, [r3, #24]	@ zero_extendqisi2
1229:Drivers/STM32F4xx_HAL_Driver/Src/stm32f4xx_hal_adc.c ****         (hadc->Init.ContinuousConvMode == DISABLE)            &&
 1489              		.loc 1 1229 63 discriminator 1
 1490 0066 002B     		cmp	r3, #0
 1491 0068 27D1     		bne	.L75
1231:Drivers/STM32F4xx_HAL_Driver/Src/stm32f4xx_hal_adc.c ****         (HAL_IS_BIT_CLR(hadc->Instance->SQR1, ADC_SQR1_L) ||
 1492              		.loc 1 1231 10
 1493 006a 7B68     		ldr	r3, [r7, #4]
 1494 006c 1B68     		ldr	r3, [r3]
 1495 006e DB6A     		ldr	r3, [r3, #44]
 1496 0070 03F47003 		and	r3, r3, #15728640
1230:Drivers/STM32F4xx_HAL_Driver/Src/stm32f4xx_hal_adc.c ****         (hadc->Init.ContinuousConvMode == DISABLE)            &&
 1497              		.loc 1 1230 63
 1498 0074 002B     		cmp	r3, #0
 1499 0076 06D0     		beq	.L76
1232:Drivers/STM32F4xx_HAL_Driver/Src/stm32f4xx_hal_adc.c ****          HAL_IS_BIT_CLR(hadc->Instance->CR2, ADC_CR2_EOCS)))
 1500              		.loc 1 1232 10
 1501 0078 7B68     		ldr	r3, [r7, #4]
 1502 007a 1B68     		ldr	r3, [r3]
 1503 007c 9B68     		ldr	r3, [r3, #8]
 1504 007e 03F48063 		and	r3, r3, #1024
1231:Drivers/STM32F4xx_HAL_Driver/Src/stm32f4xx_hal_adc.c ****         (HAL_IS_BIT_CLR(hadc->Instance->SQR1, ADC_SQR1_L) ||
 1505              		.loc 1 1231 59
 1506 0082 002B     		cmp	r3, #0
 1507 0084 19D1     		bne	.L75
 1508              	.L76:
1233:Drivers/STM32F4xx_HAL_Driver/Src/stm32f4xx_hal_adc.c ****     {
1234:Drivers/STM32F4xx_HAL_Driver/Src/stm32f4xx_hal_adc.c ****       /* Disable ADC end of single conversion interrupt on group regular */
1235:Drivers/STM32F4xx_HAL_Driver/Src/stm32f4xx_hal_adc.c ****       /* Note: Overrun interrupt was enabled with EOC interrupt in          */
1236:Drivers/STM32F4xx_HAL_Driver/Src/stm32f4xx_hal_adc.c ****       /* HAL_ADC_Start_IT(), but is not disabled here because can be used   */
ARM GAS  /tmp/ccpBr0sa.s 			page 49


1237:Drivers/STM32F4xx_HAL_Driver/Src/stm32f4xx_hal_adc.c ****       /* by overrun IRQ process below.                                      */
1238:Drivers/STM32F4xx_HAL_Driver/Src/stm32f4xx_hal_adc.c ****       __HAL_ADC_DISABLE_IT(hadc, ADC_IT_EOC);
 1509              		.loc 1 1238 7
 1510 0086 7B68     		ldr	r3, [r7, #4]
 1511 0088 1B68     		ldr	r3, [r3]
 1512 008a 5A68     		ldr	r2, [r3, #4]
 1513 008c 7B68     		ldr	r3, [r7, #4]
 1514 008e 1B68     		ldr	r3, [r3]
 1515 0090 22F02002 		bic	r2, r2, #32
 1516 0094 5A60     		str	r2, [r3, #4]
1239:Drivers/STM32F4xx_HAL_Driver/Src/stm32f4xx_hal_adc.c **** 
1240:Drivers/STM32F4xx_HAL_Driver/Src/stm32f4xx_hal_adc.c ****       /* Set ADC state */
1241:Drivers/STM32F4xx_HAL_Driver/Src/stm32f4xx_hal_adc.c ****       CLEAR_BIT(hadc->State, HAL_ADC_STATE_REG_BUSY);
 1517              		.loc 1 1241 7
 1518 0096 7B68     		ldr	r3, [r7, #4]
 1519 0098 1B6C     		ldr	r3, [r3, #64]
 1520 009a 23F48072 		bic	r2, r3, #256
 1521 009e 7B68     		ldr	r3, [r7, #4]
 1522 00a0 1A64     		str	r2, [r3, #64]
1242:Drivers/STM32F4xx_HAL_Driver/Src/stm32f4xx_hal_adc.c **** 
1243:Drivers/STM32F4xx_HAL_Driver/Src/stm32f4xx_hal_adc.c ****       if (HAL_IS_BIT_CLR(hadc->State, HAL_ADC_STATE_INJ_BUSY))
 1523              		.loc 1 1243 11
 1524 00a2 7B68     		ldr	r3, [r7, #4]
 1525 00a4 1B6C     		ldr	r3, [r3, #64]
 1526 00a6 03F48053 		and	r3, r3, #4096
 1527              		.loc 1 1243 10
 1528 00aa 002B     		cmp	r3, #0
 1529 00ac 05D1     		bne	.L75
1244:Drivers/STM32F4xx_HAL_Driver/Src/stm32f4xx_hal_adc.c ****       {
1245:Drivers/STM32F4xx_HAL_Driver/Src/stm32f4xx_hal_adc.c ****         SET_BIT(hadc->State, HAL_ADC_STATE_READY);
 1530              		.loc 1 1245 9
 1531 00ae 7B68     		ldr	r3, [r7, #4]
 1532 00b0 1B6C     		ldr	r3, [r3, #64]
 1533 00b2 43F00102 		orr	r2, r3, #1
 1534 00b6 7B68     		ldr	r3, [r7, #4]
 1535 00b8 1A64     		str	r2, [r3, #64]
 1536              	.L75:
1246:Drivers/STM32F4xx_HAL_Driver/Src/stm32f4xx_hal_adc.c ****       }
1247:Drivers/STM32F4xx_HAL_Driver/Src/stm32f4xx_hal_adc.c ****     }
1248:Drivers/STM32F4xx_HAL_Driver/Src/stm32f4xx_hal_adc.c **** 
1249:Drivers/STM32F4xx_HAL_Driver/Src/stm32f4xx_hal_adc.c ****     /* Conversion complete callback */
1250:Drivers/STM32F4xx_HAL_Driver/Src/stm32f4xx_hal_adc.c **** #if (USE_HAL_ADC_REGISTER_CALLBACKS == 1)
1251:Drivers/STM32F4xx_HAL_Driver/Src/stm32f4xx_hal_adc.c ****     hadc->ConvCpltCallback(hadc);
1252:Drivers/STM32F4xx_HAL_Driver/Src/stm32f4xx_hal_adc.c **** #else
1253:Drivers/STM32F4xx_HAL_Driver/Src/stm32f4xx_hal_adc.c ****     HAL_ADC_ConvCpltCallback(hadc);
 1537              		.loc 1 1253 5
 1538 00ba 7868     		ldr	r0, [r7, #4]
 1539 00bc FFF7FEFF 		bl	HAL_ADC_ConvCpltCallback
1254:Drivers/STM32F4xx_HAL_Driver/Src/stm32f4xx_hal_adc.c **** #endif /* USE_HAL_ADC_REGISTER_CALLBACKS */
1255:Drivers/STM32F4xx_HAL_Driver/Src/stm32f4xx_hal_adc.c **** 
1256:Drivers/STM32F4xx_HAL_Driver/Src/stm32f4xx_hal_adc.c ****     /* Clear regular group conversion flag */
1257:Drivers/STM32F4xx_HAL_Driver/Src/stm32f4xx_hal_adc.c ****     __HAL_ADC_CLEAR_FLAG(hadc, ADC_FLAG_STRT | ADC_FLAG_EOC);
 1540              		.loc 1 1257 5
 1541 00c0 7B68     		ldr	r3, [r7, #4]
 1542 00c2 1B68     		ldr	r3, [r3]
 1543 00c4 6FF01202 		mvn	r2, #18
 1544 00c8 1A60     		str	r2, [r3]
ARM GAS  /tmp/ccpBr0sa.s 			page 50


 1545              	.L73:
1258:Drivers/STM32F4xx_HAL_Driver/Src/stm32f4xx_hal_adc.c ****   }
1259:Drivers/STM32F4xx_HAL_Driver/Src/stm32f4xx_hal_adc.c **** 
1260:Drivers/STM32F4xx_HAL_Driver/Src/stm32f4xx_hal_adc.c ****   tmp1 = tmp_sr & ADC_FLAG_JEOC;
 1546              		.loc 1 1260 8
 1547 00ca FB68     		ldr	r3, [r7, #12]
 1548 00cc 03F00403 		and	r3, r3, #4
 1549 00d0 7B61     		str	r3, [r7, #20]
1261:Drivers/STM32F4xx_HAL_Driver/Src/stm32f4xx_hal_adc.c ****   tmp2 = tmp_cr1 & ADC_IT_JEOC;
 1550              		.loc 1 1261 8
 1551 00d2 BB68     		ldr	r3, [r7, #8]
 1552 00d4 03F08003 		and	r3, r3, #128
 1553 00d8 3B61     		str	r3, [r7, #16]
1262:Drivers/STM32F4xx_HAL_Driver/Src/stm32f4xx_hal_adc.c ****   /* Check End of conversion flag for injected channels */
1263:Drivers/STM32F4xx_HAL_Driver/Src/stm32f4xx_hal_adc.c ****   if (tmp1 && tmp2)
 1554              		.loc 1 1263 6
 1555 00da 7B69     		ldr	r3, [r7, #20]
 1556 00dc 002B     		cmp	r3, #0
 1557 00de 57D0     		beq	.L77
 1558              		.loc 1 1263 12 discriminator 1
 1559 00e0 3B69     		ldr	r3, [r7, #16]
 1560 00e2 002B     		cmp	r3, #0
 1561 00e4 54D0     		beq	.L77
1264:Drivers/STM32F4xx_HAL_Driver/Src/stm32f4xx_hal_adc.c ****   {
1265:Drivers/STM32F4xx_HAL_Driver/Src/stm32f4xx_hal_adc.c ****     /* Update state machine on conversion status if not in error state */
1266:Drivers/STM32F4xx_HAL_Driver/Src/stm32f4xx_hal_adc.c ****     if (HAL_IS_BIT_CLR(hadc->State, HAL_ADC_STATE_ERROR_INTERNAL))
 1562              		.loc 1 1266 9
 1563 00e6 7B68     		ldr	r3, [r7, #4]
 1564 00e8 1B6C     		ldr	r3, [r3, #64]
 1565 00ea 03F01003 		and	r3, r3, #16
 1566              		.loc 1 1266 8
 1567 00ee 002B     		cmp	r3, #0
 1568 00f0 05D1     		bne	.L78
1267:Drivers/STM32F4xx_HAL_Driver/Src/stm32f4xx_hal_adc.c ****     {
1268:Drivers/STM32F4xx_HAL_Driver/Src/stm32f4xx_hal_adc.c ****       /* Set ADC state */
1269:Drivers/STM32F4xx_HAL_Driver/Src/stm32f4xx_hal_adc.c ****       SET_BIT(hadc->State, HAL_ADC_STATE_INJ_EOC);
 1569              		.loc 1 1269 7
 1570 00f2 7B68     		ldr	r3, [r7, #4]
 1571 00f4 1B6C     		ldr	r3, [r3, #64]
 1572 00f6 43F40052 		orr	r2, r3, #8192
 1573 00fa 7B68     		ldr	r3, [r7, #4]
 1574 00fc 1A64     		str	r2, [r3, #64]
 1575              	.L78:
1270:Drivers/STM32F4xx_HAL_Driver/Src/stm32f4xx_hal_adc.c ****     }
1271:Drivers/STM32F4xx_HAL_Driver/Src/stm32f4xx_hal_adc.c **** 
1272:Drivers/STM32F4xx_HAL_Driver/Src/stm32f4xx_hal_adc.c ****     /* Determine whether any further conversion upcoming on group injected  */
1273:Drivers/STM32F4xx_HAL_Driver/Src/stm32f4xx_hal_adc.c ****     /* by external trigger, scan sequence on going or by automatic injected */
1274:Drivers/STM32F4xx_HAL_Driver/Src/stm32f4xx_hal_adc.c ****     /* conversion from group regular (same conditions as group regular      */
1275:Drivers/STM32F4xx_HAL_Driver/Src/stm32f4xx_hal_adc.c ****     /* interruption disabling above).                                       */
1276:Drivers/STM32F4xx_HAL_Driver/Src/stm32f4xx_hal_adc.c ****     if (ADC_IS_SOFTWARE_START_INJECTED(hadc)                    &&
 1576              		.loc 1 1276 9
 1577 00fe 7B68     		ldr	r3, [r7, #4]
 1578 0100 1B68     		ldr	r3, [r3]
 1579 0102 9B68     		ldr	r3, [r3, #8]
 1580 0104 03F44013 		and	r3, r3, #3145728
 1581              		.loc 1 1276 8
 1582 0108 002B     		cmp	r3, #0
ARM GAS  /tmp/ccpBr0sa.s 			page 51


 1583 010a 39D1     		bne	.L79
1277:Drivers/STM32F4xx_HAL_Driver/Src/stm32f4xx_hal_adc.c ****         (HAL_IS_BIT_CLR(hadc->Instance->JSQR, ADC_JSQR_JL)  ||
 1584              		.loc 1 1277 10 discriminator 1
 1585 010c 7B68     		ldr	r3, [r7, #4]
 1586 010e 1B68     		ldr	r3, [r3]
 1587 0110 9B6B     		ldr	r3, [r3, #56]
 1588 0112 03F44013 		and	r3, r3, #3145728
1276:Drivers/STM32F4xx_HAL_Driver/Src/stm32f4xx_hal_adc.c ****         (HAL_IS_BIT_CLR(hadc->Instance->JSQR, ADC_JSQR_JL)  ||
 1589              		.loc 1 1276 65 discriminator 1
 1590 0116 002B     		cmp	r3, #0
 1591 0118 06D0     		beq	.L80
1278:Drivers/STM32F4xx_HAL_Driver/Src/stm32f4xx_hal_adc.c ****          HAL_IS_BIT_CLR(hadc->Instance->CR2, ADC_CR2_EOCS)) &&
 1592              		.loc 1 1278 10
 1593 011a 7B68     		ldr	r3, [r7, #4]
 1594 011c 1B68     		ldr	r3, [r3]
 1595 011e 9B68     		ldr	r3, [r3, #8]
 1596 0120 03F48063 		and	r3, r3, #1024
1277:Drivers/STM32F4xx_HAL_Driver/Src/stm32f4xx_hal_adc.c ****         (HAL_IS_BIT_CLR(hadc->Instance->JSQR, ADC_JSQR_JL)  ||
 1597              		.loc 1 1277 61
 1598 0124 002B     		cmp	r3, #0
 1599 0126 2BD1     		bne	.L79
 1600              	.L80:
1279:Drivers/STM32F4xx_HAL_Driver/Src/stm32f4xx_hal_adc.c ****         (HAL_IS_BIT_CLR(hadc->Instance->CR1, ADC_CR1_JAUTO) &&
 1601              		.loc 1 1279 10
 1602 0128 7B68     		ldr	r3, [r7, #4]
 1603 012a 1B68     		ldr	r3, [r3]
 1604 012c 5B68     		ldr	r3, [r3, #4]
 1605 012e 03F48063 		and	r3, r3, #1024
1278:Drivers/STM32F4xx_HAL_Driver/Src/stm32f4xx_hal_adc.c ****          HAL_IS_BIT_CLR(hadc->Instance->CR2, ADC_CR2_EOCS)) &&
 1606              		.loc 1 1278 61
 1607 0132 002B     		cmp	r3, #0
 1608 0134 24D1     		bne	.L79
1280:Drivers/STM32F4xx_HAL_Driver/Src/stm32f4xx_hal_adc.c ****          (ADC_IS_SOFTWARE_START_REGULAR(hadc)       &&
 1609              		.loc 1 1280 11
 1610 0136 7B68     		ldr	r3, [r7, #4]
 1611 0138 1B68     		ldr	r3, [r3]
 1612 013a 9B68     		ldr	r3, [r3, #8]
 1613 013c 03F04053 		and	r3, r3, #805306368
1279:Drivers/STM32F4xx_HAL_Driver/Src/stm32f4xx_hal_adc.c ****         (HAL_IS_BIT_CLR(hadc->Instance->CR1, ADC_CR1_JAUTO) &&
 1614              		.loc 1 1279 61
 1615 0140 002B     		cmp	r3, #0
 1616 0142 1DD1     		bne	.L79
1281:Drivers/STM32F4xx_HAL_Driver/Src/stm32f4xx_hal_adc.c ****           (hadc->Init.ContinuousConvMode == DISABLE))))
 1617              		.loc 1 1281 22
 1618 0144 7B68     		ldr	r3, [r7, #4]
 1619 0146 1B7E     		ldrb	r3, [r3, #24]	@ zero_extendqisi2
1280:Drivers/STM32F4xx_HAL_Driver/Src/stm32f4xx_hal_adc.c ****          (ADC_IS_SOFTWARE_START_REGULAR(hadc)       &&
 1620              		.loc 1 1280 53
 1621 0148 002B     		cmp	r3, #0
 1622 014a 19D1     		bne	.L79
1282:Drivers/STM32F4xx_HAL_Driver/Src/stm32f4xx_hal_adc.c ****     {
1283:Drivers/STM32F4xx_HAL_Driver/Src/stm32f4xx_hal_adc.c ****       /* Disable ADC end of single conversion interrupt on group injected */
1284:Drivers/STM32F4xx_HAL_Driver/Src/stm32f4xx_hal_adc.c ****       __HAL_ADC_DISABLE_IT(hadc, ADC_IT_JEOC);
 1623              		.loc 1 1284 7
 1624 014c 7B68     		ldr	r3, [r7, #4]
 1625 014e 1B68     		ldr	r3, [r3]
 1626 0150 5A68     		ldr	r2, [r3, #4]
ARM GAS  /tmp/ccpBr0sa.s 			page 52


 1627 0152 7B68     		ldr	r3, [r7, #4]
 1628 0154 1B68     		ldr	r3, [r3]
 1629 0156 22F08002 		bic	r2, r2, #128
 1630 015a 5A60     		str	r2, [r3, #4]
1285:Drivers/STM32F4xx_HAL_Driver/Src/stm32f4xx_hal_adc.c **** 
1286:Drivers/STM32F4xx_HAL_Driver/Src/stm32f4xx_hal_adc.c ****       /* Set ADC state */
1287:Drivers/STM32F4xx_HAL_Driver/Src/stm32f4xx_hal_adc.c ****       CLEAR_BIT(hadc->State, HAL_ADC_STATE_INJ_BUSY);
 1631              		.loc 1 1287 7
 1632 015c 7B68     		ldr	r3, [r7, #4]
 1633 015e 1B6C     		ldr	r3, [r3, #64]
 1634 0160 23F48052 		bic	r2, r3, #4096
 1635 0164 7B68     		ldr	r3, [r7, #4]
 1636 0166 1A64     		str	r2, [r3, #64]
1288:Drivers/STM32F4xx_HAL_Driver/Src/stm32f4xx_hal_adc.c **** 
1289:Drivers/STM32F4xx_HAL_Driver/Src/stm32f4xx_hal_adc.c ****       if (HAL_IS_BIT_CLR(hadc->State, HAL_ADC_STATE_REG_BUSY))
 1637              		.loc 1 1289 11
 1638 0168 7B68     		ldr	r3, [r7, #4]
 1639 016a 1B6C     		ldr	r3, [r3, #64]
 1640 016c 03F48073 		and	r3, r3, #256
 1641              		.loc 1 1289 10
 1642 0170 002B     		cmp	r3, #0
 1643 0172 05D1     		bne	.L79
1290:Drivers/STM32F4xx_HAL_Driver/Src/stm32f4xx_hal_adc.c ****       {
1291:Drivers/STM32F4xx_HAL_Driver/Src/stm32f4xx_hal_adc.c ****         SET_BIT(hadc->State, HAL_ADC_STATE_READY);
 1644              		.loc 1 1291 9
 1645 0174 7B68     		ldr	r3, [r7, #4]
 1646 0176 1B6C     		ldr	r3, [r3, #64]
 1647 0178 43F00102 		orr	r2, r3, #1
 1648 017c 7B68     		ldr	r3, [r7, #4]
 1649 017e 1A64     		str	r2, [r3, #64]
 1650              	.L79:
1292:Drivers/STM32F4xx_HAL_Driver/Src/stm32f4xx_hal_adc.c ****       }
1293:Drivers/STM32F4xx_HAL_Driver/Src/stm32f4xx_hal_adc.c ****     }
1294:Drivers/STM32F4xx_HAL_Driver/Src/stm32f4xx_hal_adc.c **** 
1295:Drivers/STM32F4xx_HAL_Driver/Src/stm32f4xx_hal_adc.c ****     /* Conversion complete callback */
1296:Drivers/STM32F4xx_HAL_Driver/Src/stm32f4xx_hal_adc.c ****     /* Conversion complete callback */
1297:Drivers/STM32F4xx_HAL_Driver/Src/stm32f4xx_hal_adc.c **** #if (USE_HAL_ADC_REGISTER_CALLBACKS == 1)
1298:Drivers/STM32F4xx_HAL_Driver/Src/stm32f4xx_hal_adc.c ****     hadc->InjectedConvCpltCallback(hadc);
1299:Drivers/STM32F4xx_HAL_Driver/Src/stm32f4xx_hal_adc.c **** #else
1300:Drivers/STM32F4xx_HAL_Driver/Src/stm32f4xx_hal_adc.c ****     HAL_ADCEx_InjectedConvCpltCallback(hadc);
 1651              		.loc 1 1300 5
 1652 0180 7868     		ldr	r0, [r7, #4]
 1653 0182 FFF7FEFF 		bl	HAL_ADCEx_InjectedConvCpltCallback
1301:Drivers/STM32F4xx_HAL_Driver/Src/stm32f4xx_hal_adc.c **** #endif /* USE_HAL_ADC_REGISTER_CALLBACKS */
1302:Drivers/STM32F4xx_HAL_Driver/Src/stm32f4xx_hal_adc.c **** 
1303:Drivers/STM32F4xx_HAL_Driver/Src/stm32f4xx_hal_adc.c ****     /* Clear injected group conversion flag */
1304:Drivers/STM32F4xx_HAL_Driver/Src/stm32f4xx_hal_adc.c ****     __HAL_ADC_CLEAR_FLAG(hadc, (ADC_FLAG_JSTRT | ADC_FLAG_JEOC));
 1654              		.loc 1 1304 5
 1655 0186 7B68     		ldr	r3, [r7, #4]
 1656 0188 1B68     		ldr	r3, [r3]
 1657 018a 6FF00C02 		mvn	r2, #12
 1658 018e 1A60     		str	r2, [r3]
 1659              	.L77:
1305:Drivers/STM32F4xx_HAL_Driver/Src/stm32f4xx_hal_adc.c ****   }
1306:Drivers/STM32F4xx_HAL_Driver/Src/stm32f4xx_hal_adc.c **** 
1307:Drivers/STM32F4xx_HAL_Driver/Src/stm32f4xx_hal_adc.c ****   tmp1 = tmp_sr & ADC_FLAG_AWD;
 1660              		.loc 1 1307 8
ARM GAS  /tmp/ccpBr0sa.s 			page 53


 1661 0190 FB68     		ldr	r3, [r7, #12]
 1662 0192 03F00103 		and	r3, r3, #1
 1663 0196 7B61     		str	r3, [r7, #20]
1308:Drivers/STM32F4xx_HAL_Driver/Src/stm32f4xx_hal_adc.c ****   tmp2 = tmp_cr1 & ADC_IT_AWD;
 1664              		.loc 1 1308 8
 1665 0198 BB68     		ldr	r3, [r7, #8]
 1666 019a 03F04003 		and	r3, r3, #64
 1667 019e 3B61     		str	r3, [r7, #16]
1309:Drivers/STM32F4xx_HAL_Driver/Src/stm32f4xx_hal_adc.c ****   /* Check Analog watchdog flag */
1310:Drivers/STM32F4xx_HAL_Driver/Src/stm32f4xx_hal_adc.c ****   if (tmp1 && tmp2)
 1668              		.loc 1 1310 6
 1669 01a0 7B69     		ldr	r3, [r7, #20]
 1670 01a2 002B     		cmp	r3, #0
 1671 01a4 17D0     		beq	.L81
 1672              		.loc 1 1310 12 discriminator 1
 1673 01a6 3B69     		ldr	r3, [r7, #16]
 1674 01a8 002B     		cmp	r3, #0
 1675 01aa 14D0     		beq	.L81
1311:Drivers/STM32F4xx_HAL_Driver/Src/stm32f4xx_hal_adc.c ****   {
1312:Drivers/STM32F4xx_HAL_Driver/Src/stm32f4xx_hal_adc.c ****     if (__HAL_ADC_GET_FLAG(hadc, ADC_FLAG_AWD))
 1676              		.loc 1 1312 9
 1677 01ac 7B68     		ldr	r3, [r7, #4]
 1678 01ae 1B68     		ldr	r3, [r3]
 1679 01b0 1B68     		ldr	r3, [r3]
 1680 01b2 03F00103 		and	r3, r3, #1
 1681              		.loc 1 1312 8
 1682 01b6 012B     		cmp	r3, #1
 1683 01b8 0DD1     		bne	.L81
1313:Drivers/STM32F4xx_HAL_Driver/Src/stm32f4xx_hal_adc.c ****     {
1314:Drivers/STM32F4xx_HAL_Driver/Src/stm32f4xx_hal_adc.c ****       /* Set ADC state */
1315:Drivers/STM32F4xx_HAL_Driver/Src/stm32f4xx_hal_adc.c ****       SET_BIT(hadc->State, HAL_ADC_STATE_AWD1);
 1684              		.loc 1 1315 7
 1685 01ba 7B68     		ldr	r3, [r7, #4]
 1686 01bc 1B6C     		ldr	r3, [r3, #64]
 1687 01be 43F48032 		orr	r2, r3, #65536
 1688 01c2 7B68     		ldr	r3, [r7, #4]
 1689 01c4 1A64     		str	r2, [r3, #64]
1316:Drivers/STM32F4xx_HAL_Driver/Src/stm32f4xx_hal_adc.c **** 
1317:Drivers/STM32F4xx_HAL_Driver/Src/stm32f4xx_hal_adc.c ****       /* Level out of window callback */
1318:Drivers/STM32F4xx_HAL_Driver/Src/stm32f4xx_hal_adc.c **** #if (USE_HAL_ADC_REGISTER_CALLBACKS == 1)
1319:Drivers/STM32F4xx_HAL_Driver/Src/stm32f4xx_hal_adc.c ****       hadc->LevelOutOfWindowCallback(hadc);
1320:Drivers/STM32F4xx_HAL_Driver/Src/stm32f4xx_hal_adc.c **** #else
1321:Drivers/STM32F4xx_HAL_Driver/Src/stm32f4xx_hal_adc.c ****       HAL_ADC_LevelOutOfWindowCallback(hadc);
 1690              		.loc 1 1321 7
 1691 01c6 7868     		ldr	r0, [r7, #4]
 1692 01c8 FFF7FEFF 		bl	HAL_ADC_LevelOutOfWindowCallback
1322:Drivers/STM32F4xx_HAL_Driver/Src/stm32f4xx_hal_adc.c **** #endif /* USE_HAL_ADC_REGISTER_CALLBACKS */
1323:Drivers/STM32F4xx_HAL_Driver/Src/stm32f4xx_hal_adc.c **** 
1324:Drivers/STM32F4xx_HAL_Driver/Src/stm32f4xx_hal_adc.c ****       /* Clear the ADC analog watchdog flag */
1325:Drivers/STM32F4xx_HAL_Driver/Src/stm32f4xx_hal_adc.c ****       __HAL_ADC_CLEAR_FLAG(hadc, ADC_FLAG_AWD);
 1693              		.loc 1 1325 7
 1694 01cc 7B68     		ldr	r3, [r7, #4]
 1695 01ce 1B68     		ldr	r3, [r3]
 1696 01d0 6FF00102 		mvn	r2, #1
 1697 01d4 1A60     		str	r2, [r3]
 1698              	.L81:
1326:Drivers/STM32F4xx_HAL_Driver/Src/stm32f4xx_hal_adc.c ****     }
ARM GAS  /tmp/ccpBr0sa.s 			page 54


1327:Drivers/STM32F4xx_HAL_Driver/Src/stm32f4xx_hal_adc.c ****   }
1328:Drivers/STM32F4xx_HAL_Driver/Src/stm32f4xx_hal_adc.c **** 
1329:Drivers/STM32F4xx_HAL_Driver/Src/stm32f4xx_hal_adc.c ****   tmp1 = tmp_sr & ADC_FLAG_OVR;
 1699              		.loc 1 1329 8
 1700 01d6 FB68     		ldr	r3, [r7, #12]
 1701 01d8 03F02003 		and	r3, r3, #32
 1702 01dc 7B61     		str	r3, [r7, #20]
1330:Drivers/STM32F4xx_HAL_Driver/Src/stm32f4xx_hal_adc.c ****   tmp2 = tmp_cr1 & ADC_IT_OVR;
 1703              		.loc 1 1330 8
 1704 01de BB68     		ldr	r3, [r7, #8]
 1705 01e0 03F08063 		and	r3, r3, #67108864
 1706 01e4 3B61     		str	r3, [r7, #16]
1331:Drivers/STM32F4xx_HAL_Driver/Src/stm32f4xx_hal_adc.c ****   /* Check Overrun flag */
1332:Drivers/STM32F4xx_HAL_Driver/Src/stm32f4xx_hal_adc.c ****   if (tmp1 && tmp2)
 1707              		.loc 1 1332 6
 1708 01e6 7B69     		ldr	r3, [r7, #20]
 1709 01e8 002B     		cmp	r3, #0
 1710 01ea 15D0     		beq	.L83
 1711              		.loc 1 1332 12 discriminator 1
 1712 01ec 3B69     		ldr	r3, [r7, #16]
 1713 01ee 002B     		cmp	r3, #0
 1714 01f0 12D0     		beq	.L83
1333:Drivers/STM32F4xx_HAL_Driver/Src/stm32f4xx_hal_adc.c ****   {
1334:Drivers/STM32F4xx_HAL_Driver/Src/stm32f4xx_hal_adc.c ****     /* Note: On STM32F4, ADC overrun can be set through other parameters    */
1335:Drivers/STM32F4xx_HAL_Driver/Src/stm32f4xx_hal_adc.c ****     /*       refer to description of parameter "EOCSelection" for more      */
1336:Drivers/STM32F4xx_HAL_Driver/Src/stm32f4xx_hal_adc.c ****     /*       details.                                                       */
1337:Drivers/STM32F4xx_HAL_Driver/Src/stm32f4xx_hal_adc.c **** 
1338:Drivers/STM32F4xx_HAL_Driver/Src/stm32f4xx_hal_adc.c ****     /* Set ADC error code to overrun */
1339:Drivers/STM32F4xx_HAL_Driver/Src/stm32f4xx_hal_adc.c ****     SET_BIT(hadc->ErrorCode, HAL_ADC_ERROR_OVR);
 1715              		.loc 1 1339 5
 1716 01f2 7B68     		ldr	r3, [r7, #4]
 1717 01f4 5B6C     		ldr	r3, [r3, #68]
 1718 01f6 43F00202 		orr	r2, r3, #2
 1719 01fa 7B68     		ldr	r3, [r7, #4]
 1720 01fc 5A64     		str	r2, [r3, #68]
1340:Drivers/STM32F4xx_HAL_Driver/Src/stm32f4xx_hal_adc.c **** 
1341:Drivers/STM32F4xx_HAL_Driver/Src/stm32f4xx_hal_adc.c ****     /* Clear ADC overrun flag */
1342:Drivers/STM32F4xx_HAL_Driver/Src/stm32f4xx_hal_adc.c ****     __HAL_ADC_CLEAR_FLAG(hadc, ADC_FLAG_OVR);
 1721              		.loc 1 1342 5
 1722 01fe 7B68     		ldr	r3, [r7, #4]
 1723 0200 1B68     		ldr	r3, [r3]
 1724 0202 6FF02002 		mvn	r2, #32
 1725 0206 1A60     		str	r2, [r3]
1343:Drivers/STM32F4xx_HAL_Driver/Src/stm32f4xx_hal_adc.c **** 
1344:Drivers/STM32F4xx_HAL_Driver/Src/stm32f4xx_hal_adc.c ****     /* Error callback */
1345:Drivers/STM32F4xx_HAL_Driver/Src/stm32f4xx_hal_adc.c **** #if (USE_HAL_ADC_REGISTER_CALLBACKS == 1)
1346:Drivers/STM32F4xx_HAL_Driver/Src/stm32f4xx_hal_adc.c ****     hadc->ErrorCallback(hadc);
1347:Drivers/STM32F4xx_HAL_Driver/Src/stm32f4xx_hal_adc.c **** #else
1348:Drivers/STM32F4xx_HAL_Driver/Src/stm32f4xx_hal_adc.c ****     HAL_ADC_ErrorCallback(hadc);
 1726              		.loc 1 1348 5
 1727 0208 7868     		ldr	r0, [r7, #4]
 1728 020a FFF7FEFF 		bl	HAL_ADC_ErrorCallback
1349:Drivers/STM32F4xx_HAL_Driver/Src/stm32f4xx_hal_adc.c **** #endif /* USE_HAL_ADC_REGISTER_CALLBACKS */
1350:Drivers/STM32F4xx_HAL_Driver/Src/stm32f4xx_hal_adc.c **** 
1351:Drivers/STM32F4xx_HAL_Driver/Src/stm32f4xx_hal_adc.c ****     /* Clear the Overrun flag */
1352:Drivers/STM32F4xx_HAL_Driver/Src/stm32f4xx_hal_adc.c ****     __HAL_ADC_CLEAR_FLAG(hadc, ADC_FLAG_OVR);
 1729              		.loc 1 1352 5
ARM GAS  /tmp/ccpBr0sa.s 			page 55


 1730 020e 7B68     		ldr	r3, [r7, #4]
 1731 0210 1B68     		ldr	r3, [r3]
 1732 0212 6FF02002 		mvn	r2, #32
 1733 0216 1A60     		str	r2, [r3]
 1734              	.L83:
1353:Drivers/STM32F4xx_HAL_Driver/Src/stm32f4xx_hal_adc.c ****   }
1354:Drivers/STM32F4xx_HAL_Driver/Src/stm32f4xx_hal_adc.c **** }
 1735              		.loc 1 1354 1
 1736 0218 00BF     		nop
 1737 021a 1837     		adds	r7, r7, #24
 1738              	.LCFI59:
 1739              		.cfi_def_cfa_offset 8
 1740 021c BD46     		mov	sp, r7
 1741              	.LCFI60:
 1742              		.cfi_def_cfa_register 13
 1743              		@ sp needed
 1744 021e 80BD     		pop	{r7, pc}
 1745              		.cfi_endproc
 1746              	.LFE249:
 1748              		.section	.text.HAL_ADC_Start_DMA,"ax",%progbits
 1749              		.align	1
 1750              		.global	HAL_ADC_Start_DMA
 1751              		.syntax unified
 1752              		.thumb
 1753              		.thumb_func
 1755              	HAL_ADC_Start_DMA:
 1756              	.LFB250:
1355:Drivers/STM32F4xx_HAL_Driver/Src/stm32f4xx_hal_adc.c **** 
1356:Drivers/STM32F4xx_HAL_Driver/Src/stm32f4xx_hal_adc.c **** /**
1357:Drivers/STM32F4xx_HAL_Driver/Src/stm32f4xx_hal_adc.c ****   * @brief  Enables ADC DMA request after last transfer (Single-ADC mode) and enables ADC periphera
1358:Drivers/STM32F4xx_HAL_Driver/Src/stm32f4xx_hal_adc.c ****   * @param  hadc pointer to a ADC_HandleTypeDef structure that contains
1359:Drivers/STM32F4xx_HAL_Driver/Src/stm32f4xx_hal_adc.c ****   *         the configuration information for the specified ADC.
1360:Drivers/STM32F4xx_HAL_Driver/Src/stm32f4xx_hal_adc.c ****   * @param  pData The destination Buffer address.
1361:Drivers/STM32F4xx_HAL_Driver/Src/stm32f4xx_hal_adc.c ****   * @param  Length The length of data to be transferred from ADC peripheral to memory.
1362:Drivers/STM32F4xx_HAL_Driver/Src/stm32f4xx_hal_adc.c ****   * @retval HAL status
1363:Drivers/STM32F4xx_HAL_Driver/Src/stm32f4xx_hal_adc.c ****   */
1364:Drivers/STM32F4xx_HAL_Driver/Src/stm32f4xx_hal_adc.c **** HAL_StatusTypeDef HAL_ADC_Start_DMA(ADC_HandleTypeDef *hadc, uint32_t *pData, uint32_t Length)
1365:Drivers/STM32F4xx_HAL_Driver/Src/stm32f4xx_hal_adc.c **** {
 1757              		.loc 1 1365 1
 1758              		.cfi_startproc
 1759              		@ args = 0, pretend = 0, frame = 24
 1760              		@ frame_needed = 1, uses_anonymous_args = 0
 1761 0000 80B5     		push	{r7, lr}
 1762              	.LCFI61:
 1763              		.cfi_def_cfa_offset 8
 1764              		.cfi_offset 7, -8
 1765              		.cfi_offset 14, -4
 1766 0002 86B0     		sub	sp, sp, #24
 1767              	.LCFI62:
 1768              		.cfi_def_cfa_offset 32
 1769 0004 00AF     		add	r7, sp, #0
 1770              	.LCFI63:
 1771              		.cfi_def_cfa_register 7
 1772 0006 F860     		str	r0, [r7, #12]
 1773 0008 B960     		str	r1, [r7, #8]
 1774 000a 7A60     		str	r2, [r7, #4]
1366:Drivers/STM32F4xx_HAL_Driver/Src/stm32f4xx_hal_adc.c ****   __IO uint32_t counter = 0U;
ARM GAS  /tmp/ccpBr0sa.s 			page 56


 1775              		.loc 1 1366 17
 1776 000c 0023     		movs	r3, #0
 1777 000e 3B61     		str	r3, [r7, #16]
1367:Drivers/STM32F4xx_HAL_Driver/Src/stm32f4xx_hal_adc.c ****   ADC_Common_TypeDef *tmpADC_Common;
1368:Drivers/STM32F4xx_HAL_Driver/Src/stm32f4xx_hal_adc.c **** 
1369:Drivers/STM32F4xx_HAL_Driver/Src/stm32f4xx_hal_adc.c ****   /* Check the parameters */
1370:Drivers/STM32F4xx_HAL_Driver/Src/stm32f4xx_hal_adc.c ****   assert_param(IS_FUNCTIONAL_STATE(hadc->Init.ContinuousConvMode));
1371:Drivers/STM32F4xx_HAL_Driver/Src/stm32f4xx_hal_adc.c ****   assert_param(IS_ADC_EXT_TRIG_EDGE(hadc->Init.ExternalTrigConvEdge));
1372:Drivers/STM32F4xx_HAL_Driver/Src/stm32f4xx_hal_adc.c **** 
1373:Drivers/STM32F4xx_HAL_Driver/Src/stm32f4xx_hal_adc.c ****   /* Process locked */
1374:Drivers/STM32F4xx_HAL_Driver/Src/stm32f4xx_hal_adc.c ****   __HAL_LOCK(hadc);
 1778              		.loc 1 1374 3
 1779 0010 FB68     		ldr	r3, [r7, #12]
 1780 0012 93F83C30 		ldrb	r3, [r3, #60]	@ zero_extendqisi2
 1781 0016 012B     		cmp	r3, #1
 1782 0018 01D1     		bne	.L85
 1783              		.loc 1 1374 3 is_stmt 0 discriminator 1
 1784 001a 0223     		movs	r3, #2
 1785 001c E9E0     		b	.L86
 1786              	.L85:
 1787              		.loc 1 1374 3 discriminator 2
 1788 001e FB68     		ldr	r3, [r7, #12]
 1789 0020 0122     		movs	r2, #1
 1790 0022 83F83C20 		strb	r2, [r3, #60]
1375:Drivers/STM32F4xx_HAL_Driver/Src/stm32f4xx_hal_adc.c **** 
1376:Drivers/STM32F4xx_HAL_Driver/Src/stm32f4xx_hal_adc.c ****   /* Enable the ADC peripheral */
1377:Drivers/STM32F4xx_HAL_Driver/Src/stm32f4xx_hal_adc.c ****   /* Check if ADC peripheral is disabled in order to enable it and wait during
1378:Drivers/STM32F4xx_HAL_Driver/Src/stm32f4xx_hal_adc.c ****   Tstab time the ADC's stabilization */
1379:Drivers/STM32F4xx_HAL_Driver/Src/stm32f4xx_hal_adc.c ****   if ((hadc->Instance->CR2 & ADC_CR2_ADON) != ADC_CR2_ADON)
 1791              		.loc 1 1379 12 is_stmt 1 discriminator 2
 1792 0026 FB68     		ldr	r3, [r7, #12]
 1793 0028 1B68     		ldr	r3, [r3]
 1794              		.loc 1 1379 22 discriminator 2
 1795 002a 9B68     		ldr	r3, [r3, #8]
 1796              		.loc 1 1379 28 discriminator 2
 1797 002c 03F00103 		and	r3, r3, #1
 1798              		.loc 1 1379 6 discriminator 2
 1799 0030 012B     		cmp	r3, #1
 1800 0032 18D0     		beq	.L87
1380:Drivers/STM32F4xx_HAL_Driver/Src/stm32f4xx_hal_adc.c ****   {
1381:Drivers/STM32F4xx_HAL_Driver/Src/stm32f4xx_hal_adc.c ****     /* Enable the Peripheral */
1382:Drivers/STM32F4xx_HAL_Driver/Src/stm32f4xx_hal_adc.c ****     __HAL_ADC_ENABLE(hadc);
 1801              		.loc 1 1382 5
 1802 0034 FB68     		ldr	r3, [r7, #12]
 1803 0036 1B68     		ldr	r3, [r3]
 1804 0038 9A68     		ldr	r2, [r3, #8]
 1805 003a FB68     		ldr	r3, [r7, #12]
 1806 003c 1B68     		ldr	r3, [r3]
 1807 003e 42F00102 		orr	r2, r2, #1
 1808 0042 9A60     		str	r2, [r3, #8]
1383:Drivers/STM32F4xx_HAL_Driver/Src/stm32f4xx_hal_adc.c **** 
1384:Drivers/STM32F4xx_HAL_Driver/Src/stm32f4xx_hal_adc.c ****     /* Delay for ADC stabilization time */
1385:Drivers/STM32F4xx_HAL_Driver/Src/stm32f4xx_hal_adc.c ****     /* Compute number of CPU cycles to wait for */
1386:Drivers/STM32F4xx_HAL_Driver/Src/stm32f4xx_hal_adc.c ****     counter = (ADC_STAB_DELAY_US * (SystemCoreClock / 1000000U));
 1809              		.loc 1 1386 53
 1810 0044 6D4B     		ldr	r3, .L99
 1811 0046 1B68     		ldr	r3, [r3]
ARM GAS  /tmp/ccpBr0sa.s 			page 57


 1812 0048 6D4A     		ldr	r2, .L99+4
 1813 004a A2FB0323 		umull	r2, r3, r2, r3
 1814 004e 9A0C     		lsrs	r2, r3, #18
 1815              		.loc 1 1386 34
 1816 0050 1346     		mov	r3, r2
 1817 0052 5B00     		lsls	r3, r3, #1
 1818 0054 1344     		add	r3, r3, r2
 1819              		.loc 1 1386 13
 1820 0056 3B61     		str	r3, [r7, #16]
1387:Drivers/STM32F4xx_HAL_Driver/Src/stm32f4xx_hal_adc.c ****     while (counter != 0U)
 1821              		.loc 1 1387 11
 1822 0058 02E0     		b	.L88
 1823              	.L89:
1388:Drivers/STM32F4xx_HAL_Driver/Src/stm32f4xx_hal_adc.c ****     {
1389:Drivers/STM32F4xx_HAL_Driver/Src/stm32f4xx_hal_adc.c ****       counter--;
 1824              		.loc 1 1389 14
 1825 005a 3B69     		ldr	r3, [r7, #16]
 1826 005c 013B     		subs	r3, r3, #1
 1827 005e 3B61     		str	r3, [r7, #16]
 1828              	.L88:
1387:Drivers/STM32F4xx_HAL_Driver/Src/stm32f4xx_hal_adc.c ****     while (counter != 0U)
 1829              		.loc 1 1387 20
 1830 0060 3B69     		ldr	r3, [r7, #16]
 1831 0062 002B     		cmp	r3, #0
 1832 0064 F9D1     		bne	.L89
 1833              	.L87:
1390:Drivers/STM32F4xx_HAL_Driver/Src/stm32f4xx_hal_adc.c ****     }
1391:Drivers/STM32F4xx_HAL_Driver/Src/stm32f4xx_hal_adc.c ****   }
1392:Drivers/STM32F4xx_HAL_Driver/Src/stm32f4xx_hal_adc.c **** 
1393:Drivers/STM32F4xx_HAL_Driver/Src/stm32f4xx_hal_adc.c ****   /* Check ADC DMA Mode                                                     */
1394:Drivers/STM32F4xx_HAL_Driver/Src/stm32f4xx_hal_adc.c ****   /* - disable the DMA Mode if it is already enabled                        */
1395:Drivers/STM32F4xx_HAL_Driver/Src/stm32f4xx_hal_adc.c ****   if ((hadc->Instance->CR2 & ADC_CR2_DMA) == ADC_CR2_DMA)
 1834              		.loc 1 1395 12
 1835 0066 FB68     		ldr	r3, [r7, #12]
 1836 0068 1B68     		ldr	r3, [r3]
 1837              		.loc 1 1395 22
 1838 006a 9B68     		ldr	r3, [r3, #8]
 1839              		.loc 1 1395 28
 1840 006c 03F48073 		and	r3, r3, #256
 1841              		.loc 1 1395 6
 1842 0070 B3F5807F 		cmp	r3, #256
 1843 0074 07D1     		bne	.L90
1396:Drivers/STM32F4xx_HAL_Driver/Src/stm32f4xx_hal_adc.c ****   {
1397:Drivers/STM32F4xx_HAL_Driver/Src/stm32f4xx_hal_adc.c ****     CLEAR_BIT(hadc->Instance->CR2, ADC_CR2_DMA);
 1844              		.loc 1 1397 5
 1845 0076 FB68     		ldr	r3, [r7, #12]
 1846 0078 1B68     		ldr	r3, [r3]
 1847 007a 9A68     		ldr	r2, [r3, #8]
 1848 007c FB68     		ldr	r3, [r7, #12]
 1849 007e 1B68     		ldr	r3, [r3]
 1850 0080 22F48072 		bic	r2, r2, #256
 1851 0084 9A60     		str	r2, [r3, #8]
 1852              	.L90:
1398:Drivers/STM32F4xx_HAL_Driver/Src/stm32f4xx_hal_adc.c ****   }
1399:Drivers/STM32F4xx_HAL_Driver/Src/stm32f4xx_hal_adc.c **** 
1400:Drivers/STM32F4xx_HAL_Driver/Src/stm32f4xx_hal_adc.c ****   /* Start conversion if ADC is effectively enabled */
1401:Drivers/STM32F4xx_HAL_Driver/Src/stm32f4xx_hal_adc.c ****   if (HAL_IS_BIT_SET(hadc->Instance->CR2, ADC_CR2_ADON))
ARM GAS  /tmp/ccpBr0sa.s 			page 58


 1853              		.loc 1 1401 7
 1854 0086 FB68     		ldr	r3, [r7, #12]
 1855 0088 1B68     		ldr	r3, [r3]
 1856 008a 9B68     		ldr	r3, [r3, #8]
 1857 008c 03F00103 		and	r3, r3, #1
 1858              		.loc 1 1401 6
 1859 0090 012B     		cmp	r3, #1
 1860 0092 40F0A180 		bne	.L91
1402:Drivers/STM32F4xx_HAL_Driver/Src/stm32f4xx_hal_adc.c ****   {
1403:Drivers/STM32F4xx_HAL_Driver/Src/stm32f4xx_hal_adc.c ****     /* Set ADC state                                                          */
1404:Drivers/STM32F4xx_HAL_Driver/Src/stm32f4xx_hal_adc.c ****     /* - Clear state bitfield related to regular group conversion results     */
1405:Drivers/STM32F4xx_HAL_Driver/Src/stm32f4xx_hal_adc.c ****     /* - Set state bitfield related to regular group operation                */
1406:Drivers/STM32F4xx_HAL_Driver/Src/stm32f4xx_hal_adc.c ****     ADC_STATE_CLR_SET(hadc->State,
 1861              		.loc 1 1406 5
 1862 0096 FB68     		ldr	r3, [r7, #12]
 1863 0098 1B6C     		ldr	r3, [r3, #64]
 1864 009a 23F4E063 		bic	r3, r3, #1792
 1865 009e 23F00103 		bic	r3, r3, #1
 1866 00a2 43F48072 		orr	r2, r3, #256
 1867 00a6 FB68     		ldr	r3, [r7, #12]
 1868 00a8 1A64     		str	r2, [r3, #64]
1407:Drivers/STM32F4xx_HAL_Driver/Src/stm32f4xx_hal_adc.c ****                       HAL_ADC_STATE_READY | HAL_ADC_STATE_REG_EOC | HAL_ADC_STATE_REG_OVR,
1408:Drivers/STM32F4xx_HAL_Driver/Src/stm32f4xx_hal_adc.c ****                       HAL_ADC_STATE_REG_BUSY);
1409:Drivers/STM32F4xx_HAL_Driver/Src/stm32f4xx_hal_adc.c **** 
1410:Drivers/STM32F4xx_HAL_Driver/Src/stm32f4xx_hal_adc.c ****     /* If conversions on group regular are also triggering group injected,    */
1411:Drivers/STM32F4xx_HAL_Driver/Src/stm32f4xx_hal_adc.c ****     /* update ADC state.                                                      */
1412:Drivers/STM32F4xx_HAL_Driver/Src/stm32f4xx_hal_adc.c ****     if (READ_BIT(hadc->Instance->CR1, ADC_CR1_JAUTO) != RESET)
 1869              		.loc 1 1412 9
 1870 00aa FB68     		ldr	r3, [r7, #12]
 1871 00ac 1B68     		ldr	r3, [r3]
 1872 00ae 5B68     		ldr	r3, [r3, #4]
 1873 00b0 03F48063 		and	r3, r3, #1024
 1874              		.loc 1 1412 8
 1875 00b4 002B     		cmp	r3, #0
 1876 00b6 07D0     		beq	.L92
1413:Drivers/STM32F4xx_HAL_Driver/Src/stm32f4xx_hal_adc.c ****     {
1414:Drivers/STM32F4xx_HAL_Driver/Src/stm32f4xx_hal_adc.c ****       ADC_STATE_CLR_SET(hadc->State, HAL_ADC_STATE_INJ_EOC, HAL_ADC_STATE_INJ_BUSY);
 1877              		.loc 1 1414 7
 1878 00b8 FB68     		ldr	r3, [r7, #12]
 1879 00ba 1B6C     		ldr	r3, [r3, #64]
 1880 00bc 23F44053 		bic	r3, r3, #12288
 1881 00c0 43F48052 		orr	r2, r3, #4096
 1882 00c4 FB68     		ldr	r3, [r7, #12]
 1883 00c6 1A64     		str	r2, [r3, #64]
 1884              	.L92:
1415:Drivers/STM32F4xx_HAL_Driver/Src/stm32f4xx_hal_adc.c ****     }
1416:Drivers/STM32F4xx_HAL_Driver/Src/stm32f4xx_hal_adc.c **** 
1417:Drivers/STM32F4xx_HAL_Driver/Src/stm32f4xx_hal_adc.c ****     /* State machine update: Check if an injected conversion is ongoing */
1418:Drivers/STM32F4xx_HAL_Driver/Src/stm32f4xx_hal_adc.c ****     if (HAL_IS_BIT_SET(hadc->State, HAL_ADC_STATE_INJ_BUSY))
 1885              		.loc 1 1418 9
 1886 00c8 FB68     		ldr	r3, [r7, #12]
 1887 00ca 1B6C     		ldr	r3, [r3, #64]
 1888 00cc 03F48053 		and	r3, r3, #4096
 1889              		.loc 1 1418 8
 1890 00d0 B3F5805F 		cmp	r3, #4096
 1891 00d4 06D1     		bne	.L93
1419:Drivers/STM32F4xx_HAL_Driver/Src/stm32f4xx_hal_adc.c ****     {
ARM GAS  /tmp/ccpBr0sa.s 			page 59


1420:Drivers/STM32F4xx_HAL_Driver/Src/stm32f4xx_hal_adc.c ****       /* Reset ADC error code fields related to conversions on group regular */
1421:Drivers/STM32F4xx_HAL_Driver/Src/stm32f4xx_hal_adc.c ****       CLEAR_BIT(hadc->ErrorCode, (HAL_ADC_ERROR_OVR | HAL_ADC_ERROR_DMA));
 1892              		.loc 1 1421 7
 1893 00d6 FB68     		ldr	r3, [r7, #12]
 1894 00d8 5B6C     		ldr	r3, [r3, #68]
 1895 00da 23F00602 		bic	r2, r3, #6
 1896 00de FB68     		ldr	r3, [r7, #12]
 1897 00e0 5A64     		str	r2, [r3, #68]
 1898 00e2 02E0     		b	.L94
 1899              	.L93:
1422:Drivers/STM32F4xx_HAL_Driver/Src/stm32f4xx_hal_adc.c ****     }
1423:Drivers/STM32F4xx_HAL_Driver/Src/stm32f4xx_hal_adc.c ****     else
1424:Drivers/STM32F4xx_HAL_Driver/Src/stm32f4xx_hal_adc.c ****     {
1425:Drivers/STM32F4xx_HAL_Driver/Src/stm32f4xx_hal_adc.c ****       /* Reset ADC all error code fields */
1426:Drivers/STM32F4xx_HAL_Driver/Src/stm32f4xx_hal_adc.c ****       ADC_CLEAR_ERRORCODE(hadc);
 1900              		.loc 1 1426 7
 1901 00e4 FB68     		ldr	r3, [r7, #12]
 1902 00e6 0022     		movs	r2, #0
 1903 00e8 5A64     		str	r2, [r3, #68]
 1904              	.L94:
1427:Drivers/STM32F4xx_HAL_Driver/Src/stm32f4xx_hal_adc.c ****     }
1428:Drivers/STM32F4xx_HAL_Driver/Src/stm32f4xx_hal_adc.c **** 
1429:Drivers/STM32F4xx_HAL_Driver/Src/stm32f4xx_hal_adc.c ****     /* Process unlocked */
1430:Drivers/STM32F4xx_HAL_Driver/Src/stm32f4xx_hal_adc.c ****     /* Unlock before starting ADC conversions: in case of potential           */
1431:Drivers/STM32F4xx_HAL_Driver/Src/stm32f4xx_hal_adc.c ****     /* interruption, to let the process to ADC IRQ Handler.                   */
1432:Drivers/STM32F4xx_HAL_Driver/Src/stm32f4xx_hal_adc.c ****     __HAL_UNLOCK(hadc);
 1905              		.loc 1 1432 5
 1906 00ea FB68     		ldr	r3, [r7, #12]
 1907 00ec 0022     		movs	r2, #0
 1908 00ee 83F83C20 		strb	r2, [r3, #60]
1433:Drivers/STM32F4xx_HAL_Driver/Src/stm32f4xx_hal_adc.c **** 
1434:Drivers/STM32F4xx_HAL_Driver/Src/stm32f4xx_hal_adc.c ****     /* Pointer to the common control register to which is belonging hadc    */
1435:Drivers/STM32F4xx_HAL_Driver/Src/stm32f4xx_hal_adc.c ****     /* (Depending on STM32F4 product, there may be up to 3 ADCs and 1 common */
1436:Drivers/STM32F4xx_HAL_Driver/Src/stm32f4xx_hal_adc.c ****     /* control register)                                                    */
1437:Drivers/STM32F4xx_HAL_Driver/Src/stm32f4xx_hal_adc.c ****     tmpADC_Common = ADC_COMMON_REGISTER(hadc);
 1909              		.loc 1 1437 19
 1910 00f2 444B     		ldr	r3, .L99+8
 1911 00f4 7B61     		str	r3, [r7, #20]
1438:Drivers/STM32F4xx_HAL_Driver/Src/stm32f4xx_hal_adc.c **** 
1439:Drivers/STM32F4xx_HAL_Driver/Src/stm32f4xx_hal_adc.c ****     /* Set the DMA transfer complete callback */
1440:Drivers/STM32F4xx_HAL_Driver/Src/stm32f4xx_hal_adc.c ****     hadc->DMA_Handle->XferCpltCallback = ADC_DMAConvCplt;
 1912              		.loc 1 1440 9
 1913 00f6 FB68     		ldr	r3, [r7, #12]
 1914 00f8 9B6B     		ldr	r3, [r3, #56]
 1915              		.loc 1 1440 40
 1916 00fa 434A     		ldr	r2, .L99+12
 1917 00fc DA63     		str	r2, [r3, #60]
1441:Drivers/STM32F4xx_HAL_Driver/Src/stm32f4xx_hal_adc.c **** 
1442:Drivers/STM32F4xx_HAL_Driver/Src/stm32f4xx_hal_adc.c ****     /* Set the DMA half transfer complete callback */
1443:Drivers/STM32F4xx_HAL_Driver/Src/stm32f4xx_hal_adc.c ****     hadc->DMA_Handle->XferHalfCpltCallback = ADC_DMAHalfConvCplt;
 1918              		.loc 1 1443 9
 1919 00fe FB68     		ldr	r3, [r7, #12]
 1920 0100 9B6B     		ldr	r3, [r3, #56]
 1921              		.loc 1 1443 44
 1922 0102 424A     		ldr	r2, .L99+16
 1923 0104 1A64     		str	r2, [r3, #64]
1444:Drivers/STM32F4xx_HAL_Driver/Src/stm32f4xx_hal_adc.c **** 
ARM GAS  /tmp/ccpBr0sa.s 			page 60


1445:Drivers/STM32F4xx_HAL_Driver/Src/stm32f4xx_hal_adc.c ****     /* Set the DMA error callback */
1446:Drivers/STM32F4xx_HAL_Driver/Src/stm32f4xx_hal_adc.c ****     hadc->DMA_Handle->XferErrorCallback = ADC_DMAError;
 1924              		.loc 1 1446 9
 1925 0106 FB68     		ldr	r3, [r7, #12]
 1926 0108 9B6B     		ldr	r3, [r3, #56]
 1927              		.loc 1 1446 41
 1928 010a 414A     		ldr	r2, .L99+20
 1929 010c DA64     		str	r2, [r3, #76]
1447:Drivers/STM32F4xx_HAL_Driver/Src/stm32f4xx_hal_adc.c **** 
1448:Drivers/STM32F4xx_HAL_Driver/Src/stm32f4xx_hal_adc.c **** 
1449:Drivers/STM32F4xx_HAL_Driver/Src/stm32f4xx_hal_adc.c ****     /* Manage ADC and DMA start: ADC overrun interruption, DMA start, ADC     */
1450:Drivers/STM32F4xx_HAL_Driver/Src/stm32f4xx_hal_adc.c ****     /* start (in case of SW start):                                           */
1451:Drivers/STM32F4xx_HAL_Driver/Src/stm32f4xx_hal_adc.c **** 
1452:Drivers/STM32F4xx_HAL_Driver/Src/stm32f4xx_hal_adc.c ****     /* Clear regular group conversion flag and overrun flag */
1453:Drivers/STM32F4xx_HAL_Driver/Src/stm32f4xx_hal_adc.c ****     /* (To ensure of no unknown state from potential previous ADC operations) */
1454:Drivers/STM32F4xx_HAL_Driver/Src/stm32f4xx_hal_adc.c ****     __HAL_ADC_CLEAR_FLAG(hadc, ADC_FLAG_EOC | ADC_FLAG_OVR);
 1930              		.loc 1 1454 5
 1931 010e FB68     		ldr	r3, [r7, #12]
 1932 0110 1B68     		ldr	r3, [r3]
 1933 0112 6FF02202 		mvn	r2, #34
 1934 0116 1A60     		str	r2, [r3]
1455:Drivers/STM32F4xx_HAL_Driver/Src/stm32f4xx_hal_adc.c **** 
1456:Drivers/STM32F4xx_HAL_Driver/Src/stm32f4xx_hal_adc.c ****     /* Enable ADC overrun interrupt */
1457:Drivers/STM32F4xx_HAL_Driver/Src/stm32f4xx_hal_adc.c ****     __HAL_ADC_ENABLE_IT(hadc, ADC_IT_OVR);
 1935              		.loc 1 1457 5
 1936 0118 FB68     		ldr	r3, [r7, #12]
 1937 011a 1B68     		ldr	r3, [r3]
 1938 011c 5A68     		ldr	r2, [r3, #4]
 1939 011e FB68     		ldr	r3, [r7, #12]
 1940 0120 1B68     		ldr	r3, [r3]
 1941 0122 42F08062 		orr	r2, r2, #67108864
 1942 0126 5A60     		str	r2, [r3, #4]
1458:Drivers/STM32F4xx_HAL_Driver/Src/stm32f4xx_hal_adc.c **** 
1459:Drivers/STM32F4xx_HAL_Driver/Src/stm32f4xx_hal_adc.c ****     /* Enable ADC DMA mode */
1460:Drivers/STM32F4xx_HAL_Driver/Src/stm32f4xx_hal_adc.c ****     hadc->Instance->CR2 |= ADC_CR2_DMA;
 1943              		.loc 1 1460 9
 1944 0128 FB68     		ldr	r3, [r7, #12]
 1945 012a 1B68     		ldr	r3, [r3]
 1946              		.loc 1 1460 19
 1947 012c 9A68     		ldr	r2, [r3, #8]
 1948              		.loc 1 1460 9
 1949 012e FB68     		ldr	r3, [r7, #12]
 1950 0130 1B68     		ldr	r3, [r3]
 1951              		.loc 1 1460 25
 1952 0132 42F48072 		orr	r2, r2, #256
 1953 0136 9A60     		str	r2, [r3, #8]
1461:Drivers/STM32F4xx_HAL_Driver/Src/stm32f4xx_hal_adc.c **** 
1462:Drivers/STM32F4xx_HAL_Driver/Src/stm32f4xx_hal_adc.c ****     /* Start the DMA channel */
1463:Drivers/STM32F4xx_HAL_Driver/Src/stm32f4xx_hal_adc.c ****     HAL_DMA_Start_IT(hadc->DMA_Handle, (uint32_t)&hadc->Instance->DR, (uint32_t)pData, Length);
 1954              		.loc 1 1463 5
 1955 0138 FB68     		ldr	r3, [r7, #12]
 1956 013a 986B     		ldr	r0, [r3, #56]
 1957              		.loc 1 1463 55
 1958 013c FB68     		ldr	r3, [r7, #12]
 1959 013e 1B68     		ldr	r3, [r3]
 1960              		.loc 1 1463 50
 1961 0140 4C33     		adds	r3, r3, #76
ARM GAS  /tmp/ccpBr0sa.s 			page 61


 1962              		.loc 1 1463 5
 1963 0142 1946     		mov	r1, r3
 1964 0144 BA68     		ldr	r2, [r7, #8]
 1965 0146 7B68     		ldr	r3, [r7, #4]
 1966 0148 FFF7FEFF 		bl	HAL_DMA_Start_IT
1464:Drivers/STM32F4xx_HAL_Driver/Src/stm32f4xx_hal_adc.c **** 
1465:Drivers/STM32F4xx_HAL_Driver/Src/stm32f4xx_hal_adc.c ****     /* Check if Multimode enabled */
1466:Drivers/STM32F4xx_HAL_Driver/Src/stm32f4xx_hal_adc.c ****     if (HAL_IS_BIT_CLR(tmpADC_Common->CCR, ADC_CCR_MULTI))
 1967              		.loc 1 1466 9
 1968 014c 7B69     		ldr	r3, [r7, #20]
 1969 014e 5B68     		ldr	r3, [r3, #4]
 1970 0150 03F01F03 		and	r3, r3, #31
 1971              		.loc 1 1466 8
 1972 0154 002B     		cmp	r3, #0
 1973 0156 2AD1     		bne	.L95
1467:Drivers/STM32F4xx_HAL_Driver/Src/stm32f4xx_hal_adc.c ****     {
1468:Drivers/STM32F4xx_HAL_Driver/Src/stm32f4xx_hal_adc.c **** #if defined(ADC2) && defined(ADC3)
1469:Drivers/STM32F4xx_HAL_Driver/Src/stm32f4xx_hal_adc.c ****       if ((hadc->Instance == ADC1) || ((hadc->Instance == ADC2) && ((ADC->CCR & ADC_CCR_MULTI_Msk) 
 1974              		.loc 1 1469 16
 1975 0158 FB68     		ldr	r3, [r7, #12]
 1976 015a 1B68     		ldr	r3, [r3]
 1977              		.loc 1 1469 10
 1978 015c 2D4A     		ldr	r2, .L99+24
 1979 015e 9342     		cmp	r3, r2
 1980 0160 15D0     		beq	.L96
 1981              		.loc 1 1469 45 discriminator 1
 1982 0162 FB68     		ldr	r3, [r7, #12]
 1983 0164 1B68     		ldr	r3, [r3]
 1984              		.loc 1 1469 36 discriminator 1
 1985 0166 2C4A     		ldr	r2, .L99+28
 1986 0168 9342     		cmp	r3, r2
 1987 016a 05D1     		bne	.L97
 1988              		.loc 1 1469 73 discriminator 2
 1989 016c 254B     		ldr	r3, .L99+8
 1990 016e 5B68     		ldr	r3, [r3, #4]
 1991              		.loc 1 1469 79 discriminator 2
 1992 0170 03F01F03 		and	r3, r3, #31
 1993              		.loc 1 1469 65 discriminator 2
 1994 0174 002B     		cmp	r3, #0
 1995 0176 0AD0     		beq	.L96
 1996              	.L97:
1470:Drivers/STM32F4xx_HAL_Driver/Src/stm32f4xx_hal_adc.c ****           || ((hadc->Instance == ADC3) && ((ADC->CCR & ADC_CCR_MULTI_Msk) < ADC_CCR_MULTI_4)))
 1997              		.loc 1 1470 20
 1998 0178 FB68     		ldr	r3, [r7, #12]
 1999 017a 1B68     		ldr	r3, [r3]
 2000              		.loc 1 1470 11
 2001 017c 274A     		ldr	r2, .L99+32
 2002 017e 9342     		cmp	r3, r2
 2003 0180 36D1     		bne	.L98
 2004              		.loc 1 1470 48 discriminator 1
 2005 0182 204B     		ldr	r3, .L99+8
 2006 0184 5B68     		ldr	r3, [r3, #4]
 2007              		.loc 1 1470 75 discriminator 1
 2008 0186 03F01003 		and	r3, r3, #16
 2009              		.loc 1 1470 40 discriminator 1
 2010 018a 002B     		cmp	r3, #0
 2011 018c 30D1     		bne	.L98
ARM GAS  /tmp/ccpBr0sa.s 			page 62


 2012              	.L96:
1471:Drivers/STM32F4xx_HAL_Driver/Src/stm32f4xx_hal_adc.c ****       {
1472:Drivers/STM32F4xx_HAL_Driver/Src/stm32f4xx_hal_adc.c **** #endif /* ADC2 || ADC3 */
1473:Drivers/STM32F4xx_HAL_Driver/Src/stm32f4xx_hal_adc.c ****         /* if no external trigger present enable software conversion of regular channels */
1474:Drivers/STM32F4xx_HAL_Driver/Src/stm32f4xx_hal_adc.c ****         if ((hadc->Instance->CR2 & ADC_CR2_EXTEN) == RESET)
 2013              		.loc 1 1474 18
 2014 018e FB68     		ldr	r3, [r7, #12]
 2015 0190 1B68     		ldr	r3, [r3]
 2016              		.loc 1 1474 28
 2017 0192 9B68     		ldr	r3, [r3, #8]
 2018              		.loc 1 1474 34
 2019 0194 03F04053 		and	r3, r3, #805306368
 2020              		.loc 1 1474 12
 2021 0198 002B     		cmp	r3, #0
 2022 019a 29D1     		bne	.L98
1475:Drivers/STM32F4xx_HAL_Driver/Src/stm32f4xx_hal_adc.c ****         {
1476:Drivers/STM32F4xx_HAL_Driver/Src/stm32f4xx_hal_adc.c ****           /* Enable the selected ADC software conversion for regular group */
1477:Drivers/STM32F4xx_HAL_Driver/Src/stm32f4xx_hal_adc.c ****           hadc->Instance->CR2 |= (uint32_t)ADC_CR2_SWSTART;
 2023              		.loc 1 1477 15
 2024 019c FB68     		ldr	r3, [r7, #12]
 2025 019e 1B68     		ldr	r3, [r3]
 2026              		.loc 1 1477 25
 2027 01a0 9A68     		ldr	r2, [r3, #8]
 2028              		.loc 1 1477 15
 2029 01a2 FB68     		ldr	r3, [r7, #12]
 2030 01a4 1B68     		ldr	r3, [r3]
 2031              		.loc 1 1477 31
 2032 01a6 42F08042 		orr	r2, r2, #1073741824
 2033 01aa 9A60     		str	r2, [r3, #8]
 2034 01ac 20E0     		b	.L98
 2035              	.L95:
1478:Drivers/STM32F4xx_HAL_Driver/Src/stm32f4xx_hal_adc.c ****         }
1479:Drivers/STM32F4xx_HAL_Driver/Src/stm32f4xx_hal_adc.c **** #if defined(ADC2) && defined(ADC3)
1480:Drivers/STM32F4xx_HAL_Driver/Src/stm32f4xx_hal_adc.c ****       }
1481:Drivers/STM32F4xx_HAL_Driver/Src/stm32f4xx_hal_adc.c **** #endif /* ADC2 || ADC3 */
1482:Drivers/STM32F4xx_HAL_Driver/Src/stm32f4xx_hal_adc.c ****     }
1483:Drivers/STM32F4xx_HAL_Driver/Src/stm32f4xx_hal_adc.c ****     else
1484:Drivers/STM32F4xx_HAL_Driver/Src/stm32f4xx_hal_adc.c ****     {
1485:Drivers/STM32F4xx_HAL_Driver/Src/stm32f4xx_hal_adc.c ****       /* if instance of handle correspond to ADC1 and  no external trigger present enable software 
1486:Drivers/STM32F4xx_HAL_Driver/Src/stm32f4xx_hal_adc.c ****       if ((hadc->Instance == ADC1) && ((hadc->Instance->CR2 & ADC_CR2_EXTEN) == RESET))
 2036              		.loc 1 1486 16
 2037 01ae FB68     		ldr	r3, [r7, #12]
 2038 01b0 1B68     		ldr	r3, [r3]
 2039              		.loc 1 1486 10
 2040 01b2 184A     		ldr	r2, .L99+24
 2041 01b4 9342     		cmp	r3, r2
 2042 01b6 1BD1     		bne	.L98
 2043              		.loc 1 1486 45 discriminator 1
 2044 01b8 FB68     		ldr	r3, [r7, #12]
 2045 01ba 1B68     		ldr	r3, [r3]
 2046              		.loc 1 1486 55 discriminator 1
 2047 01bc 9B68     		ldr	r3, [r3, #8]
 2048              		.loc 1 1486 61 discriminator 1
 2049 01be 03F04053 		and	r3, r3, #805306368
 2050              		.loc 1 1486 36 discriminator 1
 2051 01c2 002B     		cmp	r3, #0
 2052 01c4 14D1     		bne	.L98
ARM GAS  /tmp/ccpBr0sa.s 			page 63


1487:Drivers/STM32F4xx_HAL_Driver/Src/stm32f4xx_hal_adc.c ****       {
1488:Drivers/STM32F4xx_HAL_Driver/Src/stm32f4xx_hal_adc.c ****         /* Enable the selected ADC software conversion for regular group */
1489:Drivers/STM32F4xx_HAL_Driver/Src/stm32f4xx_hal_adc.c ****         hadc->Instance->CR2 |= (uint32_t)ADC_CR2_SWSTART;
 2053              		.loc 1 1489 13
 2054 01c6 FB68     		ldr	r3, [r7, #12]
 2055 01c8 1B68     		ldr	r3, [r3]
 2056              		.loc 1 1489 23
 2057 01ca 9A68     		ldr	r2, [r3, #8]
 2058              		.loc 1 1489 13
 2059 01cc FB68     		ldr	r3, [r7, #12]
 2060 01ce 1B68     		ldr	r3, [r3]
 2061              		.loc 1 1489 29
 2062 01d0 42F08042 		orr	r2, r2, #1073741824
 2063 01d4 9A60     		str	r2, [r3, #8]
 2064 01d6 0BE0     		b	.L98
 2065              	.L91:
1490:Drivers/STM32F4xx_HAL_Driver/Src/stm32f4xx_hal_adc.c ****       }
1491:Drivers/STM32F4xx_HAL_Driver/Src/stm32f4xx_hal_adc.c ****     }
1492:Drivers/STM32F4xx_HAL_Driver/Src/stm32f4xx_hal_adc.c ****   }
1493:Drivers/STM32F4xx_HAL_Driver/Src/stm32f4xx_hal_adc.c ****   else
1494:Drivers/STM32F4xx_HAL_Driver/Src/stm32f4xx_hal_adc.c ****   {
1495:Drivers/STM32F4xx_HAL_Driver/Src/stm32f4xx_hal_adc.c ****     /* Update ADC state machine to error */
1496:Drivers/STM32F4xx_HAL_Driver/Src/stm32f4xx_hal_adc.c ****     SET_BIT(hadc->State, HAL_ADC_STATE_ERROR_INTERNAL);
 2066              		.loc 1 1496 5
 2067 01d8 FB68     		ldr	r3, [r7, #12]
 2068 01da 1B6C     		ldr	r3, [r3, #64]
 2069 01dc 43F01002 		orr	r2, r3, #16
 2070 01e0 FB68     		ldr	r3, [r7, #12]
 2071 01e2 1A64     		str	r2, [r3, #64]
1497:Drivers/STM32F4xx_HAL_Driver/Src/stm32f4xx_hal_adc.c **** 
1498:Drivers/STM32F4xx_HAL_Driver/Src/stm32f4xx_hal_adc.c ****     /* Set ADC error code to ADC IP internal error */
1499:Drivers/STM32F4xx_HAL_Driver/Src/stm32f4xx_hal_adc.c ****     SET_BIT(hadc->ErrorCode, HAL_ADC_ERROR_INTERNAL);
 2072              		.loc 1 1499 5
 2073 01e4 FB68     		ldr	r3, [r7, #12]
 2074 01e6 5B6C     		ldr	r3, [r3, #68]
 2075 01e8 43F00102 		orr	r2, r3, #1
 2076 01ec FB68     		ldr	r3, [r7, #12]
 2077 01ee 5A64     		str	r2, [r3, #68]
 2078              	.L98:
1500:Drivers/STM32F4xx_HAL_Driver/Src/stm32f4xx_hal_adc.c ****   }
1501:Drivers/STM32F4xx_HAL_Driver/Src/stm32f4xx_hal_adc.c **** 
1502:Drivers/STM32F4xx_HAL_Driver/Src/stm32f4xx_hal_adc.c ****   /* Return function status */
1503:Drivers/STM32F4xx_HAL_Driver/Src/stm32f4xx_hal_adc.c ****   return HAL_OK;
 2079              		.loc 1 1503 10
 2080 01f0 0023     		movs	r3, #0
 2081              	.L86:
1504:Drivers/STM32F4xx_HAL_Driver/Src/stm32f4xx_hal_adc.c **** }
 2082              		.loc 1 1504 1
 2083 01f2 1846     		mov	r0, r3
 2084 01f4 1837     		adds	r7, r7, #24
 2085              	.LCFI64:
 2086              		.cfi_def_cfa_offset 8
 2087 01f6 BD46     		mov	sp, r7
 2088              	.LCFI65:
 2089              		.cfi_def_cfa_register 13
 2090              		@ sp needed
 2091 01f8 80BD     		pop	{r7, pc}
ARM GAS  /tmp/ccpBr0sa.s 			page 64


 2092              	.L100:
 2093 01fa 00BF     		.align	2
 2094              	.L99:
 2095 01fc 00000000 		.word	SystemCoreClock
 2096 0200 83DE1B43 		.word	1125899907
 2097 0204 00230140 		.word	1073816320
 2098 0208 00000000 		.word	ADC_DMAConvCplt
 2099 020c 00000000 		.word	ADC_DMAHalfConvCplt
 2100 0210 00000000 		.word	ADC_DMAError
 2101 0214 00200140 		.word	1073815552
 2102 0218 00210140 		.word	1073815808
 2103 021c 00220140 		.word	1073816064
 2104              		.cfi_endproc
 2105              	.LFE250:
 2107              		.section	.text.HAL_ADC_Stop_DMA,"ax",%progbits
 2108              		.align	1
 2109              		.global	HAL_ADC_Stop_DMA
 2110              		.syntax unified
 2111              		.thumb
 2112              		.thumb_func
 2114              	HAL_ADC_Stop_DMA:
 2115              	.LFB251:
1505:Drivers/STM32F4xx_HAL_Driver/Src/stm32f4xx_hal_adc.c **** 
1506:Drivers/STM32F4xx_HAL_Driver/Src/stm32f4xx_hal_adc.c **** /**
1507:Drivers/STM32F4xx_HAL_Driver/Src/stm32f4xx_hal_adc.c ****   * @brief  Disables ADC DMA (Single-ADC mode) and disables ADC peripheral
1508:Drivers/STM32F4xx_HAL_Driver/Src/stm32f4xx_hal_adc.c ****   * @param  hadc pointer to a ADC_HandleTypeDef structure that contains
1509:Drivers/STM32F4xx_HAL_Driver/Src/stm32f4xx_hal_adc.c ****   *         the configuration information for the specified ADC.
1510:Drivers/STM32F4xx_HAL_Driver/Src/stm32f4xx_hal_adc.c ****   * @retval HAL status
1511:Drivers/STM32F4xx_HAL_Driver/Src/stm32f4xx_hal_adc.c ****   */
1512:Drivers/STM32F4xx_HAL_Driver/Src/stm32f4xx_hal_adc.c **** HAL_StatusTypeDef HAL_ADC_Stop_DMA(ADC_HandleTypeDef *hadc)
1513:Drivers/STM32F4xx_HAL_Driver/Src/stm32f4xx_hal_adc.c **** {
 2116              		.loc 1 1513 1
 2117              		.cfi_startproc
 2118              		@ args = 0, pretend = 0, frame = 16
 2119              		@ frame_needed = 1, uses_anonymous_args = 0
 2120 0000 80B5     		push	{r7, lr}
 2121              	.LCFI66:
 2122              		.cfi_def_cfa_offset 8
 2123              		.cfi_offset 7, -8
 2124              		.cfi_offset 14, -4
 2125 0002 84B0     		sub	sp, sp, #16
 2126              	.LCFI67:
 2127              		.cfi_def_cfa_offset 24
 2128 0004 00AF     		add	r7, sp, #0
 2129              	.LCFI68:
 2130              		.cfi_def_cfa_register 7
 2131 0006 7860     		str	r0, [r7, #4]
1514:Drivers/STM32F4xx_HAL_Driver/Src/stm32f4xx_hal_adc.c ****   HAL_StatusTypeDef tmp_hal_status = HAL_OK;
 2132              		.loc 1 1514 21
 2133 0008 0023     		movs	r3, #0
 2134 000a FB73     		strb	r3, [r7, #15]
1515:Drivers/STM32F4xx_HAL_Driver/Src/stm32f4xx_hal_adc.c **** 
1516:Drivers/STM32F4xx_HAL_Driver/Src/stm32f4xx_hal_adc.c ****   /* Check the parameters */
1517:Drivers/STM32F4xx_HAL_Driver/Src/stm32f4xx_hal_adc.c ****   assert_param(IS_ADC_ALL_INSTANCE(hadc->Instance));
1518:Drivers/STM32F4xx_HAL_Driver/Src/stm32f4xx_hal_adc.c **** 
1519:Drivers/STM32F4xx_HAL_Driver/Src/stm32f4xx_hal_adc.c ****   /* Process locked */
1520:Drivers/STM32F4xx_HAL_Driver/Src/stm32f4xx_hal_adc.c ****   __HAL_LOCK(hadc);
ARM GAS  /tmp/ccpBr0sa.s 			page 65


 2135              		.loc 1 1520 3
 2136 000c 7B68     		ldr	r3, [r7, #4]
 2137 000e 93F83C30 		ldrb	r3, [r3, #60]	@ zero_extendqisi2
 2138 0012 012B     		cmp	r3, #1
 2139 0014 01D1     		bne	.L102
 2140              		.loc 1 1520 3 is_stmt 0 discriminator 1
 2141 0016 0223     		movs	r3, #2
 2142 0018 48E0     		b	.L103
 2143              	.L102:
 2144              		.loc 1 1520 3 discriminator 2
 2145 001a 7B68     		ldr	r3, [r7, #4]
 2146 001c 0122     		movs	r2, #1
 2147 001e 83F83C20 		strb	r2, [r3, #60]
1521:Drivers/STM32F4xx_HAL_Driver/Src/stm32f4xx_hal_adc.c **** 
1522:Drivers/STM32F4xx_HAL_Driver/Src/stm32f4xx_hal_adc.c ****   /* Stop potential conversion on going, on regular and injected groups */
1523:Drivers/STM32F4xx_HAL_Driver/Src/stm32f4xx_hal_adc.c ****   /* Disable ADC peripheral */
1524:Drivers/STM32F4xx_HAL_Driver/Src/stm32f4xx_hal_adc.c ****   __HAL_ADC_DISABLE(hadc);
 2148              		.loc 1 1524 3 is_stmt 1 discriminator 2
 2149 0022 7B68     		ldr	r3, [r7, #4]
 2150 0024 1B68     		ldr	r3, [r3]
 2151 0026 9A68     		ldr	r2, [r3, #8]
 2152 0028 7B68     		ldr	r3, [r7, #4]
 2153 002a 1B68     		ldr	r3, [r3]
 2154 002c 22F00102 		bic	r2, r2, #1
 2155 0030 9A60     		str	r2, [r3, #8]
1525:Drivers/STM32F4xx_HAL_Driver/Src/stm32f4xx_hal_adc.c **** 
1526:Drivers/STM32F4xx_HAL_Driver/Src/stm32f4xx_hal_adc.c ****   /* Check if ADC is effectively disabled */
1527:Drivers/STM32F4xx_HAL_Driver/Src/stm32f4xx_hal_adc.c ****   if (HAL_IS_BIT_CLR(hadc->Instance->CR2, ADC_CR2_ADON))
 2156              		.loc 1 1527 7 discriminator 2
 2157 0032 7B68     		ldr	r3, [r7, #4]
 2158 0034 1B68     		ldr	r3, [r3]
 2159 0036 9B68     		ldr	r3, [r3, #8]
 2160 0038 03F00103 		and	r3, r3, #1
 2161              		.loc 1 1527 6 discriminator 2
 2162 003c 002B     		cmp	r3, #0
 2163 003e 30D1     		bne	.L104
1528:Drivers/STM32F4xx_HAL_Driver/Src/stm32f4xx_hal_adc.c ****   {
1529:Drivers/STM32F4xx_HAL_Driver/Src/stm32f4xx_hal_adc.c ****     /* Disable the selected ADC DMA mode */
1530:Drivers/STM32F4xx_HAL_Driver/Src/stm32f4xx_hal_adc.c ****     hadc->Instance->CR2 &= ~ADC_CR2_DMA;
 2164              		.loc 1 1530 9
 2165 0040 7B68     		ldr	r3, [r7, #4]
 2166 0042 1B68     		ldr	r3, [r3]
 2167              		.loc 1 1530 19
 2168 0044 9A68     		ldr	r2, [r3, #8]
 2169              		.loc 1 1530 9
 2170 0046 7B68     		ldr	r3, [r7, #4]
 2171 0048 1B68     		ldr	r3, [r3]
 2172              		.loc 1 1530 25
 2173 004a 22F48072 		bic	r2, r2, #256
 2174 004e 9A60     		str	r2, [r3, #8]
1531:Drivers/STM32F4xx_HAL_Driver/Src/stm32f4xx_hal_adc.c **** 
1532:Drivers/STM32F4xx_HAL_Driver/Src/stm32f4xx_hal_adc.c ****     /* Disable the DMA channel (in case of DMA in circular mode or stop while */
1533:Drivers/STM32F4xx_HAL_Driver/Src/stm32f4xx_hal_adc.c ****     /* DMA transfer is on going)                                              */
1534:Drivers/STM32F4xx_HAL_Driver/Src/stm32f4xx_hal_adc.c ****     if (hadc->DMA_Handle->State == HAL_DMA_STATE_BUSY)
 2175              		.loc 1 1534 13
 2176 0050 7B68     		ldr	r3, [r7, #4]
 2177 0052 9B6B     		ldr	r3, [r3, #56]
ARM GAS  /tmp/ccpBr0sa.s 			page 66


 2178              		.loc 1 1534 25
 2179 0054 93F83530 		ldrb	r3, [r3, #53]
 2180 0058 DBB2     		uxtb	r3, r3
 2181              		.loc 1 1534 8
 2182 005a 022B     		cmp	r3, #2
 2183 005c 0FD1     		bne	.L105
1535:Drivers/STM32F4xx_HAL_Driver/Src/stm32f4xx_hal_adc.c ****     {
1536:Drivers/STM32F4xx_HAL_Driver/Src/stm32f4xx_hal_adc.c ****       tmp_hal_status = HAL_DMA_Abort(hadc->DMA_Handle);
 2184              		.loc 1 1536 24
 2185 005e 7B68     		ldr	r3, [r7, #4]
 2186 0060 9B6B     		ldr	r3, [r3, #56]
 2187 0062 1846     		mov	r0, r3
 2188 0064 FFF7FEFF 		bl	HAL_DMA_Abort
 2189 0068 0346     		mov	r3, r0
 2190 006a FB73     		strb	r3, [r7, #15]
1537:Drivers/STM32F4xx_HAL_Driver/Src/stm32f4xx_hal_adc.c **** 
1538:Drivers/STM32F4xx_HAL_Driver/Src/stm32f4xx_hal_adc.c ****       /* Check if DMA channel effectively disabled */
1539:Drivers/STM32F4xx_HAL_Driver/Src/stm32f4xx_hal_adc.c ****       if (tmp_hal_status != HAL_OK)
 2191              		.loc 1 1539 10
 2192 006c FB7B     		ldrb	r3, [r7, #15]	@ zero_extendqisi2
 2193 006e 002B     		cmp	r3, #0
 2194 0070 05D0     		beq	.L105
1540:Drivers/STM32F4xx_HAL_Driver/Src/stm32f4xx_hal_adc.c ****       {
1541:Drivers/STM32F4xx_HAL_Driver/Src/stm32f4xx_hal_adc.c ****         /* Update ADC state machine to error */
1542:Drivers/STM32F4xx_HAL_Driver/Src/stm32f4xx_hal_adc.c ****         SET_BIT(hadc->State, HAL_ADC_STATE_ERROR_DMA);
 2195              		.loc 1 1542 9
 2196 0072 7B68     		ldr	r3, [r7, #4]
 2197 0074 1B6C     		ldr	r3, [r3, #64]
 2198 0076 43F04002 		orr	r2, r3, #64
 2199 007a 7B68     		ldr	r3, [r7, #4]
 2200 007c 1A64     		str	r2, [r3, #64]
 2201              	.L105:
1543:Drivers/STM32F4xx_HAL_Driver/Src/stm32f4xx_hal_adc.c ****       }
1544:Drivers/STM32F4xx_HAL_Driver/Src/stm32f4xx_hal_adc.c ****     }
1545:Drivers/STM32F4xx_HAL_Driver/Src/stm32f4xx_hal_adc.c **** 
1546:Drivers/STM32F4xx_HAL_Driver/Src/stm32f4xx_hal_adc.c ****     /* Disable ADC overrun interrupt */
1547:Drivers/STM32F4xx_HAL_Driver/Src/stm32f4xx_hal_adc.c ****     __HAL_ADC_DISABLE_IT(hadc, ADC_IT_OVR);
 2202              		.loc 1 1547 5
 2203 007e 7B68     		ldr	r3, [r7, #4]
 2204 0080 1B68     		ldr	r3, [r3]
 2205 0082 5A68     		ldr	r2, [r3, #4]
 2206 0084 7B68     		ldr	r3, [r7, #4]
 2207 0086 1B68     		ldr	r3, [r3]
 2208 0088 22F08062 		bic	r2, r2, #67108864
 2209 008c 5A60     		str	r2, [r3, #4]
1548:Drivers/STM32F4xx_HAL_Driver/Src/stm32f4xx_hal_adc.c **** 
1549:Drivers/STM32F4xx_HAL_Driver/Src/stm32f4xx_hal_adc.c ****     /* Set ADC state */
1550:Drivers/STM32F4xx_HAL_Driver/Src/stm32f4xx_hal_adc.c ****     ADC_STATE_CLR_SET(hadc->State,
 2210              		.loc 1 1550 5
 2211 008e 7B68     		ldr	r3, [r7, #4]
 2212 0090 1B6C     		ldr	r3, [r3, #64]
 2213 0092 23F48853 		bic	r3, r3, #4352
 2214 0096 23F00103 		bic	r3, r3, #1
 2215 009a 43F00102 		orr	r2, r3, #1
 2216 009e 7B68     		ldr	r3, [r7, #4]
 2217 00a0 1A64     		str	r2, [r3, #64]
 2218              	.L104:
ARM GAS  /tmp/ccpBr0sa.s 			page 67


1551:Drivers/STM32F4xx_HAL_Driver/Src/stm32f4xx_hal_adc.c ****                       HAL_ADC_STATE_REG_BUSY | HAL_ADC_STATE_INJ_BUSY,
1552:Drivers/STM32F4xx_HAL_Driver/Src/stm32f4xx_hal_adc.c ****                       HAL_ADC_STATE_READY);
1553:Drivers/STM32F4xx_HAL_Driver/Src/stm32f4xx_hal_adc.c ****   }
1554:Drivers/STM32F4xx_HAL_Driver/Src/stm32f4xx_hal_adc.c **** 
1555:Drivers/STM32F4xx_HAL_Driver/Src/stm32f4xx_hal_adc.c ****   /* Process unlocked */
1556:Drivers/STM32F4xx_HAL_Driver/Src/stm32f4xx_hal_adc.c ****   __HAL_UNLOCK(hadc);
 2219              		.loc 1 1556 3
 2220 00a2 7B68     		ldr	r3, [r7, #4]
 2221 00a4 0022     		movs	r2, #0
 2222 00a6 83F83C20 		strb	r2, [r3, #60]
1557:Drivers/STM32F4xx_HAL_Driver/Src/stm32f4xx_hal_adc.c **** 
1558:Drivers/STM32F4xx_HAL_Driver/Src/stm32f4xx_hal_adc.c ****   /* Return function status */
1559:Drivers/STM32F4xx_HAL_Driver/Src/stm32f4xx_hal_adc.c ****   return tmp_hal_status;
 2223              		.loc 1 1559 10
 2224 00aa FB7B     		ldrb	r3, [r7, #15]	@ zero_extendqisi2
 2225              	.L103:
1560:Drivers/STM32F4xx_HAL_Driver/Src/stm32f4xx_hal_adc.c **** }
 2226              		.loc 1 1560 1
 2227 00ac 1846     		mov	r0, r3
 2228 00ae 1037     		adds	r7, r7, #16
 2229              	.LCFI69:
 2230              		.cfi_def_cfa_offset 8
 2231 00b0 BD46     		mov	sp, r7
 2232              	.LCFI70:
 2233              		.cfi_def_cfa_register 13
 2234              		@ sp needed
 2235 00b2 80BD     		pop	{r7, pc}
 2236              		.cfi_endproc
 2237              	.LFE251:
 2239              		.section	.text.HAL_ADC_GetValue,"ax",%progbits
 2240              		.align	1
 2241              		.global	HAL_ADC_GetValue
 2242              		.syntax unified
 2243              		.thumb
 2244              		.thumb_func
 2246              	HAL_ADC_GetValue:
 2247              	.LFB252:
1561:Drivers/STM32F4xx_HAL_Driver/Src/stm32f4xx_hal_adc.c **** 
1562:Drivers/STM32F4xx_HAL_Driver/Src/stm32f4xx_hal_adc.c **** /**
1563:Drivers/STM32F4xx_HAL_Driver/Src/stm32f4xx_hal_adc.c ****   * @brief  Gets the converted value from data register of regular channel.
1564:Drivers/STM32F4xx_HAL_Driver/Src/stm32f4xx_hal_adc.c ****   * @param  hadc pointer to a ADC_HandleTypeDef structure that contains
1565:Drivers/STM32F4xx_HAL_Driver/Src/stm32f4xx_hal_adc.c ****   *         the configuration information for the specified ADC.
1566:Drivers/STM32F4xx_HAL_Driver/Src/stm32f4xx_hal_adc.c ****   * @retval Converted value
1567:Drivers/STM32F4xx_HAL_Driver/Src/stm32f4xx_hal_adc.c ****   */
1568:Drivers/STM32F4xx_HAL_Driver/Src/stm32f4xx_hal_adc.c **** uint32_t HAL_ADC_GetValue(ADC_HandleTypeDef *hadc)
1569:Drivers/STM32F4xx_HAL_Driver/Src/stm32f4xx_hal_adc.c **** {
 2248              		.loc 1 1569 1
 2249              		.cfi_startproc
 2250              		@ args = 0, pretend = 0, frame = 8
 2251              		@ frame_needed = 1, uses_anonymous_args = 0
 2252              		@ link register save eliminated.
 2253 0000 80B4     		push	{r7}
 2254              	.LCFI71:
 2255              		.cfi_def_cfa_offset 4
 2256              		.cfi_offset 7, -4
 2257 0002 83B0     		sub	sp, sp, #12
 2258              	.LCFI72:
ARM GAS  /tmp/ccpBr0sa.s 			page 68


 2259              		.cfi_def_cfa_offset 16
 2260 0004 00AF     		add	r7, sp, #0
 2261              	.LCFI73:
 2262              		.cfi_def_cfa_register 7
 2263 0006 7860     		str	r0, [r7, #4]
1570:Drivers/STM32F4xx_HAL_Driver/Src/stm32f4xx_hal_adc.c ****   /* Return the selected ADC converted value */
1571:Drivers/STM32F4xx_HAL_Driver/Src/stm32f4xx_hal_adc.c ****   return hadc->Instance->DR;
 2264              		.loc 1 1571 14
 2265 0008 7B68     		ldr	r3, [r7, #4]
 2266 000a 1B68     		ldr	r3, [r3]
 2267              		.loc 1 1571 24
 2268 000c DB6C     		ldr	r3, [r3, #76]
1572:Drivers/STM32F4xx_HAL_Driver/Src/stm32f4xx_hal_adc.c **** }
 2269              		.loc 1 1572 1
 2270 000e 1846     		mov	r0, r3
 2271 0010 0C37     		adds	r7, r7, #12
 2272              	.LCFI74:
 2273              		.cfi_def_cfa_offset 4
 2274 0012 BD46     		mov	sp, r7
 2275              	.LCFI75:
 2276              		.cfi_def_cfa_register 13
 2277              		@ sp needed
 2278 0014 5DF8047B 		ldr	r7, [sp], #4
 2279              	.LCFI76:
 2280              		.cfi_restore 7
 2281              		.cfi_def_cfa_offset 0
 2282 0018 7047     		bx	lr
 2283              		.cfi_endproc
 2284              	.LFE252:
 2286              		.section	.text.HAL_ADC_ConvCpltCallback,"ax",%progbits
 2287              		.align	1
 2288              		.weak	HAL_ADC_ConvCpltCallback
 2289              		.syntax unified
 2290              		.thumb
 2291              		.thumb_func
 2293              	HAL_ADC_ConvCpltCallback:
 2294              	.LFB253:
1573:Drivers/STM32F4xx_HAL_Driver/Src/stm32f4xx_hal_adc.c **** 
1574:Drivers/STM32F4xx_HAL_Driver/Src/stm32f4xx_hal_adc.c **** /**
1575:Drivers/STM32F4xx_HAL_Driver/Src/stm32f4xx_hal_adc.c ****   * @brief  Regular conversion complete callback in non blocking mode
1576:Drivers/STM32F4xx_HAL_Driver/Src/stm32f4xx_hal_adc.c ****   * @param  hadc pointer to a ADC_HandleTypeDef structure that contains
1577:Drivers/STM32F4xx_HAL_Driver/Src/stm32f4xx_hal_adc.c ****   *         the configuration information for the specified ADC.
1578:Drivers/STM32F4xx_HAL_Driver/Src/stm32f4xx_hal_adc.c ****   * @retval None
1579:Drivers/STM32F4xx_HAL_Driver/Src/stm32f4xx_hal_adc.c ****   */
1580:Drivers/STM32F4xx_HAL_Driver/Src/stm32f4xx_hal_adc.c **** __weak void HAL_ADC_ConvCpltCallback(ADC_HandleTypeDef *hadc)
1581:Drivers/STM32F4xx_HAL_Driver/Src/stm32f4xx_hal_adc.c **** {
 2295              		.loc 1 1581 1
 2296              		.cfi_startproc
 2297              		@ args = 0, pretend = 0, frame = 8
 2298              		@ frame_needed = 1, uses_anonymous_args = 0
 2299              		@ link register save eliminated.
 2300 0000 80B4     		push	{r7}
 2301              	.LCFI77:
 2302              		.cfi_def_cfa_offset 4
 2303              		.cfi_offset 7, -4
 2304 0002 83B0     		sub	sp, sp, #12
 2305              	.LCFI78:
ARM GAS  /tmp/ccpBr0sa.s 			page 69


 2306              		.cfi_def_cfa_offset 16
 2307 0004 00AF     		add	r7, sp, #0
 2308              	.LCFI79:
 2309              		.cfi_def_cfa_register 7
 2310 0006 7860     		str	r0, [r7, #4]
1582:Drivers/STM32F4xx_HAL_Driver/Src/stm32f4xx_hal_adc.c ****   /* Prevent unused argument(s) compilation warning */
1583:Drivers/STM32F4xx_HAL_Driver/Src/stm32f4xx_hal_adc.c ****   UNUSED(hadc);
1584:Drivers/STM32F4xx_HAL_Driver/Src/stm32f4xx_hal_adc.c ****   /* NOTE : This function Should not be modified, when the callback is needed,
1585:Drivers/STM32F4xx_HAL_Driver/Src/stm32f4xx_hal_adc.c ****             the HAL_ADC_ConvCpltCallback could be implemented in the user file
1586:Drivers/STM32F4xx_HAL_Driver/Src/stm32f4xx_hal_adc.c ****    */
1587:Drivers/STM32F4xx_HAL_Driver/Src/stm32f4xx_hal_adc.c **** }
 2311              		.loc 1 1587 1
 2312 0008 00BF     		nop
 2313 000a 0C37     		adds	r7, r7, #12
 2314              	.LCFI80:
 2315              		.cfi_def_cfa_offset 4
 2316 000c BD46     		mov	sp, r7
 2317              	.LCFI81:
 2318              		.cfi_def_cfa_register 13
 2319              		@ sp needed
 2320 000e 5DF8047B 		ldr	r7, [sp], #4
 2321              	.LCFI82:
 2322              		.cfi_restore 7
 2323              		.cfi_def_cfa_offset 0
 2324 0012 7047     		bx	lr
 2325              		.cfi_endproc
 2326              	.LFE253:
 2328              		.section	.text.HAL_ADC_ConvHalfCpltCallback,"ax",%progbits
 2329              		.align	1
 2330              		.weak	HAL_ADC_ConvHalfCpltCallback
 2331              		.syntax unified
 2332              		.thumb
 2333              		.thumb_func
 2335              	HAL_ADC_ConvHalfCpltCallback:
 2336              	.LFB254:
1588:Drivers/STM32F4xx_HAL_Driver/Src/stm32f4xx_hal_adc.c **** 
1589:Drivers/STM32F4xx_HAL_Driver/Src/stm32f4xx_hal_adc.c **** /**
1590:Drivers/STM32F4xx_HAL_Driver/Src/stm32f4xx_hal_adc.c ****   * @brief  Regular conversion half DMA transfer callback in non blocking mode
1591:Drivers/STM32F4xx_HAL_Driver/Src/stm32f4xx_hal_adc.c ****   * @param  hadc pointer to a ADC_HandleTypeDef structure that contains
1592:Drivers/STM32F4xx_HAL_Driver/Src/stm32f4xx_hal_adc.c ****   *         the configuration information for the specified ADC.
1593:Drivers/STM32F4xx_HAL_Driver/Src/stm32f4xx_hal_adc.c ****   * @retval None
1594:Drivers/STM32F4xx_HAL_Driver/Src/stm32f4xx_hal_adc.c ****   */
1595:Drivers/STM32F4xx_HAL_Driver/Src/stm32f4xx_hal_adc.c **** __weak void HAL_ADC_ConvHalfCpltCallback(ADC_HandleTypeDef *hadc)
1596:Drivers/STM32F4xx_HAL_Driver/Src/stm32f4xx_hal_adc.c **** {
 2337              		.loc 1 1596 1
 2338              		.cfi_startproc
 2339              		@ args = 0, pretend = 0, frame = 8
 2340              		@ frame_needed = 1, uses_anonymous_args = 0
 2341              		@ link register save eliminated.
 2342 0000 80B4     		push	{r7}
 2343              	.LCFI83:
 2344              		.cfi_def_cfa_offset 4
 2345              		.cfi_offset 7, -4
 2346 0002 83B0     		sub	sp, sp, #12
 2347              	.LCFI84:
 2348              		.cfi_def_cfa_offset 16
 2349 0004 00AF     		add	r7, sp, #0
ARM GAS  /tmp/ccpBr0sa.s 			page 70


 2350              	.LCFI85:
 2351              		.cfi_def_cfa_register 7
 2352 0006 7860     		str	r0, [r7, #4]
1597:Drivers/STM32F4xx_HAL_Driver/Src/stm32f4xx_hal_adc.c ****   /* Prevent unused argument(s) compilation warning */
1598:Drivers/STM32F4xx_HAL_Driver/Src/stm32f4xx_hal_adc.c ****   UNUSED(hadc);
1599:Drivers/STM32F4xx_HAL_Driver/Src/stm32f4xx_hal_adc.c ****   /* NOTE : This function Should not be modified, when the callback is needed,
1600:Drivers/STM32F4xx_HAL_Driver/Src/stm32f4xx_hal_adc.c ****             the HAL_ADC_ConvHalfCpltCallback could be implemented in the user file
1601:Drivers/STM32F4xx_HAL_Driver/Src/stm32f4xx_hal_adc.c ****    */
1602:Drivers/STM32F4xx_HAL_Driver/Src/stm32f4xx_hal_adc.c **** }
 2353              		.loc 1 1602 1
 2354 0008 00BF     		nop
 2355 000a 0C37     		adds	r7, r7, #12
 2356              	.LCFI86:
 2357              		.cfi_def_cfa_offset 4
 2358 000c BD46     		mov	sp, r7
 2359              	.LCFI87:
 2360              		.cfi_def_cfa_register 13
 2361              		@ sp needed
 2362 000e 5DF8047B 		ldr	r7, [sp], #4
 2363              	.LCFI88:
 2364              		.cfi_restore 7
 2365              		.cfi_def_cfa_offset 0
 2366 0012 7047     		bx	lr
 2367              		.cfi_endproc
 2368              	.LFE254:
 2370              		.section	.text.HAL_ADC_LevelOutOfWindowCallback,"ax",%progbits
 2371              		.align	1
 2372              		.weak	HAL_ADC_LevelOutOfWindowCallback
 2373              		.syntax unified
 2374              		.thumb
 2375              		.thumb_func
 2377              	HAL_ADC_LevelOutOfWindowCallback:
 2378              	.LFB255:
1603:Drivers/STM32F4xx_HAL_Driver/Src/stm32f4xx_hal_adc.c **** 
1604:Drivers/STM32F4xx_HAL_Driver/Src/stm32f4xx_hal_adc.c **** /**
1605:Drivers/STM32F4xx_HAL_Driver/Src/stm32f4xx_hal_adc.c ****   * @brief  Analog watchdog callback in non blocking mode
1606:Drivers/STM32F4xx_HAL_Driver/Src/stm32f4xx_hal_adc.c ****   * @param  hadc pointer to a ADC_HandleTypeDef structure that contains
1607:Drivers/STM32F4xx_HAL_Driver/Src/stm32f4xx_hal_adc.c ****   *         the configuration information for the specified ADC.
1608:Drivers/STM32F4xx_HAL_Driver/Src/stm32f4xx_hal_adc.c ****   * @retval None
1609:Drivers/STM32F4xx_HAL_Driver/Src/stm32f4xx_hal_adc.c ****   */
1610:Drivers/STM32F4xx_HAL_Driver/Src/stm32f4xx_hal_adc.c **** __weak void HAL_ADC_LevelOutOfWindowCallback(ADC_HandleTypeDef *hadc)
1611:Drivers/STM32F4xx_HAL_Driver/Src/stm32f4xx_hal_adc.c **** {
 2379              		.loc 1 1611 1
 2380              		.cfi_startproc
 2381              		@ args = 0, pretend = 0, frame = 8
 2382              		@ frame_needed = 1, uses_anonymous_args = 0
 2383              		@ link register save eliminated.
 2384 0000 80B4     		push	{r7}
 2385              	.LCFI89:
 2386              		.cfi_def_cfa_offset 4
 2387              		.cfi_offset 7, -4
 2388 0002 83B0     		sub	sp, sp, #12
 2389              	.LCFI90:
 2390              		.cfi_def_cfa_offset 16
 2391 0004 00AF     		add	r7, sp, #0
 2392              	.LCFI91:
 2393              		.cfi_def_cfa_register 7
ARM GAS  /tmp/ccpBr0sa.s 			page 71


 2394 0006 7860     		str	r0, [r7, #4]
1612:Drivers/STM32F4xx_HAL_Driver/Src/stm32f4xx_hal_adc.c ****   /* Prevent unused argument(s) compilation warning */
1613:Drivers/STM32F4xx_HAL_Driver/Src/stm32f4xx_hal_adc.c ****   UNUSED(hadc);
1614:Drivers/STM32F4xx_HAL_Driver/Src/stm32f4xx_hal_adc.c ****   /* NOTE : This function Should not be modified, when the callback is needed,
1615:Drivers/STM32F4xx_HAL_Driver/Src/stm32f4xx_hal_adc.c ****             the HAL_ADC_LevelOoutOfWindowCallback could be implemented in the user file
1616:Drivers/STM32F4xx_HAL_Driver/Src/stm32f4xx_hal_adc.c ****    */
1617:Drivers/STM32F4xx_HAL_Driver/Src/stm32f4xx_hal_adc.c **** }
 2395              		.loc 1 1617 1
 2396 0008 00BF     		nop
 2397 000a 0C37     		adds	r7, r7, #12
 2398              	.LCFI92:
 2399              		.cfi_def_cfa_offset 4
 2400 000c BD46     		mov	sp, r7
 2401              	.LCFI93:
 2402              		.cfi_def_cfa_register 13
 2403              		@ sp needed
 2404 000e 5DF8047B 		ldr	r7, [sp], #4
 2405              	.LCFI94:
 2406              		.cfi_restore 7
 2407              		.cfi_def_cfa_offset 0
 2408 0012 7047     		bx	lr
 2409              		.cfi_endproc
 2410              	.LFE255:
 2412              		.section	.text.HAL_ADC_ErrorCallback,"ax",%progbits
 2413              		.align	1
 2414              		.weak	HAL_ADC_ErrorCallback
 2415              		.syntax unified
 2416              		.thumb
 2417              		.thumb_func
 2419              	HAL_ADC_ErrorCallback:
 2420              	.LFB256:
1618:Drivers/STM32F4xx_HAL_Driver/Src/stm32f4xx_hal_adc.c **** 
1619:Drivers/STM32F4xx_HAL_Driver/Src/stm32f4xx_hal_adc.c **** /**
1620:Drivers/STM32F4xx_HAL_Driver/Src/stm32f4xx_hal_adc.c ****   * @brief  Error ADC callback.
1621:Drivers/STM32F4xx_HAL_Driver/Src/stm32f4xx_hal_adc.c ****   * @note   In case of error due to overrun when using ADC with DMA transfer
1622:Drivers/STM32F4xx_HAL_Driver/Src/stm32f4xx_hal_adc.c ****   *         (HAL ADC handle parameter "ErrorCode" to state "HAL_ADC_ERROR_OVR"):
1623:Drivers/STM32F4xx_HAL_Driver/Src/stm32f4xx_hal_adc.c ****   *         - Reinitialize the DMA using function "HAL_ADC_Stop_DMA()".
1624:Drivers/STM32F4xx_HAL_Driver/Src/stm32f4xx_hal_adc.c ****   *         - If needed, restart a new ADC conversion using function
1625:Drivers/STM32F4xx_HAL_Driver/Src/stm32f4xx_hal_adc.c ****   *           "HAL_ADC_Start_DMA()"
1626:Drivers/STM32F4xx_HAL_Driver/Src/stm32f4xx_hal_adc.c ****   *           (this function is also clearing overrun flag)
1627:Drivers/STM32F4xx_HAL_Driver/Src/stm32f4xx_hal_adc.c ****   * @param  hadc pointer to a ADC_HandleTypeDef structure that contains
1628:Drivers/STM32F4xx_HAL_Driver/Src/stm32f4xx_hal_adc.c ****   *         the configuration information for the specified ADC.
1629:Drivers/STM32F4xx_HAL_Driver/Src/stm32f4xx_hal_adc.c ****   * @retval None
1630:Drivers/STM32F4xx_HAL_Driver/Src/stm32f4xx_hal_adc.c ****   */
1631:Drivers/STM32F4xx_HAL_Driver/Src/stm32f4xx_hal_adc.c **** __weak void HAL_ADC_ErrorCallback(ADC_HandleTypeDef *hadc)
1632:Drivers/STM32F4xx_HAL_Driver/Src/stm32f4xx_hal_adc.c **** {
 2421              		.loc 1 1632 1
 2422              		.cfi_startproc
 2423              		@ args = 0, pretend = 0, frame = 8
 2424              		@ frame_needed = 1, uses_anonymous_args = 0
 2425              		@ link register save eliminated.
 2426 0000 80B4     		push	{r7}
 2427              	.LCFI95:
 2428              		.cfi_def_cfa_offset 4
 2429              		.cfi_offset 7, -4
 2430 0002 83B0     		sub	sp, sp, #12
 2431              	.LCFI96:
ARM GAS  /tmp/ccpBr0sa.s 			page 72


 2432              		.cfi_def_cfa_offset 16
 2433 0004 00AF     		add	r7, sp, #0
 2434              	.LCFI97:
 2435              		.cfi_def_cfa_register 7
 2436 0006 7860     		str	r0, [r7, #4]
1633:Drivers/STM32F4xx_HAL_Driver/Src/stm32f4xx_hal_adc.c ****   /* Prevent unused argument(s) compilation warning */
1634:Drivers/STM32F4xx_HAL_Driver/Src/stm32f4xx_hal_adc.c ****   UNUSED(hadc);
1635:Drivers/STM32F4xx_HAL_Driver/Src/stm32f4xx_hal_adc.c ****   /* NOTE : This function Should not be modified, when the callback is needed,
1636:Drivers/STM32F4xx_HAL_Driver/Src/stm32f4xx_hal_adc.c ****             the HAL_ADC_ErrorCallback could be implemented in the user file
1637:Drivers/STM32F4xx_HAL_Driver/Src/stm32f4xx_hal_adc.c ****    */
1638:Drivers/STM32F4xx_HAL_Driver/Src/stm32f4xx_hal_adc.c **** }
 2437              		.loc 1 1638 1
 2438 0008 00BF     		nop
 2439 000a 0C37     		adds	r7, r7, #12
 2440              	.LCFI98:
 2441              		.cfi_def_cfa_offset 4
 2442 000c BD46     		mov	sp, r7
 2443              	.LCFI99:
 2444              		.cfi_def_cfa_register 13
 2445              		@ sp needed
 2446 000e 5DF8047B 		ldr	r7, [sp], #4
 2447              	.LCFI100:
 2448              		.cfi_restore 7
 2449              		.cfi_def_cfa_offset 0
 2450 0012 7047     		bx	lr
 2451              		.cfi_endproc
 2452              	.LFE256:
 2454              		.section	.text.HAL_ADC_ConfigChannel,"ax",%progbits
 2455              		.align	1
 2456              		.global	HAL_ADC_ConfigChannel
 2457              		.syntax unified
 2458              		.thumb
 2459              		.thumb_func
 2461              	HAL_ADC_ConfigChannel:
 2462              	.LFB257:
1639:Drivers/STM32F4xx_HAL_Driver/Src/stm32f4xx_hal_adc.c **** 
1640:Drivers/STM32F4xx_HAL_Driver/Src/stm32f4xx_hal_adc.c **** /**
1641:Drivers/STM32F4xx_HAL_Driver/Src/stm32f4xx_hal_adc.c ****   * @}
1642:Drivers/STM32F4xx_HAL_Driver/Src/stm32f4xx_hal_adc.c ****   */
1643:Drivers/STM32F4xx_HAL_Driver/Src/stm32f4xx_hal_adc.c **** 
1644:Drivers/STM32F4xx_HAL_Driver/Src/stm32f4xx_hal_adc.c **** /** @defgroup ADC_Exported_Functions_Group3 Peripheral Control functions
1645:Drivers/STM32F4xx_HAL_Driver/Src/stm32f4xx_hal_adc.c ****  *  @brief    Peripheral Control functions
1646:Drivers/STM32F4xx_HAL_Driver/Src/stm32f4xx_hal_adc.c ****  *
1647:Drivers/STM32F4xx_HAL_Driver/Src/stm32f4xx_hal_adc.c **** @verbatim
1648:Drivers/STM32F4xx_HAL_Driver/Src/stm32f4xx_hal_adc.c ****  ===============================================================================
1649:Drivers/STM32F4xx_HAL_Driver/Src/stm32f4xx_hal_adc.c ****              ##### Peripheral Control functions #####
1650:Drivers/STM32F4xx_HAL_Driver/Src/stm32f4xx_hal_adc.c ****  ===============================================================================
1651:Drivers/STM32F4xx_HAL_Driver/Src/stm32f4xx_hal_adc.c ****     [..]  This section provides functions allowing to:
1652:Drivers/STM32F4xx_HAL_Driver/Src/stm32f4xx_hal_adc.c ****       (+) Configure regular channels.
1653:Drivers/STM32F4xx_HAL_Driver/Src/stm32f4xx_hal_adc.c ****       (+) Configure injected channels.
1654:Drivers/STM32F4xx_HAL_Driver/Src/stm32f4xx_hal_adc.c ****       (+) Configure multimode.
1655:Drivers/STM32F4xx_HAL_Driver/Src/stm32f4xx_hal_adc.c ****       (+) Configure the analog watch dog.
1656:Drivers/STM32F4xx_HAL_Driver/Src/stm32f4xx_hal_adc.c **** 
1657:Drivers/STM32F4xx_HAL_Driver/Src/stm32f4xx_hal_adc.c **** @endverbatim
1658:Drivers/STM32F4xx_HAL_Driver/Src/stm32f4xx_hal_adc.c ****   * @{
1659:Drivers/STM32F4xx_HAL_Driver/Src/stm32f4xx_hal_adc.c ****   */
1660:Drivers/STM32F4xx_HAL_Driver/Src/stm32f4xx_hal_adc.c **** 
ARM GAS  /tmp/ccpBr0sa.s 			page 73


1661:Drivers/STM32F4xx_HAL_Driver/Src/stm32f4xx_hal_adc.c **** /**
1662:Drivers/STM32F4xx_HAL_Driver/Src/stm32f4xx_hal_adc.c **** * @brief  Configures for the selected ADC regular channel its corresponding
1663:Drivers/STM32F4xx_HAL_Driver/Src/stm32f4xx_hal_adc.c **** *         rank in the sequencer and its sample time.
1664:Drivers/STM32F4xx_HAL_Driver/Src/stm32f4xx_hal_adc.c **** * @param  hadc pointer to a ADC_HandleTypeDef structure that contains
1665:Drivers/STM32F4xx_HAL_Driver/Src/stm32f4xx_hal_adc.c **** *         the configuration information for the specified ADC.
1666:Drivers/STM32F4xx_HAL_Driver/Src/stm32f4xx_hal_adc.c **** * @param  sConfig ADC configuration structure.
1667:Drivers/STM32F4xx_HAL_Driver/Src/stm32f4xx_hal_adc.c **** * @retval HAL status
1668:Drivers/STM32F4xx_HAL_Driver/Src/stm32f4xx_hal_adc.c **** */
1669:Drivers/STM32F4xx_HAL_Driver/Src/stm32f4xx_hal_adc.c **** HAL_StatusTypeDef HAL_ADC_ConfigChannel(ADC_HandleTypeDef *hadc, ADC_ChannelConfTypeDef *sConfig)
1670:Drivers/STM32F4xx_HAL_Driver/Src/stm32f4xx_hal_adc.c **** {
 2463              		.loc 1 1670 1
 2464              		.cfi_startproc
 2465              		@ args = 0, pretend = 0, frame = 16
 2466              		@ frame_needed = 1, uses_anonymous_args = 0
 2467              		@ link register save eliminated.
 2468 0000 80B4     		push	{r7}
 2469              	.LCFI101:
 2470              		.cfi_def_cfa_offset 4
 2471              		.cfi_offset 7, -4
 2472 0002 85B0     		sub	sp, sp, #20
 2473              	.LCFI102:
 2474              		.cfi_def_cfa_offset 24
 2475 0004 00AF     		add	r7, sp, #0
 2476              	.LCFI103:
 2477              		.cfi_def_cfa_register 7
 2478 0006 7860     		str	r0, [r7, #4]
 2479 0008 3960     		str	r1, [r7]
1671:Drivers/STM32F4xx_HAL_Driver/Src/stm32f4xx_hal_adc.c ****   __IO uint32_t counter = 0U;
 2480              		.loc 1 1671 17
 2481 000a 0023     		movs	r3, #0
 2482 000c BB60     		str	r3, [r7, #8]
1672:Drivers/STM32F4xx_HAL_Driver/Src/stm32f4xx_hal_adc.c ****   ADC_Common_TypeDef *tmpADC_Common;
1673:Drivers/STM32F4xx_HAL_Driver/Src/stm32f4xx_hal_adc.c **** 
1674:Drivers/STM32F4xx_HAL_Driver/Src/stm32f4xx_hal_adc.c ****   /* Check the parameters */
1675:Drivers/STM32F4xx_HAL_Driver/Src/stm32f4xx_hal_adc.c ****   assert_param(IS_ADC_CHANNEL(sConfig->Channel));
1676:Drivers/STM32F4xx_HAL_Driver/Src/stm32f4xx_hal_adc.c ****   assert_param(IS_ADC_REGULAR_RANK(sConfig->Rank));
1677:Drivers/STM32F4xx_HAL_Driver/Src/stm32f4xx_hal_adc.c ****   assert_param(IS_ADC_SAMPLE_TIME(sConfig->SamplingTime));
1678:Drivers/STM32F4xx_HAL_Driver/Src/stm32f4xx_hal_adc.c **** 
1679:Drivers/STM32F4xx_HAL_Driver/Src/stm32f4xx_hal_adc.c ****   /* Process locked */
1680:Drivers/STM32F4xx_HAL_Driver/Src/stm32f4xx_hal_adc.c ****   __HAL_LOCK(hadc);
 2483              		.loc 1 1680 3
 2484 000e 7B68     		ldr	r3, [r7, #4]
 2485 0010 93F83C30 		ldrb	r3, [r3, #60]	@ zero_extendqisi2
 2486 0014 012B     		cmp	r3, #1
 2487 0016 01D1     		bne	.L113
 2488              		.loc 1 1680 3 is_stmt 0 discriminator 1
 2489 0018 0223     		movs	r3, #2
 2490 001a 05E1     		b	.L114
 2491              	.L113:
 2492              		.loc 1 1680 3 discriminator 2
 2493 001c 7B68     		ldr	r3, [r7, #4]
 2494 001e 0122     		movs	r2, #1
 2495 0020 83F83C20 		strb	r2, [r3, #60]
1681:Drivers/STM32F4xx_HAL_Driver/Src/stm32f4xx_hal_adc.c **** 
1682:Drivers/STM32F4xx_HAL_Driver/Src/stm32f4xx_hal_adc.c ****   /* if ADC_Channel_10 ... ADC_Channel_18 is selected */
1683:Drivers/STM32F4xx_HAL_Driver/Src/stm32f4xx_hal_adc.c ****   if (sConfig->Channel > ADC_CHANNEL_9)
 2496              		.loc 1 1683 14 is_stmt 1 discriminator 2
ARM GAS  /tmp/ccpBr0sa.s 			page 74


 2497 0024 3B68     		ldr	r3, [r7]
 2498 0026 1B68     		ldr	r3, [r3]
 2499              		.loc 1 1683 6 discriminator 2
 2500 0028 092B     		cmp	r3, #9
 2501 002a 25D9     		bls	.L115
1684:Drivers/STM32F4xx_HAL_Driver/Src/stm32f4xx_hal_adc.c ****   {
1685:Drivers/STM32F4xx_HAL_Driver/Src/stm32f4xx_hal_adc.c ****     /* Clear the old sample time */
1686:Drivers/STM32F4xx_HAL_Driver/Src/stm32f4xx_hal_adc.c ****     hadc->Instance->SMPR1 &= ~ADC_SMPR1(ADC_SMPR1_SMP10, sConfig->Channel);
 2502              		.loc 1 1686 9
 2503 002c 7B68     		ldr	r3, [r7, #4]
 2504 002e 1B68     		ldr	r3, [r3]
 2505              		.loc 1 1686 19
 2506 0030 D968     		ldr	r1, [r3, #12]
 2507              		.loc 1 1686 31
 2508 0032 3B68     		ldr	r3, [r7]
 2509 0034 1B68     		ldr	r3, [r3]
 2510 0036 9BB2     		uxth	r3, r3
 2511 0038 1A46     		mov	r2, r3
 2512 003a 1346     		mov	r3, r2
 2513 003c 5B00     		lsls	r3, r3, #1
 2514 003e 1344     		add	r3, r3, r2
 2515 0040 1E3B     		subs	r3, r3, #30
 2516 0042 0722     		movs	r2, #7
 2517 0044 02FA03F3 		lsl	r3, r2, r3
 2518              		.loc 1 1686 30
 2519 0048 DA43     		mvns	r2, r3
 2520              		.loc 1 1686 9
 2521 004a 7B68     		ldr	r3, [r7, #4]
 2522 004c 1B68     		ldr	r3, [r3]
 2523              		.loc 1 1686 27
 2524 004e 0A40     		ands	r2, r2, r1
 2525 0050 DA60     		str	r2, [r3, #12]
1687:Drivers/STM32F4xx_HAL_Driver/Src/stm32f4xx_hal_adc.c **** 
1688:Drivers/STM32F4xx_HAL_Driver/Src/stm32f4xx_hal_adc.c ****     /* Set the new sample time */
1689:Drivers/STM32F4xx_HAL_Driver/Src/stm32f4xx_hal_adc.c ****     hadc->Instance->SMPR1 |= ADC_SMPR1(sConfig->SamplingTime, sConfig->Channel);
 2526              		.loc 1 1689 9
 2527 0052 7B68     		ldr	r3, [r7, #4]
 2528 0054 1B68     		ldr	r3, [r3]
 2529              		.loc 1 1689 19
 2530 0056 D968     		ldr	r1, [r3, #12]
 2531              		.loc 1 1689 30
 2532 0058 3B68     		ldr	r3, [r7]
 2533 005a 9A68     		ldr	r2, [r3, #8]
 2534 005c 3B68     		ldr	r3, [r7]
 2535 005e 1B68     		ldr	r3, [r3]
 2536 0060 9BB2     		uxth	r3, r3
 2537 0062 1846     		mov	r0, r3
 2538 0064 0346     		mov	r3, r0
 2539 0066 5B00     		lsls	r3, r3, #1
 2540 0068 0344     		add	r3, r3, r0
 2541 006a 1E3B     		subs	r3, r3, #30
 2542 006c 9A40     		lsls	r2, r2, r3
 2543              		.loc 1 1689 9
 2544 006e 7B68     		ldr	r3, [r7, #4]
 2545 0070 1B68     		ldr	r3, [r3]
 2546              		.loc 1 1689 27
 2547 0072 0A43     		orrs	r2, r2, r1
ARM GAS  /tmp/ccpBr0sa.s 			page 75


 2548 0074 DA60     		str	r2, [r3, #12]
 2549 0076 22E0     		b	.L116
 2550              	.L115:
1690:Drivers/STM32F4xx_HAL_Driver/Src/stm32f4xx_hal_adc.c ****   }
1691:Drivers/STM32F4xx_HAL_Driver/Src/stm32f4xx_hal_adc.c ****   else /* ADC_Channel include in ADC_Channel_[0..9] */
1692:Drivers/STM32F4xx_HAL_Driver/Src/stm32f4xx_hal_adc.c ****   {
1693:Drivers/STM32F4xx_HAL_Driver/Src/stm32f4xx_hal_adc.c ****     /* Clear the old sample time */
1694:Drivers/STM32F4xx_HAL_Driver/Src/stm32f4xx_hal_adc.c ****     hadc->Instance->SMPR2 &= ~ADC_SMPR2(ADC_SMPR2_SMP0, sConfig->Channel);
 2551              		.loc 1 1694 9
 2552 0078 7B68     		ldr	r3, [r7, #4]
 2553 007a 1B68     		ldr	r3, [r3]
 2554              		.loc 1 1694 19
 2555 007c 1969     		ldr	r1, [r3, #16]
 2556              		.loc 1 1694 31
 2557 007e 3B68     		ldr	r3, [r7]
 2558 0080 1B68     		ldr	r3, [r3]
 2559 0082 9BB2     		uxth	r3, r3
 2560 0084 1A46     		mov	r2, r3
 2561 0086 1346     		mov	r3, r2
 2562 0088 5B00     		lsls	r3, r3, #1
 2563 008a 1344     		add	r3, r3, r2
 2564 008c 0722     		movs	r2, #7
 2565 008e 02FA03F3 		lsl	r3, r2, r3
 2566              		.loc 1 1694 30
 2567 0092 DA43     		mvns	r2, r3
 2568              		.loc 1 1694 9
 2569 0094 7B68     		ldr	r3, [r7, #4]
 2570 0096 1B68     		ldr	r3, [r3]
 2571              		.loc 1 1694 27
 2572 0098 0A40     		ands	r2, r2, r1
 2573 009a 1A61     		str	r2, [r3, #16]
1695:Drivers/STM32F4xx_HAL_Driver/Src/stm32f4xx_hal_adc.c **** 
1696:Drivers/STM32F4xx_HAL_Driver/Src/stm32f4xx_hal_adc.c ****     /* Set the new sample time */
1697:Drivers/STM32F4xx_HAL_Driver/Src/stm32f4xx_hal_adc.c ****     hadc->Instance->SMPR2 |= ADC_SMPR2(sConfig->SamplingTime, sConfig->Channel);
 2574              		.loc 1 1697 9
 2575 009c 7B68     		ldr	r3, [r7, #4]
 2576 009e 1B68     		ldr	r3, [r3]
 2577              		.loc 1 1697 19
 2578 00a0 1969     		ldr	r1, [r3, #16]
 2579              		.loc 1 1697 30
 2580 00a2 3B68     		ldr	r3, [r7]
 2581 00a4 9A68     		ldr	r2, [r3, #8]
 2582 00a6 3B68     		ldr	r3, [r7]
 2583 00a8 1B68     		ldr	r3, [r3]
 2584 00aa 9BB2     		uxth	r3, r3
 2585 00ac 1846     		mov	r0, r3
 2586 00ae 0346     		mov	r3, r0
 2587 00b0 5B00     		lsls	r3, r3, #1
 2588 00b2 0344     		add	r3, r3, r0
 2589 00b4 9A40     		lsls	r2, r2, r3
 2590              		.loc 1 1697 9
 2591 00b6 7B68     		ldr	r3, [r7, #4]
 2592 00b8 1B68     		ldr	r3, [r3]
 2593              		.loc 1 1697 27
 2594 00ba 0A43     		orrs	r2, r2, r1
 2595 00bc 1A61     		str	r2, [r3, #16]
 2596              	.L116:
ARM GAS  /tmp/ccpBr0sa.s 			page 76


1698:Drivers/STM32F4xx_HAL_Driver/Src/stm32f4xx_hal_adc.c ****   }
1699:Drivers/STM32F4xx_HAL_Driver/Src/stm32f4xx_hal_adc.c **** 
1700:Drivers/STM32F4xx_HAL_Driver/Src/stm32f4xx_hal_adc.c ****   /* For Rank 1 to 6 */
1701:Drivers/STM32F4xx_HAL_Driver/Src/stm32f4xx_hal_adc.c ****   if (sConfig->Rank < 7U)
 2597              		.loc 1 1701 14
 2598 00be 3B68     		ldr	r3, [r7]
 2599 00c0 5B68     		ldr	r3, [r3, #4]
 2600              		.loc 1 1701 6
 2601 00c2 062B     		cmp	r3, #6
 2602 00c4 24D8     		bhi	.L117
1702:Drivers/STM32F4xx_HAL_Driver/Src/stm32f4xx_hal_adc.c ****   {
1703:Drivers/STM32F4xx_HAL_Driver/Src/stm32f4xx_hal_adc.c ****     /* Clear the old SQx bits for the selected rank */
1704:Drivers/STM32F4xx_HAL_Driver/Src/stm32f4xx_hal_adc.c ****     hadc->Instance->SQR3 &= ~ADC_SQR3_RK(ADC_SQR3_SQ1, sConfig->Rank);
 2603              		.loc 1 1704 9
 2604 00c6 7B68     		ldr	r3, [r7, #4]
 2605 00c8 1B68     		ldr	r3, [r3]
 2606              		.loc 1 1704 19
 2607 00ca 596B     		ldr	r1, [r3, #52]
 2608              		.loc 1 1704 30
 2609 00cc 3B68     		ldr	r3, [r7]
 2610 00ce 5A68     		ldr	r2, [r3, #4]
 2611 00d0 1346     		mov	r3, r2
 2612 00d2 9B00     		lsls	r3, r3, #2
 2613 00d4 1344     		add	r3, r3, r2
 2614 00d6 053B     		subs	r3, r3, #5
 2615 00d8 1F22     		movs	r2, #31
 2616 00da 02FA03F3 		lsl	r3, r2, r3
 2617              		.loc 1 1704 29
 2618 00de DA43     		mvns	r2, r3
 2619              		.loc 1 1704 9
 2620 00e0 7B68     		ldr	r3, [r7, #4]
 2621 00e2 1B68     		ldr	r3, [r3]
 2622              		.loc 1 1704 26
 2623 00e4 0A40     		ands	r2, r2, r1
 2624 00e6 5A63     		str	r2, [r3, #52]
1705:Drivers/STM32F4xx_HAL_Driver/Src/stm32f4xx_hal_adc.c **** 
1706:Drivers/STM32F4xx_HAL_Driver/Src/stm32f4xx_hal_adc.c ****     /* Set the SQx bits for the selected rank */
1707:Drivers/STM32F4xx_HAL_Driver/Src/stm32f4xx_hal_adc.c ****     hadc->Instance->SQR3 |= ADC_SQR3_RK(sConfig->Channel, sConfig->Rank);
 2625              		.loc 1 1707 9
 2626 00e8 7B68     		ldr	r3, [r7, #4]
 2627 00ea 1B68     		ldr	r3, [r3]
 2628              		.loc 1 1707 19
 2629 00ec 596B     		ldr	r1, [r3, #52]
 2630              		.loc 1 1707 29
 2631 00ee 3B68     		ldr	r3, [r7]
 2632 00f0 1B68     		ldr	r3, [r3]
 2633 00f2 9BB2     		uxth	r3, r3
 2634 00f4 1846     		mov	r0, r3
 2635 00f6 3B68     		ldr	r3, [r7]
 2636 00f8 5A68     		ldr	r2, [r3, #4]
 2637 00fa 1346     		mov	r3, r2
 2638 00fc 9B00     		lsls	r3, r3, #2
 2639 00fe 1344     		add	r3, r3, r2
 2640 0100 053B     		subs	r3, r3, #5
 2641 0102 00FA03F2 		lsl	r2, r0, r3
 2642              		.loc 1 1707 9
 2643 0106 7B68     		ldr	r3, [r7, #4]
ARM GAS  /tmp/ccpBr0sa.s 			page 77


 2644 0108 1B68     		ldr	r3, [r3]
 2645              		.loc 1 1707 26
 2646 010a 0A43     		orrs	r2, r2, r1
 2647 010c 5A63     		str	r2, [r3, #52]
 2648 010e 4CE0     		b	.L118
 2649              	.L117:
1708:Drivers/STM32F4xx_HAL_Driver/Src/stm32f4xx_hal_adc.c ****   }
1709:Drivers/STM32F4xx_HAL_Driver/Src/stm32f4xx_hal_adc.c ****   /* For Rank 7 to 12 */
1710:Drivers/STM32F4xx_HAL_Driver/Src/stm32f4xx_hal_adc.c ****   else if (sConfig->Rank < 13U)
 2650              		.loc 1 1710 19
 2651 0110 3B68     		ldr	r3, [r7]
 2652 0112 5B68     		ldr	r3, [r3, #4]
 2653              		.loc 1 1710 11
 2654 0114 0C2B     		cmp	r3, #12
 2655 0116 24D8     		bhi	.L119
1711:Drivers/STM32F4xx_HAL_Driver/Src/stm32f4xx_hal_adc.c ****   {
1712:Drivers/STM32F4xx_HAL_Driver/Src/stm32f4xx_hal_adc.c ****     /* Clear the old SQx bits for the selected rank */
1713:Drivers/STM32F4xx_HAL_Driver/Src/stm32f4xx_hal_adc.c ****     hadc->Instance->SQR2 &= ~ADC_SQR2_RK(ADC_SQR2_SQ7, sConfig->Rank);
 2656              		.loc 1 1713 9
 2657 0118 7B68     		ldr	r3, [r7, #4]
 2658 011a 1B68     		ldr	r3, [r3]
 2659              		.loc 1 1713 19
 2660 011c 196B     		ldr	r1, [r3, #48]
 2661              		.loc 1 1713 30
 2662 011e 3B68     		ldr	r3, [r7]
 2663 0120 5A68     		ldr	r2, [r3, #4]
 2664 0122 1346     		mov	r3, r2
 2665 0124 9B00     		lsls	r3, r3, #2
 2666 0126 1344     		add	r3, r3, r2
 2667 0128 233B     		subs	r3, r3, #35
 2668 012a 1F22     		movs	r2, #31
 2669 012c 02FA03F3 		lsl	r3, r2, r3
 2670              		.loc 1 1713 29
 2671 0130 DA43     		mvns	r2, r3
 2672              		.loc 1 1713 9
 2673 0132 7B68     		ldr	r3, [r7, #4]
 2674 0134 1B68     		ldr	r3, [r3]
 2675              		.loc 1 1713 26
 2676 0136 0A40     		ands	r2, r2, r1
 2677 0138 1A63     		str	r2, [r3, #48]
1714:Drivers/STM32F4xx_HAL_Driver/Src/stm32f4xx_hal_adc.c **** 
1715:Drivers/STM32F4xx_HAL_Driver/Src/stm32f4xx_hal_adc.c ****     /* Set the SQx bits for the selected rank */
1716:Drivers/STM32F4xx_HAL_Driver/Src/stm32f4xx_hal_adc.c ****     hadc->Instance->SQR2 |= ADC_SQR2_RK(sConfig->Channel, sConfig->Rank);
 2678              		.loc 1 1716 9
 2679 013a 7B68     		ldr	r3, [r7, #4]
 2680 013c 1B68     		ldr	r3, [r3]
 2681              		.loc 1 1716 19
 2682 013e 196B     		ldr	r1, [r3, #48]
 2683              		.loc 1 1716 29
 2684 0140 3B68     		ldr	r3, [r7]
 2685 0142 1B68     		ldr	r3, [r3]
 2686 0144 9BB2     		uxth	r3, r3
 2687 0146 1846     		mov	r0, r3
 2688 0148 3B68     		ldr	r3, [r7]
 2689 014a 5A68     		ldr	r2, [r3, #4]
 2690 014c 1346     		mov	r3, r2
 2691 014e 9B00     		lsls	r3, r3, #2
ARM GAS  /tmp/ccpBr0sa.s 			page 78


 2692 0150 1344     		add	r3, r3, r2
 2693 0152 233B     		subs	r3, r3, #35
 2694 0154 00FA03F2 		lsl	r2, r0, r3
 2695              		.loc 1 1716 9
 2696 0158 7B68     		ldr	r3, [r7, #4]
 2697 015a 1B68     		ldr	r3, [r3]
 2698              		.loc 1 1716 26
 2699 015c 0A43     		orrs	r2, r2, r1
 2700 015e 1A63     		str	r2, [r3, #48]
 2701 0160 23E0     		b	.L118
 2702              	.L119:
1717:Drivers/STM32F4xx_HAL_Driver/Src/stm32f4xx_hal_adc.c ****   }
1718:Drivers/STM32F4xx_HAL_Driver/Src/stm32f4xx_hal_adc.c ****   /* For Rank 13 to 16 */
1719:Drivers/STM32F4xx_HAL_Driver/Src/stm32f4xx_hal_adc.c ****   else
1720:Drivers/STM32F4xx_HAL_Driver/Src/stm32f4xx_hal_adc.c ****   {
1721:Drivers/STM32F4xx_HAL_Driver/Src/stm32f4xx_hal_adc.c ****     /* Clear the old SQx bits for the selected rank */
1722:Drivers/STM32F4xx_HAL_Driver/Src/stm32f4xx_hal_adc.c ****     hadc->Instance->SQR1 &= ~ADC_SQR1_RK(ADC_SQR1_SQ13, sConfig->Rank);
 2703              		.loc 1 1722 9
 2704 0162 7B68     		ldr	r3, [r7, #4]
 2705 0164 1B68     		ldr	r3, [r3]
 2706              		.loc 1 1722 19
 2707 0166 D96A     		ldr	r1, [r3, #44]
 2708              		.loc 1 1722 30
 2709 0168 3B68     		ldr	r3, [r7]
 2710 016a 5A68     		ldr	r2, [r3, #4]
 2711 016c 1346     		mov	r3, r2
 2712 016e 9B00     		lsls	r3, r3, #2
 2713 0170 1344     		add	r3, r3, r2
 2714 0172 413B     		subs	r3, r3, #65
 2715 0174 1F22     		movs	r2, #31
 2716 0176 02FA03F3 		lsl	r3, r2, r3
 2717              		.loc 1 1722 29
 2718 017a DA43     		mvns	r2, r3
 2719              		.loc 1 1722 9
 2720 017c 7B68     		ldr	r3, [r7, #4]
 2721 017e 1B68     		ldr	r3, [r3]
 2722              		.loc 1 1722 26
 2723 0180 0A40     		ands	r2, r2, r1
 2724 0182 DA62     		str	r2, [r3, #44]
1723:Drivers/STM32F4xx_HAL_Driver/Src/stm32f4xx_hal_adc.c **** 
1724:Drivers/STM32F4xx_HAL_Driver/Src/stm32f4xx_hal_adc.c ****     /* Set the SQx bits for the selected rank */
1725:Drivers/STM32F4xx_HAL_Driver/Src/stm32f4xx_hal_adc.c ****     hadc->Instance->SQR1 |= ADC_SQR1_RK(sConfig->Channel, sConfig->Rank);
 2725              		.loc 1 1725 9
 2726 0184 7B68     		ldr	r3, [r7, #4]
 2727 0186 1B68     		ldr	r3, [r3]
 2728              		.loc 1 1725 19
 2729 0188 D96A     		ldr	r1, [r3, #44]
 2730              		.loc 1 1725 29
 2731 018a 3B68     		ldr	r3, [r7]
 2732 018c 1B68     		ldr	r3, [r3]
 2733 018e 9BB2     		uxth	r3, r3
 2734 0190 1846     		mov	r0, r3
 2735 0192 3B68     		ldr	r3, [r7]
 2736 0194 5A68     		ldr	r2, [r3, #4]
 2737 0196 1346     		mov	r3, r2
 2738 0198 9B00     		lsls	r3, r3, #2
 2739 019a 1344     		add	r3, r3, r2
ARM GAS  /tmp/ccpBr0sa.s 			page 79


 2740 019c 413B     		subs	r3, r3, #65
 2741 019e 00FA03F2 		lsl	r2, r0, r3
 2742              		.loc 1 1725 9
 2743 01a2 7B68     		ldr	r3, [r7, #4]
 2744 01a4 1B68     		ldr	r3, [r3]
 2745              		.loc 1 1725 26
 2746 01a6 0A43     		orrs	r2, r2, r1
 2747 01a8 DA62     		str	r2, [r3, #44]
 2748              	.L118:
1726:Drivers/STM32F4xx_HAL_Driver/Src/stm32f4xx_hal_adc.c ****   }
1727:Drivers/STM32F4xx_HAL_Driver/Src/stm32f4xx_hal_adc.c **** 
1728:Drivers/STM32F4xx_HAL_Driver/Src/stm32f4xx_hal_adc.c ****   /* Pointer to the common control register to which is belonging hadc    */
1729:Drivers/STM32F4xx_HAL_Driver/Src/stm32f4xx_hal_adc.c ****   /* (Depending on STM32F4 product, there may be up to 3 ADCs and 1 common */
1730:Drivers/STM32F4xx_HAL_Driver/Src/stm32f4xx_hal_adc.c ****   /* control register)                                                    */
1731:Drivers/STM32F4xx_HAL_Driver/Src/stm32f4xx_hal_adc.c ****   tmpADC_Common = ADC_COMMON_REGISTER(hadc);
 2749              		.loc 1 1731 17
 2750 01aa 224B     		ldr	r3, .L125
 2751 01ac FB60     		str	r3, [r7, #12]
1732:Drivers/STM32F4xx_HAL_Driver/Src/stm32f4xx_hal_adc.c **** 
1733:Drivers/STM32F4xx_HAL_Driver/Src/stm32f4xx_hal_adc.c ****   /* if ADC1 Channel_18 is selected for VBAT Channel ennable VBATE */
1734:Drivers/STM32F4xx_HAL_Driver/Src/stm32f4xx_hal_adc.c ****   if ((hadc->Instance == ADC1) && (sConfig->Channel == ADC_CHANNEL_VBAT))
 2752              		.loc 1 1734 12
 2753 01ae 7B68     		ldr	r3, [r7, #4]
 2754 01b0 1B68     		ldr	r3, [r3]
 2755              		.loc 1 1734 6
 2756 01b2 214A     		ldr	r2, .L125+4
 2757 01b4 9342     		cmp	r3, r2
 2758 01b6 09D1     		bne	.L120
 2759              		.loc 1 1734 43 discriminator 1
 2760 01b8 3B68     		ldr	r3, [r7]
 2761 01ba 1B68     		ldr	r3, [r3]
 2762              		.loc 1 1734 32 discriminator 1
 2763 01bc 122B     		cmp	r3, #18
 2764 01be 05D1     		bne	.L120
1735:Drivers/STM32F4xx_HAL_Driver/Src/stm32f4xx_hal_adc.c ****   {
1736:Drivers/STM32F4xx_HAL_Driver/Src/stm32f4xx_hal_adc.c ****     /* Disable the TEMPSENSOR channel in case of using board with multiplixed ADC_CHANNEL_VBAT & AD
1737:Drivers/STM32F4xx_HAL_Driver/Src/stm32f4xx_hal_adc.c ****     if ((uint16_t)ADC_CHANNEL_TEMPSENSOR == (uint16_t)ADC_CHANNEL_VBAT)
1738:Drivers/STM32F4xx_HAL_Driver/Src/stm32f4xx_hal_adc.c ****     {
1739:Drivers/STM32F4xx_HAL_Driver/Src/stm32f4xx_hal_adc.c ****       tmpADC_Common->CCR &= ~ADC_CCR_TSVREFE;
1740:Drivers/STM32F4xx_HAL_Driver/Src/stm32f4xx_hal_adc.c ****     }
1741:Drivers/STM32F4xx_HAL_Driver/Src/stm32f4xx_hal_adc.c ****     /* Enable the VBAT channel*/
1742:Drivers/STM32F4xx_HAL_Driver/Src/stm32f4xx_hal_adc.c ****     tmpADC_Common->CCR |= ADC_CCR_VBATE;
 2765              		.loc 1 1742 18
 2766 01c0 FB68     		ldr	r3, [r7, #12]
 2767 01c2 5B68     		ldr	r3, [r3, #4]
 2768              		.loc 1 1742 24
 2769 01c4 43F48002 		orr	r2, r3, #4194304
 2770 01c8 FB68     		ldr	r3, [r7, #12]
 2771 01ca 5A60     		str	r2, [r3, #4]
 2772              	.L120:
1743:Drivers/STM32F4xx_HAL_Driver/Src/stm32f4xx_hal_adc.c ****   }
1744:Drivers/STM32F4xx_HAL_Driver/Src/stm32f4xx_hal_adc.c **** 
1745:Drivers/STM32F4xx_HAL_Driver/Src/stm32f4xx_hal_adc.c ****   /* if ADC1 Channel_16 or Channel_18 is selected for Temperature sensor or
1746:Drivers/STM32F4xx_HAL_Driver/Src/stm32f4xx_hal_adc.c ****      Channel_17 is selected for VREFINT enable TSVREFE */
1747:Drivers/STM32F4xx_HAL_Driver/Src/stm32f4xx_hal_adc.c ****   if ((hadc->Instance == ADC1) && ((sConfig->Channel == ADC_CHANNEL_TEMPSENSOR) || (sConfig->Channe
 2773              		.loc 1 1747 12
 2774 01cc 7B68     		ldr	r3, [r7, #4]
ARM GAS  /tmp/ccpBr0sa.s 			page 80


 2775 01ce 1B68     		ldr	r3, [r3]
 2776              		.loc 1 1747 6
 2777 01d0 194A     		ldr	r2, .L125+4
 2778 01d2 9342     		cmp	r3, r2
 2779 01d4 23D1     		bne	.L121
 2780              		.loc 1 1747 44 discriminator 1
 2781 01d6 3B68     		ldr	r3, [r7]
 2782 01d8 1B68     		ldr	r3, [r3]
 2783              		.loc 1 1747 32 discriminator 1
 2784 01da 102B     		cmp	r3, #16
 2785 01dc 03D0     		beq	.L122
 2786              		.loc 1 1747 92 discriminator 2
 2787 01de 3B68     		ldr	r3, [r7]
 2788 01e0 1B68     		ldr	r3, [r3]
 2789              		.loc 1 1747 81 discriminator 2
 2790 01e2 112B     		cmp	r3, #17
 2791 01e4 1BD1     		bne	.L121
 2792              	.L122:
1748:Drivers/STM32F4xx_HAL_Driver/Src/stm32f4xx_hal_adc.c ****   {
1749:Drivers/STM32F4xx_HAL_Driver/Src/stm32f4xx_hal_adc.c ****     /* Disable the VBAT channel in case of using board with multiplixed ADC_CHANNEL_VBAT & ADC_CHAN
1750:Drivers/STM32F4xx_HAL_Driver/Src/stm32f4xx_hal_adc.c ****     if ((uint16_t)ADC_CHANNEL_TEMPSENSOR == (uint16_t)ADC_CHANNEL_VBAT)
1751:Drivers/STM32F4xx_HAL_Driver/Src/stm32f4xx_hal_adc.c ****     {
1752:Drivers/STM32F4xx_HAL_Driver/Src/stm32f4xx_hal_adc.c ****       tmpADC_Common->CCR &= ~ADC_CCR_VBATE;
1753:Drivers/STM32F4xx_HAL_Driver/Src/stm32f4xx_hal_adc.c ****     }
1754:Drivers/STM32F4xx_HAL_Driver/Src/stm32f4xx_hal_adc.c ****     /* Enable the Temperature sensor and VREFINT channel*/
1755:Drivers/STM32F4xx_HAL_Driver/Src/stm32f4xx_hal_adc.c ****     tmpADC_Common->CCR |= ADC_CCR_TSVREFE;
 2793              		.loc 1 1755 18
 2794 01e6 FB68     		ldr	r3, [r7, #12]
 2795 01e8 5B68     		ldr	r3, [r3, #4]
 2796              		.loc 1 1755 24
 2797 01ea 43F40002 		orr	r2, r3, #8388608
 2798 01ee FB68     		ldr	r3, [r7, #12]
 2799 01f0 5A60     		str	r2, [r3, #4]
1756:Drivers/STM32F4xx_HAL_Driver/Src/stm32f4xx_hal_adc.c **** 
1757:Drivers/STM32F4xx_HAL_Driver/Src/stm32f4xx_hal_adc.c ****     if (sConfig->Channel == ADC_CHANNEL_TEMPSENSOR)
 2800              		.loc 1 1757 16
 2801 01f2 3B68     		ldr	r3, [r7]
 2802 01f4 1B68     		ldr	r3, [r3]
 2803              		.loc 1 1757 8
 2804 01f6 102B     		cmp	r3, #16
 2805 01f8 11D1     		bne	.L121
1758:Drivers/STM32F4xx_HAL_Driver/Src/stm32f4xx_hal_adc.c ****     {
1759:Drivers/STM32F4xx_HAL_Driver/Src/stm32f4xx_hal_adc.c ****       /* Delay for temperature sensor stabilization time */
1760:Drivers/STM32F4xx_HAL_Driver/Src/stm32f4xx_hal_adc.c ****       /* Compute number of CPU cycles to wait for */
1761:Drivers/STM32F4xx_HAL_Driver/Src/stm32f4xx_hal_adc.c ****       counter = (ADC_TEMPSENSOR_DELAY_US * (SystemCoreClock / 1000000U));
 2806              		.loc 1 1761 61
 2807 01fa 104B     		ldr	r3, .L125+8
 2808 01fc 1B68     		ldr	r3, [r3]
 2809 01fe 104A     		ldr	r2, .L125+12
 2810 0200 A2FB0323 		umull	r2, r3, r2, r3
 2811 0204 9A0C     		lsrs	r2, r3, #18
 2812              		.loc 1 1761 42
 2813 0206 1346     		mov	r3, r2
 2814 0208 9B00     		lsls	r3, r3, #2
 2815 020a 1344     		add	r3, r3, r2
 2816 020c 5B00     		lsls	r3, r3, #1
 2817              		.loc 1 1761 15
ARM GAS  /tmp/ccpBr0sa.s 			page 81


 2818 020e BB60     		str	r3, [r7, #8]
1762:Drivers/STM32F4xx_HAL_Driver/Src/stm32f4xx_hal_adc.c ****       while (counter != 0U)
 2819              		.loc 1 1762 13
 2820 0210 02E0     		b	.L123
 2821              	.L124:
1763:Drivers/STM32F4xx_HAL_Driver/Src/stm32f4xx_hal_adc.c ****       {
1764:Drivers/STM32F4xx_HAL_Driver/Src/stm32f4xx_hal_adc.c ****         counter--;
 2822              		.loc 1 1764 16
 2823 0212 BB68     		ldr	r3, [r7, #8]
 2824 0214 013B     		subs	r3, r3, #1
 2825 0216 BB60     		str	r3, [r7, #8]
 2826              	.L123:
1762:Drivers/STM32F4xx_HAL_Driver/Src/stm32f4xx_hal_adc.c ****       while (counter != 0U)
 2827              		.loc 1 1762 22
 2828 0218 BB68     		ldr	r3, [r7, #8]
 2829 021a 002B     		cmp	r3, #0
 2830 021c F9D1     		bne	.L124
 2831              	.L121:
1765:Drivers/STM32F4xx_HAL_Driver/Src/stm32f4xx_hal_adc.c ****       }
1766:Drivers/STM32F4xx_HAL_Driver/Src/stm32f4xx_hal_adc.c ****     }
1767:Drivers/STM32F4xx_HAL_Driver/Src/stm32f4xx_hal_adc.c ****   }
1768:Drivers/STM32F4xx_HAL_Driver/Src/stm32f4xx_hal_adc.c **** 
1769:Drivers/STM32F4xx_HAL_Driver/Src/stm32f4xx_hal_adc.c ****   /* Process unlocked */
1770:Drivers/STM32F4xx_HAL_Driver/Src/stm32f4xx_hal_adc.c ****   __HAL_UNLOCK(hadc);
 2832              		.loc 1 1770 3
 2833 021e 7B68     		ldr	r3, [r7, #4]
 2834 0220 0022     		movs	r2, #0
 2835 0222 83F83C20 		strb	r2, [r3, #60]
1771:Drivers/STM32F4xx_HAL_Driver/Src/stm32f4xx_hal_adc.c **** 
1772:Drivers/STM32F4xx_HAL_Driver/Src/stm32f4xx_hal_adc.c ****   /* Return function status */
1773:Drivers/STM32F4xx_HAL_Driver/Src/stm32f4xx_hal_adc.c ****   return HAL_OK;
 2836              		.loc 1 1773 10
 2837 0226 0023     		movs	r3, #0
 2838              	.L114:
1774:Drivers/STM32F4xx_HAL_Driver/Src/stm32f4xx_hal_adc.c **** }
 2839              		.loc 1 1774 1
 2840 0228 1846     		mov	r0, r3
 2841 022a 1437     		adds	r7, r7, #20
 2842              	.LCFI104:
 2843              		.cfi_def_cfa_offset 4
 2844 022c BD46     		mov	sp, r7
 2845              	.LCFI105:
 2846              		.cfi_def_cfa_register 13
 2847              		@ sp needed
 2848 022e 5DF8047B 		ldr	r7, [sp], #4
 2849              	.LCFI106:
 2850              		.cfi_restore 7
 2851              		.cfi_def_cfa_offset 0
 2852 0232 7047     		bx	lr
 2853              	.L126:
 2854              		.align	2
 2855              	.L125:
 2856 0234 00230140 		.word	1073816320
 2857 0238 00200140 		.word	1073815552
 2858 023c 00000000 		.word	SystemCoreClock
 2859 0240 83DE1B43 		.word	1125899907
 2860              		.cfi_endproc
ARM GAS  /tmp/ccpBr0sa.s 			page 82


 2861              	.LFE257:
 2863              		.section	.text.HAL_ADC_AnalogWDGConfig,"ax",%progbits
 2864              		.align	1
 2865              		.global	HAL_ADC_AnalogWDGConfig
 2866              		.syntax unified
 2867              		.thumb
 2868              		.thumb_func
 2870              	HAL_ADC_AnalogWDGConfig:
 2871              	.LFB258:
1775:Drivers/STM32F4xx_HAL_Driver/Src/stm32f4xx_hal_adc.c **** 
1776:Drivers/STM32F4xx_HAL_Driver/Src/stm32f4xx_hal_adc.c **** /**
1777:Drivers/STM32F4xx_HAL_Driver/Src/stm32f4xx_hal_adc.c ****   * @brief  Configures the analog watchdog.
1778:Drivers/STM32F4xx_HAL_Driver/Src/stm32f4xx_hal_adc.c ****   * @note Analog watchdog thresholds can be modified while ADC conversion
1779:Drivers/STM32F4xx_HAL_Driver/Src/stm32f4xx_hal_adc.c ****   * is on going.
1780:Drivers/STM32F4xx_HAL_Driver/Src/stm32f4xx_hal_adc.c ****   * In this case, some constraints must be taken into account:
1781:Drivers/STM32F4xx_HAL_Driver/Src/stm32f4xx_hal_adc.c ****   * The programmed threshold values are effective from the next
1782:Drivers/STM32F4xx_HAL_Driver/Src/stm32f4xx_hal_adc.c ****   * ADC EOC (end of unitary conversion).
1783:Drivers/STM32F4xx_HAL_Driver/Src/stm32f4xx_hal_adc.c ****   * Considering that registers write delay may happen due to
1784:Drivers/STM32F4xx_HAL_Driver/Src/stm32f4xx_hal_adc.c ****   * bus activity, this might cause an uncertainty on the
1785:Drivers/STM32F4xx_HAL_Driver/Src/stm32f4xx_hal_adc.c ****   * effective timing of the new programmed threshold values.
1786:Drivers/STM32F4xx_HAL_Driver/Src/stm32f4xx_hal_adc.c ****   * @param  hadc pointer to a ADC_HandleTypeDef structure that contains
1787:Drivers/STM32F4xx_HAL_Driver/Src/stm32f4xx_hal_adc.c ****   *         the configuration information for the specified ADC.
1788:Drivers/STM32F4xx_HAL_Driver/Src/stm32f4xx_hal_adc.c ****   * @param  AnalogWDGConfig  pointer to an ADC_AnalogWDGConfTypeDef structure
1789:Drivers/STM32F4xx_HAL_Driver/Src/stm32f4xx_hal_adc.c ****   *         that contains the configuration information of ADC analog watchdog.
1790:Drivers/STM32F4xx_HAL_Driver/Src/stm32f4xx_hal_adc.c ****   * @retval HAL status
1791:Drivers/STM32F4xx_HAL_Driver/Src/stm32f4xx_hal_adc.c ****   */
1792:Drivers/STM32F4xx_HAL_Driver/Src/stm32f4xx_hal_adc.c **** HAL_StatusTypeDef HAL_ADC_AnalogWDGConfig(ADC_HandleTypeDef *hadc, ADC_AnalogWDGConfTypeDef *Analog
1793:Drivers/STM32F4xx_HAL_Driver/Src/stm32f4xx_hal_adc.c **** {
 2872              		.loc 1 1793 1
 2873              		.cfi_startproc
 2874              		@ args = 0, pretend = 0, frame = 8
 2875              		@ frame_needed = 1, uses_anonymous_args = 0
 2876              		@ link register save eliminated.
 2877 0000 80B4     		push	{r7}
 2878              	.LCFI107:
 2879              		.cfi_def_cfa_offset 4
 2880              		.cfi_offset 7, -4
 2881 0002 83B0     		sub	sp, sp, #12
 2882              	.LCFI108:
 2883              		.cfi_def_cfa_offset 16
 2884 0004 00AF     		add	r7, sp, #0
 2885              	.LCFI109:
 2886              		.cfi_def_cfa_register 7
 2887 0006 7860     		str	r0, [r7, #4]
 2888 0008 3960     		str	r1, [r7]
1794:Drivers/STM32F4xx_HAL_Driver/Src/stm32f4xx_hal_adc.c **** #ifdef USE_FULL_ASSERT
1795:Drivers/STM32F4xx_HAL_Driver/Src/stm32f4xx_hal_adc.c ****   uint32_t tmp = 0U;
1796:Drivers/STM32F4xx_HAL_Driver/Src/stm32f4xx_hal_adc.c **** #endif /* USE_FULL_ASSERT  */
1797:Drivers/STM32F4xx_HAL_Driver/Src/stm32f4xx_hal_adc.c **** 
1798:Drivers/STM32F4xx_HAL_Driver/Src/stm32f4xx_hal_adc.c ****   /* Check the parameters */
1799:Drivers/STM32F4xx_HAL_Driver/Src/stm32f4xx_hal_adc.c ****   assert_param(IS_ADC_ANALOG_WATCHDOG(AnalogWDGConfig->WatchdogMode));
1800:Drivers/STM32F4xx_HAL_Driver/Src/stm32f4xx_hal_adc.c ****   assert_param(IS_ADC_CHANNEL(AnalogWDGConfig->Channel));
1801:Drivers/STM32F4xx_HAL_Driver/Src/stm32f4xx_hal_adc.c ****   assert_param(IS_FUNCTIONAL_STATE(AnalogWDGConfig->ITMode));
1802:Drivers/STM32F4xx_HAL_Driver/Src/stm32f4xx_hal_adc.c **** 
1803:Drivers/STM32F4xx_HAL_Driver/Src/stm32f4xx_hal_adc.c **** #ifdef USE_FULL_ASSERT
1804:Drivers/STM32F4xx_HAL_Driver/Src/stm32f4xx_hal_adc.c ****   tmp = ADC_GET_RESOLUTION(hadc);
1805:Drivers/STM32F4xx_HAL_Driver/Src/stm32f4xx_hal_adc.c ****   assert_param(IS_ADC_RANGE(tmp, AnalogWDGConfig->HighThreshold));
ARM GAS  /tmp/ccpBr0sa.s 			page 83


1806:Drivers/STM32F4xx_HAL_Driver/Src/stm32f4xx_hal_adc.c ****   assert_param(IS_ADC_RANGE(tmp, AnalogWDGConfig->LowThreshold));
1807:Drivers/STM32F4xx_HAL_Driver/Src/stm32f4xx_hal_adc.c **** #endif /* USE_FULL_ASSERT  */
1808:Drivers/STM32F4xx_HAL_Driver/Src/stm32f4xx_hal_adc.c **** 
1809:Drivers/STM32F4xx_HAL_Driver/Src/stm32f4xx_hal_adc.c ****   /* Process locked */
1810:Drivers/STM32F4xx_HAL_Driver/Src/stm32f4xx_hal_adc.c ****   __HAL_LOCK(hadc);
 2889              		.loc 1 1810 3
 2890 000a 7B68     		ldr	r3, [r7, #4]
 2891 000c 93F83C30 		ldrb	r3, [r3, #60]	@ zero_extendqisi2
 2892 0010 012B     		cmp	r3, #1
 2893 0012 01D1     		bne	.L128
 2894              		.loc 1 1810 3 is_stmt 0 discriminator 1
 2895 0014 0223     		movs	r3, #2
 2896 0016 4DE0     		b	.L129
 2897              	.L128:
 2898              		.loc 1 1810 3 discriminator 2
 2899 0018 7B68     		ldr	r3, [r7, #4]
 2900 001a 0122     		movs	r2, #1
 2901 001c 83F83C20 		strb	r2, [r3, #60]
1811:Drivers/STM32F4xx_HAL_Driver/Src/stm32f4xx_hal_adc.c **** 
1812:Drivers/STM32F4xx_HAL_Driver/Src/stm32f4xx_hal_adc.c ****   if (AnalogWDGConfig->ITMode == ENABLE)
 2902              		.loc 1 1812 22 is_stmt 1 discriminator 2
 2903 0020 3B68     		ldr	r3, [r7]
 2904 0022 1B7C     		ldrb	r3, [r3, #16]	@ zero_extendqisi2
 2905              		.loc 1 1812 6 discriminator 2
 2906 0024 012B     		cmp	r3, #1
 2907 0026 08D1     		bne	.L130
1813:Drivers/STM32F4xx_HAL_Driver/Src/stm32f4xx_hal_adc.c ****   {
1814:Drivers/STM32F4xx_HAL_Driver/Src/stm32f4xx_hal_adc.c ****     /* Enable the ADC Analog watchdog interrupt */
1815:Drivers/STM32F4xx_HAL_Driver/Src/stm32f4xx_hal_adc.c ****     __HAL_ADC_ENABLE_IT(hadc, ADC_IT_AWD);
 2908              		.loc 1 1815 5
 2909 0028 7B68     		ldr	r3, [r7, #4]
 2910 002a 1B68     		ldr	r3, [r3]
 2911 002c 5A68     		ldr	r2, [r3, #4]
 2912 002e 7B68     		ldr	r3, [r7, #4]
 2913 0030 1B68     		ldr	r3, [r3]
 2914 0032 42F04002 		orr	r2, r2, #64
 2915 0036 5A60     		str	r2, [r3, #4]
 2916 0038 07E0     		b	.L131
 2917              	.L130:
1816:Drivers/STM32F4xx_HAL_Driver/Src/stm32f4xx_hal_adc.c ****   }
1817:Drivers/STM32F4xx_HAL_Driver/Src/stm32f4xx_hal_adc.c ****   else
1818:Drivers/STM32F4xx_HAL_Driver/Src/stm32f4xx_hal_adc.c ****   {
1819:Drivers/STM32F4xx_HAL_Driver/Src/stm32f4xx_hal_adc.c ****     /* Disable the ADC Analog watchdog interrupt */
1820:Drivers/STM32F4xx_HAL_Driver/Src/stm32f4xx_hal_adc.c ****     __HAL_ADC_DISABLE_IT(hadc, ADC_IT_AWD);
 2918              		.loc 1 1820 5
 2919 003a 7B68     		ldr	r3, [r7, #4]
 2920 003c 1B68     		ldr	r3, [r3]
 2921 003e 5A68     		ldr	r2, [r3, #4]
 2922 0040 7B68     		ldr	r3, [r7, #4]
 2923 0042 1B68     		ldr	r3, [r3]
 2924 0044 22F04002 		bic	r2, r2, #64
 2925 0048 5A60     		str	r2, [r3, #4]
 2926              	.L131:
1821:Drivers/STM32F4xx_HAL_Driver/Src/stm32f4xx_hal_adc.c ****   }
1822:Drivers/STM32F4xx_HAL_Driver/Src/stm32f4xx_hal_adc.c **** 
1823:Drivers/STM32F4xx_HAL_Driver/Src/stm32f4xx_hal_adc.c ****   /* Clear AWDEN, JAWDEN and AWDSGL bits */
1824:Drivers/STM32F4xx_HAL_Driver/Src/stm32f4xx_hal_adc.c ****   hadc->Instance->CR1 &=  ~(ADC_CR1_AWDSGL | ADC_CR1_JAWDEN | ADC_CR1_AWDEN);
ARM GAS  /tmp/ccpBr0sa.s 			page 84


 2927              		.loc 1 1824 7
 2928 004a 7B68     		ldr	r3, [r7, #4]
 2929 004c 1B68     		ldr	r3, [r3]
 2930              		.loc 1 1824 17
 2931 004e 5B68     		ldr	r3, [r3, #4]
 2932              		.loc 1 1824 7
 2933 0050 7A68     		ldr	r2, [r7, #4]
 2934 0052 1268     		ldr	r2, [r2]
 2935              		.loc 1 1824 23
 2936 0054 23F44003 		bic	r3, r3, #12582912
 2937 0058 23F40073 		bic	r3, r3, #512
 2938 005c 5360     		str	r3, [r2, #4]
1825:Drivers/STM32F4xx_HAL_Driver/Src/stm32f4xx_hal_adc.c **** 
1826:Drivers/STM32F4xx_HAL_Driver/Src/stm32f4xx_hal_adc.c ****   /* Set the analog watchdog enable mode */
1827:Drivers/STM32F4xx_HAL_Driver/Src/stm32f4xx_hal_adc.c ****   hadc->Instance->CR1 |= AnalogWDGConfig->WatchdogMode;
 2939              		.loc 1 1827 7
 2940 005e 7B68     		ldr	r3, [r7, #4]
 2941 0060 1B68     		ldr	r3, [r3]
 2942              		.loc 1 1827 17
 2943 0062 5968     		ldr	r1, [r3, #4]
 2944              		.loc 1 1827 41
 2945 0064 3B68     		ldr	r3, [r7]
 2946 0066 1A68     		ldr	r2, [r3]
 2947              		.loc 1 1827 7
 2948 0068 7B68     		ldr	r3, [r7, #4]
 2949 006a 1B68     		ldr	r3, [r3]
 2950              		.loc 1 1827 23
 2951 006c 0A43     		orrs	r2, r2, r1
 2952 006e 5A60     		str	r2, [r3, #4]
1828:Drivers/STM32F4xx_HAL_Driver/Src/stm32f4xx_hal_adc.c **** 
1829:Drivers/STM32F4xx_HAL_Driver/Src/stm32f4xx_hal_adc.c ****   /* Set the high threshold */
1830:Drivers/STM32F4xx_HAL_Driver/Src/stm32f4xx_hal_adc.c ****   hadc->Instance->HTR = AnalogWDGConfig->HighThreshold;
 2953              		.loc 1 1830 7
 2954 0070 7B68     		ldr	r3, [r7, #4]
 2955 0072 1B68     		ldr	r3, [r3]
 2956              		.loc 1 1830 40
 2957 0074 3A68     		ldr	r2, [r7]
 2958 0076 5268     		ldr	r2, [r2, #4]
 2959              		.loc 1 1830 23
 2960 0078 5A62     		str	r2, [r3, #36]
1831:Drivers/STM32F4xx_HAL_Driver/Src/stm32f4xx_hal_adc.c **** 
1832:Drivers/STM32F4xx_HAL_Driver/Src/stm32f4xx_hal_adc.c ****   /* Set the low threshold */
1833:Drivers/STM32F4xx_HAL_Driver/Src/stm32f4xx_hal_adc.c ****   hadc->Instance->LTR = AnalogWDGConfig->LowThreshold;
 2961              		.loc 1 1833 7
 2962 007a 7B68     		ldr	r3, [r7, #4]
 2963 007c 1B68     		ldr	r3, [r3]
 2964              		.loc 1 1833 40
 2965 007e 3A68     		ldr	r2, [r7]
 2966 0080 9268     		ldr	r2, [r2, #8]
 2967              		.loc 1 1833 23
 2968 0082 9A62     		str	r2, [r3, #40]
1834:Drivers/STM32F4xx_HAL_Driver/Src/stm32f4xx_hal_adc.c **** 
1835:Drivers/STM32F4xx_HAL_Driver/Src/stm32f4xx_hal_adc.c ****   /* Clear the Analog watchdog channel select bits */
1836:Drivers/STM32F4xx_HAL_Driver/Src/stm32f4xx_hal_adc.c ****   hadc->Instance->CR1 &= ~ADC_CR1_AWDCH;
 2969              		.loc 1 1836 7
 2970 0084 7B68     		ldr	r3, [r7, #4]
 2971 0086 1B68     		ldr	r3, [r3]
ARM GAS  /tmp/ccpBr0sa.s 			page 85


 2972              		.loc 1 1836 17
 2973 0088 5A68     		ldr	r2, [r3, #4]
 2974              		.loc 1 1836 7
 2975 008a 7B68     		ldr	r3, [r7, #4]
 2976 008c 1B68     		ldr	r3, [r3]
 2977              		.loc 1 1836 23
 2978 008e 22F01F02 		bic	r2, r2, #31
 2979 0092 5A60     		str	r2, [r3, #4]
1837:Drivers/STM32F4xx_HAL_Driver/Src/stm32f4xx_hal_adc.c **** 
1838:Drivers/STM32F4xx_HAL_Driver/Src/stm32f4xx_hal_adc.c ****   /* Set the Analog watchdog channel */
1839:Drivers/STM32F4xx_HAL_Driver/Src/stm32f4xx_hal_adc.c ****   hadc->Instance->CR1 |= (uint32_t)((uint16_t)(AnalogWDGConfig->Channel));
 2980              		.loc 1 1839 7
 2981 0094 7B68     		ldr	r3, [r7, #4]
 2982 0096 1B68     		ldr	r3, [r3]
 2983              		.loc 1 1839 17
 2984 0098 5A68     		ldr	r2, [r3, #4]
 2985              		.loc 1 1839 63
 2986 009a 3B68     		ldr	r3, [r7]
 2987 009c DB68     		ldr	r3, [r3, #12]
 2988              		.loc 1 1839 37
 2989 009e 9BB2     		uxth	r3, r3
 2990              		.loc 1 1839 26
 2991 00a0 1946     		mov	r1, r3
 2992              		.loc 1 1839 7
 2993 00a2 7B68     		ldr	r3, [r7, #4]
 2994 00a4 1B68     		ldr	r3, [r3]
 2995              		.loc 1 1839 23
 2996 00a6 0A43     		orrs	r2, r2, r1
 2997 00a8 5A60     		str	r2, [r3, #4]
1840:Drivers/STM32F4xx_HAL_Driver/Src/stm32f4xx_hal_adc.c **** 
1841:Drivers/STM32F4xx_HAL_Driver/Src/stm32f4xx_hal_adc.c ****   /* Process unlocked */
1842:Drivers/STM32F4xx_HAL_Driver/Src/stm32f4xx_hal_adc.c ****   __HAL_UNLOCK(hadc);
 2998              		.loc 1 1842 3
 2999 00aa 7B68     		ldr	r3, [r7, #4]
 3000 00ac 0022     		movs	r2, #0
 3001 00ae 83F83C20 		strb	r2, [r3, #60]
1843:Drivers/STM32F4xx_HAL_Driver/Src/stm32f4xx_hal_adc.c **** 
1844:Drivers/STM32F4xx_HAL_Driver/Src/stm32f4xx_hal_adc.c ****   /* Return function status */
1845:Drivers/STM32F4xx_HAL_Driver/Src/stm32f4xx_hal_adc.c ****   return HAL_OK;
 3002              		.loc 1 1845 10
 3003 00b2 0023     		movs	r3, #0
 3004              	.L129:
1846:Drivers/STM32F4xx_HAL_Driver/Src/stm32f4xx_hal_adc.c **** }
 3005              		.loc 1 1846 1
 3006 00b4 1846     		mov	r0, r3
 3007 00b6 0C37     		adds	r7, r7, #12
 3008              	.LCFI110:
 3009              		.cfi_def_cfa_offset 4
 3010 00b8 BD46     		mov	sp, r7
 3011              	.LCFI111:
 3012              		.cfi_def_cfa_register 13
 3013              		@ sp needed
 3014 00ba 5DF8047B 		ldr	r7, [sp], #4
 3015              	.LCFI112:
 3016              		.cfi_restore 7
 3017              		.cfi_def_cfa_offset 0
 3018 00be 7047     		bx	lr
ARM GAS  /tmp/ccpBr0sa.s 			page 86


 3019              		.cfi_endproc
 3020              	.LFE258:
 3022              		.section	.text.HAL_ADC_GetState,"ax",%progbits
 3023              		.align	1
 3024              		.global	HAL_ADC_GetState
 3025              		.syntax unified
 3026              		.thumb
 3027              		.thumb_func
 3029              	HAL_ADC_GetState:
 3030              	.LFB259:
1847:Drivers/STM32F4xx_HAL_Driver/Src/stm32f4xx_hal_adc.c **** 
1848:Drivers/STM32F4xx_HAL_Driver/Src/stm32f4xx_hal_adc.c **** /**
1849:Drivers/STM32F4xx_HAL_Driver/Src/stm32f4xx_hal_adc.c ****   * @}
1850:Drivers/STM32F4xx_HAL_Driver/Src/stm32f4xx_hal_adc.c ****   */
1851:Drivers/STM32F4xx_HAL_Driver/Src/stm32f4xx_hal_adc.c **** 
1852:Drivers/STM32F4xx_HAL_Driver/Src/stm32f4xx_hal_adc.c **** /** @defgroup ADC_Exported_Functions_Group4 ADC Peripheral State functions
1853:Drivers/STM32F4xx_HAL_Driver/Src/stm32f4xx_hal_adc.c ****  *  @brief   ADC Peripheral State functions
1854:Drivers/STM32F4xx_HAL_Driver/Src/stm32f4xx_hal_adc.c ****  *
1855:Drivers/STM32F4xx_HAL_Driver/Src/stm32f4xx_hal_adc.c **** @verbatim
1856:Drivers/STM32F4xx_HAL_Driver/Src/stm32f4xx_hal_adc.c ****  ===============================================================================
1857:Drivers/STM32F4xx_HAL_Driver/Src/stm32f4xx_hal_adc.c ****             ##### Peripheral State and errors functions #####
1858:Drivers/STM32F4xx_HAL_Driver/Src/stm32f4xx_hal_adc.c ****  ===============================================================================
1859:Drivers/STM32F4xx_HAL_Driver/Src/stm32f4xx_hal_adc.c ****     [..]
1860:Drivers/STM32F4xx_HAL_Driver/Src/stm32f4xx_hal_adc.c ****     This subsection provides functions allowing to
1861:Drivers/STM32F4xx_HAL_Driver/Src/stm32f4xx_hal_adc.c ****       (+) Check the ADC state
1862:Drivers/STM32F4xx_HAL_Driver/Src/stm32f4xx_hal_adc.c ****       (+) Check the ADC Error
1863:Drivers/STM32F4xx_HAL_Driver/Src/stm32f4xx_hal_adc.c **** 
1864:Drivers/STM32F4xx_HAL_Driver/Src/stm32f4xx_hal_adc.c **** @endverbatim
1865:Drivers/STM32F4xx_HAL_Driver/Src/stm32f4xx_hal_adc.c ****   * @{
1866:Drivers/STM32F4xx_HAL_Driver/Src/stm32f4xx_hal_adc.c ****   */
1867:Drivers/STM32F4xx_HAL_Driver/Src/stm32f4xx_hal_adc.c **** 
1868:Drivers/STM32F4xx_HAL_Driver/Src/stm32f4xx_hal_adc.c **** /**
1869:Drivers/STM32F4xx_HAL_Driver/Src/stm32f4xx_hal_adc.c ****   * @brief  return the ADC state
1870:Drivers/STM32F4xx_HAL_Driver/Src/stm32f4xx_hal_adc.c ****   * @param  hadc pointer to a ADC_HandleTypeDef structure that contains
1871:Drivers/STM32F4xx_HAL_Driver/Src/stm32f4xx_hal_adc.c ****   *         the configuration information for the specified ADC.
1872:Drivers/STM32F4xx_HAL_Driver/Src/stm32f4xx_hal_adc.c ****   * @retval HAL state
1873:Drivers/STM32F4xx_HAL_Driver/Src/stm32f4xx_hal_adc.c ****   */
1874:Drivers/STM32F4xx_HAL_Driver/Src/stm32f4xx_hal_adc.c **** uint32_t HAL_ADC_GetState(ADC_HandleTypeDef *hadc)
1875:Drivers/STM32F4xx_HAL_Driver/Src/stm32f4xx_hal_adc.c **** {
 3031              		.loc 1 1875 1
 3032              		.cfi_startproc
 3033              		@ args = 0, pretend = 0, frame = 8
 3034              		@ frame_needed = 1, uses_anonymous_args = 0
 3035              		@ link register save eliminated.
 3036 0000 80B4     		push	{r7}
 3037              	.LCFI113:
 3038              		.cfi_def_cfa_offset 4
 3039              		.cfi_offset 7, -4
 3040 0002 83B0     		sub	sp, sp, #12
 3041              	.LCFI114:
 3042              		.cfi_def_cfa_offset 16
 3043 0004 00AF     		add	r7, sp, #0
 3044              	.LCFI115:
 3045              		.cfi_def_cfa_register 7
 3046 0006 7860     		str	r0, [r7, #4]
1876:Drivers/STM32F4xx_HAL_Driver/Src/stm32f4xx_hal_adc.c ****   /* Return ADC state */
1877:Drivers/STM32F4xx_HAL_Driver/Src/stm32f4xx_hal_adc.c ****   return hadc->State;
ARM GAS  /tmp/ccpBr0sa.s 			page 87


 3047              		.loc 1 1877 14
 3048 0008 7B68     		ldr	r3, [r7, #4]
 3049 000a 1B6C     		ldr	r3, [r3, #64]
1878:Drivers/STM32F4xx_HAL_Driver/Src/stm32f4xx_hal_adc.c **** }
 3050              		.loc 1 1878 1
 3051 000c 1846     		mov	r0, r3
 3052 000e 0C37     		adds	r7, r7, #12
 3053              	.LCFI116:
 3054              		.cfi_def_cfa_offset 4
 3055 0010 BD46     		mov	sp, r7
 3056              	.LCFI117:
 3057              		.cfi_def_cfa_register 13
 3058              		@ sp needed
 3059 0012 5DF8047B 		ldr	r7, [sp], #4
 3060              	.LCFI118:
 3061              		.cfi_restore 7
 3062              		.cfi_def_cfa_offset 0
 3063 0016 7047     		bx	lr
 3064              		.cfi_endproc
 3065              	.LFE259:
 3067              		.section	.text.HAL_ADC_GetError,"ax",%progbits
 3068              		.align	1
 3069              		.global	HAL_ADC_GetError
 3070              		.syntax unified
 3071              		.thumb
 3072              		.thumb_func
 3074              	HAL_ADC_GetError:
 3075              	.LFB260:
1879:Drivers/STM32F4xx_HAL_Driver/Src/stm32f4xx_hal_adc.c **** 
1880:Drivers/STM32F4xx_HAL_Driver/Src/stm32f4xx_hal_adc.c **** /**
1881:Drivers/STM32F4xx_HAL_Driver/Src/stm32f4xx_hal_adc.c ****   * @brief  Return the ADC error code
1882:Drivers/STM32F4xx_HAL_Driver/Src/stm32f4xx_hal_adc.c ****   * @param  hadc pointer to a ADC_HandleTypeDef structure that contains
1883:Drivers/STM32F4xx_HAL_Driver/Src/stm32f4xx_hal_adc.c ****   *         the configuration information for the specified ADC.
1884:Drivers/STM32F4xx_HAL_Driver/Src/stm32f4xx_hal_adc.c ****   * @retval ADC Error Code
1885:Drivers/STM32F4xx_HAL_Driver/Src/stm32f4xx_hal_adc.c ****   */
1886:Drivers/STM32F4xx_HAL_Driver/Src/stm32f4xx_hal_adc.c **** uint32_t HAL_ADC_GetError(ADC_HandleTypeDef *hadc)
1887:Drivers/STM32F4xx_HAL_Driver/Src/stm32f4xx_hal_adc.c **** {
 3076              		.loc 1 1887 1
 3077              		.cfi_startproc
 3078              		@ args = 0, pretend = 0, frame = 8
 3079              		@ frame_needed = 1, uses_anonymous_args = 0
 3080              		@ link register save eliminated.
 3081 0000 80B4     		push	{r7}
 3082              	.LCFI119:
 3083              		.cfi_def_cfa_offset 4
 3084              		.cfi_offset 7, -4
 3085 0002 83B0     		sub	sp, sp, #12
 3086              	.LCFI120:
 3087              		.cfi_def_cfa_offset 16
 3088 0004 00AF     		add	r7, sp, #0
 3089              	.LCFI121:
 3090              		.cfi_def_cfa_register 7
 3091 0006 7860     		str	r0, [r7, #4]
1888:Drivers/STM32F4xx_HAL_Driver/Src/stm32f4xx_hal_adc.c ****   return hadc->ErrorCode;
 3092              		.loc 1 1888 14
 3093 0008 7B68     		ldr	r3, [r7, #4]
 3094 000a 5B6C     		ldr	r3, [r3, #68]
ARM GAS  /tmp/ccpBr0sa.s 			page 88


1889:Drivers/STM32F4xx_HAL_Driver/Src/stm32f4xx_hal_adc.c **** }
 3095              		.loc 1 1889 1
 3096 000c 1846     		mov	r0, r3
 3097 000e 0C37     		adds	r7, r7, #12
 3098              	.LCFI122:
 3099              		.cfi_def_cfa_offset 4
 3100 0010 BD46     		mov	sp, r7
 3101              	.LCFI123:
 3102              		.cfi_def_cfa_register 13
 3103              		@ sp needed
 3104 0012 5DF8047B 		ldr	r7, [sp], #4
 3105              	.LCFI124:
 3106              		.cfi_restore 7
 3107              		.cfi_def_cfa_offset 0
 3108 0016 7047     		bx	lr
 3109              		.cfi_endproc
 3110              	.LFE260:
 3112              		.section	.text.ADC_Init,"ax",%progbits
 3113              		.align	1
 3114              		.syntax unified
 3115              		.thumb
 3116              		.thumb_func
 3118              	ADC_Init:
 3119              	.LFB261:
1890:Drivers/STM32F4xx_HAL_Driver/Src/stm32f4xx_hal_adc.c **** 
1891:Drivers/STM32F4xx_HAL_Driver/Src/stm32f4xx_hal_adc.c **** /**
1892:Drivers/STM32F4xx_HAL_Driver/Src/stm32f4xx_hal_adc.c ****   * @}
1893:Drivers/STM32F4xx_HAL_Driver/Src/stm32f4xx_hal_adc.c ****   */
1894:Drivers/STM32F4xx_HAL_Driver/Src/stm32f4xx_hal_adc.c **** 
1895:Drivers/STM32F4xx_HAL_Driver/Src/stm32f4xx_hal_adc.c **** /** @addtogroup ADC_Private_Functions
1896:Drivers/STM32F4xx_HAL_Driver/Src/stm32f4xx_hal_adc.c ****   * @{
1897:Drivers/STM32F4xx_HAL_Driver/Src/stm32f4xx_hal_adc.c ****   */
1898:Drivers/STM32F4xx_HAL_Driver/Src/stm32f4xx_hal_adc.c **** 
1899:Drivers/STM32F4xx_HAL_Driver/Src/stm32f4xx_hal_adc.c **** /**
1900:Drivers/STM32F4xx_HAL_Driver/Src/stm32f4xx_hal_adc.c ****   * @brief  Initializes the ADCx peripheral according to the specified parameters
1901:Drivers/STM32F4xx_HAL_Driver/Src/stm32f4xx_hal_adc.c ****   *         in the ADC_InitStruct without initializing the ADC MSP.
1902:Drivers/STM32F4xx_HAL_Driver/Src/stm32f4xx_hal_adc.c ****   * @param  hadc pointer to a ADC_HandleTypeDef structure that contains
1903:Drivers/STM32F4xx_HAL_Driver/Src/stm32f4xx_hal_adc.c ****   *         the configuration information for the specified ADC.
1904:Drivers/STM32F4xx_HAL_Driver/Src/stm32f4xx_hal_adc.c ****   * @retval None
1905:Drivers/STM32F4xx_HAL_Driver/Src/stm32f4xx_hal_adc.c ****   */
1906:Drivers/STM32F4xx_HAL_Driver/Src/stm32f4xx_hal_adc.c **** static void ADC_Init(ADC_HandleTypeDef *hadc)
1907:Drivers/STM32F4xx_HAL_Driver/Src/stm32f4xx_hal_adc.c **** {
 3120              		.loc 1 1907 1
 3121              		.cfi_startproc
 3122              		@ args = 0, pretend = 0, frame = 16
 3123              		@ frame_needed = 1, uses_anonymous_args = 0
 3124              		@ link register save eliminated.
 3125 0000 80B4     		push	{r7}
 3126              	.LCFI125:
 3127              		.cfi_def_cfa_offset 4
 3128              		.cfi_offset 7, -4
 3129 0002 85B0     		sub	sp, sp, #20
 3130              	.LCFI126:
 3131              		.cfi_def_cfa_offset 24
 3132 0004 00AF     		add	r7, sp, #0
 3133              	.LCFI127:
 3134              		.cfi_def_cfa_register 7
ARM GAS  /tmp/ccpBr0sa.s 			page 89


 3135 0006 7860     		str	r0, [r7, #4]
1908:Drivers/STM32F4xx_HAL_Driver/Src/stm32f4xx_hal_adc.c ****   ADC_Common_TypeDef *tmpADC_Common;
1909:Drivers/STM32F4xx_HAL_Driver/Src/stm32f4xx_hal_adc.c **** 
1910:Drivers/STM32F4xx_HAL_Driver/Src/stm32f4xx_hal_adc.c ****   /* Set ADC parameters */
1911:Drivers/STM32F4xx_HAL_Driver/Src/stm32f4xx_hal_adc.c ****   /* Pointer to the common control register to which is belonging hadc    */
1912:Drivers/STM32F4xx_HAL_Driver/Src/stm32f4xx_hal_adc.c ****   /* (Depending on STM32F4 product, there may be up to 3 ADCs and 1 common */
1913:Drivers/STM32F4xx_HAL_Driver/Src/stm32f4xx_hal_adc.c ****   /* control register)                                                    */
1914:Drivers/STM32F4xx_HAL_Driver/Src/stm32f4xx_hal_adc.c ****   tmpADC_Common = ADC_COMMON_REGISTER(hadc);
 3136              		.loc 1 1914 17
 3137 0008 794B     		ldr	r3, .L141
 3138 000a FB60     		str	r3, [r7, #12]
1915:Drivers/STM32F4xx_HAL_Driver/Src/stm32f4xx_hal_adc.c **** 
1916:Drivers/STM32F4xx_HAL_Driver/Src/stm32f4xx_hal_adc.c ****   /* Set the ADC clock prescaler */
1917:Drivers/STM32F4xx_HAL_Driver/Src/stm32f4xx_hal_adc.c ****   tmpADC_Common->CCR &= ~(ADC_CCR_ADCPRE);
 3139              		.loc 1 1917 16
 3140 000c FB68     		ldr	r3, [r7, #12]
 3141 000e 5B68     		ldr	r3, [r3, #4]
 3142              		.loc 1 1917 22
 3143 0010 23F44032 		bic	r2, r3, #196608
 3144 0014 FB68     		ldr	r3, [r7, #12]
 3145 0016 5A60     		str	r2, [r3, #4]
1918:Drivers/STM32F4xx_HAL_Driver/Src/stm32f4xx_hal_adc.c ****   tmpADC_Common->CCR |=  hadc->Init.ClockPrescaler;
 3146              		.loc 1 1918 16
 3147 0018 FB68     		ldr	r3, [r7, #12]
 3148 001a 5A68     		ldr	r2, [r3, #4]
 3149              		.loc 1 1918 36
 3150 001c 7B68     		ldr	r3, [r7, #4]
 3151 001e 5B68     		ldr	r3, [r3, #4]
 3152              		.loc 1 1918 22
 3153 0020 1A43     		orrs	r2, r2, r3
 3154 0022 FB68     		ldr	r3, [r7, #12]
 3155 0024 5A60     		str	r2, [r3, #4]
1919:Drivers/STM32F4xx_HAL_Driver/Src/stm32f4xx_hal_adc.c **** 
1920:Drivers/STM32F4xx_HAL_Driver/Src/stm32f4xx_hal_adc.c ****   /* Set ADC scan mode */
1921:Drivers/STM32F4xx_HAL_Driver/Src/stm32f4xx_hal_adc.c ****   hadc->Instance->CR1 &= ~(ADC_CR1_SCAN);
 3156              		.loc 1 1921 7
 3157 0026 7B68     		ldr	r3, [r7, #4]
 3158 0028 1B68     		ldr	r3, [r3]
 3159              		.loc 1 1921 17
 3160 002a 5A68     		ldr	r2, [r3, #4]
 3161              		.loc 1 1921 7
 3162 002c 7B68     		ldr	r3, [r7, #4]
 3163 002e 1B68     		ldr	r3, [r3]
 3164              		.loc 1 1921 23
 3165 0030 22F48072 		bic	r2, r2, #256
 3166 0034 5A60     		str	r2, [r3, #4]
1922:Drivers/STM32F4xx_HAL_Driver/Src/stm32f4xx_hal_adc.c ****   hadc->Instance->CR1 |=  ADC_CR1_SCANCONV(hadc->Init.ScanConvMode);
 3167              		.loc 1 1922 7
 3168 0036 7B68     		ldr	r3, [r7, #4]
 3169 0038 1B68     		ldr	r3, [r3]
 3170              		.loc 1 1922 17
 3171 003a 5968     		ldr	r1, [r3, #4]
 3172              		.loc 1 1922 27
 3173 003c 7B68     		ldr	r3, [r7, #4]
 3174 003e 1B69     		ldr	r3, [r3, #16]
 3175 0040 1A02     		lsls	r2, r3, #8
 3176              		.loc 1 1922 7
ARM GAS  /tmp/ccpBr0sa.s 			page 90


 3177 0042 7B68     		ldr	r3, [r7, #4]
 3178 0044 1B68     		ldr	r3, [r3]
 3179              		.loc 1 1922 23
 3180 0046 0A43     		orrs	r2, r2, r1
 3181 0048 5A60     		str	r2, [r3, #4]
1923:Drivers/STM32F4xx_HAL_Driver/Src/stm32f4xx_hal_adc.c **** 
1924:Drivers/STM32F4xx_HAL_Driver/Src/stm32f4xx_hal_adc.c ****   /* Set ADC resolution */
1925:Drivers/STM32F4xx_HAL_Driver/Src/stm32f4xx_hal_adc.c ****   hadc->Instance->CR1 &= ~(ADC_CR1_RES);
 3182              		.loc 1 1925 7
 3183 004a 7B68     		ldr	r3, [r7, #4]
 3184 004c 1B68     		ldr	r3, [r3]
 3185              		.loc 1 1925 17
 3186 004e 5A68     		ldr	r2, [r3, #4]
 3187              		.loc 1 1925 7
 3188 0050 7B68     		ldr	r3, [r7, #4]
 3189 0052 1B68     		ldr	r3, [r3]
 3190              		.loc 1 1925 23
 3191 0054 22F04072 		bic	r2, r2, #50331648
 3192 0058 5A60     		str	r2, [r3, #4]
1926:Drivers/STM32F4xx_HAL_Driver/Src/stm32f4xx_hal_adc.c ****   hadc->Instance->CR1 |=  hadc->Init.Resolution;
 3193              		.loc 1 1926 7
 3194 005a 7B68     		ldr	r3, [r7, #4]
 3195 005c 1B68     		ldr	r3, [r3]
 3196              		.loc 1 1926 17
 3197 005e 5968     		ldr	r1, [r3, #4]
 3198              		.loc 1 1926 37
 3199 0060 7B68     		ldr	r3, [r7, #4]
 3200 0062 9A68     		ldr	r2, [r3, #8]
 3201              		.loc 1 1926 7
 3202 0064 7B68     		ldr	r3, [r7, #4]
 3203 0066 1B68     		ldr	r3, [r3]
 3204              		.loc 1 1926 23
 3205 0068 0A43     		orrs	r2, r2, r1
 3206 006a 5A60     		str	r2, [r3, #4]
1927:Drivers/STM32F4xx_HAL_Driver/Src/stm32f4xx_hal_adc.c **** 
1928:Drivers/STM32F4xx_HAL_Driver/Src/stm32f4xx_hal_adc.c ****   /* Set ADC data alignment */
1929:Drivers/STM32F4xx_HAL_Driver/Src/stm32f4xx_hal_adc.c ****   hadc->Instance->CR2 &= ~(ADC_CR2_ALIGN);
 3207              		.loc 1 1929 7
 3208 006c 7B68     		ldr	r3, [r7, #4]
 3209 006e 1B68     		ldr	r3, [r3]
 3210              		.loc 1 1929 17
 3211 0070 9A68     		ldr	r2, [r3, #8]
 3212              		.loc 1 1929 7
 3213 0072 7B68     		ldr	r3, [r7, #4]
 3214 0074 1B68     		ldr	r3, [r3]
 3215              		.loc 1 1929 23
 3216 0076 22F40062 		bic	r2, r2, #2048
 3217 007a 9A60     		str	r2, [r3, #8]
1930:Drivers/STM32F4xx_HAL_Driver/Src/stm32f4xx_hal_adc.c ****   hadc->Instance->CR2 |= hadc->Init.DataAlign;
 3218              		.loc 1 1930 7
 3219 007c 7B68     		ldr	r3, [r7, #4]
 3220 007e 1B68     		ldr	r3, [r3]
 3221              		.loc 1 1930 17
 3222 0080 9968     		ldr	r1, [r3, #8]
 3223              		.loc 1 1930 36
 3224 0082 7B68     		ldr	r3, [r7, #4]
 3225 0084 DA68     		ldr	r2, [r3, #12]
ARM GAS  /tmp/ccpBr0sa.s 			page 91


 3226              		.loc 1 1930 7
 3227 0086 7B68     		ldr	r3, [r7, #4]
 3228 0088 1B68     		ldr	r3, [r3]
 3229              		.loc 1 1930 23
 3230 008a 0A43     		orrs	r2, r2, r1
 3231 008c 9A60     		str	r2, [r3, #8]
1931:Drivers/STM32F4xx_HAL_Driver/Src/stm32f4xx_hal_adc.c **** 
1932:Drivers/STM32F4xx_HAL_Driver/Src/stm32f4xx_hal_adc.c ****   /* Enable external trigger if trigger selection is different of software  */
1933:Drivers/STM32F4xx_HAL_Driver/Src/stm32f4xx_hal_adc.c ****   /* start.                                                                 */
1934:Drivers/STM32F4xx_HAL_Driver/Src/stm32f4xx_hal_adc.c ****   /* Note: This configuration keeps the hardware feature of parameter       */
1935:Drivers/STM32F4xx_HAL_Driver/Src/stm32f4xx_hal_adc.c ****   /*       ExternalTrigConvEdge "trigger edge none" equivalent to           */
1936:Drivers/STM32F4xx_HAL_Driver/Src/stm32f4xx_hal_adc.c ****   /*       software start.                                                  */
1937:Drivers/STM32F4xx_HAL_Driver/Src/stm32f4xx_hal_adc.c ****   if (hadc->Init.ExternalTrigConv != ADC_SOFTWARE_START)
 3232              		.loc 1 1937 17
 3233 008e 7B68     		ldr	r3, [r7, #4]
 3234 0090 9B6A     		ldr	r3, [r3, #40]
 3235              		.loc 1 1937 6
 3236 0092 584A     		ldr	r2, .L141+4
 3237 0094 9342     		cmp	r3, r2
 3238 0096 22D0     		beq	.L137
1938:Drivers/STM32F4xx_HAL_Driver/Src/stm32f4xx_hal_adc.c ****   {
1939:Drivers/STM32F4xx_HAL_Driver/Src/stm32f4xx_hal_adc.c ****     /* Select external trigger to start conversion */
1940:Drivers/STM32F4xx_HAL_Driver/Src/stm32f4xx_hal_adc.c ****     hadc->Instance->CR2 &= ~(ADC_CR2_EXTSEL);
 3239              		.loc 1 1940 9
 3240 0098 7B68     		ldr	r3, [r7, #4]
 3241 009a 1B68     		ldr	r3, [r3]
 3242              		.loc 1 1940 19
 3243 009c 9A68     		ldr	r2, [r3, #8]
 3244              		.loc 1 1940 9
 3245 009e 7B68     		ldr	r3, [r7, #4]
 3246 00a0 1B68     		ldr	r3, [r3]
 3247              		.loc 1 1940 25
 3248 00a2 22F07062 		bic	r2, r2, #251658240
 3249 00a6 9A60     		str	r2, [r3, #8]
1941:Drivers/STM32F4xx_HAL_Driver/Src/stm32f4xx_hal_adc.c ****     hadc->Instance->CR2 |= hadc->Init.ExternalTrigConv;
 3250              		.loc 1 1941 9
 3251 00a8 7B68     		ldr	r3, [r7, #4]
 3252 00aa 1B68     		ldr	r3, [r3]
 3253              		.loc 1 1941 19
 3254 00ac 9968     		ldr	r1, [r3, #8]
 3255              		.loc 1 1941 38
 3256 00ae 7B68     		ldr	r3, [r7, #4]
 3257 00b0 9A6A     		ldr	r2, [r3, #40]
 3258              		.loc 1 1941 9
 3259 00b2 7B68     		ldr	r3, [r7, #4]
 3260 00b4 1B68     		ldr	r3, [r3]
 3261              		.loc 1 1941 25
 3262 00b6 0A43     		orrs	r2, r2, r1
 3263 00b8 9A60     		str	r2, [r3, #8]
1942:Drivers/STM32F4xx_HAL_Driver/Src/stm32f4xx_hal_adc.c **** 
1943:Drivers/STM32F4xx_HAL_Driver/Src/stm32f4xx_hal_adc.c ****     /* Select external trigger polarity */
1944:Drivers/STM32F4xx_HAL_Driver/Src/stm32f4xx_hal_adc.c ****     hadc->Instance->CR2 &= ~(ADC_CR2_EXTEN);
 3264              		.loc 1 1944 9
 3265 00ba 7B68     		ldr	r3, [r7, #4]
 3266 00bc 1B68     		ldr	r3, [r3]
 3267              		.loc 1 1944 19
 3268 00be 9A68     		ldr	r2, [r3, #8]
ARM GAS  /tmp/ccpBr0sa.s 			page 92


 3269              		.loc 1 1944 9
 3270 00c0 7B68     		ldr	r3, [r7, #4]
 3271 00c2 1B68     		ldr	r3, [r3]
 3272              		.loc 1 1944 25
 3273 00c4 22F04052 		bic	r2, r2, #805306368
 3274 00c8 9A60     		str	r2, [r3, #8]
1945:Drivers/STM32F4xx_HAL_Driver/Src/stm32f4xx_hal_adc.c ****     hadc->Instance->CR2 |= hadc->Init.ExternalTrigConvEdge;
 3275              		.loc 1 1945 9
 3276 00ca 7B68     		ldr	r3, [r7, #4]
 3277 00cc 1B68     		ldr	r3, [r3]
 3278              		.loc 1 1945 19
 3279 00ce 9968     		ldr	r1, [r3, #8]
 3280              		.loc 1 1945 38
 3281 00d0 7B68     		ldr	r3, [r7, #4]
 3282 00d2 DA6A     		ldr	r2, [r3, #44]
 3283              		.loc 1 1945 9
 3284 00d4 7B68     		ldr	r3, [r7, #4]
 3285 00d6 1B68     		ldr	r3, [r3]
 3286              		.loc 1 1945 25
 3287 00d8 0A43     		orrs	r2, r2, r1
 3288 00da 9A60     		str	r2, [r3, #8]
 3289 00dc 0FE0     		b	.L138
 3290              	.L137:
1946:Drivers/STM32F4xx_HAL_Driver/Src/stm32f4xx_hal_adc.c ****   }
1947:Drivers/STM32F4xx_HAL_Driver/Src/stm32f4xx_hal_adc.c ****   else
1948:Drivers/STM32F4xx_HAL_Driver/Src/stm32f4xx_hal_adc.c ****   {
1949:Drivers/STM32F4xx_HAL_Driver/Src/stm32f4xx_hal_adc.c ****     /* Reset the external trigger */
1950:Drivers/STM32F4xx_HAL_Driver/Src/stm32f4xx_hal_adc.c ****     hadc->Instance->CR2 &= ~(ADC_CR2_EXTSEL);
 3291              		.loc 1 1950 9
 3292 00de 7B68     		ldr	r3, [r7, #4]
 3293 00e0 1B68     		ldr	r3, [r3]
 3294              		.loc 1 1950 19
 3295 00e2 9A68     		ldr	r2, [r3, #8]
 3296              		.loc 1 1950 9
 3297 00e4 7B68     		ldr	r3, [r7, #4]
 3298 00e6 1B68     		ldr	r3, [r3]
 3299              		.loc 1 1950 25
 3300 00e8 22F07062 		bic	r2, r2, #251658240
 3301 00ec 9A60     		str	r2, [r3, #8]
1951:Drivers/STM32F4xx_HAL_Driver/Src/stm32f4xx_hal_adc.c ****     hadc->Instance->CR2 &= ~(ADC_CR2_EXTEN);
 3302              		.loc 1 1951 9
 3303 00ee 7B68     		ldr	r3, [r7, #4]
 3304 00f0 1B68     		ldr	r3, [r3]
 3305              		.loc 1 1951 19
 3306 00f2 9A68     		ldr	r2, [r3, #8]
 3307              		.loc 1 1951 9
 3308 00f4 7B68     		ldr	r3, [r7, #4]
 3309 00f6 1B68     		ldr	r3, [r3]
 3310              		.loc 1 1951 25
 3311 00f8 22F04052 		bic	r2, r2, #805306368
 3312 00fc 9A60     		str	r2, [r3, #8]
 3313              	.L138:
1952:Drivers/STM32F4xx_HAL_Driver/Src/stm32f4xx_hal_adc.c ****   }
1953:Drivers/STM32F4xx_HAL_Driver/Src/stm32f4xx_hal_adc.c **** 
1954:Drivers/STM32F4xx_HAL_Driver/Src/stm32f4xx_hal_adc.c ****   /* Enable or disable ADC continuous conversion mode */
1955:Drivers/STM32F4xx_HAL_Driver/Src/stm32f4xx_hal_adc.c ****   hadc->Instance->CR2 &= ~(ADC_CR2_CONT);
 3314              		.loc 1 1955 7
ARM GAS  /tmp/ccpBr0sa.s 			page 93


 3315 00fe 7B68     		ldr	r3, [r7, #4]
 3316 0100 1B68     		ldr	r3, [r3]
 3317              		.loc 1 1955 17
 3318 0102 9A68     		ldr	r2, [r3, #8]
 3319              		.loc 1 1955 7
 3320 0104 7B68     		ldr	r3, [r7, #4]
 3321 0106 1B68     		ldr	r3, [r3]
 3322              		.loc 1 1955 23
 3323 0108 22F00202 		bic	r2, r2, #2
 3324 010c 9A60     		str	r2, [r3, #8]
1956:Drivers/STM32F4xx_HAL_Driver/Src/stm32f4xx_hal_adc.c ****   hadc->Instance->CR2 |= ADC_CR2_CONTINUOUS((uint32_t)hadc->Init.ContinuousConvMode);
 3325              		.loc 1 1956 7
 3326 010e 7B68     		ldr	r3, [r7, #4]
 3327 0110 1B68     		ldr	r3, [r3]
 3328              		.loc 1 1956 17
 3329 0112 9968     		ldr	r1, [r3, #8]
 3330              		.loc 1 1956 26
 3331 0114 7B68     		ldr	r3, [r7, #4]
 3332 0116 1B7E     		ldrb	r3, [r3, #24]	@ zero_extendqisi2
 3333 0118 5A00     		lsls	r2, r3, #1
 3334              		.loc 1 1956 7
 3335 011a 7B68     		ldr	r3, [r7, #4]
 3336 011c 1B68     		ldr	r3, [r3]
 3337              		.loc 1 1956 23
 3338 011e 0A43     		orrs	r2, r2, r1
 3339 0120 9A60     		str	r2, [r3, #8]
1957:Drivers/STM32F4xx_HAL_Driver/Src/stm32f4xx_hal_adc.c **** 
1958:Drivers/STM32F4xx_HAL_Driver/Src/stm32f4xx_hal_adc.c ****   if (hadc->Init.DiscontinuousConvMode != DISABLE)
 3340              		.loc 1 1958 17
 3341 0122 7B68     		ldr	r3, [r7, #4]
 3342 0124 93F82030 		ldrb	r3, [r3, #32]	@ zero_extendqisi2
 3343              		.loc 1 1958 6
 3344 0128 002B     		cmp	r3, #0
 3345 012a 1BD0     		beq	.L139
1959:Drivers/STM32F4xx_HAL_Driver/Src/stm32f4xx_hal_adc.c ****   {
1960:Drivers/STM32F4xx_HAL_Driver/Src/stm32f4xx_hal_adc.c ****     assert_param(IS_ADC_REGULAR_DISC_NUMBER(hadc->Init.NbrOfDiscConversion));
1961:Drivers/STM32F4xx_HAL_Driver/Src/stm32f4xx_hal_adc.c **** 
1962:Drivers/STM32F4xx_HAL_Driver/Src/stm32f4xx_hal_adc.c ****     /* Enable the selected ADC regular discontinuous mode */
1963:Drivers/STM32F4xx_HAL_Driver/Src/stm32f4xx_hal_adc.c ****     hadc->Instance->CR1 |= (uint32_t)ADC_CR1_DISCEN;
 3346              		.loc 1 1963 9
 3347 012c 7B68     		ldr	r3, [r7, #4]
 3348 012e 1B68     		ldr	r3, [r3]
 3349              		.loc 1 1963 19
 3350 0130 5A68     		ldr	r2, [r3, #4]
 3351              		.loc 1 1963 9
 3352 0132 7B68     		ldr	r3, [r7, #4]
 3353 0134 1B68     		ldr	r3, [r3]
 3354              		.loc 1 1963 25
 3355 0136 42F40062 		orr	r2, r2, #2048
 3356 013a 5A60     		str	r2, [r3, #4]
1964:Drivers/STM32F4xx_HAL_Driver/Src/stm32f4xx_hal_adc.c **** 
1965:Drivers/STM32F4xx_HAL_Driver/Src/stm32f4xx_hal_adc.c ****     /* Set the number of channels to be converted in discontinuous mode */
1966:Drivers/STM32F4xx_HAL_Driver/Src/stm32f4xx_hal_adc.c ****     hadc->Instance->CR1 &= ~(ADC_CR1_DISCNUM);
 3357              		.loc 1 1966 9
 3358 013c 7B68     		ldr	r3, [r7, #4]
 3359 013e 1B68     		ldr	r3, [r3]
 3360              		.loc 1 1966 19
ARM GAS  /tmp/ccpBr0sa.s 			page 94


 3361 0140 5A68     		ldr	r2, [r3, #4]
 3362              		.loc 1 1966 9
 3363 0142 7B68     		ldr	r3, [r7, #4]
 3364 0144 1B68     		ldr	r3, [r3]
 3365              		.loc 1 1966 25
 3366 0146 22F46042 		bic	r2, r2, #57344
 3367 014a 5A60     		str	r2, [r3, #4]
1967:Drivers/STM32F4xx_HAL_Driver/Src/stm32f4xx_hal_adc.c ****     hadc->Instance->CR1 |=  ADC_CR1_DISCONTINUOUS(hadc->Init.NbrOfDiscConversion);
 3368              		.loc 1 1967 9
 3369 014c 7B68     		ldr	r3, [r7, #4]
 3370 014e 1B68     		ldr	r3, [r3]
 3371              		.loc 1 1967 19
 3372 0150 5968     		ldr	r1, [r3, #4]
 3373              		.loc 1 1967 29
 3374 0152 7B68     		ldr	r3, [r7, #4]
 3375 0154 5B6A     		ldr	r3, [r3, #36]
 3376 0156 013B     		subs	r3, r3, #1
 3377 0158 5A03     		lsls	r2, r3, #13
 3378              		.loc 1 1967 9
 3379 015a 7B68     		ldr	r3, [r7, #4]
 3380 015c 1B68     		ldr	r3, [r3]
 3381              		.loc 1 1967 25
 3382 015e 0A43     		orrs	r2, r2, r1
 3383 0160 5A60     		str	r2, [r3, #4]
 3384 0162 07E0     		b	.L140
 3385              	.L139:
1968:Drivers/STM32F4xx_HAL_Driver/Src/stm32f4xx_hal_adc.c ****   }
1969:Drivers/STM32F4xx_HAL_Driver/Src/stm32f4xx_hal_adc.c ****   else
1970:Drivers/STM32F4xx_HAL_Driver/Src/stm32f4xx_hal_adc.c ****   {
1971:Drivers/STM32F4xx_HAL_Driver/Src/stm32f4xx_hal_adc.c ****     /* Disable the selected ADC regular discontinuous mode */
1972:Drivers/STM32F4xx_HAL_Driver/Src/stm32f4xx_hal_adc.c ****     hadc->Instance->CR1 &= ~(ADC_CR1_DISCEN);
 3386              		.loc 1 1972 9
 3387 0164 7B68     		ldr	r3, [r7, #4]
 3388 0166 1B68     		ldr	r3, [r3]
 3389              		.loc 1 1972 19
 3390 0168 5A68     		ldr	r2, [r3, #4]
 3391              		.loc 1 1972 9
 3392 016a 7B68     		ldr	r3, [r7, #4]
 3393 016c 1B68     		ldr	r3, [r3]
 3394              		.loc 1 1972 25
 3395 016e 22F40062 		bic	r2, r2, #2048
 3396 0172 5A60     		str	r2, [r3, #4]
 3397              	.L140:
1973:Drivers/STM32F4xx_HAL_Driver/Src/stm32f4xx_hal_adc.c ****   }
1974:Drivers/STM32F4xx_HAL_Driver/Src/stm32f4xx_hal_adc.c **** 
1975:Drivers/STM32F4xx_HAL_Driver/Src/stm32f4xx_hal_adc.c ****   /* Set ADC number of conversion */
1976:Drivers/STM32F4xx_HAL_Driver/Src/stm32f4xx_hal_adc.c ****   hadc->Instance->SQR1 &= ~(ADC_SQR1_L);
 3398              		.loc 1 1976 7
 3399 0174 7B68     		ldr	r3, [r7, #4]
 3400 0176 1B68     		ldr	r3, [r3]
 3401              		.loc 1 1976 17
 3402 0178 DA6A     		ldr	r2, [r3, #44]
 3403              		.loc 1 1976 7
 3404 017a 7B68     		ldr	r3, [r7, #4]
 3405 017c 1B68     		ldr	r3, [r3]
 3406              		.loc 1 1976 24
 3407 017e 22F47002 		bic	r2, r2, #15728640
ARM GAS  /tmp/ccpBr0sa.s 			page 95


 3408 0182 DA62     		str	r2, [r3, #44]
1977:Drivers/STM32F4xx_HAL_Driver/Src/stm32f4xx_hal_adc.c ****   hadc->Instance->SQR1 |=  ADC_SQR1(hadc->Init.NbrOfConversion);
 3409              		.loc 1 1977 7
 3410 0184 7B68     		ldr	r3, [r7, #4]
 3411 0186 1B68     		ldr	r3, [r3]
 3412              		.loc 1 1977 17
 3413 0188 D96A     		ldr	r1, [r3, #44]
 3414              		.loc 1 1977 28
 3415 018a 7B68     		ldr	r3, [r7, #4]
 3416 018c DB69     		ldr	r3, [r3, #28]
 3417 018e 013B     		subs	r3, r3, #1
 3418 0190 1A05     		lsls	r2, r3, #20
 3419              		.loc 1 1977 7
 3420 0192 7B68     		ldr	r3, [r7, #4]
 3421 0194 1B68     		ldr	r3, [r3]
 3422              		.loc 1 1977 24
 3423 0196 0A43     		orrs	r2, r2, r1
 3424 0198 DA62     		str	r2, [r3, #44]
1978:Drivers/STM32F4xx_HAL_Driver/Src/stm32f4xx_hal_adc.c **** 
1979:Drivers/STM32F4xx_HAL_Driver/Src/stm32f4xx_hal_adc.c ****   /* Enable or disable ADC DMA continuous request */
1980:Drivers/STM32F4xx_HAL_Driver/Src/stm32f4xx_hal_adc.c ****   hadc->Instance->CR2 &= ~(ADC_CR2_DDS);
 3425              		.loc 1 1980 7
 3426 019a 7B68     		ldr	r3, [r7, #4]
 3427 019c 1B68     		ldr	r3, [r3]
 3428              		.loc 1 1980 17
 3429 019e 9A68     		ldr	r2, [r3, #8]
 3430              		.loc 1 1980 7
 3431 01a0 7B68     		ldr	r3, [r7, #4]
 3432 01a2 1B68     		ldr	r3, [r3]
 3433              		.loc 1 1980 23
 3434 01a4 22F40072 		bic	r2, r2, #512
 3435 01a8 9A60     		str	r2, [r3, #8]
1981:Drivers/STM32F4xx_HAL_Driver/Src/stm32f4xx_hal_adc.c ****   hadc->Instance->CR2 |= ADC_CR2_DMAContReq((uint32_t)hadc->Init.DMAContinuousRequests);
 3436              		.loc 1 1981 7
 3437 01aa 7B68     		ldr	r3, [r7, #4]
 3438 01ac 1B68     		ldr	r3, [r3]
 3439              		.loc 1 1981 17
 3440 01ae 9968     		ldr	r1, [r3, #8]
 3441              		.loc 1 1981 26
 3442 01b0 7B68     		ldr	r3, [r7, #4]
 3443 01b2 93F83030 		ldrb	r3, [r3, #48]	@ zero_extendqisi2
 3444 01b6 5A02     		lsls	r2, r3, #9
 3445              		.loc 1 1981 7
 3446 01b8 7B68     		ldr	r3, [r7, #4]
 3447 01ba 1B68     		ldr	r3, [r3]
 3448              		.loc 1 1981 23
 3449 01bc 0A43     		orrs	r2, r2, r1
 3450 01be 9A60     		str	r2, [r3, #8]
1982:Drivers/STM32F4xx_HAL_Driver/Src/stm32f4xx_hal_adc.c **** 
1983:Drivers/STM32F4xx_HAL_Driver/Src/stm32f4xx_hal_adc.c ****   /* Enable or disable ADC end of conversion selection */
1984:Drivers/STM32F4xx_HAL_Driver/Src/stm32f4xx_hal_adc.c ****   hadc->Instance->CR2 &= ~(ADC_CR2_EOCS);
 3451              		.loc 1 1984 7
 3452 01c0 7B68     		ldr	r3, [r7, #4]
 3453 01c2 1B68     		ldr	r3, [r3]
 3454              		.loc 1 1984 17
 3455 01c4 9A68     		ldr	r2, [r3, #8]
 3456              		.loc 1 1984 7
ARM GAS  /tmp/ccpBr0sa.s 			page 96


 3457 01c6 7B68     		ldr	r3, [r7, #4]
 3458 01c8 1B68     		ldr	r3, [r3]
 3459              		.loc 1 1984 23
 3460 01ca 22F48062 		bic	r2, r2, #1024
 3461 01ce 9A60     		str	r2, [r3, #8]
1985:Drivers/STM32F4xx_HAL_Driver/Src/stm32f4xx_hal_adc.c ****   hadc->Instance->CR2 |= ADC_CR2_EOCSelection(hadc->Init.EOCSelection);
 3462              		.loc 1 1985 7
 3463 01d0 7B68     		ldr	r3, [r7, #4]
 3464 01d2 1B68     		ldr	r3, [r3]
 3465              		.loc 1 1985 17
 3466 01d4 9968     		ldr	r1, [r3, #8]
 3467              		.loc 1 1985 26
 3468 01d6 7B68     		ldr	r3, [r7, #4]
 3469 01d8 5B69     		ldr	r3, [r3, #20]
 3470 01da 9A02     		lsls	r2, r3, #10
 3471              		.loc 1 1985 7
 3472 01dc 7B68     		ldr	r3, [r7, #4]
 3473 01de 1B68     		ldr	r3, [r3]
 3474              		.loc 1 1985 23
 3475 01e0 0A43     		orrs	r2, r2, r1
 3476 01e2 9A60     		str	r2, [r3, #8]
1986:Drivers/STM32F4xx_HAL_Driver/Src/stm32f4xx_hal_adc.c **** }
 3477              		.loc 1 1986 1
 3478 01e4 00BF     		nop
 3479 01e6 1437     		adds	r7, r7, #20
 3480              	.LCFI128:
 3481              		.cfi_def_cfa_offset 4
 3482 01e8 BD46     		mov	sp, r7
 3483              	.LCFI129:
 3484              		.cfi_def_cfa_register 13
 3485              		@ sp needed
 3486 01ea 5DF8047B 		ldr	r7, [sp], #4
 3487              	.LCFI130:
 3488              		.cfi_restore 7
 3489              		.cfi_def_cfa_offset 0
 3490 01ee 7047     		bx	lr
 3491              	.L142:
 3492              		.align	2
 3493              	.L141:
 3494 01f0 00230140 		.word	1073816320
 3495 01f4 0100000F 		.word	251658241
 3496              		.cfi_endproc
 3497              	.LFE261:
 3499              		.section	.text.ADC_DMAConvCplt,"ax",%progbits
 3500              		.align	1
 3501              		.syntax unified
 3502              		.thumb
 3503              		.thumb_func
 3505              	ADC_DMAConvCplt:
 3506              	.LFB262:
1987:Drivers/STM32F4xx_HAL_Driver/Src/stm32f4xx_hal_adc.c **** 
1988:Drivers/STM32F4xx_HAL_Driver/Src/stm32f4xx_hal_adc.c **** /**
1989:Drivers/STM32F4xx_HAL_Driver/Src/stm32f4xx_hal_adc.c ****   * @brief  DMA transfer complete callback.
1990:Drivers/STM32F4xx_HAL_Driver/Src/stm32f4xx_hal_adc.c ****   * @param  hdma pointer to a DMA_HandleTypeDef structure that contains
1991:Drivers/STM32F4xx_HAL_Driver/Src/stm32f4xx_hal_adc.c ****   *                the configuration information for the specified DMA module.
1992:Drivers/STM32F4xx_HAL_Driver/Src/stm32f4xx_hal_adc.c ****   * @retval None
1993:Drivers/STM32F4xx_HAL_Driver/Src/stm32f4xx_hal_adc.c ****   */
ARM GAS  /tmp/ccpBr0sa.s 			page 97


1994:Drivers/STM32F4xx_HAL_Driver/Src/stm32f4xx_hal_adc.c **** static void ADC_DMAConvCplt(DMA_HandleTypeDef *hdma)
1995:Drivers/STM32F4xx_HAL_Driver/Src/stm32f4xx_hal_adc.c **** {
 3507              		.loc 1 1995 1
 3508              		.cfi_startproc
 3509              		@ args = 0, pretend = 0, frame = 16
 3510              		@ frame_needed = 1, uses_anonymous_args = 0
 3511 0000 80B5     		push	{r7, lr}
 3512              	.LCFI131:
 3513              		.cfi_def_cfa_offset 8
 3514              		.cfi_offset 7, -8
 3515              		.cfi_offset 14, -4
 3516 0002 84B0     		sub	sp, sp, #16
 3517              	.LCFI132:
 3518              		.cfi_def_cfa_offset 24
 3519 0004 00AF     		add	r7, sp, #0
 3520              	.LCFI133:
 3521              		.cfi_def_cfa_register 7
 3522 0006 7860     		str	r0, [r7, #4]
1996:Drivers/STM32F4xx_HAL_Driver/Src/stm32f4xx_hal_adc.c ****   /* Retrieve ADC handle corresponding to current DMA handle */
1997:Drivers/STM32F4xx_HAL_Driver/Src/stm32f4xx_hal_adc.c ****   ADC_HandleTypeDef *hadc = (ADC_HandleTypeDef *)((DMA_HandleTypeDef *)hdma)->Parent;
 3523              		.loc 1 1997 22
 3524 0008 7B68     		ldr	r3, [r7, #4]
 3525 000a 9B6B     		ldr	r3, [r3, #56]
 3526 000c FB60     		str	r3, [r7, #12]
1998:Drivers/STM32F4xx_HAL_Driver/Src/stm32f4xx_hal_adc.c **** 
1999:Drivers/STM32F4xx_HAL_Driver/Src/stm32f4xx_hal_adc.c ****   /* Update state machine on conversion status if not in error state */
2000:Drivers/STM32F4xx_HAL_Driver/Src/stm32f4xx_hal_adc.c ****   if (HAL_IS_BIT_CLR(hadc->State, HAL_ADC_STATE_ERROR_INTERNAL | HAL_ADC_STATE_ERROR_DMA))
 3527              		.loc 1 2000 7
 3528 000e FB68     		ldr	r3, [r7, #12]
 3529 0010 1B6C     		ldr	r3, [r3, #64]
 3530 0012 03F05003 		and	r3, r3, #80
 3531              		.loc 1 2000 6
 3532 0016 002B     		cmp	r3, #0
 3533 0018 3CD1     		bne	.L144
2001:Drivers/STM32F4xx_HAL_Driver/Src/stm32f4xx_hal_adc.c ****   {
2002:Drivers/STM32F4xx_HAL_Driver/Src/stm32f4xx_hal_adc.c ****     /* Update ADC state machine */
2003:Drivers/STM32F4xx_HAL_Driver/Src/stm32f4xx_hal_adc.c ****     SET_BIT(hadc->State, HAL_ADC_STATE_REG_EOC);
 3534              		.loc 1 2003 5
 3535 001a FB68     		ldr	r3, [r7, #12]
 3536 001c 1B6C     		ldr	r3, [r3, #64]
 3537 001e 43F40072 		orr	r2, r3, #512
 3538 0022 FB68     		ldr	r3, [r7, #12]
 3539 0024 1A64     		str	r2, [r3, #64]
2004:Drivers/STM32F4xx_HAL_Driver/Src/stm32f4xx_hal_adc.c **** 
2005:Drivers/STM32F4xx_HAL_Driver/Src/stm32f4xx_hal_adc.c ****     /* Determine whether any further conversion upcoming on group regular   */
2006:Drivers/STM32F4xx_HAL_Driver/Src/stm32f4xx_hal_adc.c ****     /* by external trigger, continuous mode or scan sequence on going.      */
2007:Drivers/STM32F4xx_HAL_Driver/Src/stm32f4xx_hal_adc.c ****     /* Note: On STM32F4, there is no independent flag of end of sequence.   */
2008:Drivers/STM32F4xx_HAL_Driver/Src/stm32f4xx_hal_adc.c ****     /*       The test of scan sequence on going is done either with scan    */
2009:Drivers/STM32F4xx_HAL_Driver/Src/stm32f4xx_hal_adc.c ****     /*       sequence disabled or with end of conversion flag set to        */
2010:Drivers/STM32F4xx_HAL_Driver/Src/stm32f4xx_hal_adc.c ****     /*       of end of sequence.                                            */
2011:Drivers/STM32F4xx_HAL_Driver/Src/stm32f4xx_hal_adc.c ****     if (ADC_IS_SOFTWARE_START_REGULAR(hadc)                   &&
 3540              		.loc 1 2011 9
 3541 0026 FB68     		ldr	r3, [r7, #12]
 3542 0028 1B68     		ldr	r3, [r3]
 3543 002a 9B68     		ldr	r3, [r3, #8]
 3544 002c 03F04053 		and	r3, r3, #805306368
 3545              		.loc 1 2011 8
ARM GAS  /tmp/ccpBr0sa.s 			page 98


 3546 0030 002B     		cmp	r3, #0
 3547 0032 2BD1     		bne	.L145
2012:Drivers/STM32F4xx_HAL_Driver/Src/stm32f4xx_hal_adc.c ****         (hadc->Init.ContinuousConvMode == DISABLE)            &&
 3548              		.loc 1 2012 20 discriminator 1
 3549 0034 FB68     		ldr	r3, [r7, #12]
 3550 0036 1B7E     		ldrb	r3, [r3, #24]	@ zero_extendqisi2
2011:Drivers/STM32F4xx_HAL_Driver/Src/stm32f4xx_hal_adc.c ****         (hadc->Init.ContinuousConvMode == DISABLE)            &&
 3551              		.loc 1 2011 63 discriminator 1
 3552 0038 002B     		cmp	r3, #0
 3553 003a 27D1     		bne	.L145
2013:Drivers/STM32F4xx_HAL_Driver/Src/stm32f4xx_hal_adc.c ****         (HAL_IS_BIT_CLR(hadc->Instance->SQR1, ADC_SQR1_L) ||
 3554              		.loc 1 2013 10
 3555 003c FB68     		ldr	r3, [r7, #12]
 3556 003e 1B68     		ldr	r3, [r3]
 3557 0040 DB6A     		ldr	r3, [r3, #44]
 3558 0042 03F47003 		and	r3, r3, #15728640
2012:Drivers/STM32F4xx_HAL_Driver/Src/stm32f4xx_hal_adc.c ****         (hadc->Init.ContinuousConvMode == DISABLE)            &&
 3559              		.loc 1 2012 63
 3560 0046 002B     		cmp	r3, #0
 3561 0048 06D0     		beq	.L146
2014:Drivers/STM32F4xx_HAL_Driver/Src/stm32f4xx_hal_adc.c ****          HAL_IS_BIT_CLR(hadc->Instance->CR2, ADC_CR2_EOCS)))
 3562              		.loc 1 2014 10
 3563 004a FB68     		ldr	r3, [r7, #12]
 3564 004c 1B68     		ldr	r3, [r3]
 3565 004e 9B68     		ldr	r3, [r3, #8]
 3566 0050 03F48063 		and	r3, r3, #1024
2013:Drivers/STM32F4xx_HAL_Driver/Src/stm32f4xx_hal_adc.c ****         (HAL_IS_BIT_CLR(hadc->Instance->SQR1, ADC_SQR1_L) ||
 3567              		.loc 1 2013 59
 3568 0054 002B     		cmp	r3, #0
 3569 0056 19D1     		bne	.L145
 3570              	.L146:
2015:Drivers/STM32F4xx_HAL_Driver/Src/stm32f4xx_hal_adc.c ****     {
2016:Drivers/STM32F4xx_HAL_Driver/Src/stm32f4xx_hal_adc.c ****       /* Disable ADC end of single conversion interrupt on group regular */
2017:Drivers/STM32F4xx_HAL_Driver/Src/stm32f4xx_hal_adc.c ****       /* Note: Overrun interrupt was enabled with EOC interrupt in          */
2018:Drivers/STM32F4xx_HAL_Driver/Src/stm32f4xx_hal_adc.c ****       /* HAL_ADC_Start_IT(), but is not disabled here because can be used   */
2019:Drivers/STM32F4xx_HAL_Driver/Src/stm32f4xx_hal_adc.c ****       /* by overrun IRQ process below.                                      */
2020:Drivers/STM32F4xx_HAL_Driver/Src/stm32f4xx_hal_adc.c ****       __HAL_ADC_DISABLE_IT(hadc, ADC_IT_EOC);
 3571              		.loc 1 2020 7
 3572 0058 FB68     		ldr	r3, [r7, #12]
 3573 005a 1B68     		ldr	r3, [r3]
 3574 005c 5A68     		ldr	r2, [r3, #4]
 3575 005e FB68     		ldr	r3, [r7, #12]
 3576 0060 1B68     		ldr	r3, [r3]
 3577 0062 22F02002 		bic	r2, r2, #32
 3578 0066 5A60     		str	r2, [r3, #4]
2021:Drivers/STM32F4xx_HAL_Driver/Src/stm32f4xx_hal_adc.c **** 
2022:Drivers/STM32F4xx_HAL_Driver/Src/stm32f4xx_hal_adc.c ****       /* Set ADC state */
2023:Drivers/STM32F4xx_HAL_Driver/Src/stm32f4xx_hal_adc.c ****       CLEAR_BIT(hadc->State, HAL_ADC_STATE_REG_BUSY);
 3579              		.loc 1 2023 7
 3580 0068 FB68     		ldr	r3, [r7, #12]
 3581 006a 1B6C     		ldr	r3, [r3, #64]
 3582 006c 23F48072 		bic	r2, r3, #256
 3583 0070 FB68     		ldr	r3, [r7, #12]
 3584 0072 1A64     		str	r2, [r3, #64]
2024:Drivers/STM32F4xx_HAL_Driver/Src/stm32f4xx_hal_adc.c **** 
2025:Drivers/STM32F4xx_HAL_Driver/Src/stm32f4xx_hal_adc.c ****       if (HAL_IS_BIT_CLR(hadc->State, HAL_ADC_STATE_INJ_BUSY))
 3585              		.loc 1 2025 11
ARM GAS  /tmp/ccpBr0sa.s 			page 99


 3586 0074 FB68     		ldr	r3, [r7, #12]
 3587 0076 1B6C     		ldr	r3, [r3, #64]
 3588 0078 03F48053 		and	r3, r3, #4096
 3589              		.loc 1 2025 10
 3590 007c 002B     		cmp	r3, #0
 3591 007e 05D1     		bne	.L145
2026:Drivers/STM32F4xx_HAL_Driver/Src/stm32f4xx_hal_adc.c ****       {
2027:Drivers/STM32F4xx_HAL_Driver/Src/stm32f4xx_hal_adc.c ****         SET_BIT(hadc->State, HAL_ADC_STATE_READY);
 3592              		.loc 1 2027 9
 3593 0080 FB68     		ldr	r3, [r7, #12]
 3594 0082 1B6C     		ldr	r3, [r3, #64]
 3595 0084 43F00102 		orr	r2, r3, #1
 3596 0088 FB68     		ldr	r3, [r7, #12]
 3597 008a 1A64     		str	r2, [r3, #64]
 3598              	.L145:
2028:Drivers/STM32F4xx_HAL_Driver/Src/stm32f4xx_hal_adc.c ****       }
2029:Drivers/STM32F4xx_HAL_Driver/Src/stm32f4xx_hal_adc.c ****     }
2030:Drivers/STM32F4xx_HAL_Driver/Src/stm32f4xx_hal_adc.c **** 
2031:Drivers/STM32F4xx_HAL_Driver/Src/stm32f4xx_hal_adc.c ****     /* Conversion complete callback */
2032:Drivers/STM32F4xx_HAL_Driver/Src/stm32f4xx_hal_adc.c **** #if (USE_HAL_ADC_REGISTER_CALLBACKS == 1)
2033:Drivers/STM32F4xx_HAL_Driver/Src/stm32f4xx_hal_adc.c ****     hadc->ConvCpltCallback(hadc);
2034:Drivers/STM32F4xx_HAL_Driver/Src/stm32f4xx_hal_adc.c **** #else
2035:Drivers/STM32F4xx_HAL_Driver/Src/stm32f4xx_hal_adc.c ****     HAL_ADC_ConvCpltCallback(hadc);
 3599              		.loc 1 2035 5
 3600 008c F868     		ldr	r0, [r7, #12]
 3601 008e FFF7FEFF 		bl	HAL_ADC_ConvCpltCallback
2036:Drivers/STM32F4xx_HAL_Driver/Src/stm32f4xx_hal_adc.c **** #endif /* USE_HAL_ADC_REGISTER_CALLBACKS */
2037:Drivers/STM32F4xx_HAL_Driver/Src/stm32f4xx_hal_adc.c ****   }
2038:Drivers/STM32F4xx_HAL_Driver/Src/stm32f4xx_hal_adc.c ****   else /* DMA and-or internal error occurred */
2039:Drivers/STM32F4xx_HAL_Driver/Src/stm32f4xx_hal_adc.c ****   {
2040:Drivers/STM32F4xx_HAL_Driver/Src/stm32f4xx_hal_adc.c ****     if ((hadc->State & HAL_ADC_STATE_ERROR_INTERNAL) != 0UL)
2041:Drivers/STM32F4xx_HAL_Driver/Src/stm32f4xx_hal_adc.c ****     {
2042:Drivers/STM32F4xx_HAL_Driver/Src/stm32f4xx_hal_adc.c ****       /* Call HAL ADC Error Callback function */
2043:Drivers/STM32F4xx_HAL_Driver/Src/stm32f4xx_hal_adc.c **** #if (USE_HAL_ADC_REGISTER_CALLBACKS == 1)
2044:Drivers/STM32F4xx_HAL_Driver/Src/stm32f4xx_hal_adc.c ****       hadc->ErrorCallback(hadc);
2045:Drivers/STM32F4xx_HAL_Driver/Src/stm32f4xx_hal_adc.c **** #else
2046:Drivers/STM32F4xx_HAL_Driver/Src/stm32f4xx_hal_adc.c ****       HAL_ADC_ErrorCallback(hadc);
2047:Drivers/STM32F4xx_HAL_Driver/Src/stm32f4xx_hal_adc.c **** #endif /* USE_HAL_ADC_REGISTER_CALLBACKS */
2048:Drivers/STM32F4xx_HAL_Driver/Src/stm32f4xx_hal_adc.c ****     }
2049:Drivers/STM32F4xx_HAL_Driver/Src/stm32f4xx_hal_adc.c ****     else
2050:Drivers/STM32F4xx_HAL_Driver/Src/stm32f4xx_hal_adc.c ****     {
2051:Drivers/STM32F4xx_HAL_Driver/Src/stm32f4xx_hal_adc.c ****       /* Call DMA error callback */
2052:Drivers/STM32F4xx_HAL_Driver/Src/stm32f4xx_hal_adc.c ****       hadc->DMA_Handle->XferErrorCallback(hdma);
2053:Drivers/STM32F4xx_HAL_Driver/Src/stm32f4xx_hal_adc.c ****     }
2054:Drivers/STM32F4xx_HAL_Driver/Src/stm32f4xx_hal_adc.c ****   }
2055:Drivers/STM32F4xx_HAL_Driver/Src/stm32f4xx_hal_adc.c **** }
 3602              		.loc 1 2055 1
 3603 0092 0EE0     		b	.L149
 3604              	.L144:
2040:Drivers/STM32F4xx_HAL_Driver/Src/stm32f4xx_hal_adc.c ****     {
 3605              		.loc 1 2040 14
 3606 0094 FB68     		ldr	r3, [r7, #12]
 3607 0096 1B6C     		ldr	r3, [r3, #64]
2040:Drivers/STM32F4xx_HAL_Driver/Src/stm32f4xx_hal_adc.c ****     {
 3608              		.loc 1 2040 22
 3609 0098 03F01003 		and	r3, r3, #16
2040:Drivers/STM32F4xx_HAL_Driver/Src/stm32f4xx_hal_adc.c ****     {
ARM GAS  /tmp/ccpBr0sa.s 			page 100


 3610              		.loc 1 2040 8
 3611 009c 002B     		cmp	r3, #0
 3612 009e 03D0     		beq	.L148
2046:Drivers/STM32F4xx_HAL_Driver/Src/stm32f4xx_hal_adc.c **** #endif /* USE_HAL_ADC_REGISTER_CALLBACKS */
 3613              		.loc 1 2046 7
 3614 00a0 F868     		ldr	r0, [r7, #12]
 3615 00a2 FFF7FEFF 		bl	HAL_ADC_ErrorCallback
 3616              		.loc 1 2055 1
 3617 00a6 04E0     		b	.L149
 3618              	.L148:
2052:Drivers/STM32F4xx_HAL_Driver/Src/stm32f4xx_hal_adc.c ****     }
 3619              		.loc 1 2052 11
 3620 00a8 FB68     		ldr	r3, [r7, #12]
 3621 00aa 9B6B     		ldr	r3, [r3, #56]
2052:Drivers/STM32F4xx_HAL_Driver/Src/stm32f4xx_hal_adc.c ****     }
 3622              		.loc 1 2052 23
 3623 00ac DB6C     		ldr	r3, [r3, #76]
2052:Drivers/STM32F4xx_HAL_Driver/Src/stm32f4xx_hal_adc.c ****     }
 3624              		.loc 1 2052 7
 3625 00ae 7868     		ldr	r0, [r7, #4]
 3626 00b0 9847     		blx	r3
 3627              	.LVL0:
 3628              	.L149:
 3629              		.loc 1 2055 1
 3630 00b2 00BF     		nop
 3631 00b4 1037     		adds	r7, r7, #16
 3632              	.LCFI134:
 3633              		.cfi_def_cfa_offset 8
 3634 00b6 BD46     		mov	sp, r7
 3635              	.LCFI135:
 3636              		.cfi_def_cfa_register 13
 3637              		@ sp needed
 3638 00b8 80BD     		pop	{r7, pc}
 3639              		.cfi_endproc
 3640              	.LFE262:
 3642              		.section	.text.ADC_DMAHalfConvCplt,"ax",%progbits
 3643              		.align	1
 3644              		.syntax unified
 3645              		.thumb
 3646              		.thumb_func
 3648              	ADC_DMAHalfConvCplt:
 3649              	.LFB263:
2056:Drivers/STM32F4xx_HAL_Driver/Src/stm32f4xx_hal_adc.c **** 
2057:Drivers/STM32F4xx_HAL_Driver/Src/stm32f4xx_hal_adc.c **** /**
2058:Drivers/STM32F4xx_HAL_Driver/Src/stm32f4xx_hal_adc.c ****   * @brief  DMA half transfer complete callback.
2059:Drivers/STM32F4xx_HAL_Driver/Src/stm32f4xx_hal_adc.c ****   * @param  hdma pointer to a DMA_HandleTypeDef structure that contains
2060:Drivers/STM32F4xx_HAL_Driver/Src/stm32f4xx_hal_adc.c ****   *                the configuration information for the specified DMA module.
2061:Drivers/STM32F4xx_HAL_Driver/Src/stm32f4xx_hal_adc.c ****   * @retval None
2062:Drivers/STM32F4xx_HAL_Driver/Src/stm32f4xx_hal_adc.c ****   */
2063:Drivers/STM32F4xx_HAL_Driver/Src/stm32f4xx_hal_adc.c **** static void ADC_DMAHalfConvCplt(DMA_HandleTypeDef *hdma)
2064:Drivers/STM32F4xx_HAL_Driver/Src/stm32f4xx_hal_adc.c **** {
 3650              		.loc 1 2064 1
 3651              		.cfi_startproc
 3652              		@ args = 0, pretend = 0, frame = 16
 3653              		@ frame_needed = 1, uses_anonymous_args = 0
 3654 0000 80B5     		push	{r7, lr}
 3655              	.LCFI136:
ARM GAS  /tmp/ccpBr0sa.s 			page 101


 3656              		.cfi_def_cfa_offset 8
 3657              		.cfi_offset 7, -8
 3658              		.cfi_offset 14, -4
 3659 0002 84B0     		sub	sp, sp, #16
 3660              	.LCFI137:
 3661              		.cfi_def_cfa_offset 24
 3662 0004 00AF     		add	r7, sp, #0
 3663              	.LCFI138:
 3664              		.cfi_def_cfa_register 7
 3665 0006 7860     		str	r0, [r7, #4]
2065:Drivers/STM32F4xx_HAL_Driver/Src/stm32f4xx_hal_adc.c ****   ADC_HandleTypeDef *hadc = (ADC_HandleTypeDef *)((DMA_HandleTypeDef *)hdma)->Parent;
 3666              		.loc 1 2065 22
 3667 0008 7B68     		ldr	r3, [r7, #4]
 3668 000a 9B6B     		ldr	r3, [r3, #56]
 3669 000c FB60     		str	r3, [r7, #12]
2066:Drivers/STM32F4xx_HAL_Driver/Src/stm32f4xx_hal_adc.c ****   /* Half conversion callback */
2067:Drivers/STM32F4xx_HAL_Driver/Src/stm32f4xx_hal_adc.c **** #if (USE_HAL_ADC_REGISTER_CALLBACKS == 1)
2068:Drivers/STM32F4xx_HAL_Driver/Src/stm32f4xx_hal_adc.c ****   hadc->ConvHalfCpltCallback(hadc);
2069:Drivers/STM32F4xx_HAL_Driver/Src/stm32f4xx_hal_adc.c **** #else
2070:Drivers/STM32F4xx_HAL_Driver/Src/stm32f4xx_hal_adc.c ****   HAL_ADC_ConvHalfCpltCallback(hadc);
 3670              		.loc 1 2070 3
 3671 000e F868     		ldr	r0, [r7, #12]
 3672 0010 FFF7FEFF 		bl	HAL_ADC_ConvHalfCpltCallback
2071:Drivers/STM32F4xx_HAL_Driver/Src/stm32f4xx_hal_adc.c **** #endif /* USE_HAL_ADC_REGISTER_CALLBACKS */
2072:Drivers/STM32F4xx_HAL_Driver/Src/stm32f4xx_hal_adc.c **** }
 3673              		.loc 1 2072 1
 3674 0014 00BF     		nop
 3675 0016 1037     		adds	r7, r7, #16
 3676              	.LCFI139:
 3677              		.cfi_def_cfa_offset 8
 3678 0018 BD46     		mov	sp, r7
 3679              	.LCFI140:
 3680              		.cfi_def_cfa_register 13
 3681              		@ sp needed
 3682 001a 80BD     		pop	{r7, pc}
 3683              		.cfi_endproc
 3684              	.LFE263:
 3686              		.section	.text.ADC_DMAError,"ax",%progbits
 3687              		.align	1
 3688              		.syntax unified
 3689              		.thumb
 3690              		.thumb_func
 3692              	ADC_DMAError:
 3693              	.LFB264:
2073:Drivers/STM32F4xx_HAL_Driver/Src/stm32f4xx_hal_adc.c **** 
2074:Drivers/STM32F4xx_HAL_Driver/Src/stm32f4xx_hal_adc.c **** /**
2075:Drivers/STM32F4xx_HAL_Driver/Src/stm32f4xx_hal_adc.c ****   * @brief  DMA error callback
2076:Drivers/STM32F4xx_HAL_Driver/Src/stm32f4xx_hal_adc.c ****   * @param  hdma pointer to a DMA_HandleTypeDef structure that contains
2077:Drivers/STM32F4xx_HAL_Driver/Src/stm32f4xx_hal_adc.c ****   *                the configuration information for the specified DMA module.
2078:Drivers/STM32F4xx_HAL_Driver/Src/stm32f4xx_hal_adc.c ****   * @retval None
2079:Drivers/STM32F4xx_HAL_Driver/Src/stm32f4xx_hal_adc.c ****   */
2080:Drivers/STM32F4xx_HAL_Driver/Src/stm32f4xx_hal_adc.c **** static void ADC_DMAError(DMA_HandleTypeDef *hdma)
2081:Drivers/STM32F4xx_HAL_Driver/Src/stm32f4xx_hal_adc.c **** {
 3694              		.loc 1 2081 1
 3695              		.cfi_startproc
 3696              		@ args = 0, pretend = 0, frame = 16
 3697              		@ frame_needed = 1, uses_anonymous_args = 0
ARM GAS  /tmp/ccpBr0sa.s 			page 102


 3698 0000 80B5     		push	{r7, lr}
 3699              	.LCFI141:
 3700              		.cfi_def_cfa_offset 8
 3701              		.cfi_offset 7, -8
 3702              		.cfi_offset 14, -4
 3703 0002 84B0     		sub	sp, sp, #16
 3704              	.LCFI142:
 3705              		.cfi_def_cfa_offset 24
 3706 0004 00AF     		add	r7, sp, #0
 3707              	.LCFI143:
 3708              		.cfi_def_cfa_register 7
 3709 0006 7860     		str	r0, [r7, #4]
2082:Drivers/STM32F4xx_HAL_Driver/Src/stm32f4xx_hal_adc.c ****   ADC_HandleTypeDef *hadc = (ADC_HandleTypeDef *)((DMA_HandleTypeDef *)hdma)->Parent;
 3710              		.loc 1 2082 22
 3711 0008 7B68     		ldr	r3, [r7, #4]
 3712 000a 9B6B     		ldr	r3, [r3, #56]
 3713 000c FB60     		str	r3, [r7, #12]
2083:Drivers/STM32F4xx_HAL_Driver/Src/stm32f4xx_hal_adc.c ****   hadc->State = HAL_ADC_STATE_ERROR_DMA;
 3714              		.loc 1 2083 15
 3715 000e FB68     		ldr	r3, [r7, #12]
 3716 0010 4022     		movs	r2, #64
 3717 0012 1A64     		str	r2, [r3, #64]
2084:Drivers/STM32F4xx_HAL_Driver/Src/stm32f4xx_hal_adc.c ****   /* Set ADC error code to DMA error */
2085:Drivers/STM32F4xx_HAL_Driver/Src/stm32f4xx_hal_adc.c ****   hadc->ErrorCode |= HAL_ADC_ERROR_DMA;
 3718              		.loc 1 2085 7
 3719 0014 FB68     		ldr	r3, [r7, #12]
 3720 0016 5B6C     		ldr	r3, [r3, #68]
 3721              		.loc 1 2085 19
 3722 0018 43F00402 		orr	r2, r3, #4
 3723 001c FB68     		ldr	r3, [r7, #12]
 3724 001e 5A64     		str	r2, [r3, #68]
2086:Drivers/STM32F4xx_HAL_Driver/Src/stm32f4xx_hal_adc.c ****   /* Error callback */
2087:Drivers/STM32F4xx_HAL_Driver/Src/stm32f4xx_hal_adc.c **** #if (USE_HAL_ADC_REGISTER_CALLBACKS == 1)
2088:Drivers/STM32F4xx_HAL_Driver/Src/stm32f4xx_hal_adc.c ****   hadc->ErrorCallback(hadc);
2089:Drivers/STM32F4xx_HAL_Driver/Src/stm32f4xx_hal_adc.c **** #else
2090:Drivers/STM32F4xx_HAL_Driver/Src/stm32f4xx_hal_adc.c ****   HAL_ADC_ErrorCallback(hadc);
 3725              		.loc 1 2090 3
 3726 0020 F868     		ldr	r0, [r7, #12]
 3727 0022 FFF7FEFF 		bl	HAL_ADC_ErrorCallback
2091:Drivers/STM32F4xx_HAL_Driver/Src/stm32f4xx_hal_adc.c **** #endif /* USE_HAL_ADC_REGISTER_CALLBACKS */
2092:Drivers/STM32F4xx_HAL_Driver/Src/stm32f4xx_hal_adc.c **** }
 3728              		.loc 1 2092 1
 3729 0026 00BF     		nop
 3730 0028 1037     		adds	r7, r7, #16
 3731              	.LCFI144:
 3732              		.cfi_def_cfa_offset 8
 3733 002a BD46     		mov	sp, r7
 3734              	.LCFI145:
 3735              		.cfi_def_cfa_register 13
 3736              		@ sp needed
 3737 002c 80BD     		pop	{r7, pc}
 3738              		.cfi_endproc
 3739              	.LFE264:
 3741              		.text
 3742              	.Letext0:
 3743              		.file 2 "/opt/st/stm32cubeclt_1.17.0/GNU-tools-for-STM32/arm-none-eabi/include/machine/_default_ty
 3744              		.file 3 "/opt/st/stm32cubeclt_1.17.0/GNU-tools-for-STM32/arm-none-eabi/include/sys/_stdint.h"
ARM GAS  /tmp/ccpBr0sa.s 			page 103


 3745              		.file 4 "Drivers/CMSIS/Device/ST/STM32F4xx/Include/stm32f405xx.h"
 3746              		.file 5 "Drivers/CMSIS/Device/ST/STM32F4xx/Include/stm32f4xx.h"
 3747              		.file 6 "Drivers/STM32F4xx_HAL_Driver/Inc/stm32f4xx_hal_def.h"
 3748              		.file 7 "Drivers/STM32F4xx_HAL_Driver/Inc/stm32f4xx_hal_dma.h"
 3749              		.file 8 "Drivers/STM32F4xx_HAL_Driver/Inc/stm32f4xx_hal_adc.h"
 3750              		.file 9 "Drivers/CMSIS/Device/ST/STM32F4xx/Include/system_stm32f4xx.h"
 3751              		.file 10 "Drivers/STM32F4xx_HAL_Driver/Inc/stm32f4xx_hal_adc_ex.h"
 3752              		.file 11 "Drivers/STM32F4xx_HAL_Driver/Inc/stm32f4xx_hal.h"
ARM GAS  /tmp/ccpBr0sa.s 			page 104


DEFINED SYMBOLS
                            *ABS*:00000000 stm32f4xx_hal_adc.c
     /tmp/ccpBr0sa.s:21     .text.HAL_ADC_Init:00000000 $t
     /tmp/ccpBr0sa.s:27     .text.HAL_ADC_Init:00000000 HAL_ADC_Init
     /tmp/ccpBr0sa.s:226    .text.HAL_ADC_MspInit:00000000 HAL_ADC_MspInit
     /tmp/ccpBr0sa.s:3118   .text.ADC_Init:00000000 ADC_Init
     /tmp/ccpBr0sa.s:130    .text.HAL_ADC_DeInit:00000000 $t
     /tmp/ccpBr0sa.s:136    .text.HAL_ADC_DeInit:00000000 HAL_ADC_DeInit
     /tmp/ccpBr0sa.s:268    .text.HAL_ADC_MspDeInit:00000000 HAL_ADC_MspDeInit
     /tmp/ccpBr0sa.s:220    .text.HAL_ADC_MspInit:00000000 $t
     /tmp/ccpBr0sa.s:262    .text.HAL_ADC_MspDeInit:00000000 $t
     /tmp/ccpBr0sa.s:304    .text.HAL_ADC_Start:00000000 $t
     /tmp/ccpBr0sa.s:310    .text.HAL_ADC_Start:00000000 HAL_ADC_Start
     /tmp/ccpBr0sa.s:583    .text.HAL_ADC_Start:0000018c $d
     /tmp/ccpBr0sa.s:593    .text.HAL_ADC_Stop:00000000 $t
     /tmp/ccpBr0sa.s:599    .text.HAL_ADC_Stop:00000000 HAL_ADC_Stop
     /tmp/ccpBr0sa.s:680    .text.HAL_ADC_PollForConversion:00000000 $t
     /tmp/ccpBr0sa.s:686    .text.HAL_ADC_PollForConversion:00000000 HAL_ADC_PollForConversion
     /tmp/ccpBr0sa.s:872    .text.HAL_ADC_PollForEvent:00000000 $t
     /tmp/ccpBr0sa.s:878    .text.HAL_ADC_PollForEvent:00000000 HAL_ADC_PollForEvent
     /tmp/ccpBr0sa.s:1012   .text.HAL_ADC_Start_IT:00000000 $t
     /tmp/ccpBr0sa.s:1018   .text.HAL_ADC_Start_IT:00000000 HAL_ADC_Start_IT
     /tmp/ccpBr0sa.s:1300   .text.HAL_ADC_Start_IT:000001a4 $d
     /tmp/ccpBr0sa.s:1310   .text.HAL_ADC_Stop_IT:00000000 $t
     /tmp/ccpBr0sa.s:1316   .text.HAL_ADC_Stop_IT:00000000 HAL_ADC_Stop_IT
     /tmp/ccpBr0sa.s:1406   .text.HAL_ADC_IRQHandler:00000000 $t
     /tmp/ccpBr0sa.s:1412   .text.HAL_ADC_IRQHandler:00000000 HAL_ADC_IRQHandler
     /tmp/ccpBr0sa.s:2293   .text.HAL_ADC_ConvCpltCallback:00000000 HAL_ADC_ConvCpltCallback
     /tmp/ccpBr0sa.s:2377   .text.HAL_ADC_LevelOutOfWindowCallback:00000000 HAL_ADC_LevelOutOfWindowCallback
     /tmp/ccpBr0sa.s:2419   .text.HAL_ADC_ErrorCallback:00000000 HAL_ADC_ErrorCallback
     /tmp/ccpBr0sa.s:1749   .text.HAL_ADC_Start_DMA:00000000 $t
     /tmp/ccpBr0sa.s:1755   .text.HAL_ADC_Start_DMA:00000000 HAL_ADC_Start_DMA
     /tmp/ccpBr0sa.s:2095   .text.HAL_ADC_Start_DMA:000001fc $d
     /tmp/ccpBr0sa.s:3505   .text.ADC_DMAConvCplt:00000000 ADC_DMAConvCplt
     /tmp/ccpBr0sa.s:3648   .text.ADC_DMAHalfConvCplt:00000000 ADC_DMAHalfConvCplt
     /tmp/ccpBr0sa.s:3692   .text.ADC_DMAError:00000000 ADC_DMAError
     /tmp/ccpBr0sa.s:2108   .text.HAL_ADC_Stop_DMA:00000000 $t
     /tmp/ccpBr0sa.s:2114   .text.HAL_ADC_Stop_DMA:00000000 HAL_ADC_Stop_DMA
     /tmp/ccpBr0sa.s:2240   .text.HAL_ADC_GetValue:00000000 $t
     /tmp/ccpBr0sa.s:2246   .text.HAL_ADC_GetValue:00000000 HAL_ADC_GetValue
     /tmp/ccpBr0sa.s:2287   .text.HAL_ADC_ConvCpltCallback:00000000 $t
     /tmp/ccpBr0sa.s:2329   .text.HAL_ADC_ConvHalfCpltCallback:00000000 $t
     /tmp/ccpBr0sa.s:2335   .text.HAL_ADC_ConvHalfCpltCallback:00000000 HAL_ADC_ConvHalfCpltCallback
     /tmp/ccpBr0sa.s:2371   .text.HAL_ADC_LevelOutOfWindowCallback:00000000 $t
     /tmp/ccpBr0sa.s:2413   .text.HAL_ADC_ErrorCallback:00000000 $t
     /tmp/ccpBr0sa.s:2455   .text.HAL_ADC_ConfigChannel:00000000 $t
     /tmp/ccpBr0sa.s:2461   .text.HAL_ADC_ConfigChannel:00000000 HAL_ADC_ConfigChannel
     /tmp/ccpBr0sa.s:2856   .text.HAL_ADC_ConfigChannel:00000234 $d
     /tmp/ccpBr0sa.s:2864   .text.HAL_ADC_AnalogWDGConfig:00000000 $t
     /tmp/ccpBr0sa.s:2870   .text.HAL_ADC_AnalogWDGConfig:00000000 HAL_ADC_AnalogWDGConfig
     /tmp/ccpBr0sa.s:3023   .text.HAL_ADC_GetState:00000000 $t
     /tmp/ccpBr0sa.s:3029   .text.HAL_ADC_GetState:00000000 HAL_ADC_GetState
     /tmp/ccpBr0sa.s:3068   .text.HAL_ADC_GetError:00000000 $t
     /tmp/ccpBr0sa.s:3074   .text.HAL_ADC_GetError:00000000 HAL_ADC_GetError
     /tmp/ccpBr0sa.s:3113   .text.ADC_Init:00000000 $t
     /tmp/ccpBr0sa.s:3494   .text.ADC_Init:000001f0 $d
     /tmp/ccpBr0sa.s:3500   .text.ADC_DMAConvCplt:00000000 $t
ARM GAS  /tmp/ccpBr0sa.s 			page 105


     /tmp/ccpBr0sa.s:3643   .text.ADC_DMAHalfConvCplt:00000000 $t
     /tmp/ccpBr0sa.s:3687   .text.ADC_DMAError:00000000 $t

UNDEFINED SYMBOLS
SystemCoreClock
HAL_GetTick
HAL_ADCEx_InjectedConvCpltCallback
HAL_DMA_Start_IT
HAL_DMA_Abort
