ARM GAS  /tmp/ccemsrUD.s 			page 1


   1              		.cpu cortex-m4
   2              		.arch armv7e-m
   3              		.fpu fpv4-sp-d16
   4              		.eabi_attribute 27, 1
   5              		.eabi_attribute 28, 1
   6              		.eabi_attribute 20, 1
   7              		.eabi_attribute 21, 1
   8              		.eabi_attribute 23, 3
   9              		.eabi_attribute 24, 1
  10              		.eabi_attribute 25, 1
  11              		.eabi_attribute 26, 1
  12              		.eabi_attribute 30, 6
  13              		.eabi_attribute 34, 1
  14              		.eabi_attribute 18, 4
  15              		.file	"stm32f4xx_hal_tim_ex.c"
  16              		.text
  17              	.Ltext0:
  18              		.cfi_sections	.debug_frame
  19              		.file 1 "Drivers/STM32F4xx_HAL_Driver/Src/stm32f4xx_hal_tim_ex.c"
  20              		.section	.text.HAL_TIMEx_HallSensor_Init,"ax",%progbits
  21              		.align	1
  22              		.global	HAL_TIMEx_HallSensor_Init
  23              		.syntax unified
  24              		.thumb
  25              		.thumb_func
  27              	HAL_TIMEx_HallSensor_Init:
  28              	.LFB239:
   1:Drivers/STM32F4xx_HAL_Driver/Src/stm32f4xx_hal_tim_ex.c **** /**
   2:Drivers/STM32F4xx_HAL_Driver/Src/stm32f4xx_hal_tim_ex.c ****   ******************************************************************************
   3:Drivers/STM32F4xx_HAL_Driver/Src/stm32f4xx_hal_tim_ex.c ****   * @file    stm32f4xx_hal_tim_ex.c
   4:Drivers/STM32F4xx_HAL_Driver/Src/stm32f4xx_hal_tim_ex.c ****   * @author  MCD Application Team
   5:Drivers/STM32F4xx_HAL_Driver/Src/stm32f4xx_hal_tim_ex.c ****   * @brief   TIM HAL module driver.
   6:Drivers/STM32F4xx_HAL_Driver/Src/stm32f4xx_hal_tim_ex.c ****   *          This file provides firmware functions to manage the following
   7:Drivers/STM32F4xx_HAL_Driver/Src/stm32f4xx_hal_tim_ex.c ****   *          functionalities of the Timer Extended peripheral:
   8:Drivers/STM32F4xx_HAL_Driver/Src/stm32f4xx_hal_tim_ex.c ****   *           + Time Hall Sensor Interface Initialization
   9:Drivers/STM32F4xx_HAL_Driver/Src/stm32f4xx_hal_tim_ex.c ****   *           + Time Hall Sensor Interface Start
  10:Drivers/STM32F4xx_HAL_Driver/Src/stm32f4xx_hal_tim_ex.c ****   *           + Time Complementary signal break and dead time configuration
  11:Drivers/STM32F4xx_HAL_Driver/Src/stm32f4xx_hal_tim_ex.c ****   *           + Time Master and Slave synchronization configuration
  12:Drivers/STM32F4xx_HAL_Driver/Src/stm32f4xx_hal_tim_ex.c ****   *           + Timer remapping capabilities configuration
  13:Drivers/STM32F4xx_HAL_Driver/Src/stm32f4xx_hal_tim_ex.c ****   ******************************************************************************
  14:Drivers/STM32F4xx_HAL_Driver/Src/stm32f4xx_hal_tim_ex.c ****   * @attention
  15:Drivers/STM32F4xx_HAL_Driver/Src/stm32f4xx_hal_tim_ex.c ****   *
  16:Drivers/STM32F4xx_HAL_Driver/Src/stm32f4xx_hal_tim_ex.c ****   * Copyright (c) 2016 STMicroelectronics.
  17:Drivers/STM32F4xx_HAL_Driver/Src/stm32f4xx_hal_tim_ex.c ****   * All rights reserved.
  18:Drivers/STM32F4xx_HAL_Driver/Src/stm32f4xx_hal_tim_ex.c ****   *
  19:Drivers/STM32F4xx_HAL_Driver/Src/stm32f4xx_hal_tim_ex.c ****   * This software is licensed under terms that can be found in the LICENSE file
  20:Drivers/STM32F4xx_HAL_Driver/Src/stm32f4xx_hal_tim_ex.c ****   * in the root directory of this software component.
  21:Drivers/STM32F4xx_HAL_Driver/Src/stm32f4xx_hal_tim_ex.c ****   * If no LICENSE file comes with this software, it is provided AS-IS.
  22:Drivers/STM32F4xx_HAL_Driver/Src/stm32f4xx_hal_tim_ex.c ****   *
  23:Drivers/STM32F4xx_HAL_Driver/Src/stm32f4xx_hal_tim_ex.c ****   ******************************************************************************
  24:Drivers/STM32F4xx_HAL_Driver/Src/stm32f4xx_hal_tim_ex.c ****   @verbatim
  25:Drivers/STM32F4xx_HAL_Driver/Src/stm32f4xx_hal_tim_ex.c ****   ==============================================================================
  26:Drivers/STM32F4xx_HAL_Driver/Src/stm32f4xx_hal_tim_ex.c ****                       ##### TIMER Extended features #####
  27:Drivers/STM32F4xx_HAL_Driver/Src/stm32f4xx_hal_tim_ex.c ****   ==============================================================================
  28:Drivers/STM32F4xx_HAL_Driver/Src/stm32f4xx_hal_tim_ex.c ****   [..]
  29:Drivers/STM32F4xx_HAL_Driver/Src/stm32f4xx_hal_tim_ex.c ****     The Timer Extended features include:
  30:Drivers/STM32F4xx_HAL_Driver/Src/stm32f4xx_hal_tim_ex.c ****     (#) Complementary outputs with programmable dead-time for :
ARM GAS  /tmp/ccemsrUD.s 			page 2


  31:Drivers/STM32F4xx_HAL_Driver/Src/stm32f4xx_hal_tim_ex.c ****         (++) Output Compare
  32:Drivers/STM32F4xx_HAL_Driver/Src/stm32f4xx_hal_tim_ex.c ****         (++) PWM generation (Edge and Center-aligned Mode)
  33:Drivers/STM32F4xx_HAL_Driver/Src/stm32f4xx_hal_tim_ex.c ****         (++) One-pulse mode output
  34:Drivers/STM32F4xx_HAL_Driver/Src/stm32f4xx_hal_tim_ex.c ****     (#) Synchronization circuit to control the timer with external signals and to
  35:Drivers/STM32F4xx_HAL_Driver/Src/stm32f4xx_hal_tim_ex.c ****         interconnect several timers together.
  36:Drivers/STM32F4xx_HAL_Driver/Src/stm32f4xx_hal_tim_ex.c ****     (#) Break input to put the timer output signals in reset state or in a known state.
  37:Drivers/STM32F4xx_HAL_Driver/Src/stm32f4xx_hal_tim_ex.c ****     (#) Supports incremental (quadrature) encoder and hall-sensor circuitry for
  38:Drivers/STM32F4xx_HAL_Driver/Src/stm32f4xx_hal_tim_ex.c ****         positioning purposes
  39:Drivers/STM32F4xx_HAL_Driver/Src/stm32f4xx_hal_tim_ex.c **** 
  40:Drivers/STM32F4xx_HAL_Driver/Src/stm32f4xx_hal_tim_ex.c ****             ##### How to use this driver #####
  41:Drivers/STM32F4xx_HAL_Driver/Src/stm32f4xx_hal_tim_ex.c ****   ==============================================================================
  42:Drivers/STM32F4xx_HAL_Driver/Src/stm32f4xx_hal_tim_ex.c ****     [..]
  43:Drivers/STM32F4xx_HAL_Driver/Src/stm32f4xx_hal_tim_ex.c ****      (#) Initialize the TIM low level resources by implementing the following functions
  44:Drivers/STM32F4xx_HAL_Driver/Src/stm32f4xx_hal_tim_ex.c ****          depending on the selected feature:
  45:Drivers/STM32F4xx_HAL_Driver/Src/stm32f4xx_hal_tim_ex.c ****            (++) Hall Sensor output : HAL_TIMEx_HallSensor_MspInit()
  46:Drivers/STM32F4xx_HAL_Driver/Src/stm32f4xx_hal_tim_ex.c **** 
  47:Drivers/STM32F4xx_HAL_Driver/Src/stm32f4xx_hal_tim_ex.c ****      (#) Initialize the TIM low level resources :
  48:Drivers/STM32F4xx_HAL_Driver/Src/stm32f4xx_hal_tim_ex.c ****         (##) Enable the TIM interface clock using __HAL_RCC_TIMx_CLK_ENABLE();
  49:Drivers/STM32F4xx_HAL_Driver/Src/stm32f4xx_hal_tim_ex.c ****         (##) TIM pins configuration
  50:Drivers/STM32F4xx_HAL_Driver/Src/stm32f4xx_hal_tim_ex.c ****             (+++) Enable the clock for the TIM GPIOs using the following function:
  51:Drivers/STM32F4xx_HAL_Driver/Src/stm32f4xx_hal_tim_ex.c ****               __HAL_RCC_GPIOx_CLK_ENABLE();
  52:Drivers/STM32F4xx_HAL_Driver/Src/stm32f4xx_hal_tim_ex.c ****             (+++) Configure these TIM pins in Alternate function mode using HAL_GPIO_Init();
  53:Drivers/STM32F4xx_HAL_Driver/Src/stm32f4xx_hal_tim_ex.c **** 
  54:Drivers/STM32F4xx_HAL_Driver/Src/stm32f4xx_hal_tim_ex.c ****      (#) The external Clock can be configured, if needed (the default clock is the
  55:Drivers/STM32F4xx_HAL_Driver/Src/stm32f4xx_hal_tim_ex.c ****          internal clock from the APBx), using the following function:
  56:Drivers/STM32F4xx_HAL_Driver/Src/stm32f4xx_hal_tim_ex.c ****          HAL_TIM_ConfigClockSource, the clock configuration should be done before
  57:Drivers/STM32F4xx_HAL_Driver/Src/stm32f4xx_hal_tim_ex.c ****          any start function.
  58:Drivers/STM32F4xx_HAL_Driver/Src/stm32f4xx_hal_tim_ex.c **** 
  59:Drivers/STM32F4xx_HAL_Driver/Src/stm32f4xx_hal_tim_ex.c ****      (#) Configure the TIM in the desired functioning mode using one of the
  60:Drivers/STM32F4xx_HAL_Driver/Src/stm32f4xx_hal_tim_ex.c ****          initialization function of this driver:
  61:Drivers/STM32F4xx_HAL_Driver/Src/stm32f4xx_hal_tim_ex.c ****           (++) HAL_TIMEx_HallSensor_Init() and HAL_TIMEx_ConfigCommutEvent(): to use the
  62:Drivers/STM32F4xx_HAL_Driver/Src/stm32f4xx_hal_tim_ex.c ****                Timer Hall Sensor Interface and the commutation event with the corresponding
  63:Drivers/STM32F4xx_HAL_Driver/Src/stm32f4xx_hal_tim_ex.c ****                Interrupt and DMA request if needed (Note that One Timer is used to interface
  64:Drivers/STM32F4xx_HAL_Driver/Src/stm32f4xx_hal_tim_ex.c ****                with the Hall sensor Interface and another Timer should be used to use
  65:Drivers/STM32F4xx_HAL_Driver/Src/stm32f4xx_hal_tim_ex.c ****                the commutation event).
  66:Drivers/STM32F4xx_HAL_Driver/Src/stm32f4xx_hal_tim_ex.c **** 
  67:Drivers/STM32F4xx_HAL_Driver/Src/stm32f4xx_hal_tim_ex.c ****      (#) Activate the TIM peripheral using one of the start functions:
  68:Drivers/STM32F4xx_HAL_Driver/Src/stm32f4xx_hal_tim_ex.c ****            (++) Complementary Output Compare : HAL_TIMEx_OCN_Start(), HAL_TIMEx_OCN_Start_DMA(),
  69:Drivers/STM32F4xx_HAL_Driver/Src/stm32f4xx_hal_tim_ex.c ****                 HAL_TIMEx_OCN_Start_IT()
  70:Drivers/STM32F4xx_HAL_Driver/Src/stm32f4xx_hal_tim_ex.c ****            (++) Complementary PWM generation : HAL_TIMEx_PWMN_Start(), HAL_TIMEx_PWMN_Start_DMA(),
  71:Drivers/STM32F4xx_HAL_Driver/Src/stm32f4xx_hal_tim_ex.c ****                 HAL_TIMEx_PWMN_Start_IT()
  72:Drivers/STM32F4xx_HAL_Driver/Src/stm32f4xx_hal_tim_ex.c ****            (++) Complementary One-pulse mode output : HAL_TIMEx_OnePulseN_Start(), HAL_TIMEx_OnePul
  73:Drivers/STM32F4xx_HAL_Driver/Src/stm32f4xx_hal_tim_ex.c ****            (++) Hall Sensor output : HAL_TIMEx_HallSensor_Start(), HAL_TIMEx_HallSensor_Start_DMA()
  74:Drivers/STM32F4xx_HAL_Driver/Src/stm32f4xx_hal_tim_ex.c ****                 HAL_TIMEx_HallSensor_Start_IT().
  75:Drivers/STM32F4xx_HAL_Driver/Src/stm32f4xx_hal_tim_ex.c **** 
  76:Drivers/STM32F4xx_HAL_Driver/Src/stm32f4xx_hal_tim_ex.c ****   @endverbatim
  77:Drivers/STM32F4xx_HAL_Driver/Src/stm32f4xx_hal_tim_ex.c ****   ******************************************************************************
  78:Drivers/STM32F4xx_HAL_Driver/Src/stm32f4xx_hal_tim_ex.c ****   */
  79:Drivers/STM32F4xx_HAL_Driver/Src/stm32f4xx_hal_tim_ex.c **** 
  80:Drivers/STM32F4xx_HAL_Driver/Src/stm32f4xx_hal_tim_ex.c **** /* Includes ------------------------------------------------------------------*/
  81:Drivers/STM32F4xx_HAL_Driver/Src/stm32f4xx_hal_tim_ex.c **** #include "stm32f4xx_hal.h"
  82:Drivers/STM32F4xx_HAL_Driver/Src/stm32f4xx_hal_tim_ex.c **** 
  83:Drivers/STM32F4xx_HAL_Driver/Src/stm32f4xx_hal_tim_ex.c **** /** @addtogroup STM32F4xx_HAL_Driver
  84:Drivers/STM32F4xx_HAL_Driver/Src/stm32f4xx_hal_tim_ex.c ****   * @{
  85:Drivers/STM32F4xx_HAL_Driver/Src/stm32f4xx_hal_tim_ex.c ****   */
  86:Drivers/STM32F4xx_HAL_Driver/Src/stm32f4xx_hal_tim_ex.c **** 
  87:Drivers/STM32F4xx_HAL_Driver/Src/stm32f4xx_hal_tim_ex.c **** /** @defgroup TIMEx TIMEx
ARM GAS  /tmp/ccemsrUD.s 			page 3


  88:Drivers/STM32F4xx_HAL_Driver/Src/stm32f4xx_hal_tim_ex.c ****   * @brief TIM Extended HAL module driver
  89:Drivers/STM32F4xx_HAL_Driver/Src/stm32f4xx_hal_tim_ex.c ****   * @{
  90:Drivers/STM32F4xx_HAL_Driver/Src/stm32f4xx_hal_tim_ex.c ****   */
  91:Drivers/STM32F4xx_HAL_Driver/Src/stm32f4xx_hal_tim_ex.c **** 
  92:Drivers/STM32F4xx_HAL_Driver/Src/stm32f4xx_hal_tim_ex.c **** #ifdef HAL_TIM_MODULE_ENABLED
  93:Drivers/STM32F4xx_HAL_Driver/Src/stm32f4xx_hal_tim_ex.c **** 
  94:Drivers/STM32F4xx_HAL_Driver/Src/stm32f4xx_hal_tim_ex.c **** /* Private typedef -----------------------------------------------------------*/
  95:Drivers/STM32F4xx_HAL_Driver/Src/stm32f4xx_hal_tim_ex.c **** /* Private define ------------------------------------------------------------*/
  96:Drivers/STM32F4xx_HAL_Driver/Src/stm32f4xx_hal_tim_ex.c **** /* Private macros ------------------------------------------------------------*/
  97:Drivers/STM32F4xx_HAL_Driver/Src/stm32f4xx_hal_tim_ex.c **** /* Private variables ---------------------------------------------------------*/
  98:Drivers/STM32F4xx_HAL_Driver/Src/stm32f4xx_hal_tim_ex.c **** /* Private function prototypes -----------------------------------------------*/
  99:Drivers/STM32F4xx_HAL_Driver/Src/stm32f4xx_hal_tim_ex.c **** static void TIM_DMADelayPulseNCplt(DMA_HandleTypeDef *hdma);
 100:Drivers/STM32F4xx_HAL_Driver/Src/stm32f4xx_hal_tim_ex.c **** static void TIM_DMAErrorCCxN(DMA_HandleTypeDef *hdma);
 101:Drivers/STM32F4xx_HAL_Driver/Src/stm32f4xx_hal_tim_ex.c **** static void TIM_CCxNChannelCmd(TIM_TypeDef *TIMx, uint32_t Channel, uint32_t ChannelNState);
 102:Drivers/STM32F4xx_HAL_Driver/Src/stm32f4xx_hal_tim_ex.c **** 
 103:Drivers/STM32F4xx_HAL_Driver/Src/stm32f4xx_hal_tim_ex.c **** /* Exported functions --------------------------------------------------------*/
 104:Drivers/STM32F4xx_HAL_Driver/Src/stm32f4xx_hal_tim_ex.c **** /** @defgroup TIMEx_Exported_Functions TIM Extended Exported Functions
 105:Drivers/STM32F4xx_HAL_Driver/Src/stm32f4xx_hal_tim_ex.c ****   * @{
 106:Drivers/STM32F4xx_HAL_Driver/Src/stm32f4xx_hal_tim_ex.c ****   */
 107:Drivers/STM32F4xx_HAL_Driver/Src/stm32f4xx_hal_tim_ex.c **** 
 108:Drivers/STM32F4xx_HAL_Driver/Src/stm32f4xx_hal_tim_ex.c **** /** @defgroup TIMEx_Exported_Functions_Group1 Extended Timer Hall Sensor functions
 109:Drivers/STM32F4xx_HAL_Driver/Src/stm32f4xx_hal_tim_ex.c ****   * @brief    Timer Hall Sensor functions
 110:Drivers/STM32F4xx_HAL_Driver/Src/stm32f4xx_hal_tim_ex.c ****   *
 111:Drivers/STM32F4xx_HAL_Driver/Src/stm32f4xx_hal_tim_ex.c **** @verbatim
 112:Drivers/STM32F4xx_HAL_Driver/Src/stm32f4xx_hal_tim_ex.c ****   ==============================================================================
 113:Drivers/STM32F4xx_HAL_Driver/Src/stm32f4xx_hal_tim_ex.c ****                       ##### Timer Hall Sensor functions #####
 114:Drivers/STM32F4xx_HAL_Driver/Src/stm32f4xx_hal_tim_ex.c ****   ==============================================================================
 115:Drivers/STM32F4xx_HAL_Driver/Src/stm32f4xx_hal_tim_ex.c ****   [..]
 116:Drivers/STM32F4xx_HAL_Driver/Src/stm32f4xx_hal_tim_ex.c ****     This section provides functions allowing to:
 117:Drivers/STM32F4xx_HAL_Driver/Src/stm32f4xx_hal_tim_ex.c ****     (+) Initialize and configure TIM HAL Sensor.
 118:Drivers/STM32F4xx_HAL_Driver/Src/stm32f4xx_hal_tim_ex.c ****     (+) De-initialize TIM HAL Sensor.
 119:Drivers/STM32F4xx_HAL_Driver/Src/stm32f4xx_hal_tim_ex.c ****     (+) Start the Hall Sensor Interface.
 120:Drivers/STM32F4xx_HAL_Driver/Src/stm32f4xx_hal_tim_ex.c ****     (+) Stop the Hall Sensor Interface.
 121:Drivers/STM32F4xx_HAL_Driver/Src/stm32f4xx_hal_tim_ex.c ****     (+) Start the Hall Sensor Interface and enable interrupts.
 122:Drivers/STM32F4xx_HAL_Driver/Src/stm32f4xx_hal_tim_ex.c ****     (+) Stop the Hall Sensor Interface and disable interrupts.
 123:Drivers/STM32F4xx_HAL_Driver/Src/stm32f4xx_hal_tim_ex.c ****     (+) Start the Hall Sensor Interface and enable DMA transfers.
 124:Drivers/STM32F4xx_HAL_Driver/Src/stm32f4xx_hal_tim_ex.c ****     (+) Stop the Hall Sensor Interface and disable DMA transfers.
 125:Drivers/STM32F4xx_HAL_Driver/Src/stm32f4xx_hal_tim_ex.c **** 
 126:Drivers/STM32F4xx_HAL_Driver/Src/stm32f4xx_hal_tim_ex.c **** @endverbatim
 127:Drivers/STM32F4xx_HAL_Driver/Src/stm32f4xx_hal_tim_ex.c ****   * @{
 128:Drivers/STM32F4xx_HAL_Driver/Src/stm32f4xx_hal_tim_ex.c ****   */
 129:Drivers/STM32F4xx_HAL_Driver/Src/stm32f4xx_hal_tim_ex.c **** /**
 130:Drivers/STM32F4xx_HAL_Driver/Src/stm32f4xx_hal_tim_ex.c ****   * @brief  Initializes the TIM Hall Sensor Interface and initialize the associated handle.
 131:Drivers/STM32F4xx_HAL_Driver/Src/stm32f4xx_hal_tim_ex.c ****   * @note   When the timer instance is initialized in Hall Sensor Interface mode,
 132:Drivers/STM32F4xx_HAL_Driver/Src/stm32f4xx_hal_tim_ex.c ****   *         timer channels 1 and channel 2 are reserved and cannot be used for
 133:Drivers/STM32F4xx_HAL_Driver/Src/stm32f4xx_hal_tim_ex.c ****   *         other purpose.
 134:Drivers/STM32F4xx_HAL_Driver/Src/stm32f4xx_hal_tim_ex.c ****   * @param  htim TIM Hall Sensor Interface handle
 135:Drivers/STM32F4xx_HAL_Driver/Src/stm32f4xx_hal_tim_ex.c ****   * @param  sConfig TIM Hall Sensor configuration structure
 136:Drivers/STM32F4xx_HAL_Driver/Src/stm32f4xx_hal_tim_ex.c ****   * @retval HAL status
 137:Drivers/STM32F4xx_HAL_Driver/Src/stm32f4xx_hal_tim_ex.c ****   */
 138:Drivers/STM32F4xx_HAL_Driver/Src/stm32f4xx_hal_tim_ex.c **** HAL_StatusTypeDef HAL_TIMEx_HallSensor_Init(TIM_HandleTypeDef *htim, const TIM_HallSensor_InitTypeD
 139:Drivers/STM32F4xx_HAL_Driver/Src/stm32f4xx_hal_tim_ex.c **** {
  29              		.loc 1 139 1
  30              		.cfi_startproc
  31              		@ args = 0, pretend = 0, frame = 40
  32              		@ frame_needed = 1, uses_anonymous_args = 0
  33 0000 80B5     		push	{r7, lr}
ARM GAS  /tmp/ccemsrUD.s 			page 4


  34              	.LCFI0:
  35              		.cfi_def_cfa_offset 8
  36              		.cfi_offset 7, -8
  37              		.cfi_offset 14, -4
  38 0002 8AB0     		sub	sp, sp, #40
  39              	.LCFI1:
  40              		.cfi_def_cfa_offset 48
  41 0004 00AF     		add	r7, sp, #0
  42              	.LCFI2:
  43              		.cfi_def_cfa_register 7
  44 0006 7860     		str	r0, [r7, #4]
  45 0008 3960     		str	r1, [r7]
 140:Drivers/STM32F4xx_HAL_Driver/Src/stm32f4xx_hal_tim_ex.c ****   TIM_OC_InitTypeDef OC_Config;
 141:Drivers/STM32F4xx_HAL_Driver/Src/stm32f4xx_hal_tim_ex.c **** 
 142:Drivers/STM32F4xx_HAL_Driver/Src/stm32f4xx_hal_tim_ex.c ****   /* Check the TIM handle allocation */
 143:Drivers/STM32F4xx_HAL_Driver/Src/stm32f4xx_hal_tim_ex.c ****   if (htim == NULL)
  46              		.loc 1 143 6
  47 000a 7B68     		ldr	r3, [r7, #4]
  48 000c 002B     		cmp	r3, #0
  49 000e 01D1     		bne	.L2
 144:Drivers/STM32F4xx_HAL_Driver/Src/stm32f4xx_hal_tim_ex.c ****   {
 145:Drivers/STM32F4xx_HAL_Driver/Src/stm32f4xx_hal_tim_ex.c ****     return HAL_ERROR;
  50              		.loc 1 145 12
  51 0010 0123     		movs	r3, #1
  52 0012 9AE0     		b	.L5
  53              	.L2:
 146:Drivers/STM32F4xx_HAL_Driver/Src/stm32f4xx_hal_tim_ex.c ****   }
 147:Drivers/STM32F4xx_HAL_Driver/Src/stm32f4xx_hal_tim_ex.c **** 
 148:Drivers/STM32F4xx_HAL_Driver/Src/stm32f4xx_hal_tim_ex.c ****   /* Check the parameters */
 149:Drivers/STM32F4xx_HAL_Driver/Src/stm32f4xx_hal_tim_ex.c ****   assert_param(IS_TIM_HALL_SENSOR_INTERFACE_INSTANCE(htim->Instance));
 150:Drivers/STM32F4xx_HAL_Driver/Src/stm32f4xx_hal_tim_ex.c ****   assert_param(IS_TIM_COUNTER_MODE(htim->Init.CounterMode));
 151:Drivers/STM32F4xx_HAL_Driver/Src/stm32f4xx_hal_tim_ex.c ****   assert_param(IS_TIM_CLOCKDIVISION_DIV(htim->Init.ClockDivision));
 152:Drivers/STM32F4xx_HAL_Driver/Src/stm32f4xx_hal_tim_ex.c ****   assert_param(IS_TIM_AUTORELOAD_PRELOAD(htim->Init.AutoReloadPreload));
 153:Drivers/STM32F4xx_HAL_Driver/Src/stm32f4xx_hal_tim_ex.c ****   assert_param(IS_TIM_IC_POLARITY(sConfig->IC1Polarity));
 154:Drivers/STM32F4xx_HAL_Driver/Src/stm32f4xx_hal_tim_ex.c ****   assert_param(IS_TIM_PERIOD(htim, htim->Init.Period));
 155:Drivers/STM32F4xx_HAL_Driver/Src/stm32f4xx_hal_tim_ex.c ****   assert_param(IS_TIM_IC_PRESCALER(sConfig->IC1Prescaler));
 156:Drivers/STM32F4xx_HAL_Driver/Src/stm32f4xx_hal_tim_ex.c ****   assert_param(IS_TIM_IC_FILTER(sConfig->IC1Filter));
 157:Drivers/STM32F4xx_HAL_Driver/Src/stm32f4xx_hal_tim_ex.c **** 
 158:Drivers/STM32F4xx_HAL_Driver/Src/stm32f4xx_hal_tim_ex.c ****   if (htim->State == HAL_TIM_STATE_RESET)
  54              		.loc 1 158 11
  55 0014 7B68     		ldr	r3, [r7, #4]
  56 0016 93F83D30 		ldrb	r3, [r3, #61]
  57 001a DBB2     		uxtb	r3, r3
  58              		.loc 1 158 6
  59 001c 002B     		cmp	r3, #0
  60 001e 06D1     		bne	.L4
 159:Drivers/STM32F4xx_HAL_Driver/Src/stm32f4xx_hal_tim_ex.c ****   {
 160:Drivers/STM32F4xx_HAL_Driver/Src/stm32f4xx_hal_tim_ex.c ****     /* Allocate lock resource and initialize it */
 161:Drivers/STM32F4xx_HAL_Driver/Src/stm32f4xx_hal_tim_ex.c ****     htim->Lock = HAL_UNLOCKED;
  61              		.loc 1 161 16
  62 0020 7B68     		ldr	r3, [r7, #4]
  63 0022 0022     		movs	r2, #0
  64 0024 83F83C20 		strb	r2, [r3, #60]
 162:Drivers/STM32F4xx_HAL_Driver/Src/stm32f4xx_hal_tim_ex.c **** 
 163:Drivers/STM32F4xx_HAL_Driver/Src/stm32f4xx_hal_tim_ex.c **** #if (USE_HAL_TIM_REGISTER_CALLBACKS == 1)
 164:Drivers/STM32F4xx_HAL_Driver/Src/stm32f4xx_hal_tim_ex.c ****     /* Reset interrupt callbacks to legacy week callbacks */
 165:Drivers/STM32F4xx_HAL_Driver/Src/stm32f4xx_hal_tim_ex.c ****     TIM_ResetCallback(htim);
ARM GAS  /tmp/ccemsrUD.s 			page 5


 166:Drivers/STM32F4xx_HAL_Driver/Src/stm32f4xx_hal_tim_ex.c **** 
 167:Drivers/STM32F4xx_HAL_Driver/Src/stm32f4xx_hal_tim_ex.c ****     if (htim->HallSensor_MspInitCallback == NULL)
 168:Drivers/STM32F4xx_HAL_Driver/Src/stm32f4xx_hal_tim_ex.c ****     {
 169:Drivers/STM32F4xx_HAL_Driver/Src/stm32f4xx_hal_tim_ex.c ****       htim->HallSensor_MspInitCallback = HAL_TIMEx_HallSensor_MspInit;
 170:Drivers/STM32F4xx_HAL_Driver/Src/stm32f4xx_hal_tim_ex.c ****     }
 171:Drivers/STM32F4xx_HAL_Driver/Src/stm32f4xx_hal_tim_ex.c ****     /* Init the low level hardware : GPIO, CLOCK, NVIC */
 172:Drivers/STM32F4xx_HAL_Driver/Src/stm32f4xx_hal_tim_ex.c ****     htim->HallSensor_MspInitCallback(htim);
 173:Drivers/STM32F4xx_HAL_Driver/Src/stm32f4xx_hal_tim_ex.c **** #else
 174:Drivers/STM32F4xx_HAL_Driver/Src/stm32f4xx_hal_tim_ex.c ****     /* Init the low level hardware : GPIO, CLOCK, NVIC and DMA */
 175:Drivers/STM32F4xx_HAL_Driver/Src/stm32f4xx_hal_tim_ex.c ****     HAL_TIMEx_HallSensor_MspInit(htim);
  65              		.loc 1 175 5
  66 0028 7868     		ldr	r0, [r7, #4]
  67 002a FFF7FEFF 		bl	HAL_TIMEx_HallSensor_MspInit
  68              	.L4:
 176:Drivers/STM32F4xx_HAL_Driver/Src/stm32f4xx_hal_tim_ex.c **** #endif /* USE_HAL_TIM_REGISTER_CALLBACKS */
 177:Drivers/STM32F4xx_HAL_Driver/Src/stm32f4xx_hal_tim_ex.c ****   }
 178:Drivers/STM32F4xx_HAL_Driver/Src/stm32f4xx_hal_tim_ex.c **** 
 179:Drivers/STM32F4xx_HAL_Driver/Src/stm32f4xx_hal_tim_ex.c ****   /* Set the TIM state */
 180:Drivers/STM32F4xx_HAL_Driver/Src/stm32f4xx_hal_tim_ex.c ****   htim->State = HAL_TIM_STATE_BUSY;
  69              		.loc 1 180 15
  70 002e 7B68     		ldr	r3, [r7, #4]
  71 0030 0222     		movs	r2, #2
  72 0032 83F83D20 		strb	r2, [r3, #61]
 181:Drivers/STM32F4xx_HAL_Driver/Src/stm32f4xx_hal_tim_ex.c **** 
 182:Drivers/STM32F4xx_HAL_Driver/Src/stm32f4xx_hal_tim_ex.c ****   /* Configure the Time base in the Encoder Mode */
 183:Drivers/STM32F4xx_HAL_Driver/Src/stm32f4xx_hal_tim_ex.c ****   TIM_Base_SetConfig(htim->Instance, &htim->Init);
  73              		.loc 1 183 3
  74 0036 7B68     		ldr	r3, [r7, #4]
  75 0038 1A68     		ldr	r2, [r3]
  76              		.loc 1 183 38
  77 003a 7B68     		ldr	r3, [r7, #4]
  78 003c 0433     		adds	r3, r3, #4
  79              		.loc 1 183 3
  80 003e 1946     		mov	r1, r3
  81 0040 1046     		mov	r0, r2
  82 0042 FFF7FEFF 		bl	TIM_Base_SetConfig
 184:Drivers/STM32F4xx_HAL_Driver/Src/stm32f4xx_hal_tim_ex.c **** 
 185:Drivers/STM32F4xx_HAL_Driver/Src/stm32f4xx_hal_tim_ex.c ****   /* Configure the Channel 1 as Input Channel to interface with the three Outputs of the  Hall sens
 186:Drivers/STM32F4xx_HAL_Driver/Src/stm32f4xx_hal_tim_ex.c ****   TIM_TI1_SetConfig(htim->Instance, sConfig->IC1Polarity, TIM_ICSELECTION_TRC, sConfig->IC1Filter);
  83              		.loc 1 186 3
  84 0046 7B68     		ldr	r3, [r7, #4]
  85 0048 1868     		ldr	r0, [r3]
  86              		.loc 1 186 44
  87 004a 3B68     		ldr	r3, [r7]
  88 004c 1968     		ldr	r1, [r3]
  89              		.loc 1 186 87
  90 004e 3B68     		ldr	r3, [r7]
  91 0050 9B68     		ldr	r3, [r3, #8]
  92              		.loc 1 186 3
  93 0052 0322     		movs	r2, #3
  94 0054 FFF7FEFF 		bl	TIM_TI1_SetConfig
 187:Drivers/STM32F4xx_HAL_Driver/Src/stm32f4xx_hal_tim_ex.c **** 
 188:Drivers/STM32F4xx_HAL_Driver/Src/stm32f4xx_hal_tim_ex.c ****   /* Reset the IC1PSC Bits */
 189:Drivers/STM32F4xx_HAL_Driver/Src/stm32f4xx_hal_tim_ex.c ****   htim->Instance->CCMR1 &= ~TIM_CCMR1_IC1PSC;
  95              		.loc 1 189 7
  96 0058 7B68     		ldr	r3, [r7, #4]
  97 005a 1B68     		ldr	r3, [r3]
ARM GAS  /tmp/ccemsrUD.s 			page 6


  98              		.loc 1 189 17
  99 005c 9A69     		ldr	r2, [r3, #24]
 100              		.loc 1 189 7
 101 005e 7B68     		ldr	r3, [r7, #4]
 102 0060 1B68     		ldr	r3, [r3]
 103              		.loc 1 189 25
 104 0062 22F00C02 		bic	r2, r2, #12
 105 0066 9A61     		str	r2, [r3, #24]
 190:Drivers/STM32F4xx_HAL_Driver/Src/stm32f4xx_hal_tim_ex.c ****   /* Set the IC1PSC value */
 191:Drivers/STM32F4xx_HAL_Driver/Src/stm32f4xx_hal_tim_ex.c ****   htim->Instance->CCMR1 |= sConfig->IC1Prescaler;
 106              		.loc 1 191 7
 107 0068 7B68     		ldr	r3, [r7, #4]
 108 006a 1B68     		ldr	r3, [r3]
 109              		.loc 1 191 17
 110 006c 9969     		ldr	r1, [r3, #24]
 111              		.loc 1 191 35
 112 006e 3B68     		ldr	r3, [r7]
 113 0070 5A68     		ldr	r2, [r3, #4]
 114              		.loc 1 191 7
 115 0072 7B68     		ldr	r3, [r7, #4]
 116 0074 1B68     		ldr	r3, [r3]
 117              		.loc 1 191 25
 118 0076 0A43     		orrs	r2, r2, r1
 119 0078 9A61     		str	r2, [r3, #24]
 192:Drivers/STM32F4xx_HAL_Driver/Src/stm32f4xx_hal_tim_ex.c **** 
 193:Drivers/STM32F4xx_HAL_Driver/Src/stm32f4xx_hal_tim_ex.c ****   /* Enable the Hall sensor interface (XOR function of the three inputs) */
 194:Drivers/STM32F4xx_HAL_Driver/Src/stm32f4xx_hal_tim_ex.c ****   htim->Instance->CR2 |= TIM_CR2_TI1S;
 120              		.loc 1 194 7
 121 007a 7B68     		ldr	r3, [r7, #4]
 122 007c 1B68     		ldr	r3, [r3]
 123              		.loc 1 194 17
 124 007e 5A68     		ldr	r2, [r3, #4]
 125              		.loc 1 194 7
 126 0080 7B68     		ldr	r3, [r7, #4]
 127 0082 1B68     		ldr	r3, [r3]
 128              		.loc 1 194 23
 129 0084 42F08002 		orr	r2, r2, #128
 130 0088 5A60     		str	r2, [r3, #4]
 195:Drivers/STM32F4xx_HAL_Driver/Src/stm32f4xx_hal_tim_ex.c **** 
 196:Drivers/STM32F4xx_HAL_Driver/Src/stm32f4xx_hal_tim_ex.c ****   /* Select the TIM_TS_TI1F_ED signal as Input trigger for the TIM */
 197:Drivers/STM32F4xx_HAL_Driver/Src/stm32f4xx_hal_tim_ex.c ****   htim->Instance->SMCR &= ~TIM_SMCR_TS;
 131              		.loc 1 197 7
 132 008a 7B68     		ldr	r3, [r7, #4]
 133 008c 1B68     		ldr	r3, [r3]
 134              		.loc 1 197 17
 135 008e 9A68     		ldr	r2, [r3, #8]
 136              		.loc 1 197 7
 137 0090 7B68     		ldr	r3, [r7, #4]
 138 0092 1B68     		ldr	r3, [r3]
 139              		.loc 1 197 24
 140 0094 22F07002 		bic	r2, r2, #112
 141 0098 9A60     		str	r2, [r3, #8]
 198:Drivers/STM32F4xx_HAL_Driver/Src/stm32f4xx_hal_tim_ex.c ****   htim->Instance->SMCR |= TIM_TS_TI1F_ED;
 142              		.loc 1 198 7
 143 009a 7B68     		ldr	r3, [r7, #4]
 144 009c 1B68     		ldr	r3, [r3]
 145              		.loc 1 198 17
ARM GAS  /tmp/ccemsrUD.s 			page 7


 146 009e 9A68     		ldr	r2, [r3, #8]
 147              		.loc 1 198 7
 148 00a0 7B68     		ldr	r3, [r7, #4]
 149 00a2 1B68     		ldr	r3, [r3]
 150              		.loc 1 198 24
 151 00a4 42F04002 		orr	r2, r2, #64
 152 00a8 9A60     		str	r2, [r3, #8]
 199:Drivers/STM32F4xx_HAL_Driver/Src/stm32f4xx_hal_tim_ex.c **** 
 200:Drivers/STM32F4xx_HAL_Driver/Src/stm32f4xx_hal_tim_ex.c ****   /* Use the TIM_TS_TI1F_ED signal to reset the TIM counter each edge detection */
 201:Drivers/STM32F4xx_HAL_Driver/Src/stm32f4xx_hal_tim_ex.c ****   htim->Instance->SMCR &= ~TIM_SMCR_SMS;
 153              		.loc 1 201 7
 154 00aa 7B68     		ldr	r3, [r7, #4]
 155 00ac 1B68     		ldr	r3, [r3]
 156              		.loc 1 201 17
 157 00ae 9A68     		ldr	r2, [r3, #8]
 158              		.loc 1 201 7
 159 00b0 7B68     		ldr	r3, [r7, #4]
 160 00b2 1B68     		ldr	r3, [r3]
 161              		.loc 1 201 24
 162 00b4 22F00702 		bic	r2, r2, #7
 163 00b8 9A60     		str	r2, [r3, #8]
 202:Drivers/STM32F4xx_HAL_Driver/Src/stm32f4xx_hal_tim_ex.c ****   htim->Instance->SMCR |= TIM_SLAVEMODE_RESET;
 164              		.loc 1 202 7
 165 00ba 7B68     		ldr	r3, [r7, #4]
 166 00bc 1B68     		ldr	r3, [r3]
 167              		.loc 1 202 17
 168 00be 9A68     		ldr	r2, [r3, #8]
 169              		.loc 1 202 7
 170 00c0 7B68     		ldr	r3, [r7, #4]
 171 00c2 1B68     		ldr	r3, [r3]
 172              		.loc 1 202 24
 173 00c4 42F00402 		orr	r2, r2, #4
 174 00c8 9A60     		str	r2, [r3, #8]
 203:Drivers/STM32F4xx_HAL_Driver/Src/stm32f4xx_hal_tim_ex.c **** 
 204:Drivers/STM32F4xx_HAL_Driver/Src/stm32f4xx_hal_tim_ex.c ****   /* Program channel 2 in PWM 2 mode with the desired Commutation_Delay*/
 205:Drivers/STM32F4xx_HAL_Driver/Src/stm32f4xx_hal_tim_ex.c ****   OC_Config.OCFastMode = TIM_OCFAST_DISABLE;
 175              		.loc 1 205 24
 176 00ca 0023     		movs	r3, #0
 177 00cc FB61     		str	r3, [r7, #28]
 206:Drivers/STM32F4xx_HAL_Driver/Src/stm32f4xx_hal_tim_ex.c ****   OC_Config.OCIdleState = TIM_OCIDLESTATE_RESET;
 178              		.loc 1 206 25
 179 00ce 0023     		movs	r3, #0
 180 00d0 3B62     		str	r3, [r7, #32]
 207:Drivers/STM32F4xx_HAL_Driver/Src/stm32f4xx_hal_tim_ex.c ****   OC_Config.OCMode = TIM_OCMODE_PWM2;
 181              		.loc 1 207 20
 182 00d2 7023     		movs	r3, #112
 183 00d4 FB60     		str	r3, [r7, #12]
 208:Drivers/STM32F4xx_HAL_Driver/Src/stm32f4xx_hal_tim_ex.c ****   OC_Config.OCNIdleState = TIM_OCNIDLESTATE_RESET;
 184              		.loc 1 208 26
 185 00d6 0023     		movs	r3, #0
 186 00d8 7B62     		str	r3, [r7, #36]
 209:Drivers/STM32F4xx_HAL_Driver/Src/stm32f4xx_hal_tim_ex.c ****   OC_Config.OCNPolarity = TIM_OCNPOLARITY_HIGH;
 187              		.loc 1 209 25
 188 00da 0023     		movs	r3, #0
 189 00dc BB61     		str	r3, [r7, #24]
 210:Drivers/STM32F4xx_HAL_Driver/Src/stm32f4xx_hal_tim_ex.c ****   OC_Config.OCPolarity = TIM_OCPOLARITY_HIGH;
 190              		.loc 1 210 24
ARM GAS  /tmp/ccemsrUD.s 			page 8


 191 00de 0023     		movs	r3, #0
 192 00e0 7B61     		str	r3, [r7, #20]
 211:Drivers/STM32F4xx_HAL_Driver/Src/stm32f4xx_hal_tim_ex.c ****   OC_Config.Pulse = sConfig->Commutation_Delay;
 193              		.loc 1 211 28
 194 00e2 3B68     		ldr	r3, [r7]
 195 00e4 DB68     		ldr	r3, [r3, #12]
 196              		.loc 1 211 19
 197 00e6 3B61     		str	r3, [r7, #16]
 212:Drivers/STM32F4xx_HAL_Driver/Src/stm32f4xx_hal_tim_ex.c **** 
 213:Drivers/STM32F4xx_HAL_Driver/Src/stm32f4xx_hal_tim_ex.c ****   TIM_OC2_SetConfig(htim->Instance, &OC_Config);
 198              		.loc 1 213 3
 199 00e8 7B68     		ldr	r3, [r7, #4]
 200 00ea 1B68     		ldr	r3, [r3]
 201 00ec 07F10C02 		add	r2, r7, #12
 202 00f0 1146     		mov	r1, r2
 203 00f2 1846     		mov	r0, r3
 204 00f4 FFF7FEFF 		bl	TIM_OC2_SetConfig
 214:Drivers/STM32F4xx_HAL_Driver/Src/stm32f4xx_hal_tim_ex.c **** 
 215:Drivers/STM32F4xx_HAL_Driver/Src/stm32f4xx_hal_tim_ex.c ****   /* Select OC2REF as trigger output on TRGO: write the MMS bits in the TIMx_CR2
 216:Drivers/STM32F4xx_HAL_Driver/Src/stm32f4xx_hal_tim_ex.c ****     register to 101 */
 217:Drivers/STM32F4xx_HAL_Driver/Src/stm32f4xx_hal_tim_ex.c ****   htim->Instance->CR2 &= ~TIM_CR2_MMS;
 205              		.loc 1 217 7
 206 00f8 7B68     		ldr	r3, [r7, #4]
 207 00fa 1B68     		ldr	r3, [r3]
 208              		.loc 1 217 17
 209 00fc 5A68     		ldr	r2, [r3, #4]
 210              		.loc 1 217 7
 211 00fe 7B68     		ldr	r3, [r7, #4]
 212 0100 1B68     		ldr	r3, [r3]
 213              		.loc 1 217 23
 214 0102 22F07002 		bic	r2, r2, #112
 215 0106 5A60     		str	r2, [r3, #4]
 218:Drivers/STM32F4xx_HAL_Driver/Src/stm32f4xx_hal_tim_ex.c ****   htim->Instance->CR2 |= TIM_TRGO_OC2REF;
 216              		.loc 1 218 7
 217 0108 7B68     		ldr	r3, [r7, #4]
 218 010a 1B68     		ldr	r3, [r3]
 219              		.loc 1 218 17
 220 010c 5A68     		ldr	r2, [r3, #4]
 221              		.loc 1 218 7
 222 010e 7B68     		ldr	r3, [r7, #4]
 223 0110 1B68     		ldr	r3, [r3]
 224              		.loc 1 218 23
 225 0112 42F05002 		orr	r2, r2, #80
 226 0116 5A60     		str	r2, [r3, #4]
 219:Drivers/STM32F4xx_HAL_Driver/Src/stm32f4xx_hal_tim_ex.c **** 
 220:Drivers/STM32F4xx_HAL_Driver/Src/stm32f4xx_hal_tim_ex.c ****   /* Initialize the DMA burst operation state */
 221:Drivers/STM32F4xx_HAL_Driver/Src/stm32f4xx_hal_tim_ex.c ****   htim->DMABurstState = HAL_DMA_BURST_STATE_READY;
 227              		.loc 1 221 23
 228 0118 7B68     		ldr	r3, [r7, #4]
 229 011a 0122     		movs	r2, #1
 230 011c 83F84620 		strb	r2, [r3, #70]
 222:Drivers/STM32F4xx_HAL_Driver/Src/stm32f4xx_hal_tim_ex.c **** 
 223:Drivers/STM32F4xx_HAL_Driver/Src/stm32f4xx_hal_tim_ex.c ****   /* Initialize the TIM channels state */
 224:Drivers/STM32F4xx_HAL_Driver/Src/stm32f4xx_hal_tim_ex.c ****   TIM_CHANNEL_STATE_SET(htim, TIM_CHANNEL_1, HAL_TIM_CHANNEL_STATE_READY);
 231              		.loc 1 224 3
 232 0120 7B68     		ldr	r3, [r7, #4]
 233 0122 0122     		movs	r2, #1
ARM GAS  /tmp/ccemsrUD.s 			page 9


 234 0124 83F83E20 		strb	r2, [r3, #62]
 225:Drivers/STM32F4xx_HAL_Driver/Src/stm32f4xx_hal_tim_ex.c ****   TIM_CHANNEL_STATE_SET(htim, TIM_CHANNEL_2, HAL_TIM_CHANNEL_STATE_READY);
 235              		.loc 1 225 3
 236 0128 7B68     		ldr	r3, [r7, #4]
 237 012a 0122     		movs	r2, #1
 238 012c 83F83F20 		strb	r2, [r3, #63]
 226:Drivers/STM32F4xx_HAL_Driver/Src/stm32f4xx_hal_tim_ex.c ****   TIM_CHANNEL_N_STATE_SET(htim, TIM_CHANNEL_1, HAL_TIM_CHANNEL_STATE_READY);
 239              		.loc 1 226 3
 240 0130 7B68     		ldr	r3, [r7, #4]
 241 0132 0122     		movs	r2, #1
 242 0134 83F84220 		strb	r2, [r3, #66]
 227:Drivers/STM32F4xx_HAL_Driver/Src/stm32f4xx_hal_tim_ex.c ****   TIM_CHANNEL_N_STATE_SET(htim, TIM_CHANNEL_2, HAL_TIM_CHANNEL_STATE_READY);
 243              		.loc 1 227 3
 244 0138 7B68     		ldr	r3, [r7, #4]
 245 013a 0122     		movs	r2, #1
 246 013c 83F84320 		strb	r2, [r3, #67]
 228:Drivers/STM32F4xx_HAL_Driver/Src/stm32f4xx_hal_tim_ex.c **** 
 229:Drivers/STM32F4xx_HAL_Driver/Src/stm32f4xx_hal_tim_ex.c ****   /* Initialize the TIM state*/
 230:Drivers/STM32F4xx_HAL_Driver/Src/stm32f4xx_hal_tim_ex.c ****   htim->State = HAL_TIM_STATE_READY;
 247              		.loc 1 230 15
 248 0140 7B68     		ldr	r3, [r7, #4]
 249 0142 0122     		movs	r2, #1
 250 0144 83F83D20 		strb	r2, [r3, #61]
 231:Drivers/STM32F4xx_HAL_Driver/Src/stm32f4xx_hal_tim_ex.c **** 
 232:Drivers/STM32F4xx_HAL_Driver/Src/stm32f4xx_hal_tim_ex.c ****   return HAL_OK;
 251              		.loc 1 232 10
 252 0148 0023     		movs	r3, #0
 253              	.L5:
 233:Drivers/STM32F4xx_HAL_Driver/Src/stm32f4xx_hal_tim_ex.c **** }
 254              		.loc 1 233 1 discriminator 1
 255 014a 1846     		mov	r0, r3
 256 014c 2837     		adds	r7, r7, #40
 257              	.LCFI3:
 258              		.cfi_def_cfa_offset 8
 259 014e BD46     		mov	sp, r7
 260              	.LCFI4:
 261              		.cfi_def_cfa_register 13
 262              		@ sp needed
 263 0150 80BD     		pop	{r7, pc}
 264              		.cfi_endproc
 265              	.LFE239:
 267              		.section	.text.HAL_TIMEx_HallSensor_DeInit,"ax",%progbits
 268              		.align	1
 269              		.global	HAL_TIMEx_HallSensor_DeInit
 270              		.syntax unified
 271              		.thumb
 272              		.thumb_func
 274              	HAL_TIMEx_HallSensor_DeInit:
 275              	.LFB240:
 234:Drivers/STM32F4xx_HAL_Driver/Src/stm32f4xx_hal_tim_ex.c **** 
 235:Drivers/STM32F4xx_HAL_Driver/Src/stm32f4xx_hal_tim_ex.c **** /**
 236:Drivers/STM32F4xx_HAL_Driver/Src/stm32f4xx_hal_tim_ex.c ****   * @brief  DeInitializes the TIM Hall Sensor interface
 237:Drivers/STM32F4xx_HAL_Driver/Src/stm32f4xx_hal_tim_ex.c ****   * @param  htim TIM Hall Sensor Interface handle
 238:Drivers/STM32F4xx_HAL_Driver/Src/stm32f4xx_hal_tim_ex.c ****   * @retval HAL status
 239:Drivers/STM32F4xx_HAL_Driver/Src/stm32f4xx_hal_tim_ex.c ****   */
 240:Drivers/STM32F4xx_HAL_Driver/Src/stm32f4xx_hal_tim_ex.c **** HAL_StatusTypeDef HAL_TIMEx_HallSensor_DeInit(TIM_HandleTypeDef *htim)
 241:Drivers/STM32F4xx_HAL_Driver/Src/stm32f4xx_hal_tim_ex.c **** {
ARM GAS  /tmp/ccemsrUD.s 			page 10


 276              		.loc 1 241 1
 277              		.cfi_startproc
 278              		@ args = 0, pretend = 0, frame = 8
 279              		@ frame_needed = 1, uses_anonymous_args = 0
 280 0000 80B5     		push	{r7, lr}
 281              	.LCFI5:
 282              		.cfi_def_cfa_offset 8
 283              		.cfi_offset 7, -8
 284              		.cfi_offset 14, -4
 285 0002 82B0     		sub	sp, sp, #8
 286              	.LCFI6:
 287              		.cfi_def_cfa_offset 16
 288 0004 00AF     		add	r7, sp, #0
 289              	.LCFI7:
 290              		.cfi_def_cfa_register 7
 291 0006 7860     		str	r0, [r7, #4]
 242:Drivers/STM32F4xx_HAL_Driver/Src/stm32f4xx_hal_tim_ex.c ****   /* Check the parameters */
 243:Drivers/STM32F4xx_HAL_Driver/Src/stm32f4xx_hal_tim_ex.c ****   assert_param(IS_TIM_INSTANCE(htim->Instance));
 244:Drivers/STM32F4xx_HAL_Driver/Src/stm32f4xx_hal_tim_ex.c **** 
 245:Drivers/STM32F4xx_HAL_Driver/Src/stm32f4xx_hal_tim_ex.c ****   htim->State = HAL_TIM_STATE_BUSY;
 292              		.loc 1 245 15
 293 0008 7B68     		ldr	r3, [r7, #4]
 294 000a 0222     		movs	r2, #2
 295 000c 83F83D20 		strb	r2, [r3, #61]
 246:Drivers/STM32F4xx_HAL_Driver/Src/stm32f4xx_hal_tim_ex.c **** 
 247:Drivers/STM32F4xx_HAL_Driver/Src/stm32f4xx_hal_tim_ex.c ****   /* Disable the TIM Peripheral Clock */
 248:Drivers/STM32F4xx_HAL_Driver/Src/stm32f4xx_hal_tim_ex.c ****   __HAL_TIM_DISABLE(htim);
 296              		.loc 1 248 3
 297 0010 7B68     		ldr	r3, [r7, #4]
 298 0012 1B68     		ldr	r3, [r3]
 299 0014 1A6A     		ldr	r2, [r3, #32]
 300 0016 41F21113 		movw	r3, #4369
 301 001a 1340     		ands	r3, r3, r2
 302 001c 002B     		cmp	r3, #0
 303 001e 0FD1     		bne	.L7
 304              		.loc 1 248 3 is_stmt 0 discriminator 1
 305 0020 7B68     		ldr	r3, [r7, #4]
 306 0022 1B68     		ldr	r3, [r3]
 307 0024 1A6A     		ldr	r2, [r3, #32]
 308 0026 40F24443 		movw	r3, #1092
 309 002a 1340     		ands	r3, r3, r2
 310 002c 002B     		cmp	r3, #0
 311 002e 07D1     		bne	.L7
 312              		.loc 1 248 3 discriminator 2
 313 0030 7B68     		ldr	r3, [r7, #4]
 314 0032 1B68     		ldr	r3, [r3]
 315 0034 1A68     		ldr	r2, [r3]
 316 0036 7B68     		ldr	r3, [r7, #4]
 317 0038 1B68     		ldr	r3, [r3]
 318 003a 22F00102 		bic	r2, r2, #1
 319 003e 1A60     		str	r2, [r3]
 320              	.L7:
 249:Drivers/STM32F4xx_HAL_Driver/Src/stm32f4xx_hal_tim_ex.c **** 
 250:Drivers/STM32F4xx_HAL_Driver/Src/stm32f4xx_hal_tim_ex.c **** #if (USE_HAL_TIM_REGISTER_CALLBACKS == 1)
 251:Drivers/STM32F4xx_HAL_Driver/Src/stm32f4xx_hal_tim_ex.c ****   if (htim->HallSensor_MspDeInitCallback == NULL)
 252:Drivers/STM32F4xx_HAL_Driver/Src/stm32f4xx_hal_tim_ex.c ****   {
 253:Drivers/STM32F4xx_HAL_Driver/Src/stm32f4xx_hal_tim_ex.c ****     htim->HallSensor_MspDeInitCallback = HAL_TIMEx_HallSensor_MspDeInit;
ARM GAS  /tmp/ccemsrUD.s 			page 11


 254:Drivers/STM32F4xx_HAL_Driver/Src/stm32f4xx_hal_tim_ex.c ****   }
 255:Drivers/STM32F4xx_HAL_Driver/Src/stm32f4xx_hal_tim_ex.c ****   /* DeInit the low level hardware */
 256:Drivers/STM32F4xx_HAL_Driver/Src/stm32f4xx_hal_tim_ex.c ****   htim->HallSensor_MspDeInitCallback(htim);
 257:Drivers/STM32F4xx_HAL_Driver/Src/stm32f4xx_hal_tim_ex.c **** #else
 258:Drivers/STM32F4xx_HAL_Driver/Src/stm32f4xx_hal_tim_ex.c ****   /* DeInit the low level hardware: GPIO, CLOCK, NVIC */
 259:Drivers/STM32F4xx_HAL_Driver/Src/stm32f4xx_hal_tim_ex.c ****   HAL_TIMEx_HallSensor_MspDeInit(htim);
 321              		.loc 1 259 3 is_stmt 1
 322 0040 7868     		ldr	r0, [r7, #4]
 323 0042 FFF7FEFF 		bl	HAL_TIMEx_HallSensor_MspDeInit
 260:Drivers/STM32F4xx_HAL_Driver/Src/stm32f4xx_hal_tim_ex.c **** #endif /* USE_HAL_TIM_REGISTER_CALLBACKS */
 261:Drivers/STM32F4xx_HAL_Driver/Src/stm32f4xx_hal_tim_ex.c **** 
 262:Drivers/STM32F4xx_HAL_Driver/Src/stm32f4xx_hal_tim_ex.c ****   /* Change the DMA burst operation state */
 263:Drivers/STM32F4xx_HAL_Driver/Src/stm32f4xx_hal_tim_ex.c ****   htim->DMABurstState = HAL_DMA_BURST_STATE_RESET;
 324              		.loc 1 263 23
 325 0046 7B68     		ldr	r3, [r7, #4]
 326 0048 0022     		movs	r2, #0
 327 004a 83F84620 		strb	r2, [r3, #70]
 264:Drivers/STM32F4xx_HAL_Driver/Src/stm32f4xx_hal_tim_ex.c **** 
 265:Drivers/STM32F4xx_HAL_Driver/Src/stm32f4xx_hal_tim_ex.c ****   /* Change the TIM channels state */
 266:Drivers/STM32F4xx_HAL_Driver/Src/stm32f4xx_hal_tim_ex.c ****   TIM_CHANNEL_STATE_SET(htim, TIM_CHANNEL_1, HAL_TIM_CHANNEL_STATE_RESET);
 328              		.loc 1 266 3
 329 004e 7B68     		ldr	r3, [r7, #4]
 330 0050 0022     		movs	r2, #0
 331 0052 83F83E20 		strb	r2, [r3, #62]
 267:Drivers/STM32F4xx_HAL_Driver/Src/stm32f4xx_hal_tim_ex.c ****   TIM_CHANNEL_STATE_SET(htim, TIM_CHANNEL_2, HAL_TIM_CHANNEL_STATE_RESET);
 332              		.loc 1 267 3
 333 0056 7B68     		ldr	r3, [r7, #4]
 334 0058 0022     		movs	r2, #0
 335 005a 83F83F20 		strb	r2, [r3, #63]
 268:Drivers/STM32F4xx_HAL_Driver/Src/stm32f4xx_hal_tim_ex.c ****   TIM_CHANNEL_N_STATE_SET(htim, TIM_CHANNEL_1, HAL_TIM_CHANNEL_STATE_RESET);
 336              		.loc 1 268 3
 337 005e 7B68     		ldr	r3, [r7, #4]
 338 0060 0022     		movs	r2, #0
 339 0062 83F84220 		strb	r2, [r3, #66]
 269:Drivers/STM32F4xx_HAL_Driver/Src/stm32f4xx_hal_tim_ex.c ****   TIM_CHANNEL_N_STATE_SET(htim, TIM_CHANNEL_2, HAL_TIM_CHANNEL_STATE_RESET);
 340              		.loc 1 269 3
 341 0066 7B68     		ldr	r3, [r7, #4]
 342 0068 0022     		movs	r2, #0
 343 006a 83F84320 		strb	r2, [r3, #67]
 270:Drivers/STM32F4xx_HAL_Driver/Src/stm32f4xx_hal_tim_ex.c **** 
 271:Drivers/STM32F4xx_HAL_Driver/Src/stm32f4xx_hal_tim_ex.c ****   /* Change TIM state */
 272:Drivers/STM32F4xx_HAL_Driver/Src/stm32f4xx_hal_tim_ex.c ****   htim->State = HAL_TIM_STATE_RESET;
 344              		.loc 1 272 15
 345 006e 7B68     		ldr	r3, [r7, #4]
 346 0070 0022     		movs	r2, #0
 347 0072 83F83D20 		strb	r2, [r3, #61]
 273:Drivers/STM32F4xx_HAL_Driver/Src/stm32f4xx_hal_tim_ex.c **** 
 274:Drivers/STM32F4xx_HAL_Driver/Src/stm32f4xx_hal_tim_ex.c ****   /* Release Lock */
 275:Drivers/STM32F4xx_HAL_Driver/Src/stm32f4xx_hal_tim_ex.c ****   __HAL_UNLOCK(htim);
 348              		.loc 1 275 3
 349 0076 7B68     		ldr	r3, [r7, #4]
 350 0078 0022     		movs	r2, #0
 351 007a 83F83C20 		strb	r2, [r3, #60]
 276:Drivers/STM32F4xx_HAL_Driver/Src/stm32f4xx_hal_tim_ex.c **** 
 277:Drivers/STM32F4xx_HAL_Driver/Src/stm32f4xx_hal_tim_ex.c ****   return HAL_OK;
 352              		.loc 1 277 10
 353 007e 0023     		movs	r3, #0
ARM GAS  /tmp/ccemsrUD.s 			page 12


 278:Drivers/STM32F4xx_HAL_Driver/Src/stm32f4xx_hal_tim_ex.c **** }
 354              		.loc 1 278 1
 355 0080 1846     		mov	r0, r3
 356 0082 0837     		adds	r7, r7, #8
 357              	.LCFI8:
 358              		.cfi_def_cfa_offset 8
 359 0084 BD46     		mov	sp, r7
 360              	.LCFI9:
 361              		.cfi_def_cfa_register 13
 362              		@ sp needed
 363 0086 80BD     		pop	{r7, pc}
 364              		.cfi_endproc
 365              	.LFE240:
 367              		.section	.text.HAL_TIMEx_HallSensor_MspInit,"ax",%progbits
 368              		.align	1
 369              		.weak	HAL_TIMEx_HallSensor_MspInit
 370              		.syntax unified
 371              		.thumb
 372              		.thumb_func
 374              	HAL_TIMEx_HallSensor_MspInit:
 375              	.LFB241:
 279:Drivers/STM32F4xx_HAL_Driver/Src/stm32f4xx_hal_tim_ex.c **** 
 280:Drivers/STM32F4xx_HAL_Driver/Src/stm32f4xx_hal_tim_ex.c **** /**
 281:Drivers/STM32F4xx_HAL_Driver/Src/stm32f4xx_hal_tim_ex.c ****   * @brief  Initializes the TIM Hall Sensor MSP.
 282:Drivers/STM32F4xx_HAL_Driver/Src/stm32f4xx_hal_tim_ex.c ****   * @param  htim TIM Hall Sensor Interface handle
 283:Drivers/STM32F4xx_HAL_Driver/Src/stm32f4xx_hal_tim_ex.c ****   * @retval None
 284:Drivers/STM32F4xx_HAL_Driver/Src/stm32f4xx_hal_tim_ex.c ****   */
 285:Drivers/STM32F4xx_HAL_Driver/Src/stm32f4xx_hal_tim_ex.c **** __weak void HAL_TIMEx_HallSensor_MspInit(TIM_HandleTypeDef *htim)
 286:Drivers/STM32F4xx_HAL_Driver/Src/stm32f4xx_hal_tim_ex.c **** {
 376              		.loc 1 286 1
 377              		.cfi_startproc
 378              		@ args = 0, pretend = 0, frame = 8
 379              		@ frame_needed = 1, uses_anonymous_args = 0
 380              		@ link register save eliminated.
 381 0000 80B4     		push	{r7}
 382              	.LCFI10:
 383              		.cfi_def_cfa_offset 4
 384              		.cfi_offset 7, -4
 385 0002 83B0     		sub	sp, sp, #12
 386              	.LCFI11:
 387              		.cfi_def_cfa_offset 16
 388 0004 00AF     		add	r7, sp, #0
 389              	.LCFI12:
 390              		.cfi_def_cfa_register 7
 391 0006 7860     		str	r0, [r7, #4]
 287:Drivers/STM32F4xx_HAL_Driver/Src/stm32f4xx_hal_tim_ex.c ****   /* Prevent unused argument(s) compilation warning */
 288:Drivers/STM32F4xx_HAL_Driver/Src/stm32f4xx_hal_tim_ex.c ****   UNUSED(htim);
 289:Drivers/STM32F4xx_HAL_Driver/Src/stm32f4xx_hal_tim_ex.c **** 
 290:Drivers/STM32F4xx_HAL_Driver/Src/stm32f4xx_hal_tim_ex.c ****   /* NOTE : This function should not be modified, when the callback is needed,
 291:Drivers/STM32F4xx_HAL_Driver/Src/stm32f4xx_hal_tim_ex.c ****             the HAL_TIMEx_HallSensor_MspInit could be implemented in the user file
 292:Drivers/STM32F4xx_HAL_Driver/Src/stm32f4xx_hal_tim_ex.c ****    */
 293:Drivers/STM32F4xx_HAL_Driver/Src/stm32f4xx_hal_tim_ex.c **** }
 392              		.loc 1 293 1
 393 0008 00BF     		nop
 394 000a 0C37     		adds	r7, r7, #12
 395              	.LCFI13:
 396              		.cfi_def_cfa_offset 4
ARM GAS  /tmp/ccemsrUD.s 			page 13


 397 000c BD46     		mov	sp, r7
 398              	.LCFI14:
 399              		.cfi_def_cfa_register 13
 400              		@ sp needed
 401 000e 5DF8047B 		ldr	r7, [sp], #4
 402              	.LCFI15:
 403              		.cfi_restore 7
 404              		.cfi_def_cfa_offset 0
 405 0012 7047     		bx	lr
 406              		.cfi_endproc
 407              	.LFE241:
 409              		.section	.text.HAL_TIMEx_HallSensor_MspDeInit,"ax",%progbits
 410              		.align	1
 411              		.weak	HAL_TIMEx_HallSensor_MspDeInit
 412              		.syntax unified
 413              		.thumb
 414              		.thumb_func
 416              	HAL_TIMEx_HallSensor_MspDeInit:
 417              	.LFB242:
 294:Drivers/STM32F4xx_HAL_Driver/Src/stm32f4xx_hal_tim_ex.c **** 
 295:Drivers/STM32F4xx_HAL_Driver/Src/stm32f4xx_hal_tim_ex.c **** /**
 296:Drivers/STM32F4xx_HAL_Driver/Src/stm32f4xx_hal_tim_ex.c ****   * @brief  DeInitializes TIM Hall Sensor MSP.
 297:Drivers/STM32F4xx_HAL_Driver/Src/stm32f4xx_hal_tim_ex.c ****   * @param  htim TIM Hall Sensor Interface handle
 298:Drivers/STM32F4xx_HAL_Driver/Src/stm32f4xx_hal_tim_ex.c ****   * @retval None
 299:Drivers/STM32F4xx_HAL_Driver/Src/stm32f4xx_hal_tim_ex.c ****   */
 300:Drivers/STM32F4xx_HAL_Driver/Src/stm32f4xx_hal_tim_ex.c **** __weak void HAL_TIMEx_HallSensor_MspDeInit(TIM_HandleTypeDef *htim)
 301:Drivers/STM32F4xx_HAL_Driver/Src/stm32f4xx_hal_tim_ex.c **** {
 418              		.loc 1 301 1
 419              		.cfi_startproc
 420              		@ args = 0, pretend = 0, frame = 8
 421              		@ frame_needed = 1, uses_anonymous_args = 0
 422              		@ link register save eliminated.
 423 0000 80B4     		push	{r7}
 424              	.LCFI16:
 425              		.cfi_def_cfa_offset 4
 426              		.cfi_offset 7, -4
 427 0002 83B0     		sub	sp, sp, #12
 428              	.LCFI17:
 429              		.cfi_def_cfa_offset 16
 430 0004 00AF     		add	r7, sp, #0
 431              	.LCFI18:
 432              		.cfi_def_cfa_register 7
 433 0006 7860     		str	r0, [r7, #4]
 302:Drivers/STM32F4xx_HAL_Driver/Src/stm32f4xx_hal_tim_ex.c ****   /* Prevent unused argument(s) compilation warning */
 303:Drivers/STM32F4xx_HAL_Driver/Src/stm32f4xx_hal_tim_ex.c ****   UNUSED(htim);
 304:Drivers/STM32F4xx_HAL_Driver/Src/stm32f4xx_hal_tim_ex.c **** 
 305:Drivers/STM32F4xx_HAL_Driver/Src/stm32f4xx_hal_tim_ex.c ****   /* NOTE : This function should not be modified, when the callback is needed,
 306:Drivers/STM32F4xx_HAL_Driver/Src/stm32f4xx_hal_tim_ex.c ****             the HAL_TIMEx_HallSensor_MspDeInit could be implemented in the user file
 307:Drivers/STM32F4xx_HAL_Driver/Src/stm32f4xx_hal_tim_ex.c ****    */
 308:Drivers/STM32F4xx_HAL_Driver/Src/stm32f4xx_hal_tim_ex.c **** }
 434              		.loc 1 308 1
 435 0008 00BF     		nop
 436 000a 0C37     		adds	r7, r7, #12
 437              	.LCFI19:
 438              		.cfi_def_cfa_offset 4
 439 000c BD46     		mov	sp, r7
 440              	.LCFI20:
ARM GAS  /tmp/ccemsrUD.s 			page 14


 441              		.cfi_def_cfa_register 13
 442              		@ sp needed
 443 000e 5DF8047B 		ldr	r7, [sp], #4
 444              	.LCFI21:
 445              		.cfi_restore 7
 446              		.cfi_def_cfa_offset 0
 447 0012 7047     		bx	lr
 448              		.cfi_endproc
 449              	.LFE242:
 451              		.section	.text.HAL_TIMEx_HallSensor_Start,"ax",%progbits
 452              		.align	1
 453              		.global	HAL_TIMEx_HallSensor_Start
 454              		.syntax unified
 455              		.thumb
 456              		.thumb_func
 458              	HAL_TIMEx_HallSensor_Start:
 459              	.LFB243:
 309:Drivers/STM32F4xx_HAL_Driver/Src/stm32f4xx_hal_tim_ex.c **** 
 310:Drivers/STM32F4xx_HAL_Driver/Src/stm32f4xx_hal_tim_ex.c **** /**
 311:Drivers/STM32F4xx_HAL_Driver/Src/stm32f4xx_hal_tim_ex.c ****   * @brief  Starts the TIM Hall Sensor Interface.
 312:Drivers/STM32F4xx_HAL_Driver/Src/stm32f4xx_hal_tim_ex.c ****   * @param  htim TIM Hall Sensor Interface handle
 313:Drivers/STM32F4xx_HAL_Driver/Src/stm32f4xx_hal_tim_ex.c ****   * @retval HAL status
 314:Drivers/STM32F4xx_HAL_Driver/Src/stm32f4xx_hal_tim_ex.c ****   */
 315:Drivers/STM32F4xx_HAL_Driver/Src/stm32f4xx_hal_tim_ex.c **** HAL_StatusTypeDef HAL_TIMEx_HallSensor_Start(TIM_HandleTypeDef *htim)
 316:Drivers/STM32F4xx_HAL_Driver/Src/stm32f4xx_hal_tim_ex.c **** {
 460              		.loc 1 316 1
 461              		.cfi_startproc
 462              		@ args = 0, pretend = 0, frame = 16
 463              		@ frame_needed = 1, uses_anonymous_args = 0
 464 0000 80B5     		push	{r7, lr}
 465              	.LCFI22:
 466              		.cfi_def_cfa_offset 8
 467              		.cfi_offset 7, -8
 468              		.cfi_offset 14, -4
 469 0002 84B0     		sub	sp, sp, #16
 470              	.LCFI23:
 471              		.cfi_def_cfa_offset 24
 472 0004 00AF     		add	r7, sp, #0
 473              	.LCFI24:
 474              		.cfi_def_cfa_register 7
 475 0006 7860     		str	r0, [r7, #4]
 317:Drivers/STM32F4xx_HAL_Driver/Src/stm32f4xx_hal_tim_ex.c ****   uint32_t tmpsmcr;
 318:Drivers/STM32F4xx_HAL_Driver/Src/stm32f4xx_hal_tim_ex.c ****   HAL_TIM_ChannelStateTypeDef channel_1_state = TIM_CHANNEL_STATE_GET(htim, TIM_CHANNEL_1);
 476              		.loc 1 318 31
 477 0008 7B68     		ldr	r3, [r7, #4]
 478 000a 93F83E30 		ldrb	r3, [r3, #62]
 479 000e FB73     		strb	r3, [r7, #15]
 319:Drivers/STM32F4xx_HAL_Driver/Src/stm32f4xx_hal_tim_ex.c ****   HAL_TIM_ChannelStateTypeDef channel_2_state = TIM_CHANNEL_STATE_GET(htim, TIM_CHANNEL_2);
 480              		.loc 1 319 31
 481 0010 7B68     		ldr	r3, [r7, #4]
 482 0012 93F83F30 		ldrb	r3, [r3, #63]
 483 0016 BB73     		strb	r3, [r7, #14]
 320:Drivers/STM32F4xx_HAL_Driver/Src/stm32f4xx_hal_tim_ex.c ****   HAL_TIM_ChannelStateTypeDef complementary_channel_1_state = TIM_CHANNEL_N_STATE_GET(htim, TIM_CHA
 484              		.loc 1 320 31
 485 0018 7B68     		ldr	r3, [r7, #4]
 486 001a 93F84230 		ldrb	r3, [r3, #66]
 487 001e 7B73     		strb	r3, [r7, #13]
ARM GAS  /tmp/ccemsrUD.s 			page 15


 321:Drivers/STM32F4xx_HAL_Driver/Src/stm32f4xx_hal_tim_ex.c ****   HAL_TIM_ChannelStateTypeDef complementary_channel_2_state = TIM_CHANNEL_N_STATE_GET(htim, TIM_CHA
 488              		.loc 1 321 31
 489 0020 7B68     		ldr	r3, [r7, #4]
 490 0022 93F84330 		ldrb	r3, [r3, #67]
 491 0026 3B73     		strb	r3, [r7, #12]
 322:Drivers/STM32F4xx_HAL_Driver/Src/stm32f4xx_hal_tim_ex.c **** 
 323:Drivers/STM32F4xx_HAL_Driver/Src/stm32f4xx_hal_tim_ex.c ****   /* Check the parameters */
 324:Drivers/STM32F4xx_HAL_Driver/Src/stm32f4xx_hal_tim_ex.c ****   assert_param(IS_TIM_HALL_SENSOR_INTERFACE_INSTANCE(htim->Instance));
 325:Drivers/STM32F4xx_HAL_Driver/Src/stm32f4xx_hal_tim_ex.c **** 
 326:Drivers/STM32F4xx_HAL_Driver/Src/stm32f4xx_hal_tim_ex.c ****   /* Check the TIM channels state */
 327:Drivers/STM32F4xx_HAL_Driver/Src/stm32f4xx_hal_tim_ex.c ****   if ((channel_1_state != HAL_TIM_CHANNEL_STATE_READY)
 492              		.loc 1 327 6
 493 0028 FB7B     		ldrb	r3, [r7, #15]	@ zero_extendqisi2
 494 002a 012B     		cmp	r3, #1
 495 002c 08D1     		bne	.L12
 328:Drivers/STM32F4xx_HAL_Driver/Src/stm32f4xx_hal_tim_ex.c ****       || (channel_2_state != HAL_TIM_CHANNEL_STATE_READY)
 496              		.loc 1 328 7
 497 002e BB7B     		ldrb	r3, [r7, #14]	@ zero_extendqisi2
 498 0030 012B     		cmp	r3, #1
 499 0032 05D1     		bne	.L12
 329:Drivers/STM32F4xx_HAL_Driver/Src/stm32f4xx_hal_tim_ex.c ****       || (complementary_channel_1_state != HAL_TIM_CHANNEL_STATE_READY)
 500              		.loc 1 329 7
 501 0034 7B7B     		ldrb	r3, [r7, #13]	@ zero_extendqisi2
 502 0036 012B     		cmp	r3, #1
 503 0038 02D1     		bne	.L12
 330:Drivers/STM32F4xx_HAL_Driver/Src/stm32f4xx_hal_tim_ex.c ****       || (complementary_channel_2_state != HAL_TIM_CHANNEL_STATE_READY))
 504              		.loc 1 330 7
 505 003a 3B7B     		ldrb	r3, [r7, #12]	@ zero_extendqisi2
 506 003c 012B     		cmp	r3, #1
 507 003e 01D0     		beq	.L13
 508              	.L12:
 331:Drivers/STM32F4xx_HAL_Driver/Src/stm32f4xx_hal_tim_ex.c ****   {
 332:Drivers/STM32F4xx_HAL_Driver/Src/stm32f4xx_hal_tim_ex.c ****     return HAL_ERROR;
 509              		.loc 1 332 12
 510 0040 0123     		movs	r3, #1
 511 0042 59E0     		b	.L14
 512              	.L13:
 333:Drivers/STM32F4xx_HAL_Driver/Src/stm32f4xx_hal_tim_ex.c ****   }
 334:Drivers/STM32F4xx_HAL_Driver/Src/stm32f4xx_hal_tim_ex.c **** 
 335:Drivers/STM32F4xx_HAL_Driver/Src/stm32f4xx_hal_tim_ex.c ****   /* Set the TIM channels state */
 336:Drivers/STM32F4xx_HAL_Driver/Src/stm32f4xx_hal_tim_ex.c ****   TIM_CHANNEL_STATE_SET(htim, TIM_CHANNEL_1, HAL_TIM_CHANNEL_STATE_BUSY);
 513              		.loc 1 336 3
 514 0044 7B68     		ldr	r3, [r7, #4]
 515 0046 0222     		movs	r2, #2
 516 0048 83F83E20 		strb	r2, [r3, #62]
 337:Drivers/STM32F4xx_HAL_Driver/Src/stm32f4xx_hal_tim_ex.c ****   TIM_CHANNEL_STATE_SET(htim, TIM_CHANNEL_2, HAL_TIM_CHANNEL_STATE_BUSY);
 517              		.loc 1 337 3
 518 004c 7B68     		ldr	r3, [r7, #4]
 519 004e 0222     		movs	r2, #2
 520 0050 83F83F20 		strb	r2, [r3, #63]
 338:Drivers/STM32F4xx_HAL_Driver/Src/stm32f4xx_hal_tim_ex.c ****   TIM_CHANNEL_N_STATE_SET(htim, TIM_CHANNEL_1, HAL_TIM_CHANNEL_STATE_BUSY);
 521              		.loc 1 338 3
 522 0054 7B68     		ldr	r3, [r7, #4]
 523 0056 0222     		movs	r2, #2
 524 0058 83F84220 		strb	r2, [r3, #66]
 339:Drivers/STM32F4xx_HAL_Driver/Src/stm32f4xx_hal_tim_ex.c ****   TIM_CHANNEL_N_STATE_SET(htim, TIM_CHANNEL_2, HAL_TIM_CHANNEL_STATE_BUSY);
 525              		.loc 1 339 3
ARM GAS  /tmp/ccemsrUD.s 			page 16


 526 005c 7B68     		ldr	r3, [r7, #4]
 527 005e 0222     		movs	r2, #2
 528 0060 83F84320 		strb	r2, [r3, #67]
 340:Drivers/STM32F4xx_HAL_Driver/Src/stm32f4xx_hal_tim_ex.c **** 
 341:Drivers/STM32F4xx_HAL_Driver/Src/stm32f4xx_hal_tim_ex.c ****   /* Enable the Input Capture channel 1
 342:Drivers/STM32F4xx_HAL_Driver/Src/stm32f4xx_hal_tim_ex.c ****   (in the Hall Sensor Interface the three possible channels that can be used are TIM_CHANNEL_1,
 343:Drivers/STM32F4xx_HAL_Driver/Src/stm32f4xx_hal_tim_ex.c ****   TIM_CHANNEL_2 and TIM_CHANNEL_3) */
 344:Drivers/STM32F4xx_HAL_Driver/Src/stm32f4xx_hal_tim_ex.c ****   TIM_CCxChannelCmd(htim->Instance, TIM_CHANNEL_1, TIM_CCx_ENABLE);
 529              		.loc 1 344 3
 530 0064 7B68     		ldr	r3, [r7, #4]
 531 0066 1B68     		ldr	r3, [r3]
 532 0068 0122     		movs	r2, #1
 533 006a 0021     		movs	r1, #0
 534 006c 1846     		mov	r0, r3
 535 006e FFF7FEFF 		bl	TIM_CCxChannelCmd
 345:Drivers/STM32F4xx_HAL_Driver/Src/stm32f4xx_hal_tim_ex.c **** 
 346:Drivers/STM32F4xx_HAL_Driver/Src/stm32f4xx_hal_tim_ex.c ****   /* Enable the Peripheral, except in trigger mode where enable is automatically done with trigger 
 347:Drivers/STM32F4xx_HAL_Driver/Src/stm32f4xx_hal_tim_ex.c ****   if (IS_TIM_SLAVE_INSTANCE(htim->Instance))
 536              		.loc 1 347 7
 537 0072 7B68     		ldr	r3, [r7, #4]
 538 0074 1B68     		ldr	r3, [r3]
 539              		.loc 1 347 6
 540 0076 224A     		ldr	r2, .L19
 541 0078 9342     		cmp	r3, r2
 542 007a 22D0     		beq	.L15
 543              		.loc 1 347 7 discriminator 1
 544 007c 7B68     		ldr	r3, [r7, #4]
 545 007e 1B68     		ldr	r3, [r3]
 546 0080 B3F1804F 		cmp	r3, #1073741824
 547 0084 1DD0     		beq	.L15
 548              		.loc 1 347 7 is_stmt 0 discriminator 2
 549 0086 7B68     		ldr	r3, [r7, #4]
 550 0088 1B68     		ldr	r3, [r3]
 551 008a 1E4A     		ldr	r2, .L19+4
 552 008c 9342     		cmp	r3, r2
 553 008e 18D0     		beq	.L15
 554              		.loc 1 347 7 discriminator 3
 555 0090 7B68     		ldr	r3, [r7, #4]
 556 0092 1B68     		ldr	r3, [r3]
 557 0094 1C4A     		ldr	r2, .L19+8
 558 0096 9342     		cmp	r3, r2
 559 0098 13D0     		beq	.L15
 560              		.loc 1 347 7 discriminator 4
 561 009a 7B68     		ldr	r3, [r7, #4]
 562 009c 1B68     		ldr	r3, [r3]
 563 009e 1B4A     		ldr	r2, .L19+12
 564 00a0 9342     		cmp	r3, r2
 565 00a2 0ED0     		beq	.L15
 566              		.loc 1 347 7 discriminator 5
 567 00a4 7B68     		ldr	r3, [r7, #4]
 568 00a6 1B68     		ldr	r3, [r3]
 569 00a8 194A     		ldr	r2, .L19+16
 570 00aa 9342     		cmp	r3, r2
 571 00ac 09D0     		beq	.L15
 572              		.loc 1 347 7 discriminator 6
 573 00ae 7B68     		ldr	r3, [r7, #4]
 574 00b0 1B68     		ldr	r3, [r3]
ARM GAS  /tmp/ccemsrUD.s 			page 17


 575 00b2 184A     		ldr	r2, .L19+20
 576 00b4 9342     		cmp	r3, r2
 577 00b6 04D0     		beq	.L15
 578              		.loc 1 347 7 discriminator 7
 579 00b8 7B68     		ldr	r3, [r7, #4]
 580 00ba 1B68     		ldr	r3, [r3]
 581 00bc 164A     		ldr	r2, .L19+24
 582 00be 9342     		cmp	r3, r2
 583 00c0 11D1     		bne	.L16
 584              	.L15:
 348:Drivers/STM32F4xx_HAL_Driver/Src/stm32f4xx_hal_tim_ex.c ****   {
 349:Drivers/STM32F4xx_HAL_Driver/Src/stm32f4xx_hal_tim_ex.c ****     tmpsmcr = htim->Instance->SMCR & TIM_SMCR_SMS;
 585              		.loc 1 349 19 is_stmt 1
 586 00c2 7B68     		ldr	r3, [r7, #4]
 587 00c4 1B68     		ldr	r3, [r3]
 588              		.loc 1 349 29
 589 00c6 9B68     		ldr	r3, [r3, #8]
 590              		.loc 1 349 13
 591 00c8 03F00703 		and	r3, r3, #7
 592 00cc BB60     		str	r3, [r7, #8]
 350:Drivers/STM32F4xx_HAL_Driver/Src/stm32f4xx_hal_tim_ex.c ****     if (!IS_TIM_SLAVEMODE_TRIGGER_ENABLED(tmpsmcr))
 593              		.loc 1 350 8
 594 00ce BB68     		ldr	r3, [r7, #8]
 595 00d0 062B     		cmp	r3, #6
 596 00d2 10D0     		beq	.L18
 351:Drivers/STM32F4xx_HAL_Driver/Src/stm32f4xx_hal_tim_ex.c ****     {
 352:Drivers/STM32F4xx_HAL_Driver/Src/stm32f4xx_hal_tim_ex.c ****       __HAL_TIM_ENABLE(htim);
 597              		.loc 1 352 7
 598 00d4 7B68     		ldr	r3, [r7, #4]
 599 00d6 1B68     		ldr	r3, [r3]
 600 00d8 1A68     		ldr	r2, [r3]
 601 00da 7B68     		ldr	r3, [r7, #4]
 602 00dc 1B68     		ldr	r3, [r3]
 603 00de 42F00102 		orr	r2, r2, #1
 604 00e2 1A60     		str	r2, [r3]
 350:Drivers/STM32F4xx_HAL_Driver/Src/stm32f4xx_hal_tim_ex.c ****     if (!IS_TIM_SLAVEMODE_TRIGGER_ENABLED(tmpsmcr))
 605              		.loc 1 350 8
 606 00e4 07E0     		b	.L18
 607              	.L16:
 353:Drivers/STM32F4xx_HAL_Driver/Src/stm32f4xx_hal_tim_ex.c ****     }
 354:Drivers/STM32F4xx_HAL_Driver/Src/stm32f4xx_hal_tim_ex.c ****   }
 355:Drivers/STM32F4xx_HAL_Driver/Src/stm32f4xx_hal_tim_ex.c ****   else
 356:Drivers/STM32F4xx_HAL_Driver/Src/stm32f4xx_hal_tim_ex.c ****   {
 357:Drivers/STM32F4xx_HAL_Driver/Src/stm32f4xx_hal_tim_ex.c ****     __HAL_TIM_ENABLE(htim);
 608              		.loc 1 357 5
 609 00e6 7B68     		ldr	r3, [r7, #4]
 610 00e8 1B68     		ldr	r3, [r3]
 611 00ea 1A68     		ldr	r2, [r3]
 612 00ec 7B68     		ldr	r3, [r7, #4]
 613 00ee 1B68     		ldr	r3, [r3]
 614 00f0 42F00102 		orr	r2, r2, #1
 615 00f4 1A60     		str	r2, [r3]
 616              	.L18:
 358:Drivers/STM32F4xx_HAL_Driver/Src/stm32f4xx_hal_tim_ex.c ****   }
 359:Drivers/STM32F4xx_HAL_Driver/Src/stm32f4xx_hal_tim_ex.c **** 
 360:Drivers/STM32F4xx_HAL_Driver/Src/stm32f4xx_hal_tim_ex.c ****   /* Return function status */
 361:Drivers/STM32F4xx_HAL_Driver/Src/stm32f4xx_hal_tim_ex.c ****   return HAL_OK;
ARM GAS  /tmp/ccemsrUD.s 			page 18


 617              		.loc 1 361 10
 618 00f6 0023     		movs	r3, #0
 619              	.L14:
 362:Drivers/STM32F4xx_HAL_Driver/Src/stm32f4xx_hal_tim_ex.c **** }
 620              		.loc 1 362 1
 621 00f8 1846     		mov	r0, r3
 622 00fa 1037     		adds	r7, r7, #16
 623              	.LCFI25:
 624              		.cfi_def_cfa_offset 8
 625 00fc BD46     		mov	sp, r7
 626              	.LCFI26:
 627              		.cfi_def_cfa_register 13
 628              		@ sp needed
 629 00fe 80BD     		pop	{r7, pc}
 630              	.L20:
 631              		.align	2
 632              	.L19:
 633 0100 00000140 		.word	1073807360
 634 0104 00040040 		.word	1073742848
 635 0108 00080040 		.word	1073743872
 636 010c 000C0040 		.word	1073744896
 637 0110 00040140 		.word	1073808384
 638 0114 00400140 		.word	1073823744
 639 0118 00180040 		.word	1073747968
 640              		.cfi_endproc
 641              	.LFE243:
 643              		.section	.text.HAL_TIMEx_HallSensor_Stop,"ax",%progbits
 644              		.align	1
 645              		.global	HAL_TIMEx_HallSensor_Stop
 646              		.syntax unified
 647              		.thumb
 648              		.thumb_func
 650              	HAL_TIMEx_HallSensor_Stop:
 651              	.LFB244:
 363:Drivers/STM32F4xx_HAL_Driver/Src/stm32f4xx_hal_tim_ex.c **** 
 364:Drivers/STM32F4xx_HAL_Driver/Src/stm32f4xx_hal_tim_ex.c **** /**
 365:Drivers/STM32F4xx_HAL_Driver/Src/stm32f4xx_hal_tim_ex.c ****   * @brief  Stops the TIM Hall sensor Interface.
 366:Drivers/STM32F4xx_HAL_Driver/Src/stm32f4xx_hal_tim_ex.c ****   * @param  htim TIM Hall Sensor Interface handle
 367:Drivers/STM32F4xx_HAL_Driver/Src/stm32f4xx_hal_tim_ex.c ****   * @retval HAL status
 368:Drivers/STM32F4xx_HAL_Driver/Src/stm32f4xx_hal_tim_ex.c ****   */
 369:Drivers/STM32F4xx_HAL_Driver/Src/stm32f4xx_hal_tim_ex.c **** HAL_StatusTypeDef HAL_TIMEx_HallSensor_Stop(TIM_HandleTypeDef *htim)
 370:Drivers/STM32F4xx_HAL_Driver/Src/stm32f4xx_hal_tim_ex.c **** {
 652              		.loc 1 370 1
 653              		.cfi_startproc
 654              		@ args = 0, pretend = 0, frame = 8
 655              		@ frame_needed = 1, uses_anonymous_args = 0
 656 0000 80B5     		push	{r7, lr}
 657              	.LCFI27:
 658              		.cfi_def_cfa_offset 8
 659              		.cfi_offset 7, -8
 660              		.cfi_offset 14, -4
 661 0002 82B0     		sub	sp, sp, #8
 662              	.LCFI28:
 663              		.cfi_def_cfa_offset 16
 664 0004 00AF     		add	r7, sp, #0
 665              	.LCFI29:
 666              		.cfi_def_cfa_register 7
ARM GAS  /tmp/ccemsrUD.s 			page 19


 667 0006 7860     		str	r0, [r7, #4]
 371:Drivers/STM32F4xx_HAL_Driver/Src/stm32f4xx_hal_tim_ex.c ****   /* Check the parameters */
 372:Drivers/STM32F4xx_HAL_Driver/Src/stm32f4xx_hal_tim_ex.c ****   assert_param(IS_TIM_HALL_SENSOR_INTERFACE_INSTANCE(htim->Instance));
 373:Drivers/STM32F4xx_HAL_Driver/Src/stm32f4xx_hal_tim_ex.c **** 
 374:Drivers/STM32F4xx_HAL_Driver/Src/stm32f4xx_hal_tim_ex.c ****   /* Disable the Input Capture channels 1, 2 and 3
 375:Drivers/STM32F4xx_HAL_Driver/Src/stm32f4xx_hal_tim_ex.c ****   (in the Hall Sensor Interface the three possible channels that can be used are TIM_CHANNEL_1,
 376:Drivers/STM32F4xx_HAL_Driver/Src/stm32f4xx_hal_tim_ex.c ****   TIM_CHANNEL_2 and TIM_CHANNEL_3) */
 377:Drivers/STM32F4xx_HAL_Driver/Src/stm32f4xx_hal_tim_ex.c ****   TIM_CCxChannelCmd(htim->Instance, TIM_CHANNEL_1, TIM_CCx_DISABLE);
 668              		.loc 1 377 3
 669 0008 7B68     		ldr	r3, [r7, #4]
 670 000a 1B68     		ldr	r3, [r3]
 671 000c 0022     		movs	r2, #0
 672 000e 0021     		movs	r1, #0
 673 0010 1846     		mov	r0, r3
 674 0012 FFF7FEFF 		bl	TIM_CCxChannelCmd
 378:Drivers/STM32F4xx_HAL_Driver/Src/stm32f4xx_hal_tim_ex.c **** 
 379:Drivers/STM32F4xx_HAL_Driver/Src/stm32f4xx_hal_tim_ex.c ****   /* Disable the Peripheral */
 380:Drivers/STM32F4xx_HAL_Driver/Src/stm32f4xx_hal_tim_ex.c ****   __HAL_TIM_DISABLE(htim);
 675              		.loc 1 380 3
 676 0016 7B68     		ldr	r3, [r7, #4]
 677 0018 1B68     		ldr	r3, [r3]
 678 001a 1A6A     		ldr	r2, [r3, #32]
 679 001c 41F21113 		movw	r3, #4369
 680 0020 1340     		ands	r3, r3, r2
 681 0022 002B     		cmp	r3, #0
 682 0024 0FD1     		bne	.L22
 683              		.loc 1 380 3 is_stmt 0 discriminator 1
 684 0026 7B68     		ldr	r3, [r7, #4]
 685 0028 1B68     		ldr	r3, [r3]
 686 002a 1A6A     		ldr	r2, [r3, #32]
 687 002c 40F24443 		movw	r3, #1092
 688 0030 1340     		ands	r3, r3, r2
 689 0032 002B     		cmp	r3, #0
 690 0034 07D1     		bne	.L22
 691              		.loc 1 380 3 discriminator 2
 692 0036 7B68     		ldr	r3, [r7, #4]
 693 0038 1B68     		ldr	r3, [r3]
 694 003a 1A68     		ldr	r2, [r3]
 695 003c 7B68     		ldr	r3, [r7, #4]
 696 003e 1B68     		ldr	r3, [r3]
 697 0040 22F00102 		bic	r2, r2, #1
 698 0044 1A60     		str	r2, [r3]
 699              	.L22:
 381:Drivers/STM32F4xx_HAL_Driver/Src/stm32f4xx_hal_tim_ex.c **** 
 382:Drivers/STM32F4xx_HAL_Driver/Src/stm32f4xx_hal_tim_ex.c ****   /* Set the TIM channels state */
 383:Drivers/STM32F4xx_HAL_Driver/Src/stm32f4xx_hal_tim_ex.c ****   TIM_CHANNEL_STATE_SET(htim, TIM_CHANNEL_1, HAL_TIM_CHANNEL_STATE_READY);
 700              		.loc 1 383 3 is_stmt 1
 701 0046 7B68     		ldr	r3, [r7, #4]
 702 0048 0122     		movs	r2, #1
 703 004a 83F83E20 		strb	r2, [r3, #62]
 384:Drivers/STM32F4xx_HAL_Driver/Src/stm32f4xx_hal_tim_ex.c ****   TIM_CHANNEL_STATE_SET(htim, TIM_CHANNEL_2, HAL_TIM_CHANNEL_STATE_READY);
 704              		.loc 1 384 3
 705 004e 7B68     		ldr	r3, [r7, #4]
 706 0050 0122     		movs	r2, #1
 707 0052 83F83F20 		strb	r2, [r3, #63]
 385:Drivers/STM32F4xx_HAL_Driver/Src/stm32f4xx_hal_tim_ex.c ****   TIM_CHANNEL_N_STATE_SET(htim, TIM_CHANNEL_1, HAL_TIM_CHANNEL_STATE_READY);
 708              		.loc 1 385 3
ARM GAS  /tmp/ccemsrUD.s 			page 20


 709 0056 7B68     		ldr	r3, [r7, #4]
 710 0058 0122     		movs	r2, #1
 711 005a 83F84220 		strb	r2, [r3, #66]
 386:Drivers/STM32F4xx_HAL_Driver/Src/stm32f4xx_hal_tim_ex.c ****   TIM_CHANNEL_N_STATE_SET(htim, TIM_CHANNEL_2, HAL_TIM_CHANNEL_STATE_READY);
 712              		.loc 1 386 3
 713 005e 7B68     		ldr	r3, [r7, #4]
 714 0060 0122     		movs	r2, #1
 715 0062 83F84320 		strb	r2, [r3, #67]
 387:Drivers/STM32F4xx_HAL_Driver/Src/stm32f4xx_hal_tim_ex.c **** 
 388:Drivers/STM32F4xx_HAL_Driver/Src/stm32f4xx_hal_tim_ex.c ****   /* Return function status */
 389:Drivers/STM32F4xx_HAL_Driver/Src/stm32f4xx_hal_tim_ex.c ****   return HAL_OK;
 716              		.loc 1 389 10
 717 0066 0023     		movs	r3, #0
 390:Drivers/STM32F4xx_HAL_Driver/Src/stm32f4xx_hal_tim_ex.c **** }
 718              		.loc 1 390 1
 719 0068 1846     		mov	r0, r3
 720 006a 0837     		adds	r7, r7, #8
 721              	.LCFI30:
 722              		.cfi_def_cfa_offset 8
 723 006c BD46     		mov	sp, r7
 724              	.LCFI31:
 725              		.cfi_def_cfa_register 13
 726              		@ sp needed
 727 006e 80BD     		pop	{r7, pc}
 728              		.cfi_endproc
 729              	.LFE244:
 731              		.section	.text.HAL_TIMEx_HallSensor_Start_IT,"ax",%progbits
 732              		.align	1
 733              		.global	HAL_TIMEx_HallSensor_Start_IT
 734              		.syntax unified
 735              		.thumb
 736              		.thumb_func
 738              	HAL_TIMEx_HallSensor_Start_IT:
 739              	.LFB245:
 391:Drivers/STM32F4xx_HAL_Driver/Src/stm32f4xx_hal_tim_ex.c **** 
 392:Drivers/STM32F4xx_HAL_Driver/Src/stm32f4xx_hal_tim_ex.c **** /**
 393:Drivers/STM32F4xx_HAL_Driver/Src/stm32f4xx_hal_tim_ex.c ****   * @brief  Starts the TIM Hall Sensor Interface in interrupt mode.
 394:Drivers/STM32F4xx_HAL_Driver/Src/stm32f4xx_hal_tim_ex.c ****   * @param  htim TIM Hall Sensor Interface handle
 395:Drivers/STM32F4xx_HAL_Driver/Src/stm32f4xx_hal_tim_ex.c ****   * @retval HAL status
 396:Drivers/STM32F4xx_HAL_Driver/Src/stm32f4xx_hal_tim_ex.c ****   */
 397:Drivers/STM32F4xx_HAL_Driver/Src/stm32f4xx_hal_tim_ex.c **** HAL_StatusTypeDef HAL_TIMEx_HallSensor_Start_IT(TIM_HandleTypeDef *htim)
 398:Drivers/STM32F4xx_HAL_Driver/Src/stm32f4xx_hal_tim_ex.c **** {
 740              		.loc 1 398 1
 741              		.cfi_startproc
 742              		@ args = 0, pretend = 0, frame = 16
 743              		@ frame_needed = 1, uses_anonymous_args = 0
 744 0000 80B5     		push	{r7, lr}
 745              	.LCFI32:
 746              		.cfi_def_cfa_offset 8
 747              		.cfi_offset 7, -8
 748              		.cfi_offset 14, -4
 749 0002 84B0     		sub	sp, sp, #16
 750              	.LCFI33:
 751              		.cfi_def_cfa_offset 24
 752 0004 00AF     		add	r7, sp, #0
 753              	.LCFI34:
 754              		.cfi_def_cfa_register 7
ARM GAS  /tmp/ccemsrUD.s 			page 21


 755 0006 7860     		str	r0, [r7, #4]
 399:Drivers/STM32F4xx_HAL_Driver/Src/stm32f4xx_hal_tim_ex.c ****   uint32_t tmpsmcr;
 400:Drivers/STM32F4xx_HAL_Driver/Src/stm32f4xx_hal_tim_ex.c ****   HAL_TIM_ChannelStateTypeDef channel_1_state = TIM_CHANNEL_STATE_GET(htim, TIM_CHANNEL_1);
 756              		.loc 1 400 31
 757 0008 7B68     		ldr	r3, [r7, #4]
 758 000a 93F83E30 		ldrb	r3, [r3, #62]
 759 000e FB73     		strb	r3, [r7, #15]
 401:Drivers/STM32F4xx_HAL_Driver/Src/stm32f4xx_hal_tim_ex.c ****   HAL_TIM_ChannelStateTypeDef channel_2_state = TIM_CHANNEL_STATE_GET(htim, TIM_CHANNEL_2);
 760              		.loc 1 401 31
 761 0010 7B68     		ldr	r3, [r7, #4]
 762 0012 93F83F30 		ldrb	r3, [r3, #63]
 763 0016 BB73     		strb	r3, [r7, #14]
 402:Drivers/STM32F4xx_HAL_Driver/Src/stm32f4xx_hal_tim_ex.c ****   HAL_TIM_ChannelStateTypeDef complementary_channel_1_state = TIM_CHANNEL_N_STATE_GET(htim, TIM_CHA
 764              		.loc 1 402 31
 765 0018 7B68     		ldr	r3, [r7, #4]
 766 001a 93F84230 		ldrb	r3, [r3, #66]
 767 001e 7B73     		strb	r3, [r7, #13]
 403:Drivers/STM32F4xx_HAL_Driver/Src/stm32f4xx_hal_tim_ex.c ****   HAL_TIM_ChannelStateTypeDef complementary_channel_2_state = TIM_CHANNEL_N_STATE_GET(htim, TIM_CHA
 768              		.loc 1 403 31
 769 0020 7B68     		ldr	r3, [r7, #4]
 770 0022 93F84330 		ldrb	r3, [r3, #67]
 771 0026 3B73     		strb	r3, [r7, #12]
 404:Drivers/STM32F4xx_HAL_Driver/Src/stm32f4xx_hal_tim_ex.c **** 
 405:Drivers/STM32F4xx_HAL_Driver/Src/stm32f4xx_hal_tim_ex.c ****   /* Check the parameters */
 406:Drivers/STM32F4xx_HAL_Driver/Src/stm32f4xx_hal_tim_ex.c ****   assert_param(IS_TIM_HALL_SENSOR_INTERFACE_INSTANCE(htim->Instance));
 407:Drivers/STM32F4xx_HAL_Driver/Src/stm32f4xx_hal_tim_ex.c **** 
 408:Drivers/STM32F4xx_HAL_Driver/Src/stm32f4xx_hal_tim_ex.c ****   /* Check the TIM channels state */
 409:Drivers/STM32F4xx_HAL_Driver/Src/stm32f4xx_hal_tim_ex.c ****   if ((channel_1_state != HAL_TIM_CHANNEL_STATE_READY)
 772              		.loc 1 409 6
 773 0028 FB7B     		ldrb	r3, [r7, #15]	@ zero_extendqisi2
 774 002a 012B     		cmp	r3, #1
 775 002c 08D1     		bne	.L25
 410:Drivers/STM32F4xx_HAL_Driver/Src/stm32f4xx_hal_tim_ex.c ****       || (channel_2_state != HAL_TIM_CHANNEL_STATE_READY)
 776              		.loc 1 410 7
 777 002e BB7B     		ldrb	r3, [r7, #14]	@ zero_extendqisi2
 778 0030 012B     		cmp	r3, #1
 779 0032 05D1     		bne	.L25
 411:Drivers/STM32F4xx_HAL_Driver/Src/stm32f4xx_hal_tim_ex.c ****       || (complementary_channel_1_state != HAL_TIM_CHANNEL_STATE_READY)
 780              		.loc 1 411 7
 781 0034 7B7B     		ldrb	r3, [r7, #13]	@ zero_extendqisi2
 782 0036 012B     		cmp	r3, #1
 783 0038 02D1     		bne	.L25
 412:Drivers/STM32F4xx_HAL_Driver/Src/stm32f4xx_hal_tim_ex.c ****       || (complementary_channel_2_state != HAL_TIM_CHANNEL_STATE_READY))
 784              		.loc 1 412 7
 785 003a 3B7B     		ldrb	r3, [r7, #12]	@ zero_extendqisi2
 786 003c 012B     		cmp	r3, #1
 787 003e 01D0     		beq	.L26
 788              	.L25:
 413:Drivers/STM32F4xx_HAL_Driver/Src/stm32f4xx_hal_tim_ex.c ****   {
 414:Drivers/STM32F4xx_HAL_Driver/Src/stm32f4xx_hal_tim_ex.c ****     return HAL_ERROR;
 789              		.loc 1 414 12
 790 0040 0123     		movs	r3, #1
 791 0042 61E0     		b	.L27
 792              	.L26:
 415:Drivers/STM32F4xx_HAL_Driver/Src/stm32f4xx_hal_tim_ex.c ****   }
 416:Drivers/STM32F4xx_HAL_Driver/Src/stm32f4xx_hal_tim_ex.c **** 
 417:Drivers/STM32F4xx_HAL_Driver/Src/stm32f4xx_hal_tim_ex.c ****   /* Set the TIM channels state */
ARM GAS  /tmp/ccemsrUD.s 			page 22


 418:Drivers/STM32F4xx_HAL_Driver/Src/stm32f4xx_hal_tim_ex.c ****   TIM_CHANNEL_STATE_SET(htim, TIM_CHANNEL_1, HAL_TIM_CHANNEL_STATE_BUSY);
 793              		.loc 1 418 3
 794 0044 7B68     		ldr	r3, [r7, #4]
 795 0046 0222     		movs	r2, #2
 796 0048 83F83E20 		strb	r2, [r3, #62]
 419:Drivers/STM32F4xx_HAL_Driver/Src/stm32f4xx_hal_tim_ex.c ****   TIM_CHANNEL_STATE_SET(htim, TIM_CHANNEL_2, HAL_TIM_CHANNEL_STATE_BUSY);
 797              		.loc 1 419 3
 798 004c 7B68     		ldr	r3, [r7, #4]
 799 004e 0222     		movs	r2, #2
 800 0050 83F83F20 		strb	r2, [r3, #63]
 420:Drivers/STM32F4xx_HAL_Driver/Src/stm32f4xx_hal_tim_ex.c ****   TIM_CHANNEL_N_STATE_SET(htim, TIM_CHANNEL_1, HAL_TIM_CHANNEL_STATE_BUSY);
 801              		.loc 1 420 3
 802 0054 7B68     		ldr	r3, [r7, #4]
 803 0056 0222     		movs	r2, #2
 804 0058 83F84220 		strb	r2, [r3, #66]
 421:Drivers/STM32F4xx_HAL_Driver/Src/stm32f4xx_hal_tim_ex.c ****   TIM_CHANNEL_N_STATE_SET(htim, TIM_CHANNEL_2, HAL_TIM_CHANNEL_STATE_BUSY);
 805              		.loc 1 421 3
 806 005c 7B68     		ldr	r3, [r7, #4]
 807 005e 0222     		movs	r2, #2
 808 0060 83F84320 		strb	r2, [r3, #67]
 422:Drivers/STM32F4xx_HAL_Driver/Src/stm32f4xx_hal_tim_ex.c **** 
 423:Drivers/STM32F4xx_HAL_Driver/Src/stm32f4xx_hal_tim_ex.c ****   /* Enable the capture compare Interrupts 1 event */
 424:Drivers/STM32F4xx_HAL_Driver/Src/stm32f4xx_hal_tim_ex.c ****   __HAL_TIM_ENABLE_IT(htim, TIM_IT_CC1);
 809              		.loc 1 424 3
 810 0064 7B68     		ldr	r3, [r7, #4]
 811 0066 1B68     		ldr	r3, [r3]
 812 0068 DA68     		ldr	r2, [r3, #12]
 813 006a 7B68     		ldr	r3, [r7, #4]
 814 006c 1B68     		ldr	r3, [r3]
 815 006e 42F00202 		orr	r2, r2, #2
 816 0072 DA60     		str	r2, [r3, #12]
 425:Drivers/STM32F4xx_HAL_Driver/Src/stm32f4xx_hal_tim_ex.c **** 
 426:Drivers/STM32F4xx_HAL_Driver/Src/stm32f4xx_hal_tim_ex.c ****   /* Enable the Input Capture channel 1
 427:Drivers/STM32F4xx_HAL_Driver/Src/stm32f4xx_hal_tim_ex.c ****   (in the Hall Sensor Interface the three possible channels that can be used are TIM_CHANNEL_1,
 428:Drivers/STM32F4xx_HAL_Driver/Src/stm32f4xx_hal_tim_ex.c ****   TIM_CHANNEL_2 and TIM_CHANNEL_3) */
 429:Drivers/STM32F4xx_HAL_Driver/Src/stm32f4xx_hal_tim_ex.c ****   TIM_CCxChannelCmd(htim->Instance, TIM_CHANNEL_1, TIM_CCx_ENABLE);
 817              		.loc 1 429 3
 818 0074 7B68     		ldr	r3, [r7, #4]
 819 0076 1B68     		ldr	r3, [r3]
 820 0078 0122     		movs	r2, #1
 821 007a 0021     		movs	r1, #0
 822 007c 1846     		mov	r0, r3
 823 007e FFF7FEFF 		bl	TIM_CCxChannelCmd
 430:Drivers/STM32F4xx_HAL_Driver/Src/stm32f4xx_hal_tim_ex.c **** 
 431:Drivers/STM32F4xx_HAL_Driver/Src/stm32f4xx_hal_tim_ex.c ****   /* Enable the Peripheral, except in trigger mode where enable is automatically done with trigger 
 432:Drivers/STM32F4xx_HAL_Driver/Src/stm32f4xx_hal_tim_ex.c ****   if (IS_TIM_SLAVE_INSTANCE(htim->Instance))
 824              		.loc 1 432 7
 825 0082 7B68     		ldr	r3, [r7, #4]
 826 0084 1B68     		ldr	r3, [r3]
 827              		.loc 1 432 6
 828 0086 224A     		ldr	r2, .L32
 829 0088 9342     		cmp	r3, r2
 830 008a 22D0     		beq	.L28
 831              		.loc 1 432 7 discriminator 1
 832 008c 7B68     		ldr	r3, [r7, #4]
 833 008e 1B68     		ldr	r3, [r3]
 834 0090 B3F1804F 		cmp	r3, #1073741824
ARM GAS  /tmp/ccemsrUD.s 			page 23


 835 0094 1DD0     		beq	.L28
 836              		.loc 1 432 7 is_stmt 0 discriminator 2
 837 0096 7B68     		ldr	r3, [r7, #4]
 838 0098 1B68     		ldr	r3, [r3]
 839 009a 1E4A     		ldr	r2, .L32+4
 840 009c 9342     		cmp	r3, r2
 841 009e 18D0     		beq	.L28
 842              		.loc 1 432 7 discriminator 3
 843 00a0 7B68     		ldr	r3, [r7, #4]
 844 00a2 1B68     		ldr	r3, [r3]
 845 00a4 1C4A     		ldr	r2, .L32+8
 846 00a6 9342     		cmp	r3, r2
 847 00a8 13D0     		beq	.L28
 848              		.loc 1 432 7 discriminator 4
 849 00aa 7B68     		ldr	r3, [r7, #4]
 850 00ac 1B68     		ldr	r3, [r3]
 851 00ae 1B4A     		ldr	r2, .L32+12
 852 00b0 9342     		cmp	r3, r2
 853 00b2 0ED0     		beq	.L28
 854              		.loc 1 432 7 discriminator 5
 855 00b4 7B68     		ldr	r3, [r7, #4]
 856 00b6 1B68     		ldr	r3, [r3]
 857 00b8 194A     		ldr	r2, .L32+16
 858 00ba 9342     		cmp	r3, r2
 859 00bc 09D0     		beq	.L28
 860              		.loc 1 432 7 discriminator 6
 861 00be 7B68     		ldr	r3, [r7, #4]
 862 00c0 1B68     		ldr	r3, [r3]
 863 00c2 184A     		ldr	r2, .L32+20
 864 00c4 9342     		cmp	r3, r2
 865 00c6 04D0     		beq	.L28
 866              		.loc 1 432 7 discriminator 7
 867 00c8 7B68     		ldr	r3, [r7, #4]
 868 00ca 1B68     		ldr	r3, [r3]
 869 00cc 164A     		ldr	r2, .L32+24
 870 00ce 9342     		cmp	r3, r2
 871 00d0 11D1     		bne	.L29
 872              	.L28:
 433:Drivers/STM32F4xx_HAL_Driver/Src/stm32f4xx_hal_tim_ex.c ****   {
 434:Drivers/STM32F4xx_HAL_Driver/Src/stm32f4xx_hal_tim_ex.c ****     tmpsmcr = htim->Instance->SMCR & TIM_SMCR_SMS;
 873              		.loc 1 434 19 is_stmt 1
 874 00d2 7B68     		ldr	r3, [r7, #4]
 875 00d4 1B68     		ldr	r3, [r3]
 876              		.loc 1 434 29
 877 00d6 9B68     		ldr	r3, [r3, #8]
 878              		.loc 1 434 13
 879 00d8 03F00703 		and	r3, r3, #7
 880 00dc BB60     		str	r3, [r7, #8]
 435:Drivers/STM32F4xx_HAL_Driver/Src/stm32f4xx_hal_tim_ex.c ****     if (!IS_TIM_SLAVEMODE_TRIGGER_ENABLED(tmpsmcr))
 881              		.loc 1 435 8
 882 00de BB68     		ldr	r3, [r7, #8]
 883 00e0 062B     		cmp	r3, #6
 884 00e2 10D0     		beq	.L31
 436:Drivers/STM32F4xx_HAL_Driver/Src/stm32f4xx_hal_tim_ex.c ****     {
 437:Drivers/STM32F4xx_HAL_Driver/Src/stm32f4xx_hal_tim_ex.c ****       __HAL_TIM_ENABLE(htim);
 885              		.loc 1 437 7
 886 00e4 7B68     		ldr	r3, [r7, #4]
ARM GAS  /tmp/ccemsrUD.s 			page 24


 887 00e6 1B68     		ldr	r3, [r3]
 888 00e8 1A68     		ldr	r2, [r3]
 889 00ea 7B68     		ldr	r3, [r7, #4]
 890 00ec 1B68     		ldr	r3, [r3]
 891 00ee 42F00102 		orr	r2, r2, #1
 892 00f2 1A60     		str	r2, [r3]
 435:Drivers/STM32F4xx_HAL_Driver/Src/stm32f4xx_hal_tim_ex.c ****     if (!IS_TIM_SLAVEMODE_TRIGGER_ENABLED(tmpsmcr))
 893              		.loc 1 435 8
 894 00f4 07E0     		b	.L31
 895              	.L29:
 438:Drivers/STM32F4xx_HAL_Driver/Src/stm32f4xx_hal_tim_ex.c ****     }
 439:Drivers/STM32F4xx_HAL_Driver/Src/stm32f4xx_hal_tim_ex.c ****   }
 440:Drivers/STM32F4xx_HAL_Driver/Src/stm32f4xx_hal_tim_ex.c ****   else
 441:Drivers/STM32F4xx_HAL_Driver/Src/stm32f4xx_hal_tim_ex.c ****   {
 442:Drivers/STM32F4xx_HAL_Driver/Src/stm32f4xx_hal_tim_ex.c ****     __HAL_TIM_ENABLE(htim);
 896              		.loc 1 442 5
 897 00f6 7B68     		ldr	r3, [r7, #4]
 898 00f8 1B68     		ldr	r3, [r3]
 899 00fa 1A68     		ldr	r2, [r3]
 900 00fc 7B68     		ldr	r3, [r7, #4]
 901 00fe 1B68     		ldr	r3, [r3]
 902 0100 42F00102 		orr	r2, r2, #1
 903 0104 1A60     		str	r2, [r3]
 904              	.L31:
 443:Drivers/STM32F4xx_HAL_Driver/Src/stm32f4xx_hal_tim_ex.c ****   }
 444:Drivers/STM32F4xx_HAL_Driver/Src/stm32f4xx_hal_tim_ex.c **** 
 445:Drivers/STM32F4xx_HAL_Driver/Src/stm32f4xx_hal_tim_ex.c ****   /* Return function status */
 446:Drivers/STM32F4xx_HAL_Driver/Src/stm32f4xx_hal_tim_ex.c ****   return HAL_OK;
 905              		.loc 1 446 10
 906 0106 0023     		movs	r3, #0
 907              	.L27:
 447:Drivers/STM32F4xx_HAL_Driver/Src/stm32f4xx_hal_tim_ex.c **** }
 908              		.loc 1 447 1
 909 0108 1846     		mov	r0, r3
 910 010a 1037     		adds	r7, r7, #16
 911              	.LCFI35:
 912              		.cfi_def_cfa_offset 8
 913 010c BD46     		mov	sp, r7
 914              	.LCFI36:
 915              		.cfi_def_cfa_register 13
 916              		@ sp needed
 917 010e 80BD     		pop	{r7, pc}
 918              	.L33:
 919              		.align	2
 920              	.L32:
 921 0110 00000140 		.word	1073807360
 922 0114 00040040 		.word	1073742848
 923 0118 00080040 		.word	1073743872
 924 011c 000C0040 		.word	1073744896
 925 0120 00040140 		.word	1073808384
 926 0124 00400140 		.word	1073823744
 927 0128 00180040 		.word	1073747968
 928              		.cfi_endproc
 929              	.LFE245:
 931              		.section	.text.HAL_TIMEx_HallSensor_Stop_IT,"ax",%progbits
 932              		.align	1
 933              		.global	HAL_TIMEx_HallSensor_Stop_IT
ARM GAS  /tmp/ccemsrUD.s 			page 25


 934              		.syntax unified
 935              		.thumb
 936              		.thumb_func
 938              	HAL_TIMEx_HallSensor_Stop_IT:
 939              	.LFB246:
 448:Drivers/STM32F4xx_HAL_Driver/Src/stm32f4xx_hal_tim_ex.c **** 
 449:Drivers/STM32F4xx_HAL_Driver/Src/stm32f4xx_hal_tim_ex.c **** /**
 450:Drivers/STM32F4xx_HAL_Driver/Src/stm32f4xx_hal_tim_ex.c ****   * @brief  Stops the TIM Hall Sensor Interface in interrupt mode.
 451:Drivers/STM32F4xx_HAL_Driver/Src/stm32f4xx_hal_tim_ex.c ****   * @param  htim TIM Hall Sensor Interface handle
 452:Drivers/STM32F4xx_HAL_Driver/Src/stm32f4xx_hal_tim_ex.c ****   * @retval HAL status
 453:Drivers/STM32F4xx_HAL_Driver/Src/stm32f4xx_hal_tim_ex.c ****   */
 454:Drivers/STM32F4xx_HAL_Driver/Src/stm32f4xx_hal_tim_ex.c **** HAL_StatusTypeDef HAL_TIMEx_HallSensor_Stop_IT(TIM_HandleTypeDef *htim)
 455:Drivers/STM32F4xx_HAL_Driver/Src/stm32f4xx_hal_tim_ex.c **** {
 940              		.loc 1 455 1
 941              		.cfi_startproc
 942              		@ args = 0, pretend = 0, frame = 8
 943              		@ frame_needed = 1, uses_anonymous_args = 0
 944 0000 80B5     		push	{r7, lr}
 945              	.LCFI37:
 946              		.cfi_def_cfa_offset 8
 947              		.cfi_offset 7, -8
 948              		.cfi_offset 14, -4
 949 0002 82B0     		sub	sp, sp, #8
 950              	.LCFI38:
 951              		.cfi_def_cfa_offset 16
 952 0004 00AF     		add	r7, sp, #0
 953              	.LCFI39:
 954              		.cfi_def_cfa_register 7
 955 0006 7860     		str	r0, [r7, #4]
 456:Drivers/STM32F4xx_HAL_Driver/Src/stm32f4xx_hal_tim_ex.c ****   /* Check the parameters */
 457:Drivers/STM32F4xx_HAL_Driver/Src/stm32f4xx_hal_tim_ex.c ****   assert_param(IS_TIM_HALL_SENSOR_INTERFACE_INSTANCE(htim->Instance));
 458:Drivers/STM32F4xx_HAL_Driver/Src/stm32f4xx_hal_tim_ex.c **** 
 459:Drivers/STM32F4xx_HAL_Driver/Src/stm32f4xx_hal_tim_ex.c ****   /* Disable the Input Capture channel 1
 460:Drivers/STM32F4xx_HAL_Driver/Src/stm32f4xx_hal_tim_ex.c ****   (in the Hall Sensor Interface the three possible channels that can be used are TIM_CHANNEL_1,
 461:Drivers/STM32F4xx_HAL_Driver/Src/stm32f4xx_hal_tim_ex.c ****   TIM_CHANNEL_2 and TIM_CHANNEL_3) */
 462:Drivers/STM32F4xx_HAL_Driver/Src/stm32f4xx_hal_tim_ex.c ****   TIM_CCxChannelCmd(htim->Instance, TIM_CHANNEL_1, TIM_CCx_DISABLE);
 956              		.loc 1 462 3
 957 0008 7B68     		ldr	r3, [r7, #4]
 958 000a 1B68     		ldr	r3, [r3]
 959 000c 0022     		movs	r2, #0
 960 000e 0021     		movs	r1, #0
 961 0010 1846     		mov	r0, r3
 962 0012 FFF7FEFF 		bl	TIM_CCxChannelCmd
 463:Drivers/STM32F4xx_HAL_Driver/Src/stm32f4xx_hal_tim_ex.c **** 
 464:Drivers/STM32F4xx_HAL_Driver/Src/stm32f4xx_hal_tim_ex.c ****   /* Disable the capture compare Interrupts event */
 465:Drivers/STM32F4xx_HAL_Driver/Src/stm32f4xx_hal_tim_ex.c ****   __HAL_TIM_DISABLE_IT(htim, TIM_IT_CC1);
 963              		.loc 1 465 3
 964 0016 7B68     		ldr	r3, [r7, #4]
 965 0018 1B68     		ldr	r3, [r3]
 966 001a DA68     		ldr	r2, [r3, #12]
 967 001c 7B68     		ldr	r3, [r7, #4]
 968 001e 1B68     		ldr	r3, [r3]
 969 0020 22F00202 		bic	r2, r2, #2
 970 0024 DA60     		str	r2, [r3, #12]
 466:Drivers/STM32F4xx_HAL_Driver/Src/stm32f4xx_hal_tim_ex.c **** 
 467:Drivers/STM32F4xx_HAL_Driver/Src/stm32f4xx_hal_tim_ex.c ****   /* Disable the Peripheral */
 468:Drivers/STM32F4xx_HAL_Driver/Src/stm32f4xx_hal_tim_ex.c ****   __HAL_TIM_DISABLE(htim);
ARM GAS  /tmp/ccemsrUD.s 			page 26


 971              		.loc 1 468 3
 972 0026 7B68     		ldr	r3, [r7, #4]
 973 0028 1B68     		ldr	r3, [r3]
 974 002a 1A6A     		ldr	r2, [r3, #32]
 975 002c 41F21113 		movw	r3, #4369
 976 0030 1340     		ands	r3, r3, r2
 977 0032 002B     		cmp	r3, #0
 978 0034 0FD1     		bne	.L35
 979              		.loc 1 468 3 is_stmt 0 discriminator 1
 980 0036 7B68     		ldr	r3, [r7, #4]
 981 0038 1B68     		ldr	r3, [r3]
 982 003a 1A6A     		ldr	r2, [r3, #32]
 983 003c 40F24443 		movw	r3, #1092
 984 0040 1340     		ands	r3, r3, r2
 985 0042 002B     		cmp	r3, #0
 986 0044 07D1     		bne	.L35
 987              		.loc 1 468 3 discriminator 2
 988 0046 7B68     		ldr	r3, [r7, #4]
 989 0048 1B68     		ldr	r3, [r3]
 990 004a 1A68     		ldr	r2, [r3]
 991 004c 7B68     		ldr	r3, [r7, #4]
 992 004e 1B68     		ldr	r3, [r3]
 993 0050 22F00102 		bic	r2, r2, #1
 994 0054 1A60     		str	r2, [r3]
 995              	.L35:
 469:Drivers/STM32F4xx_HAL_Driver/Src/stm32f4xx_hal_tim_ex.c **** 
 470:Drivers/STM32F4xx_HAL_Driver/Src/stm32f4xx_hal_tim_ex.c ****   /* Set the TIM channels state */
 471:Drivers/STM32F4xx_HAL_Driver/Src/stm32f4xx_hal_tim_ex.c ****   TIM_CHANNEL_STATE_SET(htim, TIM_CHANNEL_1, HAL_TIM_CHANNEL_STATE_READY);
 996              		.loc 1 471 3 is_stmt 1
 997 0056 7B68     		ldr	r3, [r7, #4]
 998 0058 0122     		movs	r2, #1
 999 005a 83F83E20 		strb	r2, [r3, #62]
 472:Drivers/STM32F4xx_HAL_Driver/Src/stm32f4xx_hal_tim_ex.c ****   TIM_CHANNEL_STATE_SET(htim, TIM_CHANNEL_2, HAL_TIM_CHANNEL_STATE_READY);
 1000              		.loc 1 472 3
 1001 005e 7B68     		ldr	r3, [r7, #4]
 1002 0060 0122     		movs	r2, #1
 1003 0062 83F83F20 		strb	r2, [r3, #63]
 473:Drivers/STM32F4xx_HAL_Driver/Src/stm32f4xx_hal_tim_ex.c ****   TIM_CHANNEL_N_STATE_SET(htim, TIM_CHANNEL_1, HAL_TIM_CHANNEL_STATE_READY);
 1004              		.loc 1 473 3
 1005 0066 7B68     		ldr	r3, [r7, #4]
 1006 0068 0122     		movs	r2, #1
 1007 006a 83F84220 		strb	r2, [r3, #66]
 474:Drivers/STM32F4xx_HAL_Driver/Src/stm32f4xx_hal_tim_ex.c ****   TIM_CHANNEL_N_STATE_SET(htim, TIM_CHANNEL_2, HAL_TIM_CHANNEL_STATE_READY);
 1008              		.loc 1 474 3
 1009 006e 7B68     		ldr	r3, [r7, #4]
 1010 0070 0122     		movs	r2, #1
 1011 0072 83F84320 		strb	r2, [r3, #67]
 475:Drivers/STM32F4xx_HAL_Driver/Src/stm32f4xx_hal_tim_ex.c **** 
 476:Drivers/STM32F4xx_HAL_Driver/Src/stm32f4xx_hal_tim_ex.c ****   /* Return function status */
 477:Drivers/STM32F4xx_HAL_Driver/Src/stm32f4xx_hal_tim_ex.c ****   return HAL_OK;
 1012              		.loc 1 477 10
 1013 0076 0023     		movs	r3, #0
 478:Drivers/STM32F4xx_HAL_Driver/Src/stm32f4xx_hal_tim_ex.c **** }
 1014              		.loc 1 478 1
 1015 0078 1846     		mov	r0, r3
 1016 007a 0837     		adds	r7, r7, #8
 1017              	.LCFI40:
ARM GAS  /tmp/ccemsrUD.s 			page 27


 1018              		.cfi_def_cfa_offset 8
 1019 007c BD46     		mov	sp, r7
 1020              	.LCFI41:
 1021              		.cfi_def_cfa_register 13
 1022              		@ sp needed
 1023 007e 80BD     		pop	{r7, pc}
 1024              		.cfi_endproc
 1025              	.LFE246:
 1027              		.section	.text.HAL_TIMEx_HallSensor_Start_DMA,"ax",%progbits
 1028              		.align	1
 1029              		.global	HAL_TIMEx_HallSensor_Start_DMA
 1030              		.syntax unified
 1031              		.thumb
 1032              		.thumb_func
 1034              	HAL_TIMEx_HallSensor_Start_DMA:
 1035              	.LFB247:
 479:Drivers/STM32F4xx_HAL_Driver/Src/stm32f4xx_hal_tim_ex.c **** 
 480:Drivers/STM32F4xx_HAL_Driver/Src/stm32f4xx_hal_tim_ex.c **** /**
 481:Drivers/STM32F4xx_HAL_Driver/Src/stm32f4xx_hal_tim_ex.c ****   * @brief  Starts the TIM Hall Sensor Interface in DMA mode.
 482:Drivers/STM32F4xx_HAL_Driver/Src/stm32f4xx_hal_tim_ex.c ****   * @param  htim TIM Hall Sensor Interface handle
 483:Drivers/STM32F4xx_HAL_Driver/Src/stm32f4xx_hal_tim_ex.c ****   * @param  pData The destination Buffer address.
 484:Drivers/STM32F4xx_HAL_Driver/Src/stm32f4xx_hal_tim_ex.c ****   * @param  Length The length of data to be transferred from TIM peripheral to memory.
 485:Drivers/STM32F4xx_HAL_Driver/Src/stm32f4xx_hal_tim_ex.c ****   * @retval HAL status
 486:Drivers/STM32F4xx_HAL_Driver/Src/stm32f4xx_hal_tim_ex.c ****   */
 487:Drivers/STM32F4xx_HAL_Driver/Src/stm32f4xx_hal_tim_ex.c **** HAL_StatusTypeDef HAL_TIMEx_HallSensor_Start_DMA(TIM_HandleTypeDef *htim, uint32_t *pData, uint16_t
 488:Drivers/STM32F4xx_HAL_Driver/Src/stm32f4xx_hal_tim_ex.c **** {
 1036              		.loc 1 488 1
 1037              		.cfi_startproc
 1038              		@ args = 0, pretend = 0, frame = 24
 1039              		@ frame_needed = 1, uses_anonymous_args = 0
 1040 0000 80B5     		push	{r7, lr}
 1041              	.LCFI42:
 1042              		.cfi_def_cfa_offset 8
 1043              		.cfi_offset 7, -8
 1044              		.cfi_offset 14, -4
 1045 0002 86B0     		sub	sp, sp, #24
 1046              	.LCFI43:
 1047              		.cfi_def_cfa_offset 32
 1048 0004 00AF     		add	r7, sp, #0
 1049              	.LCFI44:
 1050              		.cfi_def_cfa_register 7
 1051 0006 F860     		str	r0, [r7, #12]
 1052 0008 B960     		str	r1, [r7, #8]
 1053 000a 1346     		mov	r3, r2
 1054 000c FB80     		strh	r3, [r7, #6]	@ movhi
 489:Drivers/STM32F4xx_HAL_Driver/Src/stm32f4xx_hal_tim_ex.c ****   uint32_t tmpsmcr;
 490:Drivers/STM32F4xx_HAL_Driver/Src/stm32f4xx_hal_tim_ex.c ****   HAL_TIM_ChannelStateTypeDef channel_1_state = TIM_CHANNEL_STATE_GET(htim, TIM_CHANNEL_1);
 1055              		.loc 1 490 31
 1056 000e FB68     		ldr	r3, [r7, #12]
 1057 0010 93F83E30 		ldrb	r3, [r3, #62]
 1058 0014 FB75     		strb	r3, [r7, #23]
 491:Drivers/STM32F4xx_HAL_Driver/Src/stm32f4xx_hal_tim_ex.c ****   HAL_TIM_ChannelStateTypeDef complementary_channel_1_state = TIM_CHANNEL_N_STATE_GET(htim, TIM_CHA
 1059              		.loc 1 491 31
 1060 0016 FB68     		ldr	r3, [r7, #12]
 1061 0018 93F84230 		ldrb	r3, [r3, #66]
 1062 001c BB75     		strb	r3, [r7, #22]
 492:Drivers/STM32F4xx_HAL_Driver/Src/stm32f4xx_hal_tim_ex.c **** 
ARM GAS  /tmp/ccemsrUD.s 			page 28


 493:Drivers/STM32F4xx_HAL_Driver/Src/stm32f4xx_hal_tim_ex.c ****   /* Check the parameters */
 494:Drivers/STM32F4xx_HAL_Driver/Src/stm32f4xx_hal_tim_ex.c ****   assert_param(IS_TIM_HALL_SENSOR_INTERFACE_INSTANCE(htim->Instance));
 495:Drivers/STM32F4xx_HAL_Driver/Src/stm32f4xx_hal_tim_ex.c **** 
 496:Drivers/STM32F4xx_HAL_Driver/Src/stm32f4xx_hal_tim_ex.c ****   /* Set the TIM channel state */
 497:Drivers/STM32F4xx_HAL_Driver/Src/stm32f4xx_hal_tim_ex.c ****   if ((channel_1_state == HAL_TIM_CHANNEL_STATE_BUSY)
 1063              		.loc 1 497 6
 1064 001e FB7D     		ldrb	r3, [r7, #23]	@ zero_extendqisi2
 1065 0020 022B     		cmp	r3, #2
 1066 0022 02D0     		beq	.L38
 498:Drivers/STM32F4xx_HAL_Driver/Src/stm32f4xx_hal_tim_ex.c ****       || (complementary_channel_1_state == HAL_TIM_CHANNEL_STATE_BUSY))
 1067              		.loc 1 498 7
 1068 0024 BB7D     		ldrb	r3, [r7, #22]	@ zero_extendqisi2
 1069 0026 022B     		cmp	r3, #2
 1070 0028 01D1     		bne	.L39
 1071              	.L38:
 499:Drivers/STM32F4xx_HAL_Driver/Src/stm32f4xx_hal_tim_ex.c ****   {
 500:Drivers/STM32F4xx_HAL_Driver/Src/stm32f4xx_hal_tim_ex.c ****     return HAL_BUSY;
 1072              		.loc 1 500 12
 1073 002a 0223     		movs	r3, #2
 1074 002c 86E0     		b	.L40
 1075              	.L39:
 501:Drivers/STM32F4xx_HAL_Driver/Src/stm32f4xx_hal_tim_ex.c ****   }
 502:Drivers/STM32F4xx_HAL_Driver/Src/stm32f4xx_hal_tim_ex.c ****   else if ((channel_1_state == HAL_TIM_CHANNEL_STATE_READY)
 1076              		.loc 1 502 11
 1077 002e FB7D     		ldrb	r3, [r7, #23]	@ zero_extendqisi2
 1078 0030 012B     		cmp	r3, #1
 1079 0032 34D1     		bne	.L41
 503:Drivers/STM32F4xx_HAL_Driver/Src/stm32f4xx_hal_tim_ex.c ****            && (complementary_channel_1_state == HAL_TIM_CHANNEL_STATE_READY))
 1080              		.loc 1 503 12
 1081 0034 BB7D     		ldrb	r3, [r7, #22]	@ zero_extendqisi2
 1082 0036 012B     		cmp	r3, #1
 1083 0038 31D1     		bne	.L41
 504:Drivers/STM32F4xx_HAL_Driver/Src/stm32f4xx_hal_tim_ex.c ****   {
 505:Drivers/STM32F4xx_HAL_Driver/Src/stm32f4xx_hal_tim_ex.c ****     if ((pData == NULL) || (Length == 0U))
 1084              		.loc 1 505 8
 1085 003a BB68     		ldr	r3, [r7, #8]
 1086 003c 002B     		cmp	r3, #0
 1087 003e 02D0     		beq	.L42
 1088              		.loc 1 505 25 discriminator 1
 1089 0040 FB88     		ldrh	r3, [r7, #6]
 1090 0042 002B     		cmp	r3, #0
 1091 0044 01D1     		bne	.L43
 1092              	.L42:
 506:Drivers/STM32F4xx_HAL_Driver/Src/stm32f4xx_hal_tim_ex.c ****     {
 507:Drivers/STM32F4xx_HAL_Driver/Src/stm32f4xx_hal_tim_ex.c ****       return HAL_ERROR;
 1093              		.loc 1 507 14
 1094 0046 0123     		movs	r3, #1
 1095 0048 78E0     		b	.L40
 1096              	.L43:
 508:Drivers/STM32F4xx_HAL_Driver/Src/stm32f4xx_hal_tim_ex.c ****     }
 509:Drivers/STM32F4xx_HAL_Driver/Src/stm32f4xx_hal_tim_ex.c ****     else
 510:Drivers/STM32F4xx_HAL_Driver/Src/stm32f4xx_hal_tim_ex.c ****     {
 511:Drivers/STM32F4xx_HAL_Driver/Src/stm32f4xx_hal_tim_ex.c ****       TIM_CHANNEL_STATE_SET(htim, TIM_CHANNEL_1, HAL_TIM_CHANNEL_STATE_BUSY);
 1097              		.loc 1 511 7
 1098 004a FB68     		ldr	r3, [r7, #12]
 1099 004c 0222     		movs	r2, #2
 1100 004e 83F83E20 		strb	r2, [r3, #62]
ARM GAS  /tmp/ccemsrUD.s 			page 29


 512:Drivers/STM32F4xx_HAL_Driver/Src/stm32f4xx_hal_tim_ex.c ****       TIM_CHANNEL_N_STATE_SET(htim, TIM_CHANNEL_1, HAL_TIM_CHANNEL_STATE_BUSY);
 1101              		.loc 1 512 7
 1102 0052 FB68     		ldr	r3, [r7, #12]
 1103 0054 0222     		movs	r2, #2
 1104 0056 83F84220 		strb	r2, [r3, #66]
 505:Drivers/STM32F4xx_HAL_Driver/Src/stm32f4xx_hal_tim_ex.c ****     {
 1105              		.loc 1 505 8
 1106 005a 00BF     		nop
 513:Drivers/STM32F4xx_HAL_Driver/Src/stm32f4xx_hal_tim_ex.c ****     }
 514:Drivers/STM32F4xx_HAL_Driver/Src/stm32f4xx_hal_tim_ex.c ****   }
 515:Drivers/STM32F4xx_HAL_Driver/Src/stm32f4xx_hal_tim_ex.c ****   else
 516:Drivers/STM32F4xx_HAL_Driver/Src/stm32f4xx_hal_tim_ex.c ****   {
 517:Drivers/STM32F4xx_HAL_Driver/Src/stm32f4xx_hal_tim_ex.c ****     return HAL_ERROR;
 518:Drivers/STM32F4xx_HAL_Driver/Src/stm32f4xx_hal_tim_ex.c ****   }
 519:Drivers/STM32F4xx_HAL_Driver/Src/stm32f4xx_hal_tim_ex.c **** 
 520:Drivers/STM32F4xx_HAL_Driver/Src/stm32f4xx_hal_tim_ex.c ****   /* Enable the Input Capture channel 1
 521:Drivers/STM32F4xx_HAL_Driver/Src/stm32f4xx_hal_tim_ex.c ****   (in the Hall Sensor Interface the three possible channels that can be used are TIM_CHANNEL_1,
 522:Drivers/STM32F4xx_HAL_Driver/Src/stm32f4xx_hal_tim_ex.c ****   TIM_CHANNEL_2 and TIM_CHANNEL_3) */
 523:Drivers/STM32F4xx_HAL_Driver/Src/stm32f4xx_hal_tim_ex.c ****   TIM_CCxChannelCmd(htim->Instance, TIM_CHANNEL_1, TIM_CCx_ENABLE);
 1107              		.loc 1 523 3
 1108 005c FB68     		ldr	r3, [r7, #12]
 1109 005e 1B68     		ldr	r3, [r3]
 1110 0060 0122     		movs	r2, #1
 1111 0062 0021     		movs	r1, #0
 1112 0064 1846     		mov	r0, r3
 1113 0066 FFF7FEFF 		bl	TIM_CCxChannelCmd
 524:Drivers/STM32F4xx_HAL_Driver/Src/stm32f4xx_hal_tim_ex.c **** 
 525:Drivers/STM32F4xx_HAL_Driver/Src/stm32f4xx_hal_tim_ex.c ****   /* Set the DMA Input Capture 1 Callbacks */
 526:Drivers/STM32F4xx_HAL_Driver/Src/stm32f4xx_hal_tim_ex.c ****   htim->hdma[TIM_DMA_ID_CC1]->XferCpltCallback = TIM_DMACaptureCplt;
 1114              		.loc 1 526 13
 1115 006a FB68     		ldr	r3, [r7, #12]
 1116 006c 5B6A     		ldr	r3, [r3, #36]
 1117              		.loc 1 526 48
 1118 006e 354A     		ldr	r2, .L51
 1119 0070 DA63     		str	r2, [r3, #60]
 527:Drivers/STM32F4xx_HAL_Driver/Src/stm32f4xx_hal_tim_ex.c ****   htim->hdma[TIM_DMA_ID_CC1]->XferHalfCpltCallback = TIM_DMACaptureHalfCplt;
 1120              		.loc 1 527 13
 1121 0072 FB68     		ldr	r3, [r7, #12]
 1122 0074 5B6A     		ldr	r3, [r3, #36]
 1123              		.loc 1 527 52
 1124 0076 344A     		ldr	r2, .L51+4
 1125 0078 1A64     		str	r2, [r3, #64]
 528:Drivers/STM32F4xx_HAL_Driver/Src/stm32f4xx_hal_tim_ex.c ****   /* Set the DMA error callback */
 529:Drivers/STM32F4xx_HAL_Driver/Src/stm32f4xx_hal_tim_ex.c ****   htim->hdma[TIM_DMA_ID_CC1]->XferErrorCallback = TIM_DMAError ;
 1126              		.loc 1 529 13
 1127 007a FB68     		ldr	r3, [r7, #12]
 1128 007c 5B6A     		ldr	r3, [r3, #36]
 1129              		.loc 1 529 49
 1130 007e 334A     		ldr	r2, .L51+8
 1131 0080 DA64     		str	r2, [r3, #76]
 530:Drivers/STM32F4xx_HAL_Driver/Src/stm32f4xx_hal_tim_ex.c **** 
 531:Drivers/STM32F4xx_HAL_Driver/Src/stm32f4xx_hal_tim_ex.c ****   /* Enable the DMA stream for Capture 1*/
 532:Drivers/STM32F4xx_HAL_Driver/Src/stm32f4xx_hal_tim_ex.c ****   if (HAL_DMA_Start_IT(htim->hdma[TIM_DMA_ID_CC1], (uint32_t)&htim->Instance->CCR1, (uint32_t)pData
 1132              		.loc 1 532 7
 1133 0082 FB68     		ldr	r3, [r7, #12]
 1134 0084 586A     		ldr	r0, [r3, #36]
 1135              		.loc 1 532 67
ARM GAS  /tmp/ccemsrUD.s 			page 30


 1136 0086 FB68     		ldr	r3, [r7, #12]
 1137 0088 1B68     		ldr	r3, [r3]
 1138              		.loc 1 532 62
 1139 008a 3433     		adds	r3, r3, #52
 1140              		.loc 1 532 7
 1141 008c 1946     		mov	r1, r3
 1142 008e BA68     		ldr	r2, [r7, #8]
 1143 0090 FB88     		ldrh	r3, [r7, #6]
 1144 0092 FFF7FEFF 		bl	HAL_DMA_Start_IT
 1145 0096 0346     		mov	r3, r0
 1146              		.loc 1 532 6
 1147 0098 002B     		cmp	r3, #0
 1148 009a 04D0     		beq	.L45
 1149 009c 01E0     		b	.L50
 1150              	.L41:
 517:Drivers/STM32F4xx_HAL_Driver/Src/stm32f4xx_hal_tim_ex.c ****   }
 1151              		.loc 1 517 12
 1152 009e 0123     		movs	r3, #1
 1153 00a0 4CE0     		b	.L40
 1154              	.L50:
 533:Drivers/STM32F4xx_HAL_Driver/Src/stm32f4xx_hal_tim_ex.c ****   {
 534:Drivers/STM32F4xx_HAL_Driver/Src/stm32f4xx_hal_tim_ex.c ****     /* Return error status */
 535:Drivers/STM32F4xx_HAL_Driver/Src/stm32f4xx_hal_tim_ex.c ****     return HAL_ERROR;
 1155              		.loc 1 535 12
 1156 00a2 0123     		movs	r3, #1
 1157 00a4 4AE0     		b	.L40
 1158              	.L45:
 536:Drivers/STM32F4xx_HAL_Driver/Src/stm32f4xx_hal_tim_ex.c ****   }
 537:Drivers/STM32F4xx_HAL_Driver/Src/stm32f4xx_hal_tim_ex.c ****   /* Enable the capture compare 1 Interrupt */
 538:Drivers/STM32F4xx_HAL_Driver/Src/stm32f4xx_hal_tim_ex.c ****   __HAL_TIM_ENABLE_DMA(htim, TIM_DMA_CC1);
 1159              		.loc 1 538 3
 1160 00a6 FB68     		ldr	r3, [r7, #12]
 1161 00a8 1B68     		ldr	r3, [r3]
 1162 00aa DA68     		ldr	r2, [r3, #12]
 1163 00ac FB68     		ldr	r3, [r7, #12]
 1164 00ae 1B68     		ldr	r3, [r3]
 1165 00b0 42F40072 		orr	r2, r2, #512
 1166 00b4 DA60     		str	r2, [r3, #12]
 539:Drivers/STM32F4xx_HAL_Driver/Src/stm32f4xx_hal_tim_ex.c **** 
 540:Drivers/STM32F4xx_HAL_Driver/Src/stm32f4xx_hal_tim_ex.c ****   /* Enable the Peripheral, except in trigger mode where enable is automatically done with trigger 
 541:Drivers/STM32F4xx_HAL_Driver/Src/stm32f4xx_hal_tim_ex.c ****   if (IS_TIM_SLAVE_INSTANCE(htim->Instance))
 1167              		.loc 1 541 7
 1168 00b6 FB68     		ldr	r3, [r7, #12]
 1169 00b8 1B68     		ldr	r3, [r3]
 1170              		.loc 1 541 6
 1171 00ba 254A     		ldr	r2, .L51+12
 1172 00bc 9342     		cmp	r3, r2
 1173 00be 22D0     		beq	.L46
 1174              		.loc 1 541 7 discriminator 1
 1175 00c0 FB68     		ldr	r3, [r7, #12]
 1176 00c2 1B68     		ldr	r3, [r3]
 1177 00c4 B3F1804F 		cmp	r3, #1073741824
 1178 00c8 1DD0     		beq	.L46
 1179              		.loc 1 541 7 is_stmt 0 discriminator 2
 1180 00ca FB68     		ldr	r3, [r7, #12]
 1181 00cc 1B68     		ldr	r3, [r3]
 1182 00ce 214A     		ldr	r2, .L51+16
ARM GAS  /tmp/ccemsrUD.s 			page 31


 1183 00d0 9342     		cmp	r3, r2
 1184 00d2 18D0     		beq	.L46
 1185              		.loc 1 541 7 discriminator 3
 1186 00d4 FB68     		ldr	r3, [r7, #12]
 1187 00d6 1B68     		ldr	r3, [r3]
 1188 00d8 1F4A     		ldr	r2, .L51+20
 1189 00da 9342     		cmp	r3, r2
 1190 00dc 13D0     		beq	.L46
 1191              		.loc 1 541 7 discriminator 4
 1192 00de FB68     		ldr	r3, [r7, #12]
 1193 00e0 1B68     		ldr	r3, [r3]
 1194 00e2 1E4A     		ldr	r2, .L51+24
 1195 00e4 9342     		cmp	r3, r2
 1196 00e6 0ED0     		beq	.L46
 1197              		.loc 1 541 7 discriminator 5
 1198 00e8 FB68     		ldr	r3, [r7, #12]
 1199 00ea 1B68     		ldr	r3, [r3]
 1200 00ec 1C4A     		ldr	r2, .L51+28
 1201 00ee 9342     		cmp	r3, r2
 1202 00f0 09D0     		beq	.L46
 1203              		.loc 1 541 7 discriminator 6
 1204 00f2 FB68     		ldr	r3, [r7, #12]
 1205 00f4 1B68     		ldr	r3, [r3]
 1206 00f6 1B4A     		ldr	r2, .L51+32
 1207 00f8 9342     		cmp	r3, r2
 1208 00fa 04D0     		beq	.L46
 1209              		.loc 1 541 7 discriminator 7
 1210 00fc FB68     		ldr	r3, [r7, #12]
 1211 00fe 1B68     		ldr	r3, [r3]
 1212 0100 194A     		ldr	r2, .L51+36
 1213 0102 9342     		cmp	r3, r2
 1214 0104 11D1     		bne	.L47
 1215              	.L46:
 542:Drivers/STM32F4xx_HAL_Driver/Src/stm32f4xx_hal_tim_ex.c ****   {
 543:Drivers/STM32F4xx_HAL_Driver/Src/stm32f4xx_hal_tim_ex.c ****     tmpsmcr = htim->Instance->SMCR & TIM_SMCR_SMS;
 1216              		.loc 1 543 19 is_stmt 1
 1217 0106 FB68     		ldr	r3, [r7, #12]
 1218 0108 1B68     		ldr	r3, [r3]
 1219              		.loc 1 543 29
 1220 010a 9B68     		ldr	r3, [r3, #8]
 1221              		.loc 1 543 13
 1222 010c 03F00703 		and	r3, r3, #7
 1223 0110 3B61     		str	r3, [r7, #16]
 544:Drivers/STM32F4xx_HAL_Driver/Src/stm32f4xx_hal_tim_ex.c ****     if (!IS_TIM_SLAVEMODE_TRIGGER_ENABLED(tmpsmcr))
 1224              		.loc 1 544 8
 1225 0112 3B69     		ldr	r3, [r7, #16]
 1226 0114 062B     		cmp	r3, #6
 1227 0116 10D0     		beq	.L49
 545:Drivers/STM32F4xx_HAL_Driver/Src/stm32f4xx_hal_tim_ex.c ****     {
 546:Drivers/STM32F4xx_HAL_Driver/Src/stm32f4xx_hal_tim_ex.c ****       __HAL_TIM_ENABLE(htim);
 1228              		.loc 1 546 7
 1229 0118 FB68     		ldr	r3, [r7, #12]
 1230 011a 1B68     		ldr	r3, [r3]
 1231 011c 1A68     		ldr	r2, [r3]
 1232 011e FB68     		ldr	r3, [r7, #12]
 1233 0120 1B68     		ldr	r3, [r3]
 1234 0122 42F00102 		orr	r2, r2, #1
ARM GAS  /tmp/ccemsrUD.s 			page 32


 1235 0126 1A60     		str	r2, [r3]
 544:Drivers/STM32F4xx_HAL_Driver/Src/stm32f4xx_hal_tim_ex.c ****     if (!IS_TIM_SLAVEMODE_TRIGGER_ENABLED(tmpsmcr))
 1236              		.loc 1 544 8
 1237 0128 07E0     		b	.L49
 1238              	.L47:
 547:Drivers/STM32F4xx_HAL_Driver/Src/stm32f4xx_hal_tim_ex.c ****     }
 548:Drivers/STM32F4xx_HAL_Driver/Src/stm32f4xx_hal_tim_ex.c ****   }
 549:Drivers/STM32F4xx_HAL_Driver/Src/stm32f4xx_hal_tim_ex.c ****   else
 550:Drivers/STM32F4xx_HAL_Driver/Src/stm32f4xx_hal_tim_ex.c ****   {
 551:Drivers/STM32F4xx_HAL_Driver/Src/stm32f4xx_hal_tim_ex.c ****     __HAL_TIM_ENABLE(htim);
 1239              		.loc 1 551 5
 1240 012a FB68     		ldr	r3, [r7, #12]
 1241 012c 1B68     		ldr	r3, [r3]
 1242 012e 1A68     		ldr	r2, [r3]
 1243 0130 FB68     		ldr	r3, [r7, #12]
 1244 0132 1B68     		ldr	r3, [r3]
 1245 0134 42F00102 		orr	r2, r2, #1
 1246 0138 1A60     		str	r2, [r3]
 1247              	.L49:
 552:Drivers/STM32F4xx_HAL_Driver/Src/stm32f4xx_hal_tim_ex.c ****   }
 553:Drivers/STM32F4xx_HAL_Driver/Src/stm32f4xx_hal_tim_ex.c **** 
 554:Drivers/STM32F4xx_HAL_Driver/Src/stm32f4xx_hal_tim_ex.c ****   /* Return function status */
 555:Drivers/STM32F4xx_HAL_Driver/Src/stm32f4xx_hal_tim_ex.c ****   return HAL_OK;
 1248              		.loc 1 555 10
 1249 013a 0023     		movs	r3, #0
 1250              	.L40:
 556:Drivers/STM32F4xx_HAL_Driver/Src/stm32f4xx_hal_tim_ex.c **** }
 1251              		.loc 1 556 1
 1252 013c 1846     		mov	r0, r3
 1253 013e 1837     		adds	r7, r7, #24
 1254              	.LCFI45:
 1255              		.cfi_def_cfa_offset 8
 1256 0140 BD46     		mov	sp, r7
 1257              	.LCFI46:
 1258              		.cfi_def_cfa_register 13
 1259              		@ sp needed
 1260 0142 80BD     		pop	{r7, pc}
 1261              	.L52:
 1262              		.align	2
 1263              	.L51:
 1264 0144 00000000 		.word	TIM_DMACaptureCplt
 1265 0148 00000000 		.word	TIM_DMACaptureHalfCplt
 1266 014c 00000000 		.word	TIM_DMAError
 1267 0150 00000140 		.word	1073807360
 1268 0154 00040040 		.word	1073742848
 1269 0158 00080040 		.word	1073743872
 1270 015c 000C0040 		.word	1073744896
 1271 0160 00040140 		.word	1073808384
 1272 0164 00400140 		.word	1073823744
 1273 0168 00180040 		.word	1073747968
 1274              		.cfi_endproc
 1275              	.LFE247:
 1277              		.section	.text.HAL_TIMEx_HallSensor_Stop_DMA,"ax",%progbits
 1278              		.align	1
 1279              		.global	HAL_TIMEx_HallSensor_Stop_DMA
 1280              		.syntax unified
 1281              		.thumb
ARM GAS  /tmp/ccemsrUD.s 			page 33


 1282              		.thumb_func
 1284              	HAL_TIMEx_HallSensor_Stop_DMA:
 1285              	.LFB248:
 557:Drivers/STM32F4xx_HAL_Driver/Src/stm32f4xx_hal_tim_ex.c **** 
 558:Drivers/STM32F4xx_HAL_Driver/Src/stm32f4xx_hal_tim_ex.c **** /**
 559:Drivers/STM32F4xx_HAL_Driver/Src/stm32f4xx_hal_tim_ex.c ****   * @brief  Stops the TIM Hall Sensor Interface in DMA mode.
 560:Drivers/STM32F4xx_HAL_Driver/Src/stm32f4xx_hal_tim_ex.c ****   * @param  htim TIM Hall Sensor Interface handle
 561:Drivers/STM32F4xx_HAL_Driver/Src/stm32f4xx_hal_tim_ex.c ****   * @retval HAL status
 562:Drivers/STM32F4xx_HAL_Driver/Src/stm32f4xx_hal_tim_ex.c ****   */
 563:Drivers/STM32F4xx_HAL_Driver/Src/stm32f4xx_hal_tim_ex.c **** HAL_StatusTypeDef HAL_TIMEx_HallSensor_Stop_DMA(TIM_HandleTypeDef *htim)
 564:Drivers/STM32F4xx_HAL_Driver/Src/stm32f4xx_hal_tim_ex.c **** {
 1286              		.loc 1 564 1
 1287              		.cfi_startproc
 1288              		@ args = 0, pretend = 0, frame = 8
 1289              		@ frame_needed = 1, uses_anonymous_args = 0
 1290 0000 80B5     		push	{r7, lr}
 1291              	.LCFI47:
 1292              		.cfi_def_cfa_offset 8
 1293              		.cfi_offset 7, -8
 1294              		.cfi_offset 14, -4
 1295 0002 82B0     		sub	sp, sp, #8
 1296              	.LCFI48:
 1297              		.cfi_def_cfa_offset 16
 1298 0004 00AF     		add	r7, sp, #0
 1299              	.LCFI49:
 1300              		.cfi_def_cfa_register 7
 1301 0006 7860     		str	r0, [r7, #4]
 565:Drivers/STM32F4xx_HAL_Driver/Src/stm32f4xx_hal_tim_ex.c ****   /* Check the parameters */
 566:Drivers/STM32F4xx_HAL_Driver/Src/stm32f4xx_hal_tim_ex.c ****   assert_param(IS_TIM_HALL_SENSOR_INTERFACE_INSTANCE(htim->Instance));
 567:Drivers/STM32F4xx_HAL_Driver/Src/stm32f4xx_hal_tim_ex.c **** 
 568:Drivers/STM32F4xx_HAL_Driver/Src/stm32f4xx_hal_tim_ex.c ****   /* Disable the Input Capture channel 1
 569:Drivers/STM32F4xx_HAL_Driver/Src/stm32f4xx_hal_tim_ex.c ****   (in the Hall Sensor Interface the three possible channels that can be used are TIM_CHANNEL_1,
 570:Drivers/STM32F4xx_HAL_Driver/Src/stm32f4xx_hal_tim_ex.c ****   TIM_CHANNEL_2 and TIM_CHANNEL_3) */
 571:Drivers/STM32F4xx_HAL_Driver/Src/stm32f4xx_hal_tim_ex.c ****   TIM_CCxChannelCmd(htim->Instance, TIM_CHANNEL_1, TIM_CCx_DISABLE);
 1302              		.loc 1 571 3
 1303 0008 7B68     		ldr	r3, [r7, #4]
 1304 000a 1B68     		ldr	r3, [r3]
 1305 000c 0022     		movs	r2, #0
 1306 000e 0021     		movs	r1, #0
 1307 0010 1846     		mov	r0, r3
 1308 0012 FFF7FEFF 		bl	TIM_CCxChannelCmd
 572:Drivers/STM32F4xx_HAL_Driver/Src/stm32f4xx_hal_tim_ex.c **** 
 573:Drivers/STM32F4xx_HAL_Driver/Src/stm32f4xx_hal_tim_ex.c **** 
 574:Drivers/STM32F4xx_HAL_Driver/Src/stm32f4xx_hal_tim_ex.c ****   /* Disable the capture compare Interrupts 1 event */
 575:Drivers/STM32F4xx_HAL_Driver/Src/stm32f4xx_hal_tim_ex.c ****   __HAL_TIM_DISABLE_DMA(htim, TIM_DMA_CC1);
 1309              		.loc 1 575 3
 1310 0016 7B68     		ldr	r3, [r7, #4]
 1311 0018 1B68     		ldr	r3, [r3]
 1312 001a DA68     		ldr	r2, [r3, #12]
 1313 001c 7B68     		ldr	r3, [r7, #4]
 1314 001e 1B68     		ldr	r3, [r3]
 1315 0020 22F40072 		bic	r2, r2, #512
 1316 0024 DA60     		str	r2, [r3, #12]
 576:Drivers/STM32F4xx_HAL_Driver/Src/stm32f4xx_hal_tim_ex.c **** 
 577:Drivers/STM32F4xx_HAL_Driver/Src/stm32f4xx_hal_tim_ex.c ****   (void)HAL_DMA_Abort_IT(htim->hdma[TIM_DMA_ID_CC1]);
 1317              		.loc 1 577 9
 1318 0026 7B68     		ldr	r3, [r7, #4]
ARM GAS  /tmp/ccemsrUD.s 			page 34


 1319 0028 5B6A     		ldr	r3, [r3, #36]
 1320 002a 1846     		mov	r0, r3
 1321 002c FFF7FEFF 		bl	HAL_DMA_Abort_IT
 578:Drivers/STM32F4xx_HAL_Driver/Src/stm32f4xx_hal_tim_ex.c **** 
 579:Drivers/STM32F4xx_HAL_Driver/Src/stm32f4xx_hal_tim_ex.c ****   /* Disable the Peripheral */
 580:Drivers/STM32F4xx_HAL_Driver/Src/stm32f4xx_hal_tim_ex.c ****   __HAL_TIM_DISABLE(htim);
 1322              		.loc 1 580 3
 1323 0030 7B68     		ldr	r3, [r7, #4]
 1324 0032 1B68     		ldr	r3, [r3]
 1325 0034 1A6A     		ldr	r2, [r3, #32]
 1326 0036 41F21113 		movw	r3, #4369
 1327 003a 1340     		ands	r3, r3, r2
 1328 003c 002B     		cmp	r3, #0
 1329 003e 0FD1     		bne	.L54
 1330              		.loc 1 580 3 is_stmt 0 discriminator 1
 1331 0040 7B68     		ldr	r3, [r7, #4]
 1332 0042 1B68     		ldr	r3, [r3]
 1333 0044 1A6A     		ldr	r2, [r3, #32]
 1334 0046 40F24443 		movw	r3, #1092
 1335 004a 1340     		ands	r3, r3, r2
 1336 004c 002B     		cmp	r3, #0
 1337 004e 07D1     		bne	.L54
 1338              		.loc 1 580 3 discriminator 2
 1339 0050 7B68     		ldr	r3, [r7, #4]
 1340 0052 1B68     		ldr	r3, [r3]
 1341 0054 1A68     		ldr	r2, [r3]
 1342 0056 7B68     		ldr	r3, [r7, #4]
 1343 0058 1B68     		ldr	r3, [r3]
 1344 005a 22F00102 		bic	r2, r2, #1
 1345 005e 1A60     		str	r2, [r3]
 1346              	.L54:
 581:Drivers/STM32F4xx_HAL_Driver/Src/stm32f4xx_hal_tim_ex.c **** 
 582:Drivers/STM32F4xx_HAL_Driver/Src/stm32f4xx_hal_tim_ex.c ****   /* Set the TIM channel state */
 583:Drivers/STM32F4xx_HAL_Driver/Src/stm32f4xx_hal_tim_ex.c ****   TIM_CHANNEL_STATE_SET(htim, TIM_CHANNEL_1, HAL_TIM_CHANNEL_STATE_READY);
 1347              		.loc 1 583 3 is_stmt 1
 1348 0060 7B68     		ldr	r3, [r7, #4]
 1349 0062 0122     		movs	r2, #1
 1350 0064 83F83E20 		strb	r2, [r3, #62]
 584:Drivers/STM32F4xx_HAL_Driver/Src/stm32f4xx_hal_tim_ex.c ****   TIM_CHANNEL_N_STATE_SET(htim, TIM_CHANNEL_1, HAL_TIM_CHANNEL_STATE_READY);
 1351              		.loc 1 584 3
 1352 0068 7B68     		ldr	r3, [r7, #4]
 1353 006a 0122     		movs	r2, #1
 1354 006c 83F84220 		strb	r2, [r3, #66]
 585:Drivers/STM32F4xx_HAL_Driver/Src/stm32f4xx_hal_tim_ex.c **** 
 586:Drivers/STM32F4xx_HAL_Driver/Src/stm32f4xx_hal_tim_ex.c ****   /* Return function status */
 587:Drivers/STM32F4xx_HAL_Driver/Src/stm32f4xx_hal_tim_ex.c ****   return HAL_OK;
 1355              		.loc 1 587 10
 1356 0070 0023     		movs	r3, #0
 588:Drivers/STM32F4xx_HAL_Driver/Src/stm32f4xx_hal_tim_ex.c **** }
 1357              		.loc 1 588 1
 1358 0072 1846     		mov	r0, r3
 1359 0074 0837     		adds	r7, r7, #8
 1360              	.LCFI50:
 1361              		.cfi_def_cfa_offset 8
 1362 0076 BD46     		mov	sp, r7
 1363              	.LCFI51:
 1364              		.cfi_def_cfa_register 13
ARM GAS  /tmp/ccemsrUD.s 			page 35


 1365              		@ sp needed
 1366 0078 80BD     		pop	{r7, pc}
 1367              		.cfi_endproc
 1368              	.LFE248:
 1370              		.section	.text.HAL_TIMEx_OCN_Start,"ax",%progbits
 1371              		.align	1
 1372              		.global	HAL_TIMEx_OCN_Start
 1373              		.syntax unified
 1374              		.thumb
 1375              		.thumb_func
 1377              	HAL_TIMEx_OCN_Start:
 1378              	.LFB249:
 589:Drivers/STM32F4xx_HAL_Driver/Src/stm32f4xx_hal_tim_ex.c **** 
 590:Drivers/STM32F4xx_HAL_Driver/Src/stm32f4xx_hal_tim_ex.c **** /**
 591:Drivers/STM32F4xx_HAL_Driver/Src/stm32f4xx_hal_tim_ex.c ****   * @}
 592:Drivers/STM32F4xx_HAL_Driver/Src/stm32f4xx_hal_tim_ex.c ****   */
 593:Drivers/STM32F4xx_HAL_Driver/Src/stm32f4xx_hal_tim_ex.c **** 
 594:Drivers/STM32F4xx_HAL_Driver/Src/stm32f4xx_hal_tim_ex.c **** /** @defgroup TIMEx_Exported_Functions_Group2 Extended Timer Complementary Output Compare functions
 595:Drivers/STM32F4xx_HAL_Driver/Src/stm32f4xx_hal_tim_ex.c ****   *  @brief   Timer Complementary Output Compare functions
 596:Drivers/STM32F4xx_HAL_Driver/Src/stm32f4xx_hal_tim_ex.c ****   *
 597:Drivers/STM32F4xx_HAL_Driver/Src/stm32f4xx_hal_tim_ex.c **** @verbatim
 598:Drivers/STM32F4xx_HAL_Driver/Src/stm32f4xx_hal_tim_ex.c ****   ==============================================================================
 599:Drivers/STM32F4xx_HAL_Driver/Src/stm32f4xx_hal_tim_ex.c ****               ##### Timer Complementary Output Compare functions #####
 600:Drivers/STM32F4xx_HAL_Driver/Src/stm32f4xx_hal_tim_ex.c ****   ==============================================================================
 601:Drivers/STM32F4xx_HAL_Driver/Src/stm32f4xx_hal_tim_ex.c ****   [..]
 602:Drivers/STM32F4xx_HAL_Driver/Src/stm32f4xx_hal_tim_ex.c ****     This section provides functions allowing to:
 603:Drivers/STM32F4xx_HAL_Driver/Src/stm32f4xx_hal_tim_ex.c ****     (+) Start the Complementary Output Compare/PWM.
 604:Drivers/STM32F4xx_HAL_Driver/Src/stm32f4xx_hal_tim_ex.c ****     (+) Stop the Complementary Output Compare/PWM.
 605:Drivers/STM32F4xx_HAL_Driver/Src/stm32f4xx_hal_tim_ex.c ****     (+) Start the Complementary Output Compare/PWM and enable interrupts.
 606:Drivers/STM32F4xx_HAL_Driver/Src/stm32f4xx_hal_tim_ex.c ****     (+) Stop the Complementary Output Compare/PWM and disable interrupts.
 607:Drivers/STM32F4xx_HAL_Driver/Src/stm32f4xx_hal_tim_ex.c ****     (+) Start the Complementary Output Compare/PWM and enable DMA transfers.
 608:Drivers/STM32F4xx_HAL_Driver/Src/stm32f4xx_hal_tim_ex.c ****     (+) Stop the Complementary Output Compare/PWM and disable DMA transfers.
 609:Drivers/STM32F4xx_HAL_Driver/Src/stm32f4xx_hal_tim_ex.c **** 
 610:Drivers/STM32F4xx_HAL_Driver/Src/stm32f4xx_hal_tim_ex.c **** @endverbatim
 611:Drivers/STM32F4xx_HAL_Driver/Src/stm32f4xx_hal_tim_ex.c ****   * @{
 612:Drivers/STM32F4xx_HAL_Driver/Src/stm32f4xx_hal_tim_ex.c ****   */
 613:Drivers/STM32F4xx_HAL_Driver/Src/stm32f4xx_hal_tim_ex.c **** 
 614:Drivers/STM32F4xx_HAL_Driver/Src/stm32f4xx_hal_tim_ex.c **** /**
 615:Drivers/STM32F4xx_HAL_Driver/Src/stm32f4xx_hal_tim_ex.c ****   * @brief  Starts the TIM Output Compare signal generation on the complementary
 616:Drivers/STM32F4xx_HAL_Driver/Src/stm32f4xx_hal_tim_ex.c ****   *         output.
 617:Drivers/STM32F4xx_HAL_Driver/Src/stm32f4xx_hal_tim_ex.c ****   * @param  htim TIM Output Compare handle
 618:Drivers/STM32F4xx_HAL_Driver/Src/stm32f4xx_hal_tim_ex.c ****   * @param  Channel TIM Channel to be enabled
 619:Drivers/STM32F4xx_HAL_Driver/Src/stm32f4xx_hal_tim_ex.c ****   *          This parameter can be one of the following values:
 620:Drivers/STM32F4xx_HAL_Driver/Src/stm32f4xx_hal_tim_ex.c ****   *            @arg TIM_CHANNEL_1: TIM Channel 1 selected
 621:Drivers/STM32F4xx_HAL_Driver/Src/stm32f4xx_hal_tim_ex.c ****   *            @arg TIM_CHANNEL_2: TIM Channel 2 selected
 622:Drivers/STM32F4xx_HAL_Driver/Src/stm32f4xx_hal_tim_ex.c ****   *            @arg TIM_CHANNEL_3: TIM Channel 3 selected
 623:Drivers/STM32F4xx_HAL_Driver/Src/stm32f4xx_hal_tim_ex.c ****   * @retval HAL status
 624:Drivers/STM32F4xx_HAL_Driver/Src/stm32f4xx_hal_tim_ex.c ****   */
 625:Drivers/STM32F4xx_HAL_Driver/Src/stm32f4xx_hal_tim_ex.c **** HAL_StatusTypeDef HAL_TIMEx_OCN_Start(TIM_HandleTypeDef *htim, uint32_t Channel)
 626:Drivers/STM32F4xx_HAL_Driver/Src/stm32f4xx_hal_tim_ex.c **** {
 1379              		.loc 1 626 1
 1380              		.cfi_startproc
 1381              		@ args = 0, pretend = 0, frame = 16
 1382              		@ frame_needed = 1, uses_anonymous_args = 0
 1383 0000 80B5     		push	{r7, lr}
 1384              	.LCFI52:
 1385              		.cfi_def_cfa_offset 8
ARM GAS  /tmp/ccemsrUD.s 			page 36


 1386              		.cfi_offset 7, -8
 1387              		.cfi_offset 14, -4
 1388 0002 84B0     		sub	sp, sp, #16
 1389              	.LCFI53:
 1390              		.cfi_def_cfa_offset 24
 1391 0004 00AF     		add	r7, sp, #0
 1392              	.LCFI54:
 1393              		.cfi_def_cfa_register 7
 1394 0006 7860     		str	r0, [r7, #4]
 1395 0008 3960     		str	r1, [r7]
 627:Drivers/STM32F4xx_HAL_Driver/Src/stm32f4xx_hal_tim_ex.c ****   uint32_t tmpsmcr;
 628:Drivers/STM32F4xx_HAL_Driver/Src/stm32f4xx_hal_tim_ex.c **** 
 629:Drivers/STM32F4xx_HAL_Driver/Src/stm32f4xx_hal_tim_ex.c ****   /* Check the parameters */
 630:Drivers/STM32F4xx_HAL_Driver/Src/stm32f4xx_hal_tim_ex.c ****   assert_param(IS_TIM_CCXN_INSTANCE(htim->Instance, Channel));
 631:Drivers/STM32F4xx_HAL_Driver/Src/stm32f4xx_hal_tim_ex.c **** 
 632:Drivers/STM32F4xx_HAL_Driver/Src/stm32f4xx_hal_tim_ex.c ****   /* Check the TIM complementary channel state */
 633:Drivers/STM32F4xx_HAL_Driver/Src/stm32f4xx_hal_tim_ex.c ****   if (TIM_CHANNEL_N_STATE_GET(htim, Channel) != HAL_TIM_CHANNEL_STATE_READY)
 1396              		.loc 1 633 46
 1397 000a 3B68     		ldr	r3, [r7]
 1398 000c 002B     		cmp	r3, #0
 1399 000e 09D1     		bne	.L57
 1400              		.loc 1 633 7 discriminator 1
 1401 0010 7B68     		ldr	r3, [r7, #4]
 1402 0012 93F84230 		ldrb	r3, [r3, #66]
 1403 0016 DBB2     		uxtb	r3, r3
 1404              		.loc 1 633 46 discriminator 1
 1405 0018 012B     		cmp	r3, #1
 1406 001a 14BF     		ite	ne
 1407 001c 0123     		movne	r3, #1
 1408 001e 0023     		moveq	r3, #0
 1409 0020 DBB2     		uxtb	r3, r3
 1410 0022 22E0     		b	.L58
 1411              	.L57:
 1412              		.loc 1 633 46 is_stmt 0 discriminator 2
 1413 0024 3B68     		ldr	r3, [r7]
 1414 0026 042B     		cmp	r3, #4
 1415 0028 09D1     		bne	.L59
 1416              		.loc 1 633 7 is_stmt 1 discriminator 4
 1417 002a 7B68     		ldr	r3, [r7, #4]
 1418 002c 93F84330 		ldrb	r3, [r3, #67]
 1419 0030 DBB2     		uxtb	r3, r3
 1420              		.loc 1 633 46 discriminator 4
 1421 0032 012B     		cmp	r3, #1
 1422 0034 14BF     		ite	ne
 1423 0036 0123     		movne	r3, #1
 1424 0038 0023     		moveq	r3, #0
 1425 003a DBB2     		uxtb	r3, r3
 1426 003c 15E0     		b	.L58
 1427              	.L59:
 1428              		.loc 1 633 46 is_stmt 0 discriminator 5
 1429 003e 3B68     		ldr	r3, [r7]
 1430 0040 082B     		cmp	r3, #8
 1431 0042 09D1     		bne	.L61
 1432              		.loc 1 633 7 is_stmt 1 discriminator 7
 1433 0044 7B68     		ldr	r3, [r7, #4]
 1434 0046 93F84430 		ldrb	r3, [r3, #68]
 1435 004a DBB2     		uxtb	r3, r3
ARM GAS  /tmp/ccemsrUD.s 			page 37


 1436              		.loc 1 633 46 discriminator 7
 1437 004c 012B     		cmp	r3, #1
 1438 004e 14BF     		ite	ne
 1439 0050 0123     		movne	r3, #1
 1440 0052 0023     		moveq	r3, #0
 1441 0054 DBB2     		uxtb	r3, r3
 1442 0056 08E0     		b	.L58
 1443              	.L61:
 1444              		.loc 1 633 7 discriminator 8
 1445 0058 7B68     		ldr	r3, [r7, #4]
 1446 005a 93F84530 		ldrb	r3, [r3, #69]
 1447 005e DBB2     		uxtb	r3, r3
 1448              		.loc 1 633 46 discriminator 8
 1449 0060 012B     		cmp	r3, #1
 1450 0062 14BF     		ite	ne
 1451 0064 0123     		movne	r3, #1
 1452 0066 0023     		moveq	r3, #0
 1453 0068 DBB2     		uxtb	r3, r3
 1454              	.L58:
 1455              		.loc 1 633 6 discriminator 12
 1456 006a 002B     		cmp	r3, #0
 1457 006c 01D0     		beq	.L63
 634:Drivers/STM32F4xx_HAL_Driver/Src/stm32f4xx_hal_tim_ex.c ****   {
 635:Drivers/STM32F4xx_HAL_Driver/Src/stm32f4xx_hal_tim_ex.c ****     return HAL_ERROR;
 1458              		.loc 1 635 12
 1459 006e 0123     		movs	r3, #1
 1460 0070 6DE0     		b	.L64
 1461              	.L63:
 636:Drivers/STM32F4xx_HAL_Driver/Src/stm32f4xx_hal_tim_ex.c ****   }
 637:Drivers/STM32F4xx_HAL_Driver/Src/stm32f4xx_hal_tim_ex.c **** 
 638:Drivers/STM32F4xx_HAL_Driver/Src/stm32f4xx_hal_tim_ex.c ****   /* Set the TIM complementary channel state */
 639:Drivers/STM32F4xx_HAL_Driver/Src/stm32f4xx_hal_tim_ex.c ****   TIM_CHANNEL_N_STATE_SET(htim, Channel, HAL_TIM_CHANNEL_STATE_BUSY);
 1462              		.loc 1 639 3
 1463 0072 3B68     		ldr	r3, [r7]
 1464 0074 002B     		cmp	r3, #0
 1465 0076 04D1     		bne	.L65
 1466              		.loc 1 639 3 is_stmt 0 discriminator 1
 1467 0078 7B68     		ldr	r3, [r7, #4]
 1468 007a 0222     		movs	r2, #2
 1469 007c 83F84220 		strb	r2, [r3, #66]
 1470 0080 13E0     		b	.L66
 1471              	.L65:
 1472              		.loc 1 639 3 discriminator 2
 1473 0082 3B68     		ldr	r3, [r7]
 1474 0084 042B     		cmp	r3, #4
 1475 0086 04D1     		bne	.L67
 1476              		.loc 1 639 3 discriminator 3
 1477 0088 7B68     		ldr	r3, [r7, #4]
 1478 008a 0222     		movs	r2, #2
 1479 008c 83F84320 		strb	r2, [r3, #67]
 1480 0090 0BE0     		b	.L66
 1481              	.L67:
 1482              		.loc 1 639 3 discriminator 4
 1483 0092 3B68     		ldr	r3, [r7]
 1484 0094 082B     		cmp	r3, #8
 1485 0096 04D1     		bne	.L69
 1486              		.loc 1 639 3 discriminator 6
ARM GAS  /tmp/ccemsrUD.s 			page 38


 1487 0098 7B68     		ldr	r3, [r7, #4]
 1488 009a 0222     		movs	r2, #2
 1489 009c 83F84420 		strb	r2, [r3, #68]
 1490 00a0 03E0     		b	.L66
 1491              	.L69:
 1492              		.loc 1 639 3 discriminator 7
 1493 00a2 7B68     		ldr	r3, [r7, #4]
 1494 00a4 0222     		movs	r2, #2
 1495 00a6 83F84520 		strb	r2, [r3, #69]
 1496              	.L66:
 640:Drivers/STM32F4xx_HAL_Driver/Src/stm32f4xx_hal_tim_ex.c **** 
 641:Drivers/STM32F4xx_HAL_Driver/Src/stm32f4xx_hal_tim_ex.c ****   /* Enable the Capture compare channel N */
 642:Drivers/STM32F4xx_HAL_Driver/Src/stm32f4xx_hal_tim_ex.c ****   TIM_CCxNChannelCmd(htim->Instance, Channel, TIM_CCxN_ENABLE);
 1497              		.loc 1 642 3 is_stmt 1
 1498 00aa 7B68     		ldr	r3, [r7, #4]
 1499 00ac 1B68     		ldr	r3, [r3]
 1500 00ae 0422     		movs	r2, #4
 1501 00b0 3968     		ldr	r1, [r7]
 1502 00b2 1846     		mov	r0, r3
 1503 00b4 FFF7FEFF 		bl	TIM_CCxNChannelCmd
 643:Drivers/STM32F4xx_HAL_Driver/Src/stm32f4xx_hal_tim_ex.c **** 
 644:Drivers/STM32F4xx_HAL_Driver/Src/stm32f4xx_hal_tim_ex.c ****   /* Enable the Main Output */
 645:Drivers/STM32F4xx_HAL_Driver/Src/stm32f4xx_hal_tim_ex.c ****   __HAL_TIM_MOE_ENABLE(htim);
 1504              		.loc 1 645 3
 1505 00b8 7B68     		ldr	r3, [r7, #4]
 1506 00ba 1B68     		ldr	r3, [r3]
 1507 00bc 5A6C     		ldr	r2, [r3, #68]
 1508 00be 7B68     		ldr	r3, [r7, #4]
 1509 00c0 1B68     		ldr	r3, [r3]
 1510 00c2 42F40042 		orr	r2, r2, #32768
 1511 00c6 5A64     		str	r2, [r3, #68]
 646:Drivers/STM32F4xx_HAL_Driver/Src/stm32f4xx_hal_tim_ex.c **** 
 647:Drivers/STM32F4xx_HAL_Driver/Src/stm32f4xx_hal_tim_ex.c ****   /* Enable the Peripheral, except in trigger mode where enable is automatically done with trigger 
 648:Drivers/STM32F4xx_HAL_Driver/Src/stm32f4xx_hal_tim_ex.c ****   if (IS_TIM_SLAVE_INSTANCE(htim->Instance))
 1512              		.loc 1 648 7
 1513 00c8 7B68     		ldr	r3, [r7, #4]
 1514 00ca 1B68     		ldr	r3, [r3]
 1515              		.loc 1 648 6
 1516 00cc 224A     		ldr	r2, .L75
 1517 00ce 9342     		cmp	r3, r2
 1518 00d0 22D0     		beq	.L71
 1519              		.loc 1 648 7 discriminator 1
 1520 00d2 7B68     		ldr	r3, [r7, #4]
 1521 00d4 1B68     		ldr	r3, [r3]
 1522 00d6 B3F1804F 		cmp	r3, #1073741824
 1523 00da 1DD0     		beq	.L71
 1524              		.loc 1 648 7 is_stmt 0 discriminator 2
 1525 00dc 7B68     		ldr	r3, [r7, #4]
 1526 00de 1B68     		ldr	r3, [r3]
 1527 00e0 1E4A     		ldr	r2, .L75+4
 1528 00e2 9342     		cmp	r3, r2
 1529 00e4 18D0     		beq	.L71
 1530              		.loc 1 648 7 discriminator 3
 1531 00e6 7B68     		ldr	r3, [r7, #4]
 1532 00e8 1B68     		ldr	r3, [r3]
 1533 00ea 1D4A     		ldr	r2, .L75+8
 1534 00ec 9342     		cmp	r3, r2
ARM GAS  /tmp/ccemsrUD.s 			page 39


 1535 00ee 13D0     		beq	.L71
 1536              		.loc 1 648 7 discriminator 4
 1537 00f0 7B68     		ldr	r3, [r7, #4]
 1538 00f2 1B68     		ldr	r3, [r3]
 1539 00f4 1B4A     		ldr	r2, .L75+12
 1540 00f6 9342     		cmp	r3, r2
 1541 00f8 0ED0     		beq	.L71
 1542              		.loc 1 648 7 discriminator 5
 1543 00fa 7B68     		ldr	r3, [r7, #4]
 1544 00fc 1B68     		ldr	r3, [r3]
 1545 00fe 1A4A     		ldr	r2, .L75+16
 1546 0100 9342     		cmp	r3, r2
 1547 0102 09D0     		beq	.L71
 1548              		.loc 1 648 7 discriminator 6
 1549 0104 7B68     		ldr	r3, [r7, #4]
 1550 0106 1B68     		ldr	r3, [r3]
 1551 0108 184A     		ldr	r2, .L75+20
 1552 010a 9342     		cmp	r3, r2
 1553 010c 04D0     		beq	.L71
 1554              		.loc 1 648 7 discriminator 7
 1555 010e 7B68     		ldr	r3, [r7, #4]
 1556 0110 1B68     		ldr	r3, [r3]
 1557 0112 174A     		ldr	r2, .L75+24
 1558 0114 9342     		cmp	r3, r2
 1559 0116 11D1     		bne	.L72
 1560              	.L71:
 649:Drivers/STM32F4xx_HAL_Driver/Src/stm32f4xx_hal_tim_ex.c ****   {
 650:Drivers/STM32F4xx_HAL_Driver/Src/stm32f4xx_hal_tim_ex.c ****     tmpsmcr = htim->Instance->SMCR & TIM_SMCR_SMS;
 1561              		.loc 1 650 19 is_stmt 1
 1562 0118 7B68     		ldr	r3, [r7, #4]
 1563 011a 1B68     		ldr	r3, [r3]
 1564              		.loc 1 650 29
 1565 011c 9B68     		ldr	r3, [r3, #8]
 1566              		.loc 1 650 13
 1567 011e 03F00703 		and	r3, r3, #7
 1568 0122 FB60     		str	r3, [r7, #12]
 651:Drivers/STM32F4xx_HAL_Driver/Src/stm32f4xx_hal_tim_ex.c ****     if (!IS_TIM_SLAVEMODE_TRIGGER_ENABLED(tmpsmcr))
 1569              		.loc 1 651 8
 1570 0124 FB68     		ldr	r3, [r7, #12]
 1571 0126 062B     		cmp	r3, #6
 1572 0128 10D0     		beq	.L74
 652:Drivers/STM32F4xx_HAL_Driver/Src/stm32f4xx_hal_tim_ex.c ****     {
 653:Drivers/STM32F4xx_HAL_Driver/Src/stm32f4xx_hal_tim_ex.c ****       __HAL_TIM_ENABLE(htim);
 1573              		.loc 1 653 7
 1574 012a 7B68     		ldr	r3, [r7, #4]
 1575 012c 1B68     		ldr	r3, [r3]
 1576 012e 1A68     		ldr	r2, [r3]
 1577 0130 7B68     		ldr	r3, [r7, #4]
 1578 0132 1B68     		ldr	r3, [r3]
 1579 0134 42F00102 		orr	r2, r2, #1
 1580 0138 1A60     		str	r2, [r3]
 651:Drivers/STM32F4xx_HAL_Driver/Src/stm32f4xx_hal_tim_ex.c ****     if (!IS_TIM_SLAVEMODE_TRIGGER_ENABLED(tmpsmcr))
 1581              		.loc 1 651 8
 1582 013a 07E0     		b	.L74
 1583              	.L72:
 654:Drivers/STM32F4xx_HAL_Driver/Src/stm32f4xx_hal_tim_ex.c ****     }
 655:Drivers/STM32F4xx_HAL_Driver/Src/stm32f4xx_hal_tim_ex.c ****   }
ARM GAS  /tmp/ccemsrUD.s 			page 40


 656:Drivers/STM32F4xx_HAL_Driver/Src/stm32f4xx_hal_tim_ex.c ****   else
 657:Drivers/STM32F4xx_HAL_Driver/Src/stm32f4xx_hal_tim_ex.c ****   {
 658:Drivers/STM32F4xx_HAL_Driver/Src/stm32f4xx_hal_tim_ex.c ****     __HAL_TIM_ENABLE(htim);
 1584              		.loc 1 658 5
 1585 013c 7B68     		ldr	r3, [r7, #4]
 1586 013e 1B68     		ldr	r3, [r3]
 1587 0140 1A68     		ldr	r2, [r3]
 1588 0142 7B68     		ldr	r3, [r7, #4]
 1589 0144 1B68     		ldr	r3, [r3]
 1590 0146 42F00102 		orr	r2, r2, #1
 1591 014a 1A60     		str	r2, [r3]
 1592              	.L74:
 659:Drivers/STM32F4xx_HAL_Driver/Src/stm32f4xx_hal_tim_ex.c ****   }
 660:Drivers/STM32F4xx_HAL_Driver/Src/stm32f4xx_hal_tim_ex.c **** 
 661:Drivers/STM32F4xx_HAL_Driver/Src/stm32f4xx_hal_tim_ex.c ****   /* Return function status */
 662:Drivers/STM32F4xx_HAL_Driver/Src/stm32f4xx_hal_tim_ex.c ****   return HAL_OK;
 1593              		.loc 1 662 10
 1594 014c 0023     		movs	r3, #0
 1595              	.L64:
 663:Drivers/STM32F4xx_HAL_Driver/Src/stm32f4xx_hal_tim_ex.c **** }
 1596              		.loc 1 663 1
 1597 014e 1846     		mov	r0, r3
 1598 0150 1037     		adds	r7, r7, #16
 1599              	.LCFI55:
 1600              		.cfi_def_cfa_offset 8
 1601 0152 BD46     		mov	sp, r7
 1602              	.LCFI56:
 1603              		.cfi_def_cfa_register 13
 1604              		@ sp needed
 1605 0154 80BD     		pop	{r7, pc}
 1606              	.L76:
 1607 0156 00BF     		.align	2
 1608              	.L75:
 1609 0158 00000140 		.word	1073807360
 1610 015c 00040040 		.word	1073742848
 1611 0160 00080040 		.word	1073743872
 1612 0164 000C0040 		.word	1073744896
 1613 0168 00040140 		.word	1073808384
 1614 016c 00400140 		.word	1073823744
 1615 0170 00180040 		.word	1073747968
 1616              		.cfi_endproc
 1617              	.LFE249:
 1619              		.section	.text.HAL_TIMEx_OCN_Stop,"ax",%progbits
 1620              		.align	1
 1621              		.global	HAL_TIMEx_OCN_Stop
 1622              		.syntax unified
 1623              		.thumb
 1624              		.thumb_func
 1626              	HAL_TIMEx_OCN_Stop:
 1627              	.LFB250:
 664:Drivers/STM32F4xx_HAL_Driver/Src/stm32f4xx_hal_tim_ex.c **** 
 665:Drivers/STM32F4xx_HAL_Driver/Src/stm32f4xx_hal_tim_ex.c **** /**
 666:Drivers/STM32F4xx_HAL_Driver/Src/stm32f4xx_hal_tim_ex.c ****   * @brief  Stops the TIM Output Compare signal generation on the complementary
 667:Drivers/STM32F4xx_HAL_Driver/Src/stm32f4xx_hal_tim_ex.c ****   *         output.
 668:Drivers/STM32F4xx_HAL_Driver/Src/stm32f4xx_hal_tim_ex.c ****   * @param  htim TIM handle
 669:Drivers/STM32F4xx_HAL_Driver/Src/stm32f4xx_hal_tim_ex.c ****   * @param  Channel TIM Channel to be disabled
 670:Drivers/STM32F4xx_HAL_Driver/Src/stm32f4xx_hal_tim_ex.c ****   *          This parameter can be one of the following values:
ARM GAS  /tmp/ccemsrUD.s 			page 41


 671:Drivers/STM32F4xx_HAL_Driver/Src/stm32f4xx_hal_tim_ex.c ****   *            @arg TIM_CHANNEL_1: TIM Channel 1 selected
 672:Drivers/STM32F4xx_HAL_Driver/Src/stm32f4xx_hal_tim_ex.c ****   *            @arg TIM_CHANNEL_2: TIM Channel 2 selected
 673:Drivers/STM32F4xx_HAL_Driver/Src/stm32f4xx_hal_tim_ex.c ****   *            @arg TIM_CHANNEL_3: TIM Channel 3 selected
 674:Drivers/STM32F4xx_HAL_Driver/Src/stm32f4xx_hal_tim_ex.c ****   * @retval HAL status
 675:Drivers/STM32F4xx_HAL_Driver/Src/stm32f4xx_hal_tim_ex.c ****   */
 676:Drivers/STM32F4xx_HAL_Driver/Src/stm32f4xx_hal_tim_ex.c **** HAL_StatusTypeDef HAL_TIMEx_OCN_Stop(TIM_HandleTypeDef *htim, uint32_t Channel)
 677:Drivers/STM32F4xx_HAL_Driver/Src/stm32f4xx_hal_tim_ex.c **** {
 1628              		.loc 1 677 1
 1629              		.cfi_startproc
 1630              		@ args = 0, pretend = 0, frame = 8
 1631              		@ frame_needed = 1, uses_anonymous_args = 0
 1632 0000 80B5     		push	{r7, lr}
 1633              	.LCFI57:
 1634              		.cfi_def_cfa_offset 8
 1635              		.cfi_offset 7, -8
 1636              		.cfi_offset 14, -4
 1637 0002 82B0     		sub	sp, sp, #8
 1638              	.LCFI58:
 1639              		.cfi_def_cfa_offset 16
 1640 0004 00AF     		add	r7, sp, #0
 1641              	.LCFI59:
 1642              		.cfi_def_cfa_register 7
 1643 0006 7860     		str	r0, [r7, #4]
 1644 0008 3960     		str	r1, [r7]
 678:Drivers/STM32F4xx_HAL_Driver/Src/stm32f4xx_hal_tim_ex.c ****   /* Check the parameters */
 679:Drivers/STM32F4xx_HAL_Driver/Src/stm32f4xx_hal_tim_ex.c ****   assert_param(IS_TIM_CCXN_INSTANCE(htim->Instance, Channel));
 680:Drivers/STM32F4xx_HAL_Driver/Src/stm32f4xx_hal_tim_ex.c **** 
 681:Drivers/STM32F4xx_HAL_Driver/Src/stm32f4xx_hal_tim_ex.c ****   /* Disable the Capture compare channel N */
 682:Drivers/STM32F4xx_HAL_Driver/Src/stm32f4xx_hal_tim_ex.c ****   TIM_CCxNChannelCmd(htim->Instance, Channel, TIM_CCxN_DISABLE);
 1645              		.loc 1 682 3
 1646 000a 7B68     		ldr	r3, [r7, #4]
 1647 000c 1B68     		ldr	r3, [r3]
 1648 000e 0022     		movs	r2, #0
 1649 0010 3968     		ldr	r1, [r7]
 1650 0012 1846     		mov	r0, r3
 1651 0014 FFF7FEFF 		bl	TIM_CCxNChannelCmd
 683:Drivers/STM32F4xx_HAL_Driver/Src/stm32f4xx_hal_tim_ex.c **** 
 684:Drivers/STM32F4xx_HAL_Driver/Src/stm32f4xx_hal_tim_ex.c ****   /* Disable the Main Output */
 685:Drivers/STM32F4xx_HAL_Driver/Src/stm32f4xx_hal_tim_ex.c ****   __HAL_TIM_MOE_DISABLE(htim);
 1652              		.loc 1 685 3
 1653 0018 7B68     		ldr	r3, [r7, #4]
 1654 001a 1B68     		ldr	r3, [r3]
 1655 001c 1A6A     		ldr	r2, [r3, #32]
 1656 001e 41F21113 		movw	r3, #4369
 1657 0022 1340     		ands	r3, r3, r2
 1658 0024 002B     		cmp	r3, #0
 1659 0026 0FD1     		bne	.L78
 1660              		.loc 1 685 3 is_stmt 0 discriminator 1
 1661 0028 7B68     		ldr	r3, [r7, #4]
 1662 002a 1B68     		ldr	r3, [r3]
 1663 002c 1A6A     		ldr	r2, [r3, #32]
 1664 002e 40F24443 		movw	r3, #1092
 1665 0032 1340     		ands	r3, r3, r2
 1666 0034 002B     		cmp	r3, #0
 1667 0036 07D1     		bne	.L78
 1668              		.loc 1 685 3 discriminator 2
 1669 0038 7B68     		ldr	r3, [r7, #4]
ARM GAS  /tmp/ccemsrUD.s 			page 42


 1670 003a 1B68     		ldr	r3, [r3]
 1671 003c 5A6C     		ldr	r2, [r3, #68]
 1672 003e 7B68     		ldr	r3, [r7, #4]
 1673 0040 1B68     		ldr	r3, [r3]
 1674 0042 22F40042 		bic	r2, r2, #32768
 1675 0046 5A64     		str	r2, [r3, #68]
 1676              	.L78:
 686:Drivers/STM32F4xx_HAL_Driver/Src/stm32f4xx_hal_tim_ex.c **** 
 687:Drivers/STM32F4xx_HAL_Driver/Src/stm32f4xx_hal_tim_ex.c ****   /* Disable the Peripheral */
 688:Drivers/STM32F4xx_HAL_Driver/Src/stm32f4xx_hal_tim_ex.c ****   __HAL_TIM_DISABLE(htim);
 1677              		.loc 1 688 3 is_stmt 1
 1678 0048 7B68     		ldr	r3, [r7, #4]
 1679 004a 1B68     		ldr	r3, [r3]
 1680 004c 1A6A     		ldr	r2, [r3, #32]
 1681 004e 41F21113 		movw	r3, #4369
 1682 0052 1340     		ands	r3, r3, r2
 1683 0054 002B     		cmp	r3, #0
 1684 0056 0FD1     		bne	.L79
 1685              		.loc 1 688 3 is_stmt 0 discriminator 1
 1686 0058 7B68     		ldr	r3, [r7, #4]
 1687 005a 1B68     		ldr	r3, [r3]
 1688 005c 1A6A     		ldr	r2, [r3, #32]
 1689 005e 40F24443 		movw	r3, #1092
 1690 0062 1340     		ands	r3, r3, r2
 1691 0064 002B     		cmp	r3, #0
 1692 0066 07D1     		bne	.L79
 1693              		.loc 1 688 3 discriminator 2
 1694 0068 7B68     		ldr	r3, [r7, #4]
 1695 006a 1B68     		ldr	r3, [r3]
 1696 006c 1A68     		ldr	r2, [r3]
 1697 006e 7B68     		ldr	r3, [r7, #4]
 1698 0070 1B68     		ldr	r3, [r3]
 1699 0072 22F00102 		bic	r2, r2, #1
 1700 0076 1A60     		str	r2, [r3]
 1701              	.L79:
 689:Drivers/STM32F4xx_HAL_Driver/Src/stm32f4xx_hal_tim_ex.c **** 
 690:Drivers/STM32F4xx_HAL_Driver/Src/stm32f4xx_hal_tim_ex.c ****   /* Set the TIM complementary channel state */
 691:Drivers/STM32F4xx_HAL_Driver/Src/stm32f4xx_hal_tim_ex.c ****   TIM_CHANNEL_N_STATE_SET(htim, Channel, HAL_TIM_CHANNEL_STATE_READY);
 1702              		.loc 1 691 3 is_stmt 1
 1703 0078 3B68     		ldr	r3, [r7]
 1704 007a 002B     		cmp	r3, #0
 1705 007c 04D1     		bne	.L80
 1706              		.loc 1 691 3 is_stmt 0 discriminator 1
 1707 007e 7B68     		ldr	r3, [r7, #4]
 1708 0080 0122     		movs	r2, #1
 1709 0082 83F84220 		strb	r2, [r3, #66]
 1710 0086 13E0     		b	.L81
 1711              	.L80:
 1712              		.loc 1 691 3 discriminator 2
 1713 0088 3B68     		ldr	r3, [r7]
 1714 008a 042B     		cmp	r3, #4
 1715 008c 04D1     		bne	.L82
 1716              		.loc 1 691 3 discriminator 3
 1717 008e 7B68     		ldr	r3, [r7, #4]
 1718 0090 0122     		movs	r2, #1
 1719 0092 83F84320 		strb	r2, [r3, #67]
 1720 0096 0BE0     		b	.L81
ARM GAS  /tmp/ccemsrUD.s 			page 43


 1721              	.L82:
 1722              		.loc 1 691 3 discriminator 4
 1723 0098 3B68     		ldr	r3, [r7]
 1724 009a 082B     		cmp	r3, #8
 1725 009c 04D1     		bne	.L84
 1726              		.loc 1 691 3 discriminator 6
 1727 009e 7B68     		ldr	r3, [r7, #4]
 1728 00a0 0122     		movs	r2, #1
 1729 00a2 83F84420 		strb	r2, [r3, #68]
 1730 00a6 03E0     		b	.L81
 1731              	.L84:
 1732              		.loc 1 691 3 discriminator 7
 1733 00a8 7B68     		ldr	r3, [r7, #4]
 1734 00aa 0122     		movs	r2, #1
 1735 00ac 83F84520 		strb	r2, [r3, #69]
 1736              	.L81:
 692:Drivers/STM32F4xx_HAL_Driver/Src/stm32f4xx_hal_tim_ex.c **** 
 693:Drivers/STM32F4xx_HAL_Driver/Src/stm32f4xx_hal_tim_ex.c ****   /* Return function status */
 694:Drivers/STM32F4xx_HAL_Driver/Src/stm32f4xx_hal_tim_ex.c ****   return HAL_OK;
 1737              		.loc 1 694 10 is_stmt 1
 1738 00b0 0023     		movs	r3, #0
 695:Drivers/STM32F4xx_HAL_Driver/Src/stm32f4xx_hal_tim_ex.c **** }
 1739              		.loc 1 695 1
 1740 00b2 1846     		mov	r0, r3
 1741 00b4 0837     		adds	r7, r7, #8
 1742              	.LCFI60:
 1743              		.cfi_def_cfa_offset 8
 1744 00b6 BD46     		mov	sp, r7
 1745              	.LCFI61:
 1746              		.cfi_def_cfa_register 13
 1747              		@ sp needed
 1748 00b8 80BD     		pop	{r7, pc}
 1749              		.cfi_endproc
 1750              	.LFE250:
 1752              		.section	.text.HAL_TIMEx_OCN_Start_IT,"ax",%progbits
 1753              		.align	1
 1754              		.global	HAL_TIMEx_OCN_Start_IT
 1755              		.syntax unified
 1756              		.thumb
 1757              		.thumb_func
 1759              	HAL_TIMEx_OCN_Start_IT:
 1760              	.LFB251:
 696:Drivers/STM32F4xx_HAL_Driver/Src/stm32f4xx_hal_tim_ex.c **** 
 697:Drivers/STM32F4xx_HAL_Driver/Src/stm32f4xx_hal_tim_ex.c **** /**
 698:Drivers/STM32F4xx_HAL_Driver/Src/stm32f4xx_hal_tim_ex.c ****   * @brief  Starts the TIM Output Compare signal generation in interrupt mode
 699:Drivers/STM32F4xx_HAL_Driver/Src/stm32f4xx_hal_tim_ex.c ****   *         on the complementary output.
 700:Drivers/STM32F4xx_HAL_Driver/Src/stm32f4xx_hal_tim_ex.c ****   * @param  htim TIM OC handle
 701:Drivers/STM32F4xx_HAL_Driver/Src/stm32f4xx_hal_tim_ex.c ****   * @param  Channel TIM Channel to be enabled
 702:Drivers/STM32F4xx_HAL_Driver/Src/stm32f4xx_hal_tim_ex.c ****   *          This parameter can be one of the following values:
 703:Drivers/STM32F4xx_HAL_Driver/Src/stm32f4xx_hal_tim_ex.c ****   *            @arg TIM_CHANNEL_1: TIM Channel 1 selected
 704:Drivers/STM32F4xx_HAL_Driver/Src/stm32f4xx_hal_tim_ex.c ****   *            @arg TIM_CHANNEL_2: TIM Channel 2 selected
 705:Drivers/STM32F4xx_HAL_Driver/Src/stm32f4xx_hal_tim_ex.c ****   *            @arg TIM_CHANNEL_3: TIM Channel 3 selected
 706:Drivers/STM32F4xx_HAL_Driver/Src/stm32f4xx_hal_tim_ex.c ****   * @retval HAL status
 707:Drivers/STM32F4xx_HAL_Driver/Src/stm32f4xx_hal_tim_ex.c ****   */
 708:Drivers/STM32F4xx_HAL_Driver/Src/stm32f4xx_hal_tim_ex.c **** HAL_StatusTypeDef HAL_TIMEx_OCN_Start_IT(TIM_HandleTypeDef *htim, uint32_t Channel)
 709:Drivers/STM32F4xx_HAL_Driver/Src/stm32f4xx_hal_tim_ex.c **** {
 1761              		.loc 1 709 1
ARM GAS  /tmp/ccemsrUD.s 			page 44


 1762              		.cfi_startproc
 1763              		@ args = 0, pretend = 0, frame = 16
 1764              		@ frame_needed = 1, uses_anonymous_args = 0
 1765 0000 80B5     		push	{r7, lr}
 1766              	.LCFI62:
 1767              		.cfi_def_cfa_offset 8
 1768              		.cfi_offset 7, -8
 1769              		.cfi_offset 14, -4
 1770 0002 84B0     		sub	sp, sp, #16
 1771              	.LCFI63:
 1772              		.cfi_def_cfa_offset 24
 1773 0004 00AF     		add	r7, sp, #0
 1774              	.LCFI64:
 1775              		.cfi_def_cfa_register 7
 1776 0006 7860     		str	r0, [r7, #4]
 1777 0008 3960     		str	r1, [r7]
 710:Drivers/STM32F4xx_HAL_Driver/Src/stm32f4xx_hal_tim_ex.c ****   HAL_StatusTypeDef status = HAL_OK;
 1778              		.loc 1 710 21
 1779 000a 0023     		movs	r3, #0
 1780 000c FB73     		strb	r3, [r7, #15]
 711:Drivers/STM32F4xx_HAL_Driver/Src/stm32f4xx_hal_tim_ex.c ****   uint32_t tmpsmcr;
 712:Drivers/STM32F4xx_HAL_Driver/Src/stm32f4xx_hal_tim_ex.c **** 
 713:Drivers/STM32F4xx_HAL_Driver/Src/stm32f4xx_hal_tim_ex.c ****   /* Check the parameters */
 714:Drivers/STM32F4xx_HAL_Driver/Src/stm32f4xx_hal_tim_ex.c ****   assert_param(IS_TIM_CCXN_INSTANCE(htim->Instance, Channel));
 715:Drivers/STM32F4xx_HAL_Driver/Src/stm32f4xx_hal_tim_ex.c **** 
 716:Drivers/STM32F4xx_HAL_Driver/Src/stm32f4xx_hal_tim_ex.c ****   /* Check the TIM complementary channel state */
 717:Drivers/STM32F4xx_HAL_Driver/Src/stm32f4xx_hal_tim_ex.c ****   if (TIM_CHANNEL_N_STATE_GET(htim, Channel) != HAL_TIM_CHANNEL_STATE_READY)
 1781              		.loc 1 717 46
 1782 000e 3B68     		ldr	r3, [r7]
 1783 0010 002B     		cmp	r3, #0
 1784 0012 09D1     		bne	.L88
 1785              		.loc 1 717 7 discriminator 1
 1786 0014 7B68     		ldr	r3, [r7, #4]
 1787 0016 93F84230 		ldrb	r3, [r3, #66]
 1788 001a DBB2     		uxtb	r3, r3
 1789              		.loc 1 717 46 discriminator 1
 1790 001c 012B     		cmp	r3, #1
 1791 001e 14BF     		ite	ne
 1792 0020 0123     		movne	r3, #1
 1793 0022 0023     		moveq	r3, #0
 1794 0024 DBB2     		uxtb	r3, r3
 1795 0026 22E0     		b	.L89
 1796              	.L88:
 1797              		.loc 1 717 46 is_stmt 0 discriminator 2
 1798 0028 3B68     		ldr	r3, [r7]
 1799 002a 042B     		cmp	r3, #4
 1800 002c 09D1     		bne	.L90
 1801              		.loc 1 717 7 is_stmt 1 discriminator 4
 1802 002e 7B68     		ldr	r3, [r7, #4]
 1803 0030 93F84330 		ldrb	r3, [r3, #67]
 1804 0034 DBB2     		uxtb	r3, r3
 1805              		.loc 1 717 46 discriminator 4
 1806 0036 012B     		cmp	r3, #1
 1807 0038 14BF     		ite	ne
 1808 003a 0123     		movne	r3, #1
 1809 003c 0023     		moveq	r3, #0
 1810 003e DBB2     		uxtb	r3, r3
ARM GAS  /tmp/ccemsrUD.s 			page 45


 1811 0040 15E0     		b	.L89
 1812              	.L90:
 1813              		.loc 1 717 46 is_stmt 0 discriminator 5
 1814 0042 3B68     		ldr	r3, [r7]
 1815 0044 082B     		cmp	r3, #8
 1816 0046 09D1     		bne	.L92
 1817              		.loc 1 717 7 is_stmt 1 discriminator 7
 1818 0048 7B68     		ldr	r3, [r7, #4]
 1819 004a 93F84430 		ldrb	r3, [r3, #68]
 1820 004e DBB2     		uxtb	r3, r3
 1821              		.loc 1 717 46 discriminator 7
 1822 0050 012B     		cmp	r3, #1
 1823 0052 14BF     		ite	ne
 1824 0054 0123     		movne	r3, #1
 1825 0056 0023     		moveq	r3, #0
 1826 0058 DBB2     		uxtb	r3, r3
 1827 005a 08E0     		b	.L89
 1828              	.L92:
 1829              		.loc 1 717 7 discriminator 8
 1830 005c 7B68     		ldr	r3, [r7, #4]
 1831 005e 93F84530 		ldrb	r3, [r3, #69]
 1832 0062 DBB2     		uxtb	r3, r3
 1833              		.loc 1 717 46 discriminator 8
 1834 0064 012B     		cmp	r3, #1
 1835 0066 14BF     		ite	ne
 1836 0068 0123     		movne	r3, #1
 1837 006a 0023     		moveq	r3, #0
 1838 006c DBB2     		uxtb	r3, r3
 1839              	.L89:
 1840              		.loc 1 717 6 discriminator 12
 1841 006e 002B     		cmp	r3, #0
 1842 0070 01D0     		beq	.L94
 718:Drivers/STM32F4xx_HAL_Driver/Src/stm32f4xx_hal_tim_ex.c ****   {
 719:Drivers/STM32F4xx_HAL_Driver/Src/stm32f4xx_hal_tim_ex.c ****     return HAL_ERROR;
 1843              		.loc 1 719 12
 1844 0072 0123     		movs	r3, #1
 1845 0074 A3E0     		b	.L95
 1846              	.L94:
 720:Drivers/STM32F4xx_HAL_Driver/Src/stm32f4xx_hal_tim_ex.c ****   }
 721:Drivers/STM32F4xx_HAL_Driver/Src/stm32f4xx_hal_tim_ex.c **** 
 722:Drivers/STM32F4xx_HAL_Driver/Src/stm32f4xx_hal_tim_ex.c ****   /* Set the TIM complementary channel state */
 723:Drivers/STM32F4xx_HAL_Driver/Src/stm32f4xx_hal_tim_ex.c ****   TIM_CHANNEL_N_STATE_SET(htim, Channel, HAL_TIM_CHANNEL_STATE_BUSY);
 1847              		.loc 1 723 3
 1848 0076 3B68     		ldr	r3, [r7]
 1849 0078 002B     		cmp	r3, #0
 1850 007a 04D1     		bne	.L96
 1851              		.loc 1 723 3 is_stmt 0 discriminator 1
 1852 007c 7B68     		ldr	r3, [r7, #4]
 1853 007e 0222     		movs	r2, #2
 1854 0080 83F84220 		strb	r2, [r3, #66]
 1855 0084 13E0     		b	.L97
 1856              	.L96:
 1857              		.loc 1 723 3 discriminator 2
 1858 0086 3B68     		ldr	r3, [r7]
 1859 0088 042B     		cmp	r3, #4
 1860 008a 04D1     		bne	.L98
 1861              		.loc 1 723 3 discriminator 3
ARM GAS  /tmp/ccemsrUD.s 			page 46


 1862 008c 7B68     		ldr	r3, [r7, #4]
 1863 008e 0222     		movs	r2, #2
 1864 0090 83F84320 		strb	r2, [r3, #67]
 1865 0094 0BE0     		b	.L97
 1866              	.L98:
 1867              		.loc 1 723 3 discriminator 4
 1868 0096 3B68     		ldr	r3, [r7]
 1869 0098 082B     		cmp	r3, #8
 1870 009a 04D1     		bne	.L100
 1871              		.loc 1 723 3 discriminator 6
 1872 009c 7B68     		ldr	r3, [r7, #4]
 1873 009e 0222     		movs	r2, #2
 1874 00a0 83F84420 		strb	r2, [r3, #68]
 1875 00a4 03E0     		b	.L97
 1876              	.L100:
 1877              		.loc 1 723 3 discriminator 7
 1878 00a6 7B68     		ldr	r3, [r7, #4]
 1879 00a8 0222     		movs	r2, #2
 1880 00aa 83F84520 		strb	r2, [r3, #69]
 1881              	.L97:
 724:Drivers/STM32F4xx_HAL_Driver/Src/stm32f4xx_hal_tim_ex.c **** 
 725:Drivers/STM32F4xx_HAL_Driver/Src/stm32f4xx_hal_tim_ex.c ****   switch (Channel)
 1882              		.loc 1 725 3 is_stmt 1
 1883 00ae 3B68     		ldr	r3, [r7]
 1884 00b0 082B     		cmp	r3, #8
 1885 00b2 1BD0     		beq	.L102
 1886 00b4 3B68     		ldr	r3, [r7]
 1887 00b6 082B     		cmp	r3, #8
 1888 00b8 21D8     		bhi	.L103
 1889 00ba 3B68     		ldr	r3, [r7]
 1890 00bc 002B     		cmp	r3, #0
 1891 00be 03D0     		beq	.L104
 1892 00c0 3B68     		ldr	r3, [r7]
 1893 00c2 042B     		cmp	r3, #4
 1894 00c4 09D0     		beq	.L105
 1895 00c6 1AE0     		b	.L103
 1896              	.L104:
 726:Drivers/STM32F4xx_HAL_Driver/Src/stm32f4xx_hal_tim_ex.c ****   {
 727:Drivers/STM32F4xx_HAL_Driver/Src/stm32f4xx_hal_tim_ex.c ****     case TIM_CHANNEL_1:
 728:Drivers/STM32F4xx_HAL_Driver/Src/stm32f4xx_hal_tim_ex.c ****     {
 729:Drivers/STM32F4xx_HAL_Driver/Src/stm32f4xx_hal_tim_ex.c ****       /* Enable the TIM Output Compare interrupt */
 730:Drivers/STM32F4xx_HAL_Driver/Src/stm32f4xx_hal_tim_ex.c ****       __HAL_TIM_ENABLE_IT(htim, TIM_IT_CC1);
 1897              		.loc 1 730 7
 1898 00c8 7B68     		ldr	r3, [r7, #4]
 1899 00ca 1B68     		ldr	r3, [r3]
 1900 00cc DA68     		ldr	r2, [r3, #12]
 1901 00ce 7B68     		ldr	r3, [r7, #4]
 1902 00d0 1B68     		ldr	r3, [r3]
 1903 00d2 42F00202 		orr	r2, r2, #2
 1904 00d6 DA60     		str	r2, [r3, #12]
 731:Drivers/STM32F4xx_HAL_Driver/Src/stm32f4xx_hal_tim_ex.c ****       break;
 1905              		.loc 1 731 7
 1906 00d8 14E0     		b	.L106
 1907              	.L105:
 732:Drivers/STM32F4xx_HAL_Driver/Src/stm32f4xx_hal_tim_ex.c ****     }
 733:Drivers/STM32F4xx_HAL_Driver/Src/stm32f4xx_hal_tim_ex.c **** 
 734:Drivers/STM32F4xx_HAL_Driver/Src/stm32f4xx_hal_tim_ex.c ****     case TIM_CHANNEL_2:
ARM GAS  /tmp/ccemsrUD.s 			page 47


 735:Drivers/STM32F4xx_HAL_Driver/Src/stm32f4xx_hal_tim_ex.c ****     {
 736:Drivers/STM32F4xx_HAL_Driver/Src/stm32f4xx_hal_tim_ex.c ****       /* Enable the TIM Output Compare interrupt */
 737:Drivers/STM32F4xx_HAL_Driver/Src/stm32f4xx_hal_tim_ex.c ****       __HAL_TIM_ENABLE_IT(htim, TIM_IT_CC2);
 1908              		.loc 1 737 7
 1909 00da 7B68     		ldr	r3, [r7, #4]
 1910 00dc 1B68     		ldr	r3, [r3]
 1911 00de DA68     		ldr	r2, [r3, #12]
 1912 00e0 7B68     		ldr	r3, [r7, #4]
 1913 00e2 1B68     		ldr	r3, [r3]
 1914 00e4 42F00402 		orr	r2, r2, #4
 1915 00e8 DA60     		str	r2, [r3, #12]
 738:Drivers/STM32F4xx_HAL_Driver/Src/stm32f4xx_hal_tim_ex.c ****       break;
 1916              		.loc 1 738 7
 1917 00ea 0BE0     		b	.L106
 1918              	.L102:
 739:Drivers/STM32F4xx_HAL_Driver/Src/stm32f4xx_hal_tim_ex.c ****     }
 740:Drivers/STM32F4xx_HAL_Driver/Src/stm32f4xx_hal_tim_ex.c **** 
 741:Drivers/STM32F4xx_HAL_Driver/Src/stm32f4xx_hal_tim_ex.c ****     case TIM_CHANNEL_3:
 742:Drivers/STM32F4xx_HAL_Driver/Src/stm32f4xx_hal_tim_ex.c ****     {
 743:Drivers/STM32F4xx_HAL_Driver/Src/stm32f4xx_hal_tim_ex.c ****       /* Enable the TIM Output Compare interrupt */
 744:Drivers/STM32F4xx_HAL_Driver/Src/stm32f4xx_hal_tim_ex.c ****       __HAL_TIM_ENABLE_IT(htim, TIM_IT_CC3);
 1919              		.loc 1 744 7
 1920 00ec 7B68     		ldr	r3, [r7, #4]
 1921 00ee 1B68     		ldr	r3, [r3]
 1922 00f0 DA68     		ldr	r2, [r3, #12]
 1923 00f2 7B68     		ldr	r3, [r7, #4]
 1924 00f4 1B68     		ldr	r3, [r3]
 1925 00f6 42F00802 		orr	r2, r2, #8
 1926 00fa DA60     		str	r2, [r3, #12]
 745:Drivers/STM32F4xx_HAL_Driver/Src/stm32f4xx_hal_tim_ex.c ****       break;
 1927              		.loc 1 745 7
 1928 00fc 02E0     		b	.L106
 1929              	.L103:
 746:Drivers/STM32F4xx_HAL_Driver/Src/stm32f4xx_hal_tim_ex.c ****     }
 747:Drivers/STM32F4xx_HAL_Driver/Src/stm32f4xx_hal_tim_ex.c **** 
 748:Drivers/STM32F4xx_HAL_Driver/Src/stm32f4xx_hal_tim_ex.c **** 
 749:Drivers/STM32F4xx_HAL_Driver/Src/stm32f4xx_hal_tim_ex.c ****     default:
 750:Drivers/STM32F4xx_HAL_Driver/Src/stm32f4xx_hal_tim_ex.c ****       status = HAL_ERROR;
 1930              		.loc 1 750 14
 1931 00fe 0123     		movs	r3, #1
 1932 0100 FB73     		strb	r3, [r7, #15]
 751:Drivers/STM32F4xx_HAL_Driver/Src/stm32f4xx_hal_tim_ex.c ****       break;
 1933              		.loc 1 751 7
 1934 0102 00BF     		nop
 1935              	.L106:
 752:Drivers/STM32F4xx_HAL_Driver/Src/stm32f4xx_hal_tim_ex.c ****   }
 753:Drivers/STM32F4xx_HAL_Driver/Src/stm32f4xx_hal_tim_ex.c **** 
 754:Drivers/STM32F4xx_HAL_Driver/Src/stm32f4xx_hal_tim_ex.c ****   if (status == HAL_OK)
 1936              		.loc 1 754 6
 1937 0104 FB7B     		ldrb	r3, [r7, #15]	@ zero_extendqisi2
 1938 0106 002B     		cmp	r3, #0
 1939 0108 58D1     		bne	.L107
 755:Drivers/STM32F4xx_HAL_Driver/Src/stm32f4xx_hal_tim_ex.c ****   {
 756:Drivers/STM32F4xx_HAL_Driver/Src/stm32f4xx_hal_tim_ex.c ****     /* Enable the TIM Break interrupt */
 757:Drivers/STM32F4xx_HAL_Driver/Src/stm32f4xx_hal_tim_ex.c ****     __HAL_TIM_ENABLE_IT(htim, TIM_IT_BREAK);
 1940              		.loc 1 757 5
 1941 010a 7B68     		ldr	r3, [r7, #4]
ARM GAS  /tmp/ccemsrUD.s 			page 48


 1942 010c 1B68     		ldr	r3, [r3]
 1943 010e DA68     		ldr	r2, [r3, #12]
 1944 0110 7B68     		ldr	r3, [r7, #4]
 1945 0112 1B68     		ldr	r3, [r3]
 1946 0114 42F08002 		orr	r2, r2, #128
 1947 0118 DA60     		str	r2, [r3, #12]
 758:Drivers/STM32F4xx_HAL_Driver/Src/stm32f4xx_hal_tim_ex.c **** 
 759:Drivers/STM32F4xx_HAL_Driver/Src/stm32f4xx_hal_tim_ex.c ****     /* Enable the Capture compare channel N */
 760:Drivers/STM32F4xx_HAL_Driver/Src/stm32f4xx_hal_tim_ex.c ****     TIM_CCxNChannelCmd(htim->Instance, Channel, TIM_CCxN_ENABLE);
 1948              		.loc 1 760 5
 1949 011a 7B68     		ldr	r3, [r7, #4]
 1950 011c 1B68     		ldr	r3, [r3]
 1951 011e 0422     		movs	r2, #4
 1952 0120 3968     		ldr	r1, [r7]
 1953 0122 1846     		mov	r0, r3
 1954 0124 FFF7FEFF 		bl	TIM_CCxNChannelCmd
 761:Drivers/STM32F4xx_HAL_Driver/Src/stm32f4xx_hal_tim_ex.c **** 
 762:Drivers/STM32F4xx_HAL_Driver/Src/stm32f4xx_hal_tim_ex.c ****     /* Enable the Main Output */
 763:Drivers/STM32F4xx_HAL_Driver/Src/stm32f4xx_hal_tim_ex.c ****     __HAL_TIM_MOE_ENABLE(htim);
 1955              		.loc 1 763 5
 1956 0128 7B68     		ldr	r3, [r7, #4]
 1957 012a 1B68     		ldr	r3, [r3]
 1958 012c 5A6C     		ldr	r2, [r3, #68]
 1959 012e 7B68     		ldr	r3, [r7, #4]
 1960 0130 1B68     		ldr	r3, [r3]
 1961 0132 42F40042 		orr	r2, r2, #32768
 1962 0136 5A64     		str	r2, [r3, #68]
 764:Drivers/STM32F4xx_HAL_Driver/Src/stm32f4xx_hal_tim_ex.c **** 
 765:Drivers/STM32F4xx_HAL_Driver/Src/stm32f4xx_hal_tim_ex.c ****     /* Enable the Peripheral, except in trigger mode where enable is automatically done with trigge
 766:Drivers/STM32F4xx_HAL_Driver/Src/stm32f4xx_hal_tim_ex.c ****     if (IS_TIM_SLAVE_INSTANCE(htim->Instance))
 1963              		.loc 1 766 9
 1964 0138 7B68     		ldr	r3, [r7, #4]
 1965 013a 1B68     		ldr	r3, [r3]
 1966              		.loc 1 766 8
 1967 013c 224A     		ldr	r2, .L111
 1968 013e 9342     		cmp	r3, r2
 1969 0140 22D0     		beq	.L108
 1970              		.loc 1 766 9 discriminator 1
 1971 0142 7B68     		ldr	r3, [r7, #4]
 1972 0144 1B68     		ldr	r3, [r3]
 1973 0146 B3F1804F 		cmp	r3, #1073741824
 1974 014a 1DD0     		beq	.L108
 1975              		.loc 1 766 9 is_stmt 0 discriminator 2
 1976 014c 7B68     		ldr	r3, [r7, #4]
 1977 014e 1B68     		ldr	r3, [r3]
 1978 0150 1E4A     		ldr	r2, .L111+4
 1979 0152 9342     		cmp	r3, r2
 1980 0154 18D0     		beq	.L108
 1981              		.loc 1 766 9 discriminator 3
 1982 0156 7B68     		ldr	r3, [r7, #4]
 1983 0158 1B68     		ldr	r3, [r3]
 1984 015a 1D4A     		ldr	r2, .L111+8
 1985 015c 9342     		cmp	r3, r2
 1986 015e 13D0     		beq	.L108
 1987              		.loc 1 766 9 discriminator 4
 1988 0160 7B68     		ldr	r3, [r7, #4]
 1989 0162 1B68     		ldr	r3, [r3]
ARM GAS  /tmp/ccemsrUD.s 			page 49


 1990 0164 1B4A     		ldr	r2, .L111+12
 1991 0166 9342     		cmp	r3, r2
 1992 0168 0ED0     		beq	.L108
 1993              		.loc 1 766 9 discriminator 5
 1994 016a 7B68     		ldr	r3, [r7, #4]
 1995 016c 1B68     		ldr	r3, [r3]
 1996 016e 1A4A     		ldr	r2, .L111+16
 1997 0170 9342     		cmp	r3, r2
 1998 0172 09D0     		beq	.L108
 1999              		.loc 1 766 9 discriminator 6
 2000 0174 7B68     		ldr	r3, [r7, #4]
 2001 0176 1B68     		ldr	r3, [r3]
 2002 0178 184A     		ldr	r2, .L111+20
 2003 017a 9342     		cmp	r3, r2
 2004 017c 04D0     		beq	.L108
 2005              		.loc 1 766 9 discriminator 7
 2006 017e 7B68     		ldr	r3, [r7, #4]
 2007 0180 1B68     		ldr	r3, [r3]
 2008 0182 174A     		ldr	r2, .L111+24
 2009 0184 9342     		cmp	r3, r2
 2010 0186 11D1     		bne	.L109
 2011              	.L108:
 767:Drivers/STM32F4xx_HAL_Driver/Src/stm32f4xx_hal_tim_ex.c ****     {
 768:Drivers/STM32F4xx_HAL_Driver/Src/stm32f4xx_hal_tim_ex.c ****       tmpsmcr = htim->Instance->SMCR & TIM_SMCR_SMS;
 2012              		.loc 1 768 21 is_stmt 1
 2013 0188 7B68     		ldr	r3, [r7, #4]
 2014 018a 1B68     		ldr	r3, [r3]
 2015              		.loc 1 768 31
 2016 018c 9B68     		ldr	r3, [r3, #8]
 2017              		.loc 1 768 15
 2018 018e 03F00703 		and	r3, r3, #7
 2019 0192 BB60     		str	r3, [r7, #8]
 769:Drivers/STM32F4xx_HAL_Driver/Src/stm32f4xx_hal_tim_ex.c ****       if (!IS_TIM_SLAVEMODE_TRIGGER_ENABLED(tmpsmcr))
 2020              		.loc 1 769 10
 2021 0194 BB68     		ldr	r3, [r7, #8]
 2022 0196 062B     		cmp	r3, #6
 2023 0198 10D0     		beq	.L107
 770:Drivers/STM32F4xx_HAL_Driver/Src/stm32f4xx_hal_tim_ex.c ****       {
 771:Drivers/STM32F4xx_HAL_Driver/Src/stm32f4xx_hal_tim_ex.c ****         __HAL_TIM_ENABLE(htim);
 2024              		.loc 1 771 9
 2025 019a 7B68     		ldr	r3, [r7, #4]
 2026 019c 1B68     		ldr	r3, [r3]
 2027 019e 1A68     		ldr	r2, [r3]
 2028 01a0 7B68     		ldr	r3, [r7, #4]
 2029 01a2 1B68     		ldr	r3, [r3]
 2030 01a4 42F00102 		orr	r2, r2, #1
 2031 01a8 1A60     		str	r2, [r3]
 769:Drivers/STM32F4xx_HAL_Driver/Src/stm32f4xx_hal_tim_ex.c ****       if (!IS_TIM_SLAVEMODE_TRIGGER_ENABLED(tmpsmcr))
 2032              		.loc 1 769 10
 2033 01aa 07E0     		b	.L107
 2034              	.L109:
 772:Drivers/STM32F4xx_HAL_Driver/Src/stm32f4xx_hal_tim_ex.c ****       }
 773:Drivers/STM32F4xx_HAL_Driver/Src/stm32f4xx_hal_tim_ex.c ****     }
 774:Drivers/STM32F4xx_HAL_Driver/Src/stm32f4xx_hal_tim_ex.c ****     else
 775:Drivers/STM32F4xx_HAL_Driver/Src/stm32f4xx_hal_tim_ex.c ****     {
 776:Drivers/STM32F4xx_HAL_Driver/Src/stm32f4xx_hal_tim_ex.c ****       __HAL_TIM_ENABLE(htim);
 2035              		.loc 1 776 7
ARM GAS  /tmp/ccemsrUD.s 			page 50


 2036 01ac 7B68     		ldr	r3, [r7, #4]
 2037 01ae 1B68     		ldr	r3, [r3]
 2038 01b0 1A68     		ldr	r2, [r3]
 2039 01b2 7B68     		ldr	r3, [r7, #4]
 2040 01b4 1B68     		ldr	r3, [r3]
 2041 01b6 42F00102 		orr	r2, r2, #1
 2042 01ba 1A60     		str	r2, [r3]
 2043              	.L107:
 777:Drivers/STM32F4xx_HAL_Driver/Src/stm32f4xx_hal_tim_ex.c ****     }
 778:Drivers/STM32F4xx_HAL_Driver/Src/stm32f4xx_hal_tim_ex.c ****   }
 779:Drivers/STM32F4xx_HAL_Driver/Src/stm32f4xx_hal_tim_ex.c **** 
 780:Drivers/STM32F4xx_HAL_Driver/Src/stm32f4xx_hal_tim_ex.c ****   /* Return function status */
 781:Drivers/STM32F4xx_HAL_Driver/Src/stm32f4xx_hal_tim_ex.c ****   return status;
 2044              		.loc 1 781 10
 2045 01bc FB7B     		ldrb	r3, [r7, #15]	@ zero_extendqisi2
 2046              	.L95:
 782:Drivers/STM32F4xx_HAL_Driver/Src/stm32f4xx_hal_tim_ex.c **** }
 2047              		.loc 1 782 1
 2048 01be 1846     		mov	r0, r3
 2049 01c0 1037     		adds	r7, r7, #16
 2050              	.LCFI65:
 2051              		.cfi_def_cfa_offset 8
 2052 01c2 BD46     		mov	sp, r7
 2053              	.LCFI66:
 2054              		.cfi_def_cfa_register 13
 2055              		@ sp needed
 2056 01c4 80BD     		pop	{r7, pc}
 2057              	.L112:
 2058 01c6 00BF     		.align	2
 2059              	.L111:
 2060 01c8 00000140 		.word	1073807360
 2061 01cc 00040040 		.word	1073742848
 2062 01d0 00080040 		.word	1073743872
 2063 01d4 000C0040 		.word	1073744896
 2064 01d8 00040140 		.word	1073808384
 2065 01dc 00400140 		.word	1073823744
 2066 01e0 00180040 		.word	1073747968
 2067              		.cfi_endproc
 2068              	.LFE251:
 2070              		.section	.text.HAL_TIMEx_OCN_Stop_IT,"ax",%progbits
 2071              		.align	1
 2072              		.global	HAL_TIMEx_OCN_Stop_IT
 2073              		.syntax unified
 2074              		.thumb
 2075              		.thumb_func
 2077              	HAL_TIMEx_OCN_Stop_IT:
 2078              	.LFB252:
 783:Drivers/STM32F4xx_HAL_Driver/Src/stm32f4xx_hal_tim_ex.c **** 
 784:Drivers/STM32F4xx_HAL_Driver/Src/stm32f4xx_hal_tim_ex.c **** /**
 785:Drivers/STM32F4xx_HAL_Driver/Src/stm32f4xx_hal_tim_ex.c ****   * @brief  Stops the TIM Output Compare signal generation in interrupt mode
 786:Drivers/STM32F4xx_HAL_Driver/Src/stm32f4xx_hal_tim_ex.c ****   *         on the complementary output.
 787:Drivers/STM32F4xx_HAL_Driver/Src/stm32f4xx_hal_tim_ex.c ****   * @param  htim TIM Output Compare handle
 788:Drivers/STM32F4xx_HAL_Driver/Src/stm32f4xx_hal_tim_ex.c ****   * @param  Channel TIM Channel to be disabled
 789:Drivers/STM32F4xx_HAL_Driver/Src/stm32f4xx_hal_tim_ex.c ****   *          This parameter can be one of the following values:
 790:Drivers/STM32F4xx_HAL_Driver/Src/stm32f4xx_hal_tim_ex.c ****   *            @arg TIM_CHANNEL_1: TIM Channel 1 selected
 791:Drivers/STM32F4xx_HAL_Driver/Src/stm32f4xx_hal_tim_ex.c ****   *            @arg TIM_CHANNEL_2: TIM Channel 2 selected
 792:Drivers/STM32F4xx_HAL_Driver/Src/stm32f4xx_hal_tim_ex.c ****   *            @arg TIM_CHANNEL_3: TIM Channel 3 selected
ARM GAS  /tmp/ccemsrUD.s 			page 51


 793:Drivers/STM32F4xx_HAL_Driver/Src/stm32f4xx_hal_tim_ex.c ****   * @retval HAL status
 794:Drivers/STM32F4xx_HAL_Driver/Src/stm32f4xx_hal_tim_ex.c ****   */
 795:Drivers/STM32F4xx_HAL_Driver/Src/stm32f4xx_hal_tim_ex.c **** HAL_StatusTypeDef HAL_TIMEx_OCN_Stop_IT(TIM_HandleTypeDef *htim, uint32_t Channel)
 796:Drivers/STM32F4xx_HAL_Driver/Src/stm32f4xx_hal_tim_ex.c **** {
 2079              		.loc 1 796 1
 2080              		.cfi_startproc
 2081              		@ args = 0, pretend = 0, frame = 16
 2082              		@ frame_needed = 1, uses_anonymous_args = 0
 2083 0000 80B5     		push	{r7, lr}
 2084              	.LCFI67:
 2085              		.cfi_def_cfa_offset 8
 2086              		.cfi_offset 7, -8
 2087              		.cfi_offset 14, -4
 2088 0002 84B0     		sub	sp, sp, #16
 2089              	.LCFI68:
 2090              		.cfi_def_cfa_offset 24
 2091 0004 00AF     		add	r7, sp, #0
 2092              	.LCFI69:
 2093              		.cfi_def_cfa_register 7
 2094 0006 7860     		str	r0, [r7, #4]
 2095 0008 3960     		str	r1, [r7]
 797:Drivers/STM32F4xx_HAL_Driver/Src/stm32f4xx_hal_tim_ex.c ****   HAL_StatusTypeDef status = HAL_OK;
 2096              		.loc 1 797 21
 2097 000a 0023     		movs	r3, #0
 2098 000c FB73     		strb	r3, [r7, #15]
 798:Drivers/STM32F4xx_HAL_Driver/Src/stm32f4xx_hal_tim_ex.c ****   uint32_t tmpccer;
 799:Drivers/STM32F4xx_HAL_Driver/Src/stm32f4xx_hal_tim_ex.c **** 
 800:Drivers/STM32F4xx_HAL_Driver/Src/stm32f4xx_hal_tim_ex.c ****   /* Check the parameters */
 801:Drivers/STM32F4xx_HAL_Driver/Src/stm32f4xx_hal_tim_ex.c ****   assert_param(IS_TIM_CCXN_INSTANCE(htim->Instance, Channel));
 802:Drivers/STM32F4xx_HAL_Driver/Src/stm32f4xx_hal_tim_ex.c **** 
 803:Drivers/STM32F4xx_HAL_Driver/Src/stm32f4xx_hal_tim_ex.c ****   switch (Channel)
 2099              		.loc 1 803 3
 2100 000e 3B68     		ldr	r3, [r7]
 2101 0010 082B     		cmp	r3, #8
 2102 0012 1BD0     		beq	.L114
 2103 0014 3B68     		ldr	r3, [r7]
 2104 0016 082B     		cmp	r3, #8
 2105 0018 21D8     		bhi	.L115
 2106 001a 3B68     		ldr	r3, [r7]
 2107 001c 002B     		cmp	r3, #0
 2108 001e 03D0     		beq	.L116
 2109 0020 3B68     		ldr	r3, [r7]
 2110 0022 042B     		cmp	r3, #4
 2111 0024 09D0     		beq	.L117
 2112 0026 1AE0     		b	.L115
 2113              	.L116:
 804:Drivers/STM32F4xx_HAL_Driver/Src/stm32f4xx_hal_tim_ex.c ****   {
 805:Drivers/STM32F4xx_HAL_Driver/Src/stm32f4xx_hal_tim_ex.c ****     case TIM_CHANNEL_1:
 806:Drivers/STM32F4xx_HAL_Driver/Src/stm32f4xx_hal_tim_ex.c ****     {
 807:Drivers/STM32F4xx_HAL_Driver/Src/stm32f4xx_hal_tim_ex.c ****       /* Disable the TIM Output Compare interrupt */
 808:Drivers/STM32F4xx_HAL_Driver/Src/stm32f4xx_hal_tim_ex.c ****       __HAL_TIM_DISABLE_IT(htim, TIM_IT_CC1);
 2114              		.loc 1 808 7
 2115 0028 7B68     		ldr	r3, [r7, #4]
 2116 002a 1B68     		ldr	r3, [r3]
 2117 002c DA68     		ldr	r2, [r3, #12]
 2118 002e 7B68     		ldr	r3, [r7, #4]
 2119 0030 1B68     		ldr	r3, [r3]
ARM GAS  /tmp/ccemsrUD.s 			page 52


 2120 0032 22F00202 		bic	r2, r2, #2
 2121 0036 DA60     		str	r2, [r3, #12]
 809:Drivers/STM32F4xx_HAL_Driver/Src/stm32f4xx_hal_tim_ex.c ****       break;
 2122              		.loc 1 809 7
 2123 0038 14E0     		b	.L118
 2124              	.L117:
 810:Drivers/STM32F4xx_HAL_Driver/Src/stm32f4xx_hal_tim_ex.c ****     }
 811:Drivers/STM32F4xx_HAL_Driver/Src/stm32f4xx_hal_tim_ex.c **** 
 812:Drivers/STM32F4xx_HAL_Driver/Src/stm32f4xx_hal_tim_ex.c ****     case TIM_CHANNEL_2:
 813:Drivers/STM32F4xx_HAL_Driver/Src/stm32f4xx_hal_tim_ex.c ****     {
 814:Drivers/STM32F4xx_HAL_Driver/Src/stm32f4xx_hal_tim_ex.c ****       /* Disable the TIM Output Compare interrupt */
 815:Drivers/STM32F4xx_HAL_Driver/Src/stm32f4xx_hal_tim_ex.c ****       __HAL_TIM_DISABLE_IT(htim, TIM_IT_CC2);
 2125              		.loc 1 815 7
 2126 003a 7B68     		ldr	r3, [r7, #4]
 2127 003c 1B68     		ldr	r3, [r3]
 2128 003e DA68     		ldr	r2, [r3, #12]
 2129 0040 7B68     		ldr	r3, [r7, #4]
 2130 0042 1B68     		ldr	r3, [r3]
 2131 0044 22F00402 		bic	r2, r2, #4
 2132 0048 DA60     		str	r2, [r3, #12]
 816:Drivers/STM32F4xx_HAL_Driver/Src/stm32f4xx_hal_tim_ex.c ****       break;
 2133              		.loc 1 816 7
 2134 004a 0BE0     		b	.L118
 2135              	.L114:
 817:Drivers/STM32F4xx_HAL_Driver/Src/stm32f4xx_hal_tim_ex.c ****     }
 818:Drivers/STM32F4xx_HAL_Driver/Src/stm32f4xx_hal_tim_ex.c **** 
 819:Drivers/STM32F4xx_HAL_Driver/Src/stm32f4xx_hal_tim_ex.c ****     case TIM_CHANNEL_3:
 820:Drivers/STM32F4xx_HAL_Driver/Src/stm32f4xx_hal_tim_ex.c ****     {
 821:Drivers/STM32F4xx_HAL_Driver/Src/stm32f4xx_hal_tim_ex.c ****       /* Disable the TIM Output Compare interrupt */
 822:Drivers/STM32F4xx_HAL_Driver/Src/stm32f4xx_hal_tim_ex.c ****       __HAL_TIM_DISABLE_IT(htim, TIM_IT_CC3);
 2136              		.loc 1 822 7
 2137 004c 7B68     		ldr	r3, [r7, #4]
 2138 004e 1B68     		ldr	r3, [r3]
 2139 0050 DA68     		ldr	r2, [r3, #12]
 2140 0052 7B68     		ldr	r3, [r7, #4]
 2141 0054 1B68     		ldr	r3, [r3]
 2142 0056 22F00802 		bic	r2, r2, #8
 2143 005a DA60     		str	r2, [r3, #12]
 823:Drivers/STM32F4xx_HAL_Driver/Src/stm32f4xx_hal_tim_ex.c ****       break;
 2144              		.loc 1 823 7
 2145 005c 02E0     		b	.L118
 2146              	.L115:
 824:Drivers/STM32F4xx_HAL_Driver/Src/stm32f4xx_hal_tim_ex.c ****     }
 825:Drivers/STM32F4xx_HAL_Driver/Src/stm32f4xx_hal_tim_ex.c **** 
 826:Drivers/STM32F4xx_HAL_Driver/Src/stm32f4xx_hal_tim_ex.c ****     default:
 827:Drivers/STM32F4xx_HAL_Driver/Src/stm32f4xx_hal_tim_ex.c ****       status = HAL_ERROR;
 2147              		.loc 1 827 14
 2148 005e 0123     		movs	r3, #1
 2149 0060 FB73     		strb	r3, [r7, #15]
 828:Drivers/STM32F4xx_HAL_Driver/Src/stm32f4xx_hal_tim_ex.c ****       break;
 2150              		.loc 1 828 7
 2151 0062 00BF     		nop
 2152              	.L118:
 829:Drivers/STM32F4xx_HAL_Driver/Src/stm32f4xx_hal_tim_ex.c ****   }
 830:Drivers/STM32F4xx_HAL_Driver/Src/stm32f4xx_hal_tim_ex.c **** 
 831:Drivers/STM32F4xx_HAL_Driver/Src/stm32f4xx_hal_tim_ex.c ****   if (status == HAL_OK)
 2153              		.loc 1 831 6
ARM GAS  /tmp/ccemsrUD.s 			page 53


 2154 0064 FB7B     		ldrb	r3, [r7, #15]	@ zero_extendqisi2
 2155 0066 002B     		cmp	r3, #0
 2156 0068 64D1     		bne	.L119
 832:Drivers/STM32F4xx_HAL_Driver/Src/stm32f4xx_hal_tim_ex.c ****   {
 833:Drivers/STM32F4xx_HAL_Driver/Src/stm32f4xx_hal_tim_ex.c ****     /* Disable the Capture compare channel N */
 834:Drivers/STM32F4xx_HAL_Driver/Src/stm32f4xx_hal_tim_ex.c ****     TIM_CCxNChannelCmd(htim->Instance, Channel, TIM_CCxN_DISABLE);
 2157              		.loc 1 834 5
 2158 006a 7B68     		ldr	r3, [r7, #4]
 2159 006c 1B68     		ldr	r3, [r3]
 2160 006e 0022     		movs	r2, #0
 2161 0070 3968     		ldr	r1, [r7]
 2162 0072 1846     		mov	r0, r3
 2163 0074 FFF7FEFF 		bl	TIM_CCxNChannelCmd
 835:Drivers/STM32F4xx_HAL_Driver/Src/stm32f4xx_hal_tim_ex.c **** 
 836:Drivers/STM32F4xx_HAL_Driver/Src/stm32f4xx_hal_tim_ex.c ****     /* Disable the TIM Break interrupt (only if no more channel is active) */
 837:Drivers/STM32F4xx_HAL_Driver/Src/stm32f4xx_hal_tim_ex.c ****     tmpccer = htim->Instance->CCER;
 2164              		.loc 1 837 19
 2165 0078 7B68     		ldr	r3, [r7, #4]
 2166 007a 1B68     		ldr	r3, [r3]
 2167              		.loc 1 837 13
 2168 007c 1B6A     		ldr	r3, [r3, #32]
 2169 007e BB60     		str	r3, [r7, #8]
 838:Drivers/STM32F4xx_HAL_Driver/Src/stm32f4xx_hal_tim_ex.c ****     if ((tmpccer & TIM_CCER_CCxNE_MASK) == (uint32_t)RESET)
 2170              		.loc 1 838 18
 2171 0080 BA68     		ldr	r2, [r7, #8]
 2172 0082 40F24443 		movw	r3, #1092
 2173 0086 1340     		ands	r3, r3, r2
 2174              		.loc 1 838 8
 2175 0088 002B     		cmp	r3, #0
 2176 008a 07D1     		bne	.L120
 839:Drivers/STM32F4xx_HAL_Driver/Src/stm32f4xx_hal_tim_ex.c ****     {
 840:Drivers/STM32F4xx_HAL_Driver/Src/stm32f4xx_hal_tim_ex.c ****       __HAL_TIM_DISABLE_IT(htim, TIM_IT_BREAK);
 2177              		.loc 1 840 7
 2178 008c 7B68     		ldr	r3, [r7, #4]
 2179 008e 1B68     		ldr	r3, [r3]
 2180 0090 DA68     		ldr	r2, [r3, #12]
 2181 0092 7B68     		ldr	r3, [r7, #4]
 2182 0094 1B68     		ldr	r3, [r3]
 2183 0096 22F08002 		bic	r2, r2, #128
 2184 009a DA60     		str	r2, [r3, #12]
 2185              	.L120:
 841:Drivers/STM32F4xx_HAL_Driver/Src/stm32f4xx_hal_tim_ex.c ****     }
 842:Drivers/STM32F4xx_HAL_Driver/Src/stm32f4xx_hal_tim_ex.c **** 
 843:Drivers/STM32F4xx_HAL_Driver/Src/stm32f4xx_hal_tim_ex.c ****     /* Disable the Main Output */
 844:Drivers/STM32F4xx_HAL_Driver/Src/stm32f4xx_hal_tim_ex.c ****     __HAL_TIM_MOE_DISABLE(htim);
 2186              		.loc 1 844 5
 2187 009c 7B68     		ldr	r3, [r7, #4]
 2188 009e 1B68     		ldr	r3, [r3]
 2189 00a0 1A6A     		ldr	r2, [r3, #32]
 2190 00a2 41F21113 		movw	r3, #4369
 2191 00a6 1340     		ands	r3, r3, r2
 2192 00a8 002B     		cmp	r3, #0
 2193 00aa 0FD1     		bne	.L121
 2194              		.loc 1 844 5 is_stmt 0 discriminator 1
 2195 00ac 7B68     		ldr	r3, [r7, #4]
 2196 00ae 1B68     		ldr	r3, [r3]
 2197 00b0 1A6A     		ldr	r2, [r3, #32]
ARM GAS  /tmp/ccemsrUD.s 			page 54


 2198 00b2 40F24443 		movw	r3, #1092
 2199 00b6 1340     		ands	r3, r3, r2
 2200 00b8 002B     		cmp	r3, #0
 2201 00ba 07D1     		bne	.L121
 2202              		.loc 1 844 5 discriminator 2
 2203 00bc 7B68     		ldr	r3, [r7, #4]
 2204 00be 1B68     		ldr	r3, [r3]
 2205 00c0 5A6C     		ldr	r2, [r3, #68]
 2206 00c2 7B68     		ldr	r3, [r7, #4]
 2207 00c4 1B68     		ldr	r3, [r3]
 2208 00c6 22F40042 		bic	r2, r2, #32768
 2209 00ca 5A64     		str	r2, [r3, #68]
 2210              	.L121:
 845:Drivers/STM32F4xx_HAL_Driver/Src/stm32f4xx_hal_tim_ex.c **** 
 846:Drivers/STM32F4xx_HAL_Driver/Src/stm32f4xx_hal_tim_ex.c ****     /* Disable the Peripheral */
 847:Drivers/STM32F4xx_HAL_Driver/Src/stm32f4xx_hal_tim_ex.c ****     __HAL_TIM_DISABLE(htim);
 2211              		.loc 1 847 5 is_stmt 1
 2212 00cc 7B68     		ldr	r3, [r7, #4]
 2213 00ce 1B68     		ldr	r3, [r3]
 2214 00d0 1A6A     		ldr	r2, [r3, #32]
 2215 00d2 41F21113 		movw	r3, #4369
 2216 00d6 1340     		ands	r3, r3, r2
 2217 00d8 002B     		cmp	r3, #0
 2218 00da 0FD1     		bne	.L122
 2219              		.loc 1 847 5 is_stmt 0 discriminator 1
 2220 00dc 7B68     		ldr	r3, [r7, #4]
 2221 00de 1B68     		ldr	r3, [r3]
 2222 00e0 1A6A     		ldr	r2, [r3, #32]
 2223 00e2 40F24443 		movw	r3, #1092
 2224 00e6 1340     		ands	r3, r3, r2
 2225 00e8 002B     		cmp	r3, #0
 2226 00ea 07D1     		bne	.L122
 2227              		.loc 1 847 5 discriminator 2
 2228 00ec 7B68     		ldr	r3, [r7, #4]
 2229 00ee 1B68     		ldr	r3, [r3]
 2230 00f0 1A68     		ldr	r2, [r3]
 2231 00f2 7B68     		ldr	r3, [r7, #4]
 2232 00f4 1B68     		ldr	r3, [r3]
 2233 00f6 22F00102 		bic	r2, r2, #1
 2234 00fa 1A60     		str	r2, [r3]
 2235              	.L122:
 848:Drivers/STM32F4xx_HAL_Driver/Src/stm32f4xx_hal_tim_ex.c **** 
 849:Drivers/STM32F4xx_HAL_Driver/Src/stm32f4xx_hal_tim_ex.c ****     /* Set the TIM complementary channel state */
 850:Drivers/STM32F4xx_HAL_Driver/Src/stm32f4xx_hal_tim_ex.c ****     TIM_CHANNEL_N_STATE_SET(htim, Channel, HAL_TIM_CHANNEL_STATE_READY);
 2236              		.loc 1 850 5 is_stmt 1
 2237 00fc 3B68     		ldr	r3, [r7]
 2238 00fe 002B     		cmp	r3, #0
 2239 0100 04D1     		bne	.L123
 2240              		.loc 1 850 5 is_stmt 0 discriminator 1
 2241 0102 7B68     		ldr	r3, [r7, #4]
 2242 0104 0122     		movs	r2, #1
 2243 0106 83F84220 		strb	r2, [r3, #66]
 2244 010a 13E0     		b	.L119
 2245              	.L123:
 2246              		.loc 1 850 5 discriminator 2
 2247 010c 3B68     		ldr	r3, [r7]
 2248 010e 042B     		cmp	r3, #4
ARM GAS  /tmp/ccemsrUD.s 			page 55


 2249 0110 04D1     		bne	.L124
 2250              		.loc 1 850 5 discriminator 3
 2251 0112 7B68     		ldr	r3, [r7, #4]
 2252 0114 0122     		movs	r2, #1
 2253 0116 83F84320 		strb	r2, [r3, #67]
 2254 011a 0BE0     		b	.L119
 2255              	.L124:
 2256              		.loc 1 850 5 discriminator 4
 2257 011c 3B68     		ldr	r3, [r7]
 2258 011e 082B     		cmp	r3, #8
 2259 0120 04D1     		bne	.L126
 2260              		.loc 1 850 5 discriminator 6
 2261 0122 7B68     		ldr	r3, [r7, #4]
 2262 0124 0122     		movs	r2, #1
 2263 0126 83F84420 		strb	r2, [r3, #68]
 2264 012a 03E0     		b	.L119
 2265              	.L126:
 2266              		.loc 1 850 5 discriminator 7
 2267 012c 7B68     		ldr	r3, [r7, #4]
 2268 012e 0122     		movs	r2, #1
 2269 0130 83F84520 		strb	r2, [r3, #69]
 2270              	.L119:
 851:Drivers/STM32F4xx_HAL_Driver/Src/stm32f4xx_hal_tim_ex.c ****   }
 852:Drivers/STM32F4xx_HAL_Driver/Src/stm32f4xx_hal_tim_ex.c **** 
 853:Drivers/STM32F4xx_HAL_Driver/Src/stm32f4xx_hal_tim_ex.c ****   /* Return function status */
 854:Drivers/STM32F4xx_HAL_Driver/Src/stm32f4xx_hal_tim_ex.c ****   return status;
 2271              		.loc 1 854 10 is_stmt 1
 2272 0134 FB7B     		ldrb	r3, [r7, #15]	@ zero_extendqisi2
 855:Drivers/STM32F4xx_HAL_Driver/Src/stm32f4xx_hal_tim_ex.c **** }
 2273              		.loc 1 855 1
 2274 0136 1846     		mov	r0, r3
 2275 0138 1037     		adds	r7, r7, #16
 2276              	.LCFI70:
 2277              		.cfi_def_cfa_offset 8
 2278 013a BD46     		mov	sp, r7
 2279              	.LCFI71:
 2280              		.cfi_def_cfa_register 13
 2281              		@ sp needed
 2282 013c 80BD     		pop	{r7, pc}
 2283              		.cfi_endproc
 2284              	.LFE252:
 2286              		.section	.text.HAL_TIMEx_OCN_Start_DMA,"ax",%progbits
 2287              		.align	1
 2288              		.global	HAL_TIMEx_OCN_Start_DMA
 2289              		.syntax unified
 2290              		.thumb
 2291              		.thumb_func
 2293              	HAL_TIMEx_OCN_Start_DMA:
 2294              	.LFB253:
 856:Drivers/STM32F4xx_HAL_Driver/Src/stm32f4xx_hal_tim_ex.c **** 
 857:Drivers/STM32F4xx_HAL_Driver/Src/stm32f4xx_hal_tim_ex.c **** /**
 858:Drivers/STM32F4xx_HAL_Driver/Src/stm32f4xx_hal_tim_ex.c ****   * @brief  Starts the TIM Output Compare signal generation in DMA mode
 859:Drivers/STM32F4xx_HAL_Driver/Src/stm32f4xx_hal_tim_ex.c ****   *         on the complementary output.
 860:Drivers/STM32F4xx_HAL_Driver/Src/stm32f4xx_hal_tim_ex.c ****   * @param  htim TIM Output Compare handle
 861:Drivers/STM32F4xx_HAL_Driver/Src/stm32f4xx_hal_tim_ex.c ****   * @param  Channel TIM Channel to be enabled
 862:Drivers/STM32F4xx_HAL_Driver/Src/stm32f4xx_hal_tim_ex.c ****   *          This parameter can be one of the following values:
 863:Drivers/STM32F4xx_HAL_Driver/Src/stm32f4xx_hal_tim_ex.c ****   *            @arg TIM_CHANNEL_1: TIM Channel 1 selected
ARM GAS  /tmp/ccemsrUD.s 			page 56


 864:Drivers/STM32F4xx_HAL_Driver/Src/stm32f4xx_hal_tim_ex.c ****   *            @arg TIM_CHANNEL_2: TIM Channel 2 selected
 865:Drivers/STM32F4xx_HAL_Driver/Src/stm32f4xx_hal_tim_ex.c ****   *            @arg TIM_CHANNEL_3: TIM Channel 3 selected
 866:Drivers/STM32F4xx_HAL_Driver/Src/stm32f4xx_hal_tim_ex.c ****   * @param  pData The source Buffer address.
 867:Drivers/STM32F4xx_HAL_Driver/Src/stm32f4xx_hal_tim_ex.c ****   * @param  Length The length of data to be transferred from memory to TIM peripheral
 868:Drivers/STM32F4xx_HAL_Driver/Src/stm32f4xx_hal_tim_ex.c ****   * @retval HAL status
 869:Drivers/STM32F4xx_HAL_Driver/Src/stm32f4xx_hal_tim_ex.c ****   */
 870:Drivers/STM32F4xx_HAL_Driver/Src/stm32f4xx_hal_tim_ex.c **** HAL_StatusTypeDef HAL_TIMEx_OCN_Start_DMA(TIM_HandleTypeDef *htim, uint32_t Channel, const uint32_t
 871:Drivers/STM32F4xx_HAL_Driver/Src/stm32f4xx_hal_tim_ex.c ****                                           uint16_t Length)
 872:Drivers/STM32F4xx_HAL_Driver/Src/stm32f4xx_hal_tim_ex.c **** {
 2295              		.loc 1 872 1
 2296              		.cfi_startproc
 2297              		@ args = 0, pretend = 0, frame = 24
 2298              		@ frame_needed = 1, uses_anonymous_args = 0
 2299 0000 80B5     		push	{r7, lr}
 2300              	.LCFI72:
 2301              		.cfi_def_cfa_offset 8
 2302              		.cfi_offset 7, -8
 2303              		.cfi_offset 14, -4
 2304 0002 86B0     		sub	sp, sp, #24
 2305              	.LCFI73:
 2306              		.cfi_def_cfa_offset 32
 2307 0004 00AF     		add	r7, sp, #0
 2308              	.LCFI74:
 2309              		.cfi_def_cfa_register 7
 2310 0006 F860     		str	r0, [r7, #12]
 2311 0008 B960     		str	r1, [r7, #8]
 2312 000a 7A60     		str	r2, [r7, #4]
 2313 000c 7B80     		strh	r3, [r7, #2]	@ movhi
 873:Drivers/STM32F4xx_HAL_Driver/Src/stm32f4xx_hal_tim_ex.c ****   HAL_StatusTypeDef status = HAL_OK;
 2314              		.loc 1 873 21
 2315 000e 0023     		movs	r3, #0
 2316 0010 FB75     		strb	r3, [r7, #23]
 874:Drivers/STM32F4xx_HAL_Driver/Src/stm32f4xx_hal_tim_ex.c ****   uint32_t tmpsmcr;
 875:Drivers/STM32F4xx_HAL_Driver/Src/stm32f4xx_hal_tim_ex.c **** 
 876:Drivers/STM32F4xx_HAL_Driver/Src/stm32f4xx_hal_tim_ex.c ****   /* Check the parameters */
 877:Drivers/STM32F4xx_HAL_Driver/Src/stm32f4xx_hal_tim_ex.c ****   assert_param(IS_TIM_CCXN_INSTANCE(htim->Instance, Channel));
 878:Drivers/STM32F4xx_HAL_Driver/Src/stm32f4xx_hal_tim_ex.c **** 
 879:Drivers/STM32F4xx_HAL_Driver/Src/stm32f4xx_hal_tim_ex.c ****   /* Set the TIM complementary channel state */
 880:Drivers/STM32F4xx_HAL_Driver/Src/stm32f4xx_hal_tim_ex.c ****   if (TIM_CHANNEL_N_STATE_GET(htim, Channel) == HAL_TIM_CHANNEL_STATE_BUSY)
 2317              		.loc 1 880 46
 2318 0012 BB68     		ldr	r3, [r7, #8]
 2319 0014 002B     		cmp	r3, #0
 2320 0016 09D1     		bne	.L130
 2321              		.loc 1 880 7 discriminator 1
 2322 0018 FB68     		ldr	r3, [r7, #12]
 2323 001a 93F84230 		ldrb	r3, [r3, #66]
 2324 001e DBB2     		uxtb	r3, r3
 2325              		.loc 1 880 46 discriminator 1
 2326 0020 022B     		cmp	r3, #2
 2327 0022 0CBF     		ite	eq
 2328 0024 0123     		moveq	r3, #1
 2329 0026 0023     		movne	r3, #0
 2330 0028 DBB2     		uxtb	r3, r3
 2331 002a 22E0     		b	.L131
 2332              	.L130:
 2333              		.loc 1 880 46 is_stmt 0 discriminator 2
 2334 002c BB68     		ldr	r3, [r7, #8]
ARM GAS  /tmp/ccemsrUD.s 			page 57


 2335 002e 042B     		cmp	r3, #4
 2336 0030 09D1     		bne	.L132
 2337              		.loc 1 880 7 is_stmt 1 discriminator 4
 2338 0032 FB68     		ldr	r3, [r7, #12]
 2339 0034 93F84330 		ldrb	r3, [r3, #67]
 2340 0038 DBB2     		uxtb	r3, r3
 2341              		.loc 1 880 46 discriminator 4
 2342 003a 022B     		cmp	r3, #2
 2343 003c 0CBF     		ite	eq
 2344 003e 0123     		moveq	r3, #1
 2345 0040 0023     		movne	r3, #0
 2346 0042 DBB2     		uxtb	r3, r3
 2347 0044 15E0     		b	.L131
 2348              	.L132:
 2349              		.loc 1 880 46 is_stmt 0 discriminator 5
 2350 0046 BB68     		ldr	r3, [r7, #8]
 2351 0048 082B     		cmp	r3, #8
 2352 004a 09D1     		bne	.L134
 2353              		.loc 1 880 7 is_stmt 1 discriminator 7
 2354 004c FB68     		ldr	r3, [r7, #12]
 2355 004e 93F84430 		ldrb	r3, [r3, #68]
 2356 0052 DBB2     		uxtb	r3, r3
 2357              		.loc 1 880 46 discriminator 7
 2358 0054 022B     		cmp	r3, #2
 2359 0056 0CBF     		ite	eq
 2360 0058 0123     		moveq	r3, #1
 2361 005a 0023     		movne	r3, #0
 2362 005c DBB2     		uxtb	r3, r3
 2363 005e 08E0     		b	.L131
 2364              	.L134:
 2365              		.loc 1 880 7 discriminator 8
 2366 0060 FB68     		ldr	r3, [r7, #12]
 2367 0062 93F84530 		ldrb	r3, [r3, #69]
 2368 0066 DBB2     		uxtb	r3, r3
 2369              		.loc 1 880 46 discriminator 8
 2370 0068 022B     		cmp	r3, #2
 2371 006a 0CBF     		ite	eq
 2372 006c 0123     		moveq	r3, #1
 2373 006e 0023     		movne	r3, #0
 2374 0070 DBB2     		uxtb	r3, r3
 2375              	.L131:
 2376              		.loc 1 880 6 discriminator 12
 2377 0072 002B     		cmp	r3, #0
 2378 0074 01D0     		beq	.L136
 881:Drivers/STM32F4xx_HAL_Driver/Src/stm32f4xx_hal_tim_ex.c ****   {
 882:Drivers/STM32F4xx_HAL_Driver/Src/stm32f4xx_hal_tim_ex.c ****     return HAL_BUSY;
 2379              		.loc 1 882 12
 2380 0076 0223     		movs	r3, #2
 2381 0078 29E1     		b	.L137
 2382              	.L136:
 883:Drivers/STM32F4xx_HAL_Driver/Src/stm32f4xx_hal_tim_ex.c ****   }
 884:Drivers/STM32F4xx_HAL_Driver/Src/stm32f4xx_hal_tim_ex.c ****   else if (TIM_CHANNEL_N_STATE_GET(htim, Channel) == HAL_TIM_CHANNEL_STATE_READY)
 2383              		.loc 1 884 51
 2384 007a BB68     		ldr	r3, [r7, #8]
 2385 007c 002B     		cmp	r3, #0
 2386 007e 09D1     		bne	.L138
 2387              		.loc 1 884 12 discriminator 1
ARM GAS  /tmp/ccemsrUD.s 			page 58


 2388 0080 FB68     		ldr	r3, [r7, #12]
 2389 0082 93F84230 		ldrb	r3, [r3, #66]
 2390 0086 DBB2     		uxtb	r3, r3
 2391              		.loc 1 884 51 discriminator 1
 2392 0088 012B     		cmp	r3, #1
 2393 008a 0CBF     		ite	eq
 2394 008c 0123     		moveq	r3, #1
 2395 008e 0023     		movne	r3, #0
 2396 0090 DBB2     		uxtb	r3, r3
 2397 0092 22E0     		b	.L139
 2398              	.L138:
 2399              		.loc 1 884 51 is_stmt 0 discriminator 2
 2400 0094 BB68     		ldr	r3, [r7, #8]
 2401 0096 042B     		cmp	r3, #4
 2402 0098 09D1     		bne	.L140
 2403              		.loc 1 884 12 is_stmt 1 discriminator 4
 2404 009a FB68     		ldr	r3, [r7, #12]
 2405 009c 93F84330 		ldrb	r3, [r3, #67]
 2406 00a0 DBB2     		uxtb	r3, r3
 2407              		.loc 1 884 51 discriminator 4
 2408 00a2 012B     		cmp	r3, #1
 2409 00a4 0CBF     		ite	eq
 2410 00a6 0123     		moveq	r3, #1
 2411 00a8 0023     		movne	r3, #0
 2412 00aa DBB2     		uxtb	r3, r3
 2413 00ac 15E0     		b	.L139
 2414              	.L140:
 2415              		.loc 1 884 51 is_stmt 0 discriminator 5
 2416 00ae BB68     		ldr	r3, [r7, #8]
 2417 00b0 082B     		cmp	r3, #8
 2418 00b2 09D1     		bne	.L142
 2419              		.loc 1 884 12 is_stmt 1 discriminator 7
 2420 00b4 FB68     		ldr	r3, [r7, #12]
 2421 00b6 93F84430 		ldrb	r3, [r3, #68]
 2422 00ba DBB2     		uxtb	r3, r3
 2423              		.loc 1 884 51 discriminator 7
 2424 00bc 012B     		cmp	r3, #1
 2425 00be 0CBF     		ite	eq
 2426 00c0 0123     		moveq	r3, #1
 2427 00c2 0023     		movne	r3, #0
 2428 00c4 DBB2     		uxtb	r3, r3
 2429 00c6 08E0     		b	.L139
 2430              	.L142:
 2431              		.loc 1 884 12 discriminator 8
 2432 00c8 FB68     		ldr	r3, [r7, #12]
 2433 00ca 93F84530 		ldrb	r3, [r3, #69]
 2434 00ce DBB2     		uxtb	r3, r3
 2435              		.loc 1 884 51 discriminator 8
 2436 00d0 012B     		cmp	r3, #1
 2437 00d2 0CBF     		ite	eq
 2438 00d4 0123     		moveq	r3, #1
 2439 00d6 0023     		movne	r3, #0
 2440 00d8 DBB2     		uxtb	r3, r3
 2441              	.L139:
 2442              		.loc 1 884 11 discriminator 12
 2443 00da 002B     		cmp	r3, #0
 2444 00dc 24D0     		beq	.L144
ARM GAS  /tmp/ccemsrUD.s 			page 59


 885:Drivers/STM32F4xx_HAL_Driver/Src/stm32f4xx_hal_tim_ex.c ****   {
 886:Drivers/STM32F4xx_HAL_Driver/Src/stm32f4xx_hal_tim_ex.c ****     if ((pData == NULL) || (Length == 0U))
 2445              		.loc 1 886 8
 2446 00de 7B68     		ldr	r3, [r7, #4]
 2447 00e0 002B     		cmp	r3, #0
 2448 00e2 02D0     		beq	.L145
 2449              		.loc 1 886 25 discriminator 1
 2450 00e4 7B88     		ldrh	r3, [r7, #2]
 2451 00e6 002B     		cmp	r3, #0
 2452 00e8 01D1     		bne	.L146
 2453              	.L145:
 887:Drivers/STM32F4xx_HAL_Driver/Src/stm32f4xx_hal_tim_ex.c ****     {
 888:Drivers/STM32F4xx_HAL_Driver/Src/stm32f4xx_hal_tim_ex.c ****       return HAL_ERROR;
 2454              		.loc 1 888 14
 2455 00ea 0123     		movs	r3, #1
 2456 00ec EFE0     		b	.L137
 2457              	.L146:
 889:Drivers/STM32F4xx_HAL_Driver/Src/stm32f4xx_hal_tim_ex.c ****     }
 890:Drivers/STM32F4xx_HAL_Driver/Src/stm32f4xx_hal_tim_ex.c ****     else
 891:Drivers/STM32F4xx_HAL_Driver/Src/stm32f4xx_hal_tim_ex.c ****     {
 892:Drivers/STM32F4xx_HAL_Driver/Src/stm32f4xx_hal_tim_ex.c ****       TIM_CHANNEL_N_STATE_SET(htim, Channel, HAL_TIM_CHANNEL_STATE_BUSY);
 2458              		.loc 1 892 7
 2459 00ee BB68     		ldr	r3, [r7, #8]
 2460 00f0 002B     		cmp	r3, #0
 2461 00f2 04D1     		bne	.L147
 2462              		.loc 1 892 7 is_stmt 0 discriminator 1
 2463 00f4 FB68     		ldr	r3, [r7, #12]
 2464 00f6 0222     		movs	r2, #2
 2465 00f8 83F84220 		strb	r2, [r3, #66]
 2466 00fc 16E0     		b	.L148
 2467              	.L147:
 2468              		.loc 1 892 7 discriminator 2
 2469 00fe BB68     		ldr	r3, [r7, #8]
 2470 0100 042B     		cmp	r3, #4
 2471 0102 04D1     		bne	.L149
 2472              		.loc 1 892 7 discriminator 3
 2473 0104 FB68     		ldr	r3, [r7, #12]
 2474 0106 0222     		movs	r2, #2
 2475 0108 83F84320 		strb	r2, [r3, #67]
 2476 010c 0EE0     		b	.L148
 2477              	.L149:
 2478              		.loc 1 892 7 discriminator 4
 2479 010e BB68     		ldr	r3, [r7, #8]
 2480 0110 082B     		cmp	r3, #8
 2481 0112 04D1     		bne	.L151
 2482              		.loc 1 892 7 discriminator 6
 2483 0114 FB68     		ldr	r3, [r7, #12]
 2484 0116 0222     		movs	r2, #2
 2485 0118 83F84420 		strb	r2, [r3, #68]
 2486 011c 06E0     		b	.L148
 2487              	.L151:
 2488              		.loc 1 892 7 discriminator 7
 2489 011e FB68     		ldr	r3, [r7, #12]
 2490 0120 0222     		movs	r2, #2
 2491 0122 83F84520 		strb	r2, [r3, #69]
 2492 0126 01E0     		b	.L148
 2493              	.L144:
ARM GAS  /tmp/ccemsrUD.s 			page 60


 893:Drivers/STM32F4xx_HAL_Driver/Src/stm32f4xx_hal_tim_ex.c ****     }
 894:Drivers/STM32F4xx_HAL_Driver/Src/stm32f4xx_hal_tim_ex.c ****   }
 895:Drivers/STM32F4xx_HAL_Driver/Src/stm32f4xx_hal_tim_ex.c ****   else
 896:Drivers/STM32F4xx_HAL_Driver/Src/stm32f4xx_hal_tim_ex.c ****   {
 897:Drivers/STM32F4xx_HAL_Driver/Src/stm32f4xx_hal_tim_ex.c ****     return HAL_ERROR;
 2494              		.loc 1 897 12 is_stmt 1
 2495 0128 0123     		movs	r3, #1
 2496 012a D0E0     		b	.L137
 2497              	.L148:
 898:Drivers/STM32F4xx_HAL_Driver/Src/stm32f4xx_hal_tim_ex.c ****   }
 899:Drivers/STM32F4xx_HAL_Driver/Src/stm32f4xx_hal_tim_ex.c **** 
 900:Drivers/STM32F4xx_HAL_Driver/Src/stm32f4xx_hal_tim_ex.c ****   switch (Channel)
 2498              		.loc 1 900 3
 2499 012c BB68     		ldr	r3, [r7, #8]
 2500 012e 082B     		cmp	r3, #8
 2501 0130 51D0     		beq	.L153
 2502 0132 BB68     		ldr	r3, [r7, #8]
 2503 0134 082B     		cmp	r3, #8
 2504 0136 72D8     		bhi	.L154
 2505 0138 BB68     		ldr	r3, [r7, #8]
 2506 013a 002B     		cmp	r3, #0
 2507 013c 03D0     		beq	.L155
 2508 013e BB68     		ldr	r3, [r7, #8]
 2509 0140 042B     		cmp	r3, #4
 2510 0142 24D0     		beq	.L156
 2511 0144 6BE0     		b	.L154
 2512              	.L155:
 901:Drivers/STM32F4xx_HAL_Driver/Src/stm32f4xx_hal_tim_ex.c ****   {
 902:Drivers/STM32F4xx_HAL_Driver/Src/stm32f4xx_hal_tim_ex.c ****     case TIM_CHANNEL_1:
 903:Drivers/STM32F4xx_HAL_Driver/Src/stm32f4xx_hal_tim_ex.c ****     {
 904:Drivers/STM32F4xx_HAL_Driver/Src/stm32f4xx_hal_tim_ex.c ****       /* Set the DMA compare callbacks */
 905:Drivers/STM32F4xx_HAL_Driver/Src/stm32f4xx_hal_tim_ex.c ****       htim->hdma[TIM_DMA_ID_CC1]->XferCpltCallback = TIM_DMADelayPulseNCplt;
 2513              		.loc 1 905 17
 2514 0146 FB68     		ldr	r3, [r7, #12]
 2515 0148 5B6A     		ldr	r3, [r3, #36]
 2516              		.loc 1 905 52
 2517 014a 634A     		ldr	r2, .L165
 2518 014c DA63     		str	r2, [r3, #60]
 906:Drivers/STM32F4xx_HAL_Driver/Src/stm32f4xx_hal_tim_ex.c ****       htim->hdma[TIM_DMA_ID_CC1]->XferHalfCpltCallback = TIM_DMADelayPulseHalfCplt;
 2519              		.loc 1 906 17
 2520 014e FB68     		ldr	r3, [r7, #12]
 2521 0150 5B6A     		ldr	r3, [r3, #36]
 2522              		.loc 1 906 56
 2523 0152 624A     		ldr	r2, .L165+4
 2524 0154 1A64     		str	r2, [r3, #64]
 907:Drivers/STM32F4xx_HAL_Driver/Src/stm32f4xx_hal_tim_ex.c **** 
 908:Drivers/STM32F4xx_HAL_Driver/Src/stm32f4xx_hal_tim_ex.c ****       /* Set the DMA error callback */
 909:Drivers/STM32F4xx_HAL_Driver/Src/stm32f4xx_hal_tim_ex.c ****       htim->hdma[TIM_DMA_ID_CC1]->XferErrorCallback = TIM_DMAErrorCCxN ;
 2525              		.loc 1 909 17
 2526 0156 FB68     		ldr	r3, [r7, #12]
 2527 0158 5B6A     		ldr	r3, [r3, #36]
 2528              		.loc 1 909 53
 2529 015a 614A     		ldr	r2, .L165+8
 2530 015c DA64     		str	r2, [r3, #76]
 910:Drivers/STM32F4xx_HAL_Driver/Src/stm32f4xx_hal_tim_ex.c **** 
 911:Drivers/STM32F4xx_HAL_Driver/Src/stm32f4xx_hal_tim_ex.c ****       /* Enable the DMA stream */
 912:Drivers/STM32F4xx_HAL_Driver/Src/stm32f4xx_hal_tim_ex.c ****       if (HAL_DMA_Start_IT(htim->hdma[TIM_DMA_ID_CC1], (uint32_t)pData, (uint32_t)&htim->Instance->
ARM GAS  /tmp/ccemsrUD.s 			page 61


 2531              		.loc 1 912 11
 2532 015e FB68     		ldr	r3, [r7, #12]
 2533 0160 586A     		ldr	r0, [r3, #36]
 2534 0162 7968     		ldr	r1, [r7, #4]
 2535              		.loc 1 912 88
 2536 0164 FB68     		ldr	r3, [r7, #12]
 2537 0166 1B68     		ldr	r3, [r3]
 2538              		.loc 1 912 83
 2539 0168 3433     		adds	r3, r3, #52
 2540              		.loc 1 912 11
 2541 016a 1A46     		mov	r2, r3
 2542 016c 7B88     		ldrh	r3, [r7, #2]
 2543 016e FFF7FEFF 		bl	HAL_DMA_Start_IT
 2544 0172 0346     		mov	r3, r0
 2545              		.loc 1 912 10
 2546 0174 002B     		cmp	r3, #0
 2547 0176 01D0     		beq	.L157
 913:Drivers/STM32F4xx_HAL_Driver/Src/stm32f4xx_hal_tim_ex.c ****                            Length) != HAL_OK)
 914:Drivers/STM32F4xx_HAL_Driver/Src/stm32f4xx_hal_tim_ex.c ****       {
 915:Drivers/STM32F4xx_HAL_Driver/Src/stm32f4xx_hal_tim_ex.c ****         /* Return error status */
 916:Drivers/STM32F4xx_HAL_Driver/Src/stm32f4xx_hal_tim_ex.c ****         return HAL_ERROR;
 2548              		.loc 1 916 16
 2549 0178 0123     		movs	r3, #1
 2550 017a A8E0     		b	.L137
 2551              	.L157:
 917:Drivers/STM32F4xx_HAL_Driver/Src/stm32f4xx_hal_tim_ex.c ****       }
 918:Drivers/STM32F4xx_HAL_Driver/Src/stm32f4xx_hal_tim_ex.c ****       /* Enable the TIM Output Compare DMA request */
 919:Drivers/STM32F4xx_HAL_Driver/Src/stm32f4xx_hal_tim_ex.c ****       __HAL_TIM_ENABLE_DMA(htim, TIM_DMA_CC1);
 2552              		.loc 1 919 7
 2553 017c FB68     		ldr	r3, [r7, #12]
 2554 017e 1B68     		ldr	r3, [r3]
 2555 0180 DA68     		ldr	r2, [r3, #12]
 2556 0182 FB68     		ldr	r3, [r7, #12]
 2557 0184 1B68     		ldr	r3, [r3]
 2558 0186 42F40072 		orr	r2, r2, #512
 2559 018a DA60     		str	r2, [r3, #12]
 920:Drivers/STM32F4xx_HAL_Driver/Src/stm32f4xx_hal_tim_ex.c ****       break;
 2560              		.loc 1 920 7
 2561 018c 4AE0     		b	.L158
 2562              	.L156:
 921:Drivers/STM32F4xx_HAL_Driver/Src/stm32f4xx_hal_tim_ex.c ****     }
 922:Drivers/STM32F4xx_HAL_Driver/Src/stm32f4xx_hal_tim_ex.c **** 
 923:Drivers/STM32F4xx_HAL_Driver/Src/stm32f4xx_hal_tim_ex.c ****     case TIM_CHANNEL_2:
 924:Drivers/STM32F4xx_HAL_Driver/Src/stm32f4xx_hal_tim_ex.c ****     {
 925:Drivers/STM32F4xx_HAL_Driver/Src/stm32f4xx_hal_tim_ex.c ****       /* Set the DMA compare callbacks */
 926:Drivers/STM32F4xx_HAL_Driver/Src/stm32f4xx_hal_tim_ex.c ****       htim->hdma[TIM_DMA_ID_CC2]->XferCpltCallback = TIM_DMADelayPulseNCplt;
 2563              		.loc 1 926 17
 2564 018e FB68     		ldr	r3, [r7, #12]
 2565 0190 9B6A     		ldr	r3, [r3, #40]
 2566              		.loc 1 926 52
 2567 0192 514A     		ldr	r2, .L165
 2568 0194 DA63     		str	r2, [r3, #60]
 927:Drivers/STM32F4xx_HAL_Driver/Src/stm32f4xx_hal_tim_ex.c ****       htim->hdma[TIM_DMA_ID_CC2]->XferHalfCpltCallback = TIM_DMADelayPulseHalfCplt;
 2569              		.loc 1 927 17
 2570 0196 FB68     		ldr	r3, [r7, #12]
 2571 0198 9B6A     		ldr	r3, [r3, #40]
 2572              		.loc 1 927 56
ARM GAS  /tmp/ccemsrUD.s 			page 62


 2573 019a 504A     		ldr	r2, .L165+4
 2574 019c 1A64     		str	r2, [r3, #64]
 928:Drivers/STM32F4xx_HAL_Driver/Src/stm32f4xx_hal_tim_ex.c **** 
 929:Drivers/STM32F4xx_HAL_Driver/Src/stm32f4xx_hal_tim_ex.c ****       /* Set the DMA error callback */
 930:Drivers/STM32F4xx_HAL_Driver/Src/stm32f4xx_hal_tim_ex.c ****       htim->hdma[TIM_DMA_ID_CC2]->XferErrorCallback = TIM_DMAErrorCCxN ;
 2575              		.loc 1 930 17
 2576 019e FB68     		ldr	r3, [r7, #12]
 2577 01a0 9B6A     		ldr	r3, [r3, #40]
 2578              		.loc 1 930 53
 2579 01a2 4F4A     		ldr	r2, .L165+8
 2580 01a4 DA64     		str	r2, [r3, #76]
 931:Drivers/STM32F4xx_HAL_Driver/Src/stm32f4xx_hal_tim_ex.c **** 
 932:Drivers/STM32F4xx_HAL_Driver/Src/stm32f4xx_hal_tim_ex.c ****       /* Enable the DMA stream */
 933:Drivers/STM32F4xx_HAL_Driver/Src/stm32f4xx_hal_tim_ex.c ****       if (HAL_DMA_Start_IT(htim->hdma[TIM_DMA_ID_CC2], (uint32_t)pData, (uint32_t)&htim->Instance->
 2581              		.loc 1 933 11
 2582 01a6 FB68     		ldr	r3, [r7, #12]
 2583 01a8 986A     		ldr	r0, [r3, #40]
 2584 01aa 7968     		ldr	r1, [r7, #4]
 2585              		.loc 1 933 88
 2586 01ac FB68     		ldr	r3, [r7, #12]
 2587 01ae 1B68     		ldr	r3, [r3]
 2588              		.loc 1 933 83
 2589 01b0 3833     		adds	r3, r3, #56
 2590              		.loc 1 933 11
 2591 01b2 1A46     		mov	r2, r3
 2592 01b4 7B88     		ldrh	r3, [r7, #2]
 2593 01b6 FFF7FEFF 		bl	HAL_DMA_Start_IT
 2594 01ba 0346     		mov	r3, r0
 2595              		.loc 1 933 10
 2596 01bc 002B     		cmp	r3, #0
 2597 01be 01D0     		beq	.L159
 934:Drivers/STM32F4xx_HAL_Driver/Src/stm32f4xx_hal_tim_ex.c ****                            Length) != HAL_OK)
 935:Drivers/STM32F4xx_HAL_Driver/Src/stm32f4xx_hal_tim_ex.c ****       {
 936:Drivers/STM32F4xx_HAL_Driver/Src/stm32f4xx_hal_tim_ex.c ****         /* Return error status */
 937:Drivers/STM32F4xx_HAL_Driver/Src/stm32f4xx_hal_tim_ex.c ****         return HAL_ERROR;
 2598              		.loc 1 937 16
 2599 01c0 0123     		movs	r3, #1
 2600 01c2 84E0     		b	.L137
 2601              	.L159:
 938:Drivers/STM32F4xx_HAL_Driver/Src/stm32f4xx_hal_tim_ex.c ****       }
 939:Drivers/STM32F4xx_HAL_Driver/Src/stm32f4xx_hal_tim_ex.c ****       /* Enable the TIM Output Compare DMA request */
 940:Drivers/STM32F4xx_HAL_Driver/Src/stm32f4xx_hal_tim_ex.c ****       __HAL_TIM_ENABLE_DMA(htim, TIM_DMA_CC2);
 2602              		.loc 1 940 7
 2603 01c4 FB68     		ldr	r3, [r7, #12]
 2604 01c6 1B68     		ldr	r3, [r3]
 2605 01c8 DA68     		ldr	r2, [r3, #12]
 2606 01ca FB68     		ldr	r3, [r7, #12]
 2607 01cc 1B68     		ldr	r3, [r3]
 2608 01ce 42F48062 		orr	r2, r2, #1024
 2609 01d2 DA60     		str	r2, [r3, #12]
 941:Drivers/STM32F4xx_HAL_Driver/Src/stm32f4xx_hal_tim_ex.c ****       break;
 2610              		.loc 1 941 7
 2611 01d4 26E0     		b	.L158
 2612              	.L153:
 942:Drivers/STM32F4xx_HAL_Driver/Src/stm32f4xx_hal_tim_ex.c ****     }
 943:Drivers/STM32F4xx_HAL_Driver/Src/stm32f4xx_hal_tim_ex.c **** 
 944:Drivers/STM32F4xx_HAL_Driver/Src/stm32f4xx_hal_tim_ex.c ****     case TIM_CHANNEL_3:
ARM GAS  /tmp/ccemsrUD.s 			page 63


 945:Drivers/STM32F4xx_HAL_Driver/Src/stm32f4xx_hal_tim_ex.c ****     {
 946:Drivers/STM32F4xx_HAL_Driver/Src/stm32f4xx_hal_tim_ex.c ****       /* Set the DMA compare callbacks */
 947:Drivers/STM32F4xx_HAL_Driver/Src/stm32f4xx_hal_tim_ex.c ****       htim->hdma[TIM_DMA_ID_CC3]->XferCpltCallback = TIM_DMADelayPulseNCplt;
 2613              		.loc 1 947 17
 2614 01d6 FB68     		ldr	r3, [r7, #12]
 2615 01d8 DB6A     		ldr	r3, [r3, #44]
 2616              		.loc 1 947 52
 2617 01da 3F4A     		ldr	r2, .L165
 2618 01dc DA63     		str	r2, [r3, #60]
 948:Drivers/STM32F4xx_HAL_Driver/Src/stm32f4xx_hal_tim_ex.c ****       htim->hdma[TIM_DMA_ID_CC3]->XferHalfCpltCallback = TIM_DMADelayPulseHalfCplt;
 2619              		.loc 1 948 17
 2620 01de FB68     		ldr	r3, [r7, #12]
 2621 01e0 DB6A     		ldr	r3, [r3, #44]
 2622              		.loc 1 948 56
 2623 01e2 3E4A     		ldr	r2, .L165+4
 2624 01e4 1A64     		str	r2, [r3, #64]
 949:Drivers/STM32F4xx_HAL_Driver/Src/stm32f4xx_hal_tim_ex.c **** 
 950:Drivers/STM32F4xx_HAL_Driver/Src/stm32f4xx_hal_tim_ex.c ****       /* Set the DMA error callback */
 951:Drivers/STM32F4xx_HAL_Driver/Src/stm32f4xx_hal_tim_ex.c ****       htim->hdma[TIM_DMA_ID_CC3]->XferErrorCallback = TIM_DMAErrorCCxN ;
 2625              		.loc 1 951 17
 2626 01e6 FB68     		ldr	r3, [r7, #12]
 2627 01e8 DB6A     		ldr	r3, [r3, #44]
 2628              		.loc 1 951 53
 2629 01ea 3D4A     		ldr	r2, .L165+8
 2630 01ec DA64     		str	r2, [r3, #76]
 952:Drivers/STM32F4xx_HAL_Driver/Src/stm32f4xx_hal_tim_ex.c **** 
 953:Drivers/STM32F4xx_HAL_Driver/Src/stm32f4xx_hal_tim_ex.c ****       /* Enable the DMA stream */
 954:Drivers/STM32F4xx_HAL_Driver/Src/stm32f4xx_hal_tim_ex.c ****       if (HAL_DMA_Start_IT(htim->hdma[TIM_DMA_ID_CC3], (uint32_t)pData, (uint32_t)&htim->Instance->
 2631              		.loc 1 954 11
 2632 01ee FB68     		ldr	r3, [r7, #12]
 2633 01f0 D86A     		ldr	r0, [r3, #44]
 2634 01f2 7968     		ldr	r1, [r7, #4]
 2635              		.loc 1 954 88
 2636 01f4 FB68     		ldr	r3, [r7, #12]
 2637 01f6 1B68     		ldr	r3, [r3]
 2638              		.loc 1 954 83
 2639 01f8 3C33     		adds	r3, r3, #60
 2640              		.loc 1 954 11
 2641 01fa 1A46     		mov	r2, r3
 2642 01fc 7B88     		ldrh	r3, [r7, #2]
 2643 01fe FFF7FEFF 		bl	HAL_DMA_Start_IT
 2644 0202 0346     		mov	r3, r0
 2645              		.loc 1 954 10
 2646 0204 002B     		cmp	r3, #0
 2647 0206 01D0     		beq	.L160
 955:Drivers/STM32F4xx_HAL_Driver/Src/stm32f4xx_hal_tim_ex.c ****                            Length) != HAL_OK)
 956:Drivers/STM32F4xx_HAL_Driver/Src/stm32f4xx_hal_tim_ex.c ****       {
 957:Drivers/STM32F4xx_HAL_Driver/Src/stm32f4xx_hal_tim_ex.c ****         /* Return error status */
 958:Drivers/STM32F4xx_HAL_Driver/Src/stm32f4xx_hal_tim_ex.c ****         return HAL_ERROR;
 2648              		.loc 1 958 16
 2649 0208 0123     		movs	r3, #1
 2650 020a 60E0     		b	.L137
 2651              	.L160:
 959:Drivers/STM32F4xx_HAL_Driver/Src/stm32f4xx_hal_tim_ex.c ****       }
 960:Drivers/STM32F4xx_HAL_Driver/Src/stm32f4xx_hal_tim_ex.c ****       /* Enable the TIM Output Compare DMA request */
 961:Drivers/STM32F4xx_HAL_Driver/Src/stm32f4xx_hal_tim_ex.c ****       __HAL_TIM_ENABLE_DMA(htim, TIM_DMA_CC3);
 2652              		.loc 1 961 7
ARM GAS  /tmp/ccemsrUD.s 			page 64


 2653 020c FB68     		ldr	r3, [r7, #12]
 2654 020e 1B68     		ldr	r3, [r3]
 2655 0210 DA68     		ldr	r2, [r3, #12]
 2656 0212 FB68     		ldr	r3, [r7, #12]
 2657 0214 1B68     		ldr	r3, [r3]
 2658 0216 42F40062 		orr	r2, r2, #2048
 2659 021a DA60     		str	r2, [r3, #12]
 962:Drivers/STM32F4xx_HAL_Driver/Src/stm32f4xx_hal_tim_ex.c ****       break;
 2660              		.loc 1 962 7
 2661 021c 02E0     		b	.L158
 2662              	.L154:
 963:Drivers/STM32F4xx_HAL_Driver/Src/stm32f4xx_hal_tim_ex.c ****     }
 964:Drivers/STM32F4xx_HAL_Driver/Src/stm32f4xx_hal_tim_ex.c **** 
 965:Drivers/STM32F4xx_HAL_Driver/Src/stm32f4xx_hal_tim_ex.c ****     default:
 966:Drivers/STM32F4xx_HAL_Driver/Src/stm32f4xx_hal_tim_ex.c ****       status = HAL_ERROR;
 2663              		.loc 1 966 14
 2664 021e 0123     		movs	r3, #1
 2665 0220 FB75     		strb	r3, [r7, #23]
 967:Drivers/STM32F4xx_HAL_Driver/Src/stm32f4xx_hal_tim_ex.c ****       break;
 2666              		.loc 1 967 7
 2667 0222 00BF     		nop
 2668              	.L158:
 968:Drivers/STM32F4xx_HAL_Driver/Src/stm32f4xx_hal_tim_ex.c ****   }
 969:Drivers/STM32F4xx_HAL_Driver/Src/stm32f4xx_hal_tim_ex.c **** 
 970:Drivers/STM32F4xx_HAL_Driver/Src/stm32f4xx_hal_tim_ex.c ****   if (status == HAL_OK)
 2669              		.loc 1 970 6
 2670 0224 FB7D     		ldrb	r3, [r7, #23]	@ zero_extendqisi2
 2671 0226 002B     		cmp	r3, #0
 2672 0228 50D1     		bne	.L161
 971:Drivers/STM32F4xx_HAL_Driver/Src/stm32f4xx_hal_tim_ex.c ****   {
 972:Drivers/STM32F4xx_HAL_Driver/Src/stm32f4xx_hal_tim_ex.c ****     /* Enable the Capture compare channel N */
 973:Drivers/STM32F4xx_HAL_Driver/Src/stm32f4xx_hal_tim_ex.c ****     TIM_CCxNChannelCmd(htim->Instance, Channel, TIM_CCxN_ENABLE);
 2673              		.loc 1 973 5
 2674 022a FB68     		ldr	r3, [r7, #12]
 2675 022c 1B68     		ldr	r3, [r3]
 2676 022e 0422     		movs	r2, #4
 2677 0230 B968     		ldr	r1, [r7, #8]
 2678 0232 1846     		mov	r0, r3
 2679 0234 FFF7FEFF 		bl	TIM_CCxNChannelCmd
 974:Drivers/STM32F4xx_HAL_Driver/Src/stm32f4xx_hal_tim_ex.c **** 
 975:Drivers/STM32F4xx_HAL_Driver/Src/stm32f4xx_hal_tim_ex.c ****     /* Enable the Main Output */
 976:Drivers/STM32F4xx_HAL_Driver/Src/stm32f4xx_hal_tim_ex.c ****     __HAL_TIM_MOE_ENABLE(htim);
 2680              		.loc 1 976 5
 2681 0238 FB68     		ldr	r3, [r7, #12]
 2682 023a 1B68     		ldr	r3, [r3]
 2683 023c 5A6C     		ldr	r2, [r3, #68]
 2684 023e FB68     		ldr	r3, [r7, #12]
 2685 0240 1B68     		ldr	r3, [r3]
 2686 0242 42F40042 		orr	r2, r2, #32768
 2687 0246 5A64     		str	r2, [r3, #68]
 977:Drivers/STM32F4xx_HAL_Driver/Src/stm32f4xx_hal_tim_ex.c **** 
 978:Drivers/STM32F4xx_HAL_Driver/Src/stm32f4xx_hal_tim_ex.c ****     /* Enable the Peripheral, except in trigger mode where enable is automatically done with trigge
 979:Drivers/STM32F4xx_HAL_Driver/Src/stm32f4xx_hal_tim_ex.c ****     if (IS_TIM_SLAVE_INSTANCE(htim->Instance))
 2688              		.loc 1 979 9
 2689 0248 FB68     		ldr	r3, [r7, #12]
 2690 024a 1B68     		ldr	r3, [r3]
 2691              		.loc 1 979 8
ARM GAS  /tmp/ccemsrUD.s 			page 65


 2692 024c 254A     		ldr	r2, .L165+12
 2693 024e 9342     		cmp	r3, r2
 2694 0250 22D0     		beq	.L162
 2695              		.loc 1 979 9 discriminator 1
 2696 0252 FB68     		ldr	r3, [r7, #12]
 2697 0254 1B68     		ldr	r3, [r3]
 2698 0256 B3F1804F 		cmp	r3, #1073741824
 2699 025a 1DD0     		beq	.L162
 2700              		.loc 1 979 9 is_stmt 0 discriminator 2
 2701 025c FB68     		ldr	r3, [r7, #12]
 2702 025e 1B68     		ldr	r3, [r3]
 2703 0260 214A     		ldr	r2, .L165+16
 2704 0262 9342     		cmp	r3, r2
 2705 0264 18D0     		beq	.L162
 2706              		.loc 1 979 9 discriminator 3
 2707 0266 FB68     		ldr	r3, [r7, #12]
 2708 0268 1B68     		ldr	r3, [r3]
 2709 026a 204A     		ldr	r2, .L165+20
 2710 026c 9342     		cmp	r3, r2
 2711 026e 13D0     		beq	.L162
 2712              		.loc 1 979 9 discriminator 4
 2713 0270 FB68     		ldr	r3, [r7, #12]
 2714 0272 1B68     		ldr	r3, [r3]
 2715 0274 1E4A     		ldr	r2, .L165+24
 2716 0276 9342     		cmp	r3, r2
 2717 0278 0ED0     		beq	.L162
 2718              		.loc 1 979 9 discriminator 5
 2719 027a FB68     		ldr	r3, [r7, #12]
 2720 027c 1B68     		ldr	r3, [r3]
 2721 027e 1D4A     		ldr	r2, .L165+28
 2722 0280 9342     		cmp	r3, r2
 2723 0282 09D0     		beq	.L162
 2724              		.loc 1 979 9 discriminator 6
 2725 0284 FB68     		ldr	r3, [r7, #12]
 2726 0286 1B68     		ldr	r3, [r3]
 2727 0288 1B4A     		ldr	r2, .L165+32
 2728 028a 9342     		cmp	r3, r2
 2729 028c 04D0     		beq	.L162
 2730              		.loc 1 979 9 discriminator 7
 2731 028e FB68     		ldr	r3, [r7, #12]
 2732 0290 1B68     		ldr	r3, [r3]
 2733 0292 1A4A     		ldr	r2, .L165+36
 2734 0294 9342     		cmp	r3, r2
 2735 0296 11D1     		bne	.L163
 2736              	.L162:
 980:Drivers/STM32F4xx_HAL_Driver/Src/stm32f4xx_hal_tim_ex.c ****     {
 981:Drivers/STM32F4xx_HAL_Driver/Src/stm32f4xx_hal_tim_ex.c ****       tmpsmcr = htim->Instance->SMCR & TIM_SMCR_SMS;
 2737              		.loc 1 981 21 is_stmt 1
 2738 0298 FB68     		ldr	r3, [r7, #12]
 2739 029a 1B68     		ldr	r3, [r3]
 2740              		.loc 1 981 31
 2741 029c 9B68     		ldr	r3, [r3, #8]
 2742              		.loc 1 981 15
 2743 029e 03F00703 		and	r3, r3, #7
 2744 02a2 3B61     		str	r3, [r7, #16]
 982:Drivers/STM32F4xx_HAL_Driver/Src/stm32f4xx_hal_tim_ex.c ****       if (!IS_TIM_SLAVEMODE_TRIGGER_ENABLED(tmpsmcr))
 2745              		.loc 1 982 10
ARM GAS  /tmp/ccemsrUD.s 			page 66


 2746 02a4 3B69     		ldr	r3, [r7, #16]
 2747 02a6 062B     		cmp	r3, #6
 2748 02a8 10D0     		beq	.L161
 983:Drivers/STM32F4xx_HAL_Driver/Src/stm32f4xx_hal_tim_ex.c ****       {
 984:Drivers/STM32F4xx_HAL_Driver/Src/stm32f4xx_hal_tim_ex.c ****         __HAL_TIM_ENABLE(htim);
 2749              		.loc 1 984 9
 2750 02aa FB68     		ldr	r3, [r7, #12]
 2751 02ac 1B68     		ldr	r3, [r3]
 2752 02ae 1A68     		ldr	r2, [r3]
 2753 02b0 FB68     		ldr	r3, [r7, #12]
 2754 02b2 1B68     		ldr	r3, [r3]
 2755 02b4 42F00102 		orr	r2, r2, #1
 2756 02b8 1A60     		str	r2, [r3]
 982:Drivers/STM32F4xx_HAL_Driver/Src/stm32f4xx_hal_tim_ex.c ****       if (!IS_TIM_SLAVEMODE_TRIGGER_ENABLED(tmpsmcr))
 2757              		.loc 1 982 10
 2758 02ba 07E0     		b	.L161
 2759              	.L163:
 985:Drivers/STM32F4xx_HAL_Driver/Src/stm32f4xx_hal_tim_ex.c ****       }
 986:Drivers/STM32F4xx_HAL_Driver/Src/stm32f4xx_hal_tim_ex.c ****     }
 987:Drivers/STM32F4xx_HAL_Driver/Src/stm32f4xx_hal_tim_ex.c ****     else
 988:Drivers/STM32F4xx_HAL_Driver/Src/stm32f4xx_hal_tim_ex.c ****     {
 989:Drivers/STM32F4xx_HAL_Driver/Src/stm32f4xx_hal_tim_ex.c ****       __HAL_TIM_ENABLE(htim);
 2760              		.loc 1 989 7
 2761 02bc FB68     		ldr	r3, [r7, #12]
 2762 02be 1B68     		ldr	r3, [r3]
 2763 02c0 1A68     		ldr	r2, [r3]
 2764 02c2 FB68     		ldr	r3, [r7, #12]
 2765 02c4 1B68     		ldr	r3, [r3]
 2766 02c6 42F00102 		orr	r2, r2, #1
 2767 02ca 1A60     		str	r2, [r3]
 2768              	.L161:
 990:Drivers/STM32F4xx_HAL_Driver/Src/stm32f4xx_hal_tim_ex.c ****     }
 991:Drivers/STM32F4xx_HAL_Driver/Src/stm32f4xx_hal_tim_ex.c ****   }
 992:Drivers/STM32F4xx_HAL_Driver/Src/stm32f4xx_hal_tim_ex.c **** 
 993:Drivers/STM32F4xx_HAL_Driver/Src/stm32f4xx_hal_tim_ex.c ****   /* Return function status */
 994:Drivers/STM32F4xx_HAL_Driver/Src/stm32f4xx_hal_tim_ex.c ****   return status;
 2769              		.loc 1 994 10
 2770 02cc FB7D     		ldrb	r3, [r7, #23]	@ zero_extendqisi2
 2771              	.L137:
 995:Drivers/STM32F4xx_HAL_Driver/Src/stm32f4xx_hal_tim_ex.c **** }
 2772              		.loc 1 995 1
 2773 02ce 1846     		mov	r0, r3
 2774 02d0 1837     		adds	r7, r7, #24
 2775              	.LCFI75:
 2776              		.cfi_def_cfa_offset 8
 2777 02d2 BD46     		mov	sp, r7
 2778              	.LCFI76:
 2779              		.cfi_def_cfa_register 13
 2780              		@ sp needed
 2781 02d4 80BD     		pop	{r7, pc}
 2782              	.L166:
 2783 02d6 00BF     		.align	2
 2784              	.L165:
 2785 02d8 00000000 		.word	TIM_DMADelayPulseNCplt
 2786 02dc 00000000 		.word	TIM_DMADelayPulseHalfCplt
 2787 02e0 00000000 		.word	TIM_DMAErrorCCxN
 2788 02e4 00000140 		.word	1073807360
ARM GAS  /tmp/ccemsrUD.s 			page 67


 2789 02e8 00040040 		.word	1073742848
 2790 02ec 00080040 		.word	1073743872
 2791 02f0 000C0040 		.word	1073744896
 2792 02f4 00040140 		.word	1073808384
 2793 02f8 00400140 		.word	1073823744
 2794 02fc 00180040 		.word	1073747968
 2795              		.cfi_endproc
 2796              	.LFE253:
 2798              		.section	.text.HAL_TIMEx_OCN_Stop_DMA,"ax",%progbits
 2799              		.align	1
 2800              		.global	HAL_TIMEx_OCN_Stop_DMA
 2801              		.syntax unified
 2802              		.thumb
 2803              		.thumb_func
 2805              	HAL_TIMEx_OCN_Stop_DMA:
 2806              	.LFB254:
 996:Drivers/STM32F4xx_HAL_Driver/Src/stm32f4xx_hal_tim_ex.c **** 
 997:Drivers/STM32F4xx_HAL_Driver/Src/stm32f4xx_hal_tim_ex.c **** /**
 998:Drivers/STM32F4xx_HAL_Driver/Src/stm32f4xx_hal_tim_ex.c ****   * @brief  Stops the TIM Output Compare signal generation in DMA mode
 999:Drivers/STM32F4xx_HAL_Driver/Src/stm32f4xx_hal_tim_ex.c ****   *         on the complementary output.
1000:Drivers/STM32F4xx_HAL_Driver/Src/stm32f4xx_hal_tim_ex.c ****   * @param  htim TIM Output Compare handle
1001:Drivers/STM32F4xx_HAL_Driver/Src/stm32f4xx_hal_tim_ex.c ****   * @param  Channel TIM Channel to be disabled
1002:Drivers/STM32F4xx_HAL_Driver/Src/stm32f4xx_hal_tim_ex.c ****   *          This parameter can be one of the following values:
1003:Drivers/STM32F4xx_HAL_Driver/Src/stm32f4xx_hal_tim_ex.c ****   *            @arg TIM_CHANNEL_1: TIM Channel 1 selected
1004:Drivers/STM32F4xx_HAL_Driver/Src/stm32f4xx_hal_tim_ex.c ****   *            @arg TIM_CHANNEL_2: TIM Channel 2 selected
1005:Drivers/STM32F4xx_HAL_Driver/Src/stm32f4xx_hal_tim_ex.c ****   *            @arg TIM_CHANNEL_3: TIM Channel 3 selected
1006:Drivers/STM32F4xx_HAL_Driver/Src/stm32f4xx_hal_tim_ex.c ****   * @retval HAL status
1007:Drivers/STM32F4xx_HAL_Driver/Src/stm32f4xx_hal_tim_ex.c ****   */
1008:Drivers/STM32F4xx_HAL_Driver/Src/stm32f4xx_hal_tim_ex.c **** HAL_StatusTypeDef HAL_TIMEx_OCN_Stop_DMA(TIM_HandleTypeDef *htim, uint32_t Channel)
1009:Drivers/STM32F4xx_HAL_Driver/Src/stm32f4xx_hal_tim_ex.c **** {
 2807              		.loc 1 1009 1
 2808              		.cfi_startproc
 2809              		@ args = 0, pretend = 0, frame = 16
 2810              		@ frame_needed = 1, uses_anonymous_args = 0
 2811 0000 80B5     		push	{r7, lr}
 2812              	.LCFI77:
 2813              		.cfi_def_cfa_offset 8
 2814              		.cfi_offset 7, -8
 2815              		.cfi_offset 14, -4
 2816 0002 84B0     		sub	sp, sp, #16
 2817              	.LCFI78:
 2818              		.cfi_def_cfa_offset 24
 2819 0004 00AF     		add	r7, sp, #0
 2820              	.LCFI79:
 2821              		.cfi_def_cfa_register 7
 2822 0006 7860     		str	r0, [r7, #4]
 2823 0008 3960     		str	r1, [r7]
1010:Drivers/STM32F4xx_HAL_Driver/Src/stm32f4xx_hal_tim_ex.c ****   HAL_StatusTypeDef status = HAL_OK;
 2824              		.loc 1 1010 21
 2825 000a 0023     		movs	r3, #0
 2826 000c FB73     		strb	r3, [r7, #15]
1011:Drivers/STM32F4xx_HAL_Driver/Src/stm32f4xx_hal_tim_ex.c **** 
1012:Drivers/STM32F4xx_HAL_Driver/Src/stm32f4xx_hal_tim_ex.c ****   /* Check the parameters */
1013:Drivers/STM32F4xx_HAL_Driver/Src/stm32f4xx_hal_tim_ex.c ****   assert_param(IS_TIM_CCXN_INSTANCE(htim->Instance, Channel));
1014:Drivers/STM32F4xx_HAL_Driver/Src/stm32f4xx_hal_tim_ex.c **** 
1015:Drivers/STM32F4xx_HAL_Driver/Src/stm32f4xx_hal_tim_ex.c ****   switch (Channel)
 2827              		.loc 1 1015 3
ARM GAS  /tmp/ccemsrUD.s 			page 68


 2828 000e 3B68     		ldr	r3, [r7]
 2829 0010 082B     		cmp	r3, #8
 2830 0012 25D0     		beq	.L168
 2831 0014 3B68     		ldr	r3, [r7]
 2832 0016 082B     		cmp	r3, #8
 2833 0018 30D8     		bhi	.L169
 2834 001a 3B68     		ldr	r3, [r7]
 2835 001c 002B     		cmp	r3, #0
 2836 001e 03D0     		beq	.L170
 2837 0020 3B68     		ldr	r3, [r7]
 2838 0022 042B     		cmp	r3, #4
 2839 0024 0ED0     		beq	.L171
 2840 0026 29E0     		b	.L169
 2841              	.L170:
1016:Drivers/STM32F4xx_HAL_Driver/Src/stm32f4xx_hal_tim_ex.c ****   {
1017:Drivers/STM32F4xx_HAL_Driver/Src/stm32f4xx_hal_tim_ex.c ****     case TIM_CHANNEL_1:
1018:Drivers/STM32F4xx_HAL_Driver/Src/stm32f4xx_hal_tim_ex.c ****     {
1019:Drivers/STM32F4xx_HAL_Driver/Src/stm32f4xx_hal_tim_ex.c ****       /* Disable the TIM Output Compare DMA request */
1020:Drivers/STM32F4xx_HAL_Driver/Src/stm32f4xx_hal_tim_ex.c ****       __HAL_TIM_DISABLE_DMA(htim, TIM_DMA_CC1);
 2842              		.loc 1 1020 7
 2843 0028 7B68     		ldr	r3, [r7, #4]
 2844 002a 1B68     		ldr	r3, [r3]
 2845 002c DA68     		ldr	r2, [r3, #12]
 2846 002e 7B68     		ldr	r3, [r7, #4]
 2847 0030 1B68     		ldr	r3, [r3]
 2848 0032 22F40072 		bic	r2, r2, #512
 2849 0036 DA60     		str	r2, [r3, #12]
1021:Drivers/STM32F4xx_HAL_Driver/Src/stm32f4xx_hal_tim_ex.c ****       (void)HAL_DMA_Abort_IT(htim->hdma[TIM_DMA_ID_CC1]);
 2850              		.loc 1 1021 13
 2851 0038 7B68     		ldr	r3, [r7, #4]
 2852 003a 5B6A     		ldr	r3, [r3, #36]
 2853 003c 1846     		mov	r0, r3
 2854 003e FFF7FEFF 		bl	HAL_DMA_Abort_IT
1022:Drivers/STM32F4xx_HAL_Driver/Src/stm32f4xx_hal_tim_ex.c ****       break;
 2855              		.loc 1 1022 7
 2856 0042 1EE0     		b	.L172
 2857              	.L171:
1023:Drivers/STM32F4xx_HAL_Driver/Src/stm32f4xx_hal_tim_ex.c ****     }
1024:Drivers/STM32F4xx_HAL_Driver/Src/stm32f4xx_hal_tim_ex.c **** 
1025:Drivers/STM32F4xx_HAL_Driver/Src/stm32f4xx_hal_tim_ex.c ****     case TIM_CHANNEL_2:
1026:Drivers/STM32F4xx_HAL_Driver/Src/stm32f4xx_hal_tim_ex.c ****     {
1027:Drivers/STM32F4xx_HAL_Driver/Src/stm32f4xx_hal_tim_ex.c ****       /* Disable the TIM Output Compare DMA request */
1028:Drivers/STM32F4xx_HAL_Driver/Src/stm32f4xx_hal_tim_ex.c ****       __HAL_TIM_DISABLE_DMA(htim, TIM_DMA_CC2);
 2858              		.loc 1 1028 7
 2859 0044 7B68     		ldr	r3, [r7, #4]
 2860 0046 1B68     		ldr	r3, [r3]
 2861 0048 DA68     		ldr	r2, [r3, #12]
 2862 004a 7B68     		ldr	r3, [r7, #4]
 2863 004c 1B68     		ldr	r3, [r3]
 2864 004e 22F48062 		bic	r2, r2, #1024
 2865 0052 DA60     		str	r2, [r3, #12]
1029:Drivers/STM32F4xx_HAL_Driver/Src/stm32f4xx_hal_tim_ex.c ****       (void)HAL_DMA_Abort_IT(htim->hdma[TIM_DMA_ID_CC2]);
 2866              		.loc 1 1029 13
 2867 0054 7B68     		ldr	r3, [r7, #4]
 2868 0056 9B6A     		ldr	r3, [r3, #40]
 2869 0058 1846     		mov	r0, r3
 2870 005a FFF7FEFF 		bl	HAL_DMA_Abort_IT
ARM GAS  /tmp/ccemsrUD.s 			page 69


1030:Drivers/STM32F4xx_HAL_Driver/Src/stm32f4xx_hal_tim_ex.c ****       break;
 2871              		.loc 1 1030 7
 2872 005e 10E0     		b	.L172
 2873              	.L168:
1031:Drivers/STM32F4xx_HAL_Driver/Src/stm32f4xx_hal_tim_ex.c ****     }
1032:Drivers/STM32F4xx_HAL_Driver/Src/stm32f4xx_hal_tim_ex.c **** 
1033:Drivers/STM32F4xx_HAL_Driver/Src/stm32f4xx_hal_tim_ex.c ****     case TIM_CHANNEL_3:
1034:Drivers/STM32F4xx_HAL_Driver/Src/stm32f4xx_hal_tim_ex.c ****     {
1035:Drivers/STM32F4xx_HAL_Driver/Src/stm32f4xx_hal_tim_ex.c ****       /* Disable the TIM Output Compare DMA request */
1036:Drivers/STM32F4xx_HAL_Driver/Src/stm32f4xx_hal_tim_ex.c ****       __HAL_TIM_DISABLE_DMA(htim, TIM_DMA_CC3);
 2874              		.loc 1 1036 7
 2875 0060 7B68     		ldr	r3, [r7, #4]
 2876 0062 1B68     		ldr	r3, [r3]
 2877 0064 DA68     		ldr	r2, [r3, #12]
 2878 0066 7B68     		ldr	r3, [r7, #4]
 2879 0068 1B68     		ldr	r3, [r3]
 2880 006a 22F40062 		bic	r2, r2, #2048
 2881 006e DA60     		str	r2, [r3, #12]
1037:Drivers/STM32F4xx_HAL_Driver/Src/stm32f4xx_hal_tim_ex.c ****       (void)HAL_DMA_Abort_IT(htim->hdma[TIM_DMA_ID_CC3]);
 2882              		.loc 1 1037 13
 2883 0070 7B68     		ldr	r3, [r7, #4]
 2884 0072 DB6A     		ldr	r3, [r3, #44]
 2885 0074 1846     		mov	r0, r3
 2886 0076 FFF7FEFF 		bl	HAL_DMA_Abort_IT
1038:Drivers/STM32F4xx_HAL_Driver/Src/stm32f4xx_hal_tim_ex.c ****       break;
 2887              		.loc 1 1038 7
 2888 007a 02E0     		b	.L172
 2889              	.L169:
1039:Drivers/STM32F4xx_HAL_Driver/Src/stm32f4xx_hal_tim_ex.c ****     }
1040:Drivers/STM32F4xx_HAL_Driver/Src/stm32f4xx_hal_tim_ex.c **** 
1041:Drivers/STM32F4xx_HAL_Driver/Src/stm32f4xx_hal_tim_ex.c ****     default:
1042:Drivers/STM32F4xx_HAL_Driver/Src/stm32f4xx_hal_tim_ex.c ****       status = HAL_ERROR;
 2890              		.loc 1 1042 14
 2891 007c 0123     		movs	r3, #1
 2892 007e FB73     		strb	r3, [r7, #15]
1043:Drivers/STM32F4xx_HAL_Driver/Src/stm32f4xx_hal_tim_ex.c ****       break;
 2893              		.loc 1 1043 7
 2894 0080 00BF     		nop
 2895              	.L172:
1044:Drivers/STM32F4xx_HAL_Driver/Src/stm32f4xx_hal_tim_ex.c ****   }
1045:Drivers/STM32F4xx_HAL_Driver/Src/stm32f4xx_hal_tim_ex.c **** 
1046:Drivers/STM32F4xx_HAL_Driver/Src/stm32f4xx_hal_tim_ex.c ****   if (status == HAL_OK)
 2896              		.loc 1 1046 6
 2897 0082 FB7B     		ldrb	r3, [r7, #15]	@ zero_extendqisi2
 2898 0084 002B     		cmp	r3, #0
 2899 0086 52D1     		bne	.L173
1047:Drivers/STM32F4xx_HAL_Driver/Src/stm32f4xx_hal_tim_ex.c ****   {
1048:Drivers/STM32F4xx_HAL_Driver/Src/stm32f4xx_hal_tim_ex.c ****     /* Disable the Capture compare channel N */
1049:Drivers/STM32F4xx_HAL_Driver/Src/stm32f4xx_hal_tim_ex.c ****     TIM_CCxNChannelCmd(htim->Instance, Channel, TIM_CCxN_DISABLE);
 2900              		.loc 1 1049 5
 2901 0088 7B68     		ldr	r3, [r7, #4]
 2902 008a 1B68     		ldr	r3, [r3]
 2903 008c 0022     		movs	r2, #0
 2904 008e 3968     		ldr	r1, [r7]
 2905 0090 1846     		mov	r0, r3
 2906 0092 FFF7FEFF 		bl	TIM_CCxNChannelCmd
1050:Drivers/STM32F4xx_HAL_Driver/Src/stm32f4xx_hal_tim_ex.c **** 
ARM GAS  /tmp/ccemsrUD.s 			page 70


1051:Drivers/STM32F4xx_HAL_Driver/Src/stm32f4xx_hal_tim_ex.c ****     /* Disable the Main Output */
1052:Drivers/STM32F4xx_HAL_Driver/Src/stm32f4xx_hal_tim_ex.c ****     __HAL_TIM_MOE_DISABLE(htim);
 2907              		.loc 1 1052 5
 2908 0096 7B68     		ldr	r3, [r7, #4]
 2909 0098 1B68     		ldr	r3, [r3]
 2910 009a 1A6A     		ldr	r2, [r3, #32]
 2911 009c 41F21113 		movw	r3, #4369
 2912 00a0 1340     		ands	r3, r3, r2
 2913 00a2 002B     		cmp	r3, #0
 2914 00a4 0FD1     		bne	.L174
 2915              		.loc 1 1052 5 is_stmt 0 discriminator 1
 2916 00a6 7B68     		ldr	r3, [r7, #4]
 2917 00a8 1B68     		ldr	r3, [r3]
 2918 00aa 1A6A     		ldr	r2, [r3, #32]
 2919 00ac 40F24443 		movw	r3, #1092
 2920 00b0 1340     		ands	r3, r3, r2
 2921 00b2 002B     		cmp	r3, #0
 2922 00b4 07D1     		bne	.L174
 2923              		.loc 1 1052 5 discriminator 2
 2924 00b6 7B68     		ldr	r3, [r7, #4]
 2925 00b8 1B68     		ldr	r3, [r3]
 2926 00ba 5A6C     		ldr	r2, [r3, #68]
 2927 00bc 7B68     		ldr	r3, [r7, #4]
 2928 00be 1B68     		ldr	r3, [r3]
 2929 00c0 22F40042 		bic	r2, r2, #32768
 2930 00c4 5A64     		str	r2, [r3, #68]
 2931              	.L174:
1053:Drivers/STM32F4xx_HAL_Driver/Src/stm32f4xx_hal_tim_ex.c **** 
1054:Drivers/STM32F4xx_HAL_Driver/Src/stm32f4xx_hal_tim_ex.c ****     /* Disable the Peripheral */
1055:Drivers/STM32F4xx_HAL_Driver/Src/stm32f4xx_hal_tim_ex.c ****     __HAL_TIM_DISABLE(htim);
 2932              		.loc 1 1055 5 is_stmt 1
 2933 00c6 7B68     		ldr	r3, [r7, #4]
 2934 00c8 1B68     		ldr	r3, [r3]
 2935 00ca 1A6A     		ldr	r2, [r3, #32]
 2936 00cc 41F21113 		movw	r3, #4369
 2937 00d0 1340     		ands	r3, r3, r2
 2938 00d2 002B     		cmp	r3, #0
 2939 00d4 0FD1     		bne	.L175
 2940              		.loc 1 1055 5 is_stmt 0 discriminator 1
 2941 00d6 7B68     		ldr	r3, [r7, #4]
 2942 00d8 1B68     		ldr	r3, [r3]
 2943 00da 1A6A     		ldr	r2, [r3, #32]
 2944 00dc 40F24443 		movw	r3, #1092
 2945 00e0 1340     		ands	r3, r3, r2
 2946 00e2 002B     		cmp	r3, #0
 2947 00e4 07D1     		bne	.L175
 2948              		.loc 1 1055 5 discriminator 2
 2949 00e6 7B68     		ldr	r3, [r7, #4]
 2950 00e8 1B68     		ldr	r3, [r3]
 2951 00ea 1A68     		ldr	r2, [r3]
 2952 00ec 7B68     		ldr	r3, [r7, #4]
 2953 00ee 1B68     		ldr	r3, [r3]
 2954 00f0 22F00102 		bic	r2, r2, #1
 2955 00f4 1A60     		str	r2, [r3]
 2956              	.L175:
1056:Drivers/STM32F4xx_HAL_Driver/Src/stm32f4xx_hal_tim_ex.c **** 
1057:Drivers/STM32F4xx_HAL_Driver/Src/stm32f4xx_hal_tim_ex.c ****     /* Set the TIM complementary channel state */
ARM GAS  /tmp/ccemsrUD.s 			page 71


1058:Drivers/STM32F4xx_HAL_Driver/Src/stm32f4xx_hal_tim_ex.c ****     TIM_CHANNEL_N_STATE_SET(htim, Channel, HAL_TIM_CHANNEL_STATE_READY);
 2957              		.loc 1 1058 5 is_stmt 1
 2958 00f6 3B68     		ldr	r3, [r7]
 2959 00f8 002B     		cmp	r3, #0
 2960 00fa 04D1     		bne	.L176
 2961              		.loc 1 1058 5 is_stmt 0 discriminator 1
 2962 00fc 7B68     		ldr	r3, [r7, #4]
 2963 00fe 0122     		movs	r2, #1
 2964 0100 83F84220 		strb	r2, [r3, #66]
 2965 0104 13E0     		b	.L173
 2966              	.L176:
 2967              		.loc 1 1058 5 discriminator 2
 2968 0106 3B68     		ldr	r3, [r7]
 2969 0108 042B     		cmp	r3, #4
 2970 010a 04D1     		bne	.L177
 2971              		.loc 1 1058 5 discriminator 3
 2972 010c 7B68     		ldr	r3, [r7, #4]
 2973 010e 0122     		movs	r2, #1
 2974 0110 83F84320 		strb	r2, [r3, #67]
 2975 0114 0BE0     		b	.L173
 2976              	.L177:
 2977              		.loc 1 1058 5 discriminator 4
 2978 0116 3B68     		ldr	r3, [r7]
 2979 0118 082B     		cmp	r3, #8
 2980 011a 04D1     		bne	.L179
 2981              		.loc 1 1058 5 discriminator 6
 2982 011c 7B68     		ldr	r3, [r7, #4]
 2983 011e 0122     		movs	r2, #1
 2984 0120 83F84420 		strb	r2, [r3, #68]
 2985 0124 03E0     		b	.L173
 2986              	.L179:
 2987              		.loc 1 1058 5 discriminator 7
 2988 0126 7B68     		ldr	r3, [r7, #4]
 2989 0128 0122     		movs	r2, #1
 2990 012a 83F84520 		strb	r2, [r3, #69]
 2991              	.L173:
1059:Drivers/STM32F4xx_HAL_Driver/Src/stm32f4xx_hal_tim_ex.c ****   }
1060:Drivers/STM32F4xx_HAL_Driver/Src/stm32f4xx_hal_tim_ex.c **** 
1061:Drivers/STM32F4xx_HAL_Driver/Src/stm32f4xx_hal_tim_ex.c ****   /* Return function status */
1062:Drivers/STM32F4xx_HAL_Driver/Src/stm32f4xx_hal_tim_ex.c ****   return status;
 2992              		.loc 1 1062 10 is_stmt 1
 2993 012e FB7B     		ldrb	r3, [r7, #15]	@ zero_extendqisi2
1063:Drivers/STM32F4xx_HAL_Driver/Src/stm32f4xx_hal_tim_ex.c **** }
 2994              		.loc 1 1063 1
 2995 0130 1846     		mov	r0, r3
 2996 0132 1037     		adds	r7, r7, #16
 2997              	.LCFI80:
 2998              		.cfi_def_cfa_offset 8
 2999 0134 BD46     		mov	sp, r7
 3000              	.LCFI81:
 3001              		.cfi_def_cfa_register 13
 3002              		@ sp needed
 3003 0136 80BD     		pop	{r7, pc}
 3004              		.cfi_endproc
 3005              	.LFE254:
 3007              		.section	.text.HAL_TIMEx_PWMN_Start,"ax",%progbits
 3008              		.align	1
ARM GAS  /tmp/ccemsrUD.s 			page 72


 3009              		.global	HAL_TIMEx_PWMN_Start
 3010              		.syntax unified
 3011              		.thumb
 3012              		.thumb_func
 3014              	HAL_TIMEx_PWMN_Start:
 3015              	.LFB255:
1064:Drivers/STM32F4xx_HAL_Driver/Src/stm32f4xx_hal_tim_ex.c **** 
1065:Drivers/STM32F4xx_HAL_Driver/Src/stm32f4xx_hal_tim_ex.c **** /**
1066:Drivers/STM32F4xx_HAL_Driver/Src/stm32f4xx_hal_tim_ex.c ****   * @}
1067:Drivers/STM32F4xx_HAL_Driver/Src/stm32f4xx_hal_tim_ex.c ****   */
1068:Drivers/STM32F4xx_HAL_Driver/Src/stm32f4xx_hal_tim_ex.c **** 
1069:Drivers/STM32F4xx_HAL_Driver/Src/stm32f4xx_hal_tim_ex.c **** /** @defgroup TIMEx_Exported_Functions_Group3 Extended Timer Complementary PWM functions
1070:Drivers/STM32F4xx_HAL_Driver/Src/stm32f4xx_hal_tim_ex.c ****   * @brief    Timer Complementary PWM functions
1071:Drivers/STM32F4xx_HAL_Driver/Src/stm32f4xx_hal_tim_ex.c ****   *
1072:Drivers/STM32F4xx_HAL_Driver/Src/stm32f4xx_hal_tim_ex.c **** @verbatim
1073:Drivers/STM32F4xx_HAL_Driver/Src/stm32f4xx_hal_tim_ex.c ****   ==============================================================================
1074:Drivers/STM32F4xx_HAL_Driver/Src/stm32f4xx_hal_tim_ex.c ****                  ##### Timer Complementary PWM functions #####
1075:Drivers/STM32F4xx_HAL_Driver/Src/stm32f4xx_hal_tim_ex.c ****   ==============================================================================
1076:Drivers/STM32F4xx_HAL_Driver/Src/stm32f4xx_hal_tim_ex.c ****   [..]
1077:Drivers/STM32F4xx_HAL_Driver/Src/stm32f4xx_hal_tim_ex.c ****     This section provides functions allowing to:
1078:Drivers/STM32F4xx_HAL_Driver/Src/stm32f4xx_hal_tim_ex.c ****     (+) Start the Complementary PWM.
1079:Drivers/STM32F4xx_HAL_Driver/Src/stm32f4xx_hal_tim_ex.c ****     (+) Stop the Complementary PWM.
1080:Drivers/STM32F4xx_HAL_Driver/Src/stm32f4xx_hal_tim_ex.c ****     (+) Start the Complementary PWM and enable interrupts.
1081:Drivers/STM32F4xx_HAL_Driver/Src/stm32f4xx_hal_tim_ex.c ****     (+) Stop the Complementary PWM and disable interrupts.
1082:Drivers/STM32F4xx_HAL_Driver/Src/stm32f4xx_hal_tim_ex.c ****     (+) Start the Complementary PWM and enable DMA transfers.
1083:Drivers/STM32F4xx_HAL_Driver/Src/stm32f4xx_hal_tim_ex.c ****     (+) Stop the Complementary PWM and disable DMA transfers.
1084:Drivers/STM32F4xx_HAL_Driver/Src/stm32f4xx_hal_tim_ex.c **** @endverbatim
1085:Drivers/STM32F4xx_HAL_Driver/Src/stm32f4xx_hal_tim_ex.c ****   * @{
1086:Drivers/STM32F4xx_HAL_Driver/Src/stm32f4xx_hal_tim_ex.c ****   */
1087:Drivers/STM32F4xx_HAL_Driver/Src/stm32f4xx_hal_tim_ex.c **** 
1088:Drivers/STM32F4xx_HAL_Driver/Src/stm32f4xx_hal_tim_ex.c **** /**
1089:Drivers/STM32F4xx_HAL_Driver/Src/stm32f4xx_hal_tim_ex.c ****   * @brief  Starts the PWM signal generation on the complementary output.
1090:Drivers/STM32F4xx_HAL_Driver/Src/stm32f4xx_hal_tim_ex.c ****   * @param  htim TIM handle
1091:Drivers/STM32F4xx_HAL_Driver/Src/stm32f4xx_hal_tim_ex.c ****   * @param  Channel TIM Channel to be enabled
1092:Drivers/STM32F4xx_HAL_Driver/Src/stm32f4xx_hal_tim_ex.c ****   *          This parameter can be one of the following values:
1093:Drivers/STM32F4xx_HAL_Driver/Src/stm32f4xx_hal_tim_ex.c ****   *            @arg TIM_CHANNEL_1: TIM Channel 1 selected
1094:Drivers/STM32F4xx_HAL_Driver/Src/stm32f4xx_hal_tim_ex.c ****   *            @arg TIM_CHANNEL_2: TIM Channel 2 selected
1095:Drivers/STM32F4xx_HAL_Driver/Src/stm32f4xx_hal_tim_ex.c ****   *            @arg TIM_CHANNEL_3: TIM Channel 3 selected
1096:Drivers/STM32F4xx_HAL_Driver/Src/stm32f4xx_hal_tim_ex.c ****   * @retval HAL status
1097:Drivers/STM32F4xx_HAL_Driver/Src/stm32f4xx_hal_tim_ex.c ****   */
1098:Drivers/STM32F4xx_HAL_Driver/Src/stm32f4xx_hal_tim_ex.c **** HAL_StatusTypeDef HAL_TIMEx_PWMN_Start(TIM_HandleTypeDef *htim, uint32_t Channel)
1099:Drivers/STM32F4xx_HAL_Driver/Src/stm32f4xx_hal_tim_ex.c **** {
 3016              		.loc 1 1099 1
 3017              		.cfi_startproc
 3018              		@ args = 0, pretend = 0, frame = 16
 3019              		@ frame_needed = 1, uses_anonymous_args = 0
 3020 0000 80B5     		push	{r7, lr}
 3021              	.LCFI82:
 3022              		.cfi_def_cfa_offset 8
 3023              		.cfi_offset 7, -8
 3024              		.cfi_offset 14, -4
 3025 0002 84B0     		sub	sp, sp, #16
 3026              	.LCFI83:
 3027              		.cfi_def_cfa_offset 24
 3028 0004 00AF     		add	r7, sp, #0
 3029              	.LCFI84:
 3030              		.cfi_def_cfa_register 7
ARM GAS  /tmp/ccemsrUD.s 			page 73


 3031 0006 7860     		str	r0, [r7, #4]
 3032 0008 3960     		str	r1, [r7]
1100:Drivers/STM32F4xx_HAL_Driver/Src/stm32f4xx_hal_tim_ex.c ****   uint32_t tmpsmcr;
1101:Drivers/STM32F4xx_HAL_Driver/Src/stm32f4xx_hal_tim_ex.c **** 
1102:Drivers/STM32F4xx_HAL_Driver/Src/stm32f4xx_hal_tim_ex.c ****   /* Check the parameters */
1103:Drivers/STM32F4xx_HAL_Driver/Src/stm32f4xx_hal_tim_ex.c ****   assert_param(IS_TIM_CCXN_INSTANCE(htim->Instance, Channel));
1104:Drivers/STM32F4xx_HAL_Driver/Src/stm32f4xx_hal_tim_ex.c **** 
1105:Drivers/STM32F4xx_HAL_Driver/Src/stm32f4xx_hal_tim_ex.c ****   /* Check the TIM complementary channel state */
1106:Drivers/STM32F4xx_HAL_Driver/Src/stm32f4xx_hal_tim_ex.c ****   if (TIM_CHANNEL_N_STATE_GET(htim, Channel) != HAL_TIM_CHANNEL_STATE_READY)
 3033              		.loc 1 1106 46
 3034 000a 3B68     		ldr	r3, [r7]
 3035 000c 002B     		cmp	r3, #0
 3036 000e 09D1     		bne	.L183
 3037              		.loc 1 1106 7 discriminator 1
 3038 0010 7B68     		ldr	r3, [r7, #4]
 3039 0012 93F84230 		ldrb	r3, [r3, #66]
 3040 0016 DBB2     		uxtb	r3, r3
 3041              		.loc 1 1106 46 discriminator 1
 3042 0018 012B     		cmp	r3, #1
 3043 001a 14BF     		ite	ne
 3044 001c 0123     		movne	r3, #1
 3045 001e 0023     		moveq	r3, #0
 3046 0020 DBB2     		uxtb	r3, r3
 3047 0022 22E0     		b	.L184
 3048              	.L183:
 3049              		.loc 1 1106 46 is_stmt 0 discriminator 2
 3050 0024 3B68     		ldr	r3, [r7]
 3051 0026 042B     		cmp	r3, #4
 3052 0028 09D1     		bne	.L185
 3053              		.loc 1 1106 7 is_stmt 1 discriminator 4
 3054 002a 7B68     		ldr	r3, [r7, #4]
 3055 002c 93F84330 		ldrb	r3, [r3, #67]
 3056 0030 DBB2     		uxtb	r3, r3
 3057              		.loc 1 1106 46 discriminator 4
 3058 0032 012B     		cmp	r3, #1
 3059 0034 14BF     		ite	ne
 3060 0036 0123     		movne	r3, #1
 3061 0038 0023     		moveq	r3, #0
 3062 003a DBB2     		uxtb	r3, r3
 3063 003c 15E0     		b	.L184
 3064              	.L185:
 3065              		.loc 1 1106 46 is_stmt 0 discriminator 5
 3066 003e 3B68     		ldr	r3, [r7]
 3067 0040 082B     		cmp	r3, #8
 3068 0042 09D1     		bne	.L187
 3069              		.loc 1 1106 7 is_stmt 1 discriminator 7
 3070 0044 7B68     		ldr	r3, [r7, #4]
 3071 0046 93F84430 		ldrb	r3, [r3, #68]
 3072 004a DBB2     		uxtb	r3, r3
 3073              		.loc 1 1106 46 discriminator 7
 3074 004c 012B     		cmp	r3, #1
 3075 004e 14BF     		ite	ne
 3076 0050 0123     		movne	r3, #1
 3077 0052 0023     		moveq	r3, #0
 3078 0054 DBB2     		uxtb	r3, r3
 3079 0056 08E0     		b	.L184
 3080              	.L187:
ARM GAS  /tmp/ccemsrUD.s 			page 74


 3081              		.loc 1 1106 7 discriminator 8
 3082 0058 7B68     		ldr	r3, [r7, #4]
 3083 005a 93F84530 		ldrb	r3, [r3, #69]
 3084 005e DBB2     		uxtb	r3, r3
 3085              		.loc 1 1106 46 discriminator 8
 3086 0060 012B     		cmp	r3, #1
 3087 0062 14BF     		ite	ne
 3088 0064 0123     		movne	r3, #1
 3089 0066 0023     		moveq	r3, #0
 3090 0068 DBB2     		uxtb	r3, r3
 3091              	.L184:
 3092              		.loc 1 1106 6 discriminator 12
 3093 006a 002B     		cmp	r3, #0
 3094 006c 01D0     		beq	.L189
1107:Drivers/STM32F4xx_HAL_Driver/Src/stm32f4xx_hal_tim_ex.c ****   {
1108:Drivers/STM32F4xx_HAL_Driver/Src/stm32f4xx_hal_tim_ex.c ****     return HAL_ERROR;
 3095              		.loc 1 1108 12
 3096 006e 0123     		movs	r3, #1
 3097 0070 6DE0     		b	.L190
 3098              	.L189:
1109:Drivers/STM32F4xx_HAL_Driver/Src/stm32f4xx_hal_tim_ex.c ****   }
1110:Drivers/STM32F4xx_HAL_Driver/Src/stm32f4xx_hal_tim_ex.c **** 
1111:Drivers/STM32F4xx_HAL_Driver/Src/stm32f4xx_hal_tim_ex.c ****   /* Set the TIM complementary channel state */
1112:Drivers/STM32F4xx_HAL_Driver/Src/stm32f4xx_hal_tim_ex.c ****   TIM_CHANNEL_N_STATE_SET(htim, Channel, HAL_TIM_CHANNEL_STATE_BUSY);
 3099              		.loc 1 1112 3
 3100 0072 3B68     		ldr	r3, [r7]
 3101 0074 002B     		cmp	r3, #0
 3102 0076 04D1     		bne	.L191
 3103              		.loc 1 1112 3 is_stmt 0 discriminator 1
 3104 0078 7B68     		ldr	r3, [r7, #4]
 3105 007a 0222     		movs	r2, #2
 3106 007c 83F84220 		strb	r2, [r3, #66]
 3107 0080 13E0     		b	.L192
 3108              	.L191:
 3109              		.loc 1 1112 3 discriminator 2
 3110 0082 3B68     		ldr	r3, [r7]
 3111 0084 042B     		cmp	r3, #4
 3112 0086 04D1     		bne	.L193
 3113              		.loc 1 1112 3 discriminator 3
 3114 0088 7B68     		ldr	r3, [r7, #4]
 3115 008a 0222     		movs	r2, #2
 3116 008c 83F84320 		strb	r2, [r3, #67]
 3117 0090 0BE0     		b	.L192
 3118              	.L193:
 3119              		.loc 1 1112 3 discriminator 4
 3120 0092 3B68     		ldr	r3, [r7]
 3121 0094 082B     		cmp	r3, #8
 3122 0096 04D1     		bne	.L195
 3123              		.loc 1 1112 3 discriminator 6
 3124 0098 7B68     		ldr	r3, [r7, #4]
 3125 009a 0222     		movs	r2, #2
 3126 009c 83F84420 		strb	r2, [r3, #68]
 3127 00a0 03E0     		b	.L192
 3128              	.L195:
 3129              		.loc 1 1112 3 discriminator 7
 3130 00a2 7B68     		ldr	r3, [r7, #4]
 3131 00a4 0222     		movs	r2, #2
ARM GAS  /tmp/ccemsrUD.s 			page 75


 3132 00a6 83F84520 		strb	r2, [r3, #69]
 3133              	.L192:
1113:Drivers/STM32F4xx_HAL_Driver/Src/stm32f4xx_hal_tim_ex.c **** 
1114:Drivers/STM32F4xx_HAL_Driver/Src/stm32f4xx_hal_tim_ex.c ****   /* Enable the complementary PWM output  */
1115:Drivers/STM32F4xx_HAL_Driver/Src/stm32f4xx_hal_tim_ex.c ****   TIM_CCxNChannelCmd(htim->Instance, Channel, TIM_CCxN_ENABLE);
 3134              		.loc 1 1115 3 is_stmt 1
 3135 00aa 7B68     		ldr	r3, [r7, #4]
 3136 00ac 1B68     		ldr	r3, [r3]
 3137 00ae 0422     		movs	r2, #4
 3138 00b0 3968     		ldr	r1, [r7]
 3139 00b2 1846     		mov	r0, r3
 3140 00b4 FFF7FEFF 		bl	TIM_CCxNChannelCmd
1116:Drivers/STM32F4xx_HAL_Driver/Src/stm32f4xx_hal_tim_ex.c **** 
1117:Drivers/STM32F4xx_HAL_Driver/Src/stm32f4xx_hal_tim_ex.c ****   /* Enable the Main Output */
1118:Drivers/STM32F4xx_HAL_Driver/Src/stm32f4xx_hal_tim_ex.c ****   __HAL_TIM_MOE_ENABLE(htim);
 3141              		.loc 1 1118 3
 3142 00b8 7B68     		ldr	r3, [r7, #4]
 3143 00ba 1B68     		ldr	r3, [r3]
 3144 00bc 5A6C     		ldr	r2, [r3, #68]
 3145 00be 7B68     		ldr	r3, [r7, #4]
 3146 00c0 1B68     		ldr	r3, [r3]
 3147 00c2 42F40042 		orr	r2, r2, #32768
 3148 00c6 5A64     		str	r2, [r3, #68]
1119:Drivers/STM32F4xx_HAL_Driver/Src/stm32f4xx_hal_tim_ex.c **** 
1120:Drivers/STM32F4xx_HAL_Driver/Src/stm32f4xx_hal_tim_ex.c ****   /* Enable the Peripheral, except in trigger mode where enable is automatically done with trigger 
1121:Drivers/STM32F4xx_HAL_Driver/Src/stm32f4xx_hal_tim_ex.c ****   if (IS_TIM_SLAVE_INSTANCE(htim->Instance))
 3149              		.loc 1 1121 7
 3150 00c8 7B68     		ldr	r3, [r7, #4]
 3151 00ca 1B68     		ldr	r3, [r3]
 3152              		.loc 1 1121 6
 3153 00cc 224A     		ldr	r2, .L201
 3154 00ce 9342     		cmp	r3, r2
 3155 00d0 22D0     		beq	.L197
 3156              		.loc 1 1121 7 discriminator 1
 3157 00d2 7B68     		ldr	r3, [r7, #4]
 3158 00d4 1B68     		ldr	r3, [r3]
 3159 00d6 B3F1804F 		cmp	r3, #1073741824
 3160 00da 1DD0     		beq	.L197
 3161              		.loc 1 1121 7 is_stmt 0 discriminator 2
 3162 00dc 7B68     		ldr	r3, [r7, #4]
 3163 00de 1B68     		ldr	r3, [r3]
 3164 00e0 1E4A     		ldr	r2, .L201+4
 3165 00e2 9342     		cmp	r3, r2
 3166 00e4 18D0     		beq	.L197
 3167              		.loc 1 1121 7 discriminator 3
 3168 00e6 7B68     		ldr	r3, [r7, #4]
 3169 00e8 1B68     		ldr	r3, [r3]
 3170 00ea 1D4A     		ldr	r2, .L201+8
 3171 00ec 9342     		cmp	r3, r2
 3172 00ee 13D0     		beq	.L197
 3173              		.loc 1 1121 7 discriminator 4
 3174 00f0 7B68     		ldr	r3, [r7, #4]
 3175 00f2 1B68     		ldr	r3, [r3]
 3176 00f4 1B4A     		ldr	r2, .L201+12
 3177 00f6 9342     		cmp	r3, r2
 3178 00f8 0ED0     		beq	.L197
 3179              		.loc 1 1121 7 discriminator 5
ARM GAS  /tmp/ccemsrUD.s 			page 76


 3180 00fa 7B68     		ldr	r3, [r7, #4]
 3181 00fc 1B68     		ldr	r3, [r3]
 3182 00fe 1A4A     		ldr	r2, .L201+16
 3183 0100 9342     		cmp	r3, r2
 3184 0102 09D0     		beq	.L197
 3185              		.loc 1 1121 7 discriminator 6
 3186 0104 7B68     		ldr	r3, [r7, #4]
 3187 0106 1B68     		ldr	r3, [r3]
 3188 0108 184A     		ldr	r2, .L201+20
 3189 010a 9342     		cmp	r3, r2
 3190 010c 04D0     		beq	.L197
 3191              		.loc 1 1121 7 discriminator 7
 3192 010e 7B68     		ldr	r3, [r7, #4]
 3193 0110 1B68     		ldr	r3, [r3]
 3194 0112 174A     		ldr	r2, .L201+24
 3195 0114 9342     		cmp	r3, r2
 3196 0116 11D1     		bne	.L198
 3197              	.L197:
1122:Drivers/STM32F4xx_HAL_Driver/Src/stm32f4xx_hal_tim_ex.c ****   {
1123:Drivers/STM32F4xx_HAL_Driver/Src/stm32f4xx_hal_tim_ex.c ****     tmpsmcr = htim->Instance->SMCR & TIM_SMCR_SMS;
 3198              		.loc 1 1123 19 is_stmt 1
 3199 0118 7B68     		ldr	r3, [r7, #4]
 3200 011a 1B68     		ldr	r3, [r3]
 3201              		.loc 1 1123 29
 3202 011c 9B68     		ldr	r3, [r3, #8]
 3203              		.loc 1 1123 13
 3204 011e 03F00703 		and	r3, r3, #7
 3205 0122 FB60     		str	r3, [r7, #12]
1124:Drivers/STM32F4xx_HAL_Driver/Src/stm32f4xx_hal_tim_ex.c ****     if (!IS_TIM_SLAVEMODE_TRIGGER_ENABLED(tmpsmcr))
 3206              		.loc 1 1124 8
 3207 0124 FB68     		ldr	r3, [r7, #12]
 3208 0126 062B     		cmp	r3, #6
 3209 0128 10D0     		beq	.L200
1125:Drivers/STM32F4xx_HAL_Driver/Src/stm32f4xx_hal_tim_ex.c ****     {
1126:Drivers/STM32F4xx_HAL_Driver/Src/stm32f4xx_hal_tim_ex.c ****       __HAL_TIM_ENABLE(htim);
 3210              		.loc 1 1126 7
 3211 012a 7B68     		ldr	r3, [r7, #4]
 3212 012c 1B68     		ldr	r3, [r3]
 3213 012e 1A68     		ldr	r2, [r3]
 3214 0130 7B68     		ldr	r3, [r7, #4]
 3215 0132 1B68     		ldr	r3, [r3]
 3216 0134 42F00102 		orr	r2, r2, #1
 3217 0138 1A60     		str	r2, [r3]
1124:Drivers/STM32F4xx_HAL_Driver/Src/stm32f4xx_hal_tim_ex.c ****     if (!IS_TIM_SLAVEMODE_TRIGGER_ENABLED(tmpsmcr))
 3218              		.loc 1 1124 8
 3219 013a 07E0     		b	.L200
 3220              	.L198:
1127:Drivers/STM32F4xx_HAL_Driver/Src/stm32f4xx_hal_tim_ex.c ****     }
1128:Drivers/STM32F4xx_HAL_Driver/Src/stm32f4xx_hal_tim_ex.c ****   }
1129:Drivers/STM32F4xx_HAL_Driver/Src/stm32f4xx_hal_tim_ex.c ****   else
1130:Drivers/STM32F4xx_HAL_Driver/Src/stm32f4xx_hal_tim_ex.c ****   {
1131:Drivers/STM32F4xx_HAL_Driver/Src/stm32f4xx_hal_tim_ex.c ****     __HAL_TIM_ENABLE(htim);
 3221              		.loc 1 1131 5
 3222 013c 7B68     		ldr	r3, [r7, #4]
 3223 013e 1B68     		ldr	r3, [r3]
 3224 0140 1A68     		ldr	r2, [r3]
 3225 0142 7B68     		ldr	r3, [r7, #4]
ARM GAS  /tmp/ccemsrUD.s 			page 77


 3226 0144 1B68     		ldr	r3, [r3]
 3227 0146 42F00102 		orr	r2, r2, #1
 3228 014a 1A60     		str	r2, [r3]
 3229              	.L200:
1132:Drivers/STM32F4xx_HAL_Driver/Src/stm32f4xx_hal_tim_ex.c ****   }
1133:Drivers/STM32F4xx_HAL_Driver/Src/stm32f4xx_hal_tim_ex.c **** 
1134:Drivers/STM32F4xx_HAL_Driver/Src/stm32f4xx_hal_tim_ex.c ****   /* Return function status */
1135:Drivers/STM32F4xx_HAL_Driver/Src/stm32f4xx_hal_tim_ex.c ****   return HAL_OK;
 3230              		.loc 1 1135 10
 3231 014c 0023     		movs	r3, #0
 3232              	.L190:
1136:Drivers/STM32F4xx_HAL_Driver/Src/stm32f4xx_hal_tim_ex.c **** }
 3233              		.loc 1 1136 1
 3234 014e 1846     		mov	r0, r3
 3235 0150 1037     		adds	r7, r7, #16
 3236              	.LCFI85:
 3237              		.cfi_def_cfa_offset 8
 3238 0152 BD46     		mov	sp, r7
 3239              	.LCFI86:
 3240              		.cfi_def_cfa_register 13
 3241              		@ sp needed
 3242 0154 80BD     		pop	{r7, pc}
 3243              	.L202:
 3244 0156 00BF     		.align	2
 3245              	.L201:
 3246 0158 00000140 		.word	1073807360
 3247 015c 00040040 		.word	1073742848
 3248 0160 00080040 		.word	1073743872
 3249 0164 000C0040 		.word	1073744896
 3250 0168 00040140 		.word	1073808384
 3251 016c 00400140 		.word	1073823744
 3252 0170 00180040 		.word	1073747968
 3253              		.cfi_endproc
 3254              	.LFE255:
 3256              		.section	.text.HAL_TIMEx_PWMN_Stop,"ax",%progbits
 3257              		.align	1
 3258              		.global	HAL_TIMEx_PWMN_Stop
 3259              		.syntax unified
 3260              		.thumb
 3261              		.thumb_func
 3263              	HAL_TIMEx_PWMN_Stop:
 3264              	.LFB256:
1137:Drivers/STM32F4xx_HAL_Driver/Src/stm32f4xx_hal_tim_ex.c **** 
1138:Drivers/STM32F4xx_HAL_Driver/Src/stm32f4xx_hal_tim_ex.c **** /**
1139:Drivers/STM32F4xx_HAL_Driver/Src/stm32f4xx_hal_tim_ex.c ****   * @brief  Stops the PWM signal generation on the complementary output.
1140:Drivers/STM32F4xx_HAL_Driver/Src/stm32f4xx_hal_tim_ex.c ****   * @param  htim TIM handle
1141:Drivers/STM32F4xx_HAL_Driver/Src/stm32f4xx_hal_tim_ex.c ****   * @param  Channel TIM Channel to be disabled
1142:Drivers/STM32F4xx_HAL_Driver/Src/stm32f4xx_hal_tim_ex.c ****   *          This parameter can be one of the following values:
1143:Drivers/STM32F4xx_HAL_Driver/Src/stm32f4xx_hal_tim_ex.c ****   *            @arg TIM_CHANNEL_1: TIM Channel 1 selected
1144:Drivers/STM32F4xx_HAL_Driver/Src/stm32f4xx_hal_tim_ex.c ****   *            @arg TIM_CHANNEL_2: TIM Channel 2 selected
1145:Drivers/STM32F4xx_HAL_Driver/Src/stm32f4xx_hal_tim_ex.c ****   *            @arg TIM_CHANNEL_3: TIM Channel 3 selected
1146:Drivers/STM32F4xx_HAL_Driver/Src/stm32f4xx_hal_tim_ex.c ****   * @retval HAL status
1147:Drivers/STM32F4xx_HAL_Driver/Src/stm32f4xx_hal_tim_ex.c ****   */
1148:Drivers/STM32F4xx_HAL_Driver/Src/stm32f4xx_hal_tim_ex.c **** HAL_StatusTypeDef HAL_TIMEx_PWMN_Stop(TIM_HandleTypeDef *htim, uint32_t Channel)
1149:Drivers/STM32F4xx_HAL_Driver/Src/stm32f4xx_hal_tim_ex.c **** {
 3265              		.loc 1 1149 1
 3266              		.cfi_startproc
ARM GAS  /tmp/ccemsrUD.s 			page 78


 3267              		@ args = 0, pretend = 0, frame = 8
 3268              		@ frame_needed = 1, uses_anonymous_args = 0
 3269 0000 80B5     		push	{r7, lr}
 3270              	.LCFI87:
 3271              		.cfi_def_cfa_offset 8
 3272              		.cfi_offset 7, -8
 3273              		.cfi_offset 14, -4
 3274 0002 82B0     		sub	sp, sp, #8
 3275              	.LCFI88:
 3276              		.cfi_def_cfa_offset 16
 3277 0004 00AF     		add	r7, sp, #0
 3278              	.LCFI89:
 3279              		.cfi_def_cfa_register 7
 3280 0006 7860     		str	r0, [r7, #4]
 3281 0008 3960     		str	r1, [r7]
1150:Drivers/STM32F4xx_HAL_Driver/Src/stm32f4xx_hal_tim_ex.c ****   /* Check the parameters */
1151:Drivers/STM32F4xx_HAL_Driver/Src/stm32f4xx_hal_tim_ex.c ****   assert_param(IS_TIM_CCXN_INSTANCE(htim->Instance, Channel));
1152:Drivers/STM32F4xx_HAL_Driver/Src/stm32f4xx_hal_tim_ex.c **** 
1153:Drivers/STM32F4xx_HAL_Driver/Src/stm32f4xx_hal_tim_ex.c ****   /* Disable the complementary PWM output  */
1154:Drivers/STM32F4xx_HAL_Driver/Src/stm32f4xx_hal_tim_ex.c ****   TIM_CCxNChannelCmd(htim->Instance, Channel, TIM_CCxN_DISABLE);
 3282              		.loc 1 1154 3
 3283 000a 7B68     		ldr	r3, [r7, #4]
 3284 000c 1B68     		ldr	r3, [r3]
 3285 000e 0022     		movs	r2, #0
 3286 0010 3968     		ldr	r1, [r7]
 3287 0012 1846     		mov	r0, r3
 3288 0014 FFF7FEFF 		bl	TIM_CCxNChannelCmd
1155:Drivers/STM32F4xx_HAL_Driver/Src/stm32f4xx_hal_tim_ex.c **** 
1156:Drivers/STM32F4xx_HAL_Driver/Src/stm32f4xx_hal_tim_ex.c ****   /* Disable the Main Output */
1157:Drivers/STM32F4xx_HAL_Driver/Src/stm32f4xx_hal_tim_ex.c ****   __HAL_TIM_MOE_DISABLE(htim);
 3289              		.loc 1 1157 3
 3290 0018 7B68     		ldr	r3, [r7, #4]
 3291 001a 1B68     		ldr	r3, [r3]
 3292 001c 1A6A     		ldr	r2, [r3, #32]
 3293 001e 41F21113 		movw	r3, #4369
 3294 0022 1340     		ands	r3, r3, r2
 3295 0024 002B     		cmp	r3, #0
 3296 0026 0FD1     		bne	.L204
 3297              		.loc 1 1157 3 is_stmt 0 discriminator 1
 3298 0028 7B68     		ldr	r3, [r7, #4]
 3299 002a 1B68     		ldr	r3, [r3]
 3300 002c 1A6A     		ldr	r2, [r3, #32]
 3301 002e 40F24443 		movw	r3, #1092
 3302 0032 1340     		ands	r3, r3, r2
 3303 0034 002B     		cmp	r3, #0
 3304 0036 07D1     		bne	.L204
 3305              		.loc 1 1157 3 discriminator 2
 3306 0038 7B68     		ldr	r3, [r7, #4]
 3307 003a 1B68     		ldr	r3, [r3]
 3308 003c 5A6C     		ldr	r2, [r3, #68]
 3309 003e 7B68     		ldr	r3, [r7, #4]
 3310 0040 1B68     		ldr	r3, [r3]
 3311 0042 22F40042 		bic	r2, r2, #32768
 3312 0046 5A64     		str	r2, [r3, #68]
 3313              	.L204:
1158:Drivers/STM32F4xx_HAL_Driver/Src/stm32f4xx_hal_tim_ex.c **** 
1159:Drivers/STM32F4xx_HAL_Driver/Src/stm32f4xx_hal_tim_ex.c ****   /* Disable the Peripheral */
ARM GAS  /tmp/ccemsrUD.s 			page 79


1160:Drivers/STM32F4xx_HAL_Driver/Src/stm32f4xx_hal_tim_ex.c ****   __HAL_TIM_DISABLE(htim);
 3314              		.loc 1 1160 3 is_stmt 1
 3315 0048 7B68     		ldr	r3, [r7, #4]
 3316 004a 1B68     		ldr	r3, [r3]
 3317 004c 1A6A     		ldr	r2, [r3, #32]
 3318 004e 41F21113 		movw	r3, #4369
 3319 0052 1340     		ands	r3, r3, r2
 3320 0054 002B     		cmp	r3, #0
 3321 0056 0FD1     		bne	.L205
 3322              		.loc 1 1160 3 is_stmt 0 discriminator 1
 3323 0058 7B68     		ldr	r3, [r7, #4]
 3324 005a 1B68     		ldr	r3, [r3]
 3325 005c 1A6A     		ldr	r2, [r3, #32]
 3326 005e 40F24443 		movw	r3, #1092
 3327 0062 1340     		ands	r3, r3, r2
 3328 0064 002B     		cmp	r3, #0
 3329 0066 07D1     		bne	.L205
 3330              		.loc 1 1160 3 discriminator 2
 3331 0068 7B68     		ldr	r3, [r7, #4]
 3332 006a 1B68     		ldr	r3, [r3]
 3333 006c 1A68     		ldr	r2, [r3]
 3334 006e 7B68     		ldr	r3, [r7, #4]
 3335 0070 1B68     		ldr	r3, [r3]
 3336 0072 22F00102 		bic	r2, r2, #1
 3337 0076 1A60     		str	r2, [r3]
 3338              	.L205:
1161:Drivers/STM32F4xx_HAL_Driver/Src/stm32f4xx_hal_tim_ex.c **** 
1162:Drivers/STM32F4xx_HAL_Driver/Src/stm32f4xx_hal_tim_ex.c ****   /* Set the TIM complementary channel state */
1163:Drivers/STM32F4xx_HAL_Driver/Src/stm32f4xx_hal_tim_ex.c ****   TIM_CHANNEL_N_STATE_SET(htim, Channel, HAL_TIM_CHANNEL_STATE_READY);
 3339              		.loc 1 1163 3 is_stmt 1
 3340 0078 3B68     		ldr	r3, [r7]
 3341 007a 002B     		cmp	r3, #0
 3342 007c 04D1     		bne	.L206
 3343              		.loc 1 1163 3 is_stmt 0 discriminator 1
 3344 007e 7B68     		ldr	r3, [r7, #4]
 3345 0080 0122     		movs	r2, #1
 3346 0082 83F84220 		strb	r2, [r3, #66]
 3347 0086 13E0     		b	.L207
 3348              	.L206:
 3349              		.loc 1 1163 3 discriminator 2
 3350 0088 3B68     		ldr	r3, [r7]
 3351 008a 042B     		cmp	r3, #4
 3352 008c 04D1     		bne	.L208
 3353              		.loc 1 1163 3 discriminator 3
 3354 008e 7B68     		ldr	r3, [r7, #4]
 3355 0090 0122     		movs	r2, #1
 3356 0092 83F84320 		strb	r2, [r3, #67]
 3357 0096 0BE0     		b	.L207
 3358              	.L208:
 3359              		.loc 1 1163 3 discriminator 4
 3360 0098 3B68     		ldr	r3, [r7]
 3361 009a 082B     		cmp	r3, #8
 3362 009c 04D1     		bne	.L210
 3363              		.loc 1 1163 3 discriminator 6
 3364 009e 7B68     		ldr	r3, [r7, #4]
 3365 00a0 0122     		movs	r2, #1
 3366 00a2 83F84420 		strb	r2, [r3, #68]
ARM GAS  /tmp/ccemsrUD.s 			page 80


 3367 00a6 03E0     		b	.L207
 3368              	.L210:
 3369              		.loc 1 1163 3 discriminator 7
 3370 00a8 7B68     		ldr	r3, [r7, #4]
 3371 00aa 0122     		movs	r2, #1
 3372 00ac 83F84520 		strb	r2, [r3, #69]
 3373              	.L207:
1164:Drivers/STM32F4xx_HAL_Driver/Src/stm32f4xx_hal_tim_ex.c **** 
1165:Drivers/STM32F4xx_HAL_Driver/Src/stm32f4xx_hal_tim_ex.c ****   /* Return function status */
1166:Drivers/STM32F4xx_HAL_Driver/Src/stm32f4xx_hal_tim_ex.c ****   return HAL_OK;
 3374              		.loc 1 1166 10 is_stmt 1
 3375 00b0 0023     		movs	r3, #0
1167:Drivers/STM32F4xx_HAL_Driver/Src/stm32f4xx_hal_tim_ex.c **** }
 3376              		.loc 1 1167 1
 3377 00b2 1846     		mov	r0, r3
 3378 00b4 0837     		adds	r7, r7, #8
 3379              	.LCFI90:
 3380              		.cfi_def_cfa_offset 8
 3381 00b6 BD46     		mov	sp, r7
 3382              	.LCFI91:
 3383              		.cfi_def_cfa_register 13
 3384              		@ sp needed
 3385 00b8 80BD     		pop	{r7, pc}
 3386              		.cfi_endproc
 3387              	.LFE256:
 3389              		.section	.text.HAL_TIMEx_PWMN_Start_IT,"ax",%progbits
 3390              		.align	1
 3391              		.global	HAL_TIMEx_PWMN_Start_IT
 3392              		.syntax unified
 3393              		.thumb
 3394              		.thumb_func
 3396              	HAL_TIMEx_PWMN_Start_IT:
 3397              	.LFB257:
1168:Drivers/STM32F4xx_HAL_Driver/Src/stm32f4xx_hal_tim_ex.c **** 
1169:Drivers/STM32F4xx_HAL_Driver/Src/stm32f4xx_hal_tim_ex.c **** /**
1170:Drivers/STM32F4xx_HAL_Driver/Src/stm32f4xx_hal_tim_ex.c ****   * @brief  Starts the PWM signal generation in interrupt mode on the
1171:Drivers/STM32F4xx_HAL_Driver/Src/stm32f4xx_hal_tim_ex.c ****   *         complementary output.
1172:Drivers/STM32F4xx_HAL_Driver/Src/stm32f4xx_hal_tim_ex.c ****   * @param  htim TIM handle
1173:Drivers/STM32F4xx_HAL_Driver/Src/stm32f4xx_hal_tim_ex.c ****   * @param  Channel TIM Channel to be disabled
1174:Drivers/STM32F4xx_HAL_Driver/Src/stm32f4xx_hal_tim_ex.c ****   *          This parameter can be one of the following values:
1175:Drivers/STM32F4xx_HAL_Driver/Src/stm32f4xx_hal_tim_ex.c ****   *            @arg TIM_CHANNEL_1: TIM Channel 1 selected
1176:Drivers/STM32F4xx_HAL_Driver/Src/stm32f4xx_hal_tim_ex.c ****   *            @arg TIM_CHANNEL_2: TIM Channel 2 selected
1177:Drivers/STM32F4xx_HAL_Driver/Src/stm32f4xx_hal_tim_ex.c ****   *            @arg TIM_CHANNEL_3: TIM Channel 3 selected
1178:Drivers/STM32F4xx_HAL_Driver/Src/stm32f4xx_hal_tim_ex.c ****   * @retval HAL status
1179:Drivers/STM32F4xx_HAL_Driver/Src/stm32f4xx_hal_tim_ex.c ****   */
1180:Drivers/STM32F4xx_HAL_Driver/Src/stm32f4xx_hal_tim_ex.c **** HAL_StatusTypeDef HAL_TIMEx_PWMN_Start_IT(TIM_HandleTypeDef *htim, uint32_t Channel)
1181:Drivers/STM32F4xx_HAL_Driver/Src/stm32f4xx_hal_tim_ex.c **** {
 3398              		.loc 1 1181 1
 3399              		.cfi_startproc
 3400              		@ args = 0, pretend = 0, frame = 16
 3401              		@ frame_needed = 1, uses_anonymous_args = 0
 3402 0000 80B5     		push	{r7, lr}
 3403              	.LCFI92:
 3404              		.cfi_def_cfa_offset 8
 3405              		.cfi_offset 7, -8
 3406              		.cfi_offset 14, -4
 3407 0002 84B0     		sub	sp, sp, #16
ARM GAS  /tmp/ccemsrUD.s 			page 81


 3408              	.LCFI93:
 3409              		.cfi_def_cfa_offset 24
 3410 0004 00AF     		add	r7, sp, #0
 3411              	.LCFI94:
 3412              		.cfi_def_cfa_register 7
 3413 0006 7860     		str	r0, [r7, #4]
 3414 0008 3960     		str	r1, [r7]
1182:Drivers/STM32F4xx_HAL_Driver/Src/stm32f4xx_hal_tim_ex.c ****   HAL_StatusTypeDef status = HAL_OK;
 3415              		.loc 1 1182 21
 3416 000a 0023     		movs	r3, #0
 3417 000c FB73     		strb	r3, [r7, #15]
1183:Drivers/STM32F4xx_HAL_Driver/Src/stm32f4xx_hal_tim_ex.c ****   uint32_t tmpsmcr;
1184:Drivers/STM32F4xx_HAL_Driver/Src/stm32f4xx_hal_tim_ex.c **** 
1185:Drivers/STM32F4xx_HAL_Driver/Src/stm32f4xx_hal_tim_ex.c ****   /* Check the parameters */
1186:Drivers/STM32F4xx_HAL_Driver/Src/stm32f4xx_hal_tim_ex.c ****   assert_param(IS_TIM_CCXN_INSTANCE(htim->Instance, Channel));
1187:Drivers/STM32F4xx_HAL_Driver/Src/stm32f4xx_hal_tim_ex.c **** 
1188:Drivers/STM32F4xx_HAL_Driver/Src/stm32f4xx_hal_tim_ex.c ****   /* Check the TIM complementary channel state */
1189:Drivers/STM32F4xx_HAL_Driver/Src/stm32f4xx_hal_tim_ex.c ****   if (TIM_CHANNEL_N_STATE_GET(htim, Channel) != HAL_TIM_CHANNEL_STATE_READY)
 3418              		.loc 1 1189 46
 3419 000e 3B68     		ldr	r3, [r7]
 3420 0010 002B     		cmp	r3, #0
 3421 0012 09D1     		bne	.L214
 3422              		.loc 1 1189 7 discriminator 1
 3423 0014 7B68     		ldr	r3, [r7, #4]
 3424 0016 93F84230 		ldrb	r3, [r3, #66]
 3425 001a DBB2     		uxtb	r3, r3
 3426              		.loc 1 1189 46 discriminator 1
 3427 001c 012B     		cmp	r3, #1
 3428 001e 14BF     		ite	ne
 3429 0020 0123     		movne	r3, #1
 3430 0022 0023     		moveq	r3, #0
 3431 0024 DBB2     		uxtb	r3, r3
 3432 0026 22E0     		b	.L215
 3433              	.L214:
 3434              		.loc 1 1189 46 is_stmt 0 discriminator 2
 3435 0028 3B68     		ldr	r3, [r7]
 3436 002a 042B     		cmp	r3, #4
 3437 002c 09D1     		bne	.L216
 3438              		.loc 1 1189 7 is_stmt 1 discriminator 4
 3439 002e 7B68     		ldr	r3, [r7, #4]
 3440 0030 93F84330 		ldrb	r3, [r3, #67]
 3441 0034 DBB2     		uxtb	r3, r3
 3442              		.loc 1 1189 46 discriminator 4
 3443 0036 012B     		cmp	r3, #1
 3444 0038 14BF     		ite	ne
 3445 003a 0123     		movne	r3, #1
 3446 003c 0023     		moveq	r3, #0
 3447 003e DBB2     		uxtb	r3, r3
 3448 0040 15E0     		b	.L215
 3449              	.L216:
 3450              		.loc 1 1189 46 is_stmt 0 discriminator 5
 3451 0042 3B68     		ldr	r3, [r7]
 3452 0044 082B     		cmp	r3, #8
 3453 0046 09D1     		bne	.L218
 3454              		.loc 1 1189 7 is_stmt 1 discriminator 7
 3455 0048 7B68     		ldr	r3, [r7, #4]
 3456 004a 93F84430 		ldrb	r3, [r3, #68]
ARM GAS  /tmp/ccemsrUD.s 			page 82


 3457 004e DBB2     		uxtb	r3, r3
 3458              		.loc 1 1189 46 discriminator 7
 3459 0050 012B     		cmp	r3, #1
 3460 0052 14BF     		ite	ne
 3461 0054 0123     		movne	r3, #1
 3462 0056 0023     		moveq	r3, #0
 3463 0058 DBB2     		uxtb	r3, r3
 3464 005a 08E0     		b	.L215
 3465              	.L218:
 3466              		.loc 1 1189 7 discriminator 8
 3467 005c 7B68     		ldr	r3, [r7, #4]
 3468 005e 93F84530 		ldrb	r3, [r3, #69]
 3469 0062 DBB2     		uxtb	r3, r3
 3470              		.loc 1 1189 46 discriminator 8
 3471 0064 012B     		cmp	r3, #1
 3472 0066 14BF     		ite	ne
 3473 0068 0123     		movne	r3, #1
 3474 006a 0023     		moveq	r3, #0
 3475 006c DBB2     		uxtb	r3, r3
 3476              	.L215:
 3477              		.loc 1 1189 6 discriminator 12
 3478 006e 002B     		cmp	r3, #0
 3479 0070 01D0     		beq	.L220
1190:Drivers/STM32F4xx_HAL_Driver/Src/stm32f4xx_hal_tim_ex.c ****   {
1191:Drivers/STM32F4xx_HAL_Driver/Src/stm32f4xx_hal_tim_ex.c ****     return HAL_ERROR;
 3480              		.loc 1 1191 12
 3481 0072 0123     		movs	r3, #1
 3482 0074 A3E0     		b	.L221
 3483              	.L220:
1192:Drivers/STM32F4xx_HAL_Driver/Src/stm32f4xx_hal_tim_ex.c ****   }
1193:Drivers/STM32F4xx_HAL_Driver/Src/stm32f4xx_hal_tim_ex.c **** 
1194:Drivers/STM32F4xx_HAL_Driver/Src/stm32f4xx_hal_tim_ex.c ****   /* Set the TIM complementary channel state */
1195:Drivers/STM32F4xx_HAL_Driver/Src/stm32f4xx_hal_tim_ex.c ****   TIM_CHANNEL_N_STATE_SET(htim, Channel, HAL_TIM_CHANNEL_STATE_BUSY);
 3484              		.loc 1 1195 3
 3485 0076 3B68     		ldr	r3, [r7]
 3486 0078 002B     		cmp	r3, #0
 3487 007a 04D1     		bne	.L222
 3488              		.loc 1 1195 3 is_stmt 0 discriminator 1
 3489 007c 7B68     		ldr	r3, [r7, #4]
 3490 007e 0222     		movs	r2, #2
 3491 0080 83F84220 		strb	r2, [r3, #66]
 3492 0084 13E0     		b	.L223
 3493              	.L222:
 3494              		.loc 1 1195 3 discriminator 2
 3495 0086 3B68     		ldr	r3, [r7]
 3496 0088 042B     		cmp	r3, #4
 3497 008a 04D1     		bne	.L224
 3498              		.loc 1 1195 3 discriminator 3
 3499 008c 7B68     		ldr	r3, [r7, #4]
 3500 008e 0222     		movs	r2, #2
 3501 0090 83F84320 		strb	r2, [r3, #67]
 3502 0094 0BE0     		b	.L223
 3503              	.L224:
 3504              		.loc 1 1195 3 discriminator 4
 3505 0096 3B68     		ldr	r3, [r7]
 3506 0098 082B     		cmp	r3, #8
 3507 009a 04D1     		bne	.L226
ARM GAS  /tmp/ccemsrUD.s 			page 83


 3508              		.loc 1 1195 3 discriminator 6
 3509 009c 7B68     		ldr	r3, [r7, #4]
 3510 009e 0222     		movs	r2, #2
 3511 00a0 83F84420 		strb	r2, [r3, #68]
 3512 00a4 03E0     		b	.L223
 3513              	.L226:
 3514              		.loc 1 1195 3 discriminator 7
 3515 00a6 7B68     		ldr	r3, [r7, #4]
 3516 00a8 0222     		movs	r2, #2
 3517 00aa 83F84520 		strb	r2, [r3, #69]
 3518              	.L223:
1196:Drivers/STM32F4xx_HAL_Driver/Src/stm32f4xx_hal_tim_ex.c **** 
1197:Drivers/STM32F4xx_HAL_Driver/Src/stm32f4xx_hal_tim_ex.c ****   switch (Channel)
 3519              		.loc 1 1197 3 is_stmt 1
 3520 00ae 3B68     		ldr	r3, [r7]
 3521 00b0 082B     		cmp	r3, #8
 3522 00b2 1BD0     		beq	.L228
 3523 00b4 3B68     		ldr	r3, [r7]
 3524 00b6 082B     		cmp	r3, #8
 3525 00b8 21D8     		bhi	.L229
 3526 00ba 3B68     		ldr	r3, [r7]
 3527 00bc 002B     		cmp	r3, #0
 3528 00be 03D0     		beq	.L230
 3529 00c0 3B68     		ldr	r3, [r7]
 3530 00c2 042B     		cmp	r3, #4
 3531 00c4 09D0     		beq	.L231
 3532 00c6 1AE0     		b	.L229
 3533              	.L230:
1198:Drivers/STM32F4xx_HAL_Driver/Src/stm32f4xx_hal_tim_ex.c ****   {
1199:Drivers/STM32F4xx_HAL_Driver/Src/stm32f4xx_hal_tim_ex.c ****     case TIM_CHANNEL_1:
1200:Drivers/STM32F4xx_HAL_Driver/Src/stm32f4xx_hal_tim_ex.c ****     {
1201:Drivers/STM32F4xx_HAL_Driver/Src/stm32f4xx_hal_tim_ex.c ****       /* Enable the TIM Capture/Compare 1 interrupt */
1202:Drivers/STM32F4xx_HAL_Driver/Src/stm32f4xx_hal_tim_ex.c ****       __HAL_TIM_ENABLE_IT(htim, TIM_IT_CC1);
 3534              		.loc 1 1202 7
 3535 00c8 7B68     		ldr	r3, [r7, #4]
 3536 00ca 1B68     		ldr	r3, [r3]
 3537 00cc DA68     		ldr	r2, [r3, #12]
 3538 00ce 7B68     		ldr	r3, [r7, #4]
 3539 00d0 1B68     		ldr	r3, [r3]
 3540 00d2 42F00202 		orr	r2, r2, #2
 3541 00d6 DA60     		str	r2, [r3, #12]
1203:Drivers/STM32F4xx_HAL_Driver/Src/stm32f4xx_hal_tim_ex.c ****       break;
 3542              		.loc 1 1203 7
 3543 00d8 14E0     		b	.L232
 3544              	.L231:
1204:Drivers/STM32F4xx_HAL_Driver/Src/stm32f4xx_hal_tim_ex.c ****     }
1205:Drivers/STM32F4xx_HAL_Driver/Src/stm32f4xx_hal_tim_ex.c **** 
1206:Drivers/STM32F4xx_HAL_Driver/Src/stm32f4xx_hal_tim_ex.c ****     case TIM_CHANNEL_2:
1207:Drivers/STM32F4xx_HAL_Driver/Src/stm32f4xx_hal_tim_ex.c ****     {
1208:Drivers/STM32F4xx_HAL_Driver/Src/stm32f4xx_hal_tim_ex.c ****       /* Enable the TIM Capture/Compare 2 interrupt */
1209:Drivers/STM32F4xx_HAL_Driver/Src/stm32f4xx_hal_tim_ex.c ****       __HAL_TIM_ENABLE_IT(htim, TIM_IT_CC2);
 3545              		.loc 1 1209 7
 3546 00da 7B68     		ldr	r3, [r7, #4]
 3547 00dc 1B68     		ldr	r3, [r3]
 3548 00de DA68     		ldr	r2, [r3, #12]
 3549 00e0 7B68     		ldr	r3, [r7, #4]
 3550 00e2 1B68     		ldr	r3, [r3]
ARM GAS  /tmp/ccemsrUD.s 			page 84


 3551 00e4 42F00402 		orr	r2, r2, #4
 3552 00e8 DA60     		str	r2, [r3, #12]
1210:Drivers/STM32F4xx_HAL_Driver/Src/stm32f4xx_hal_tim_ex.c ****       break;
 3553              		.loc 1 1210 7
 3554 00ea 0BE0     		b	.L232
 3555              	.L228:
1211:Drivers/STM32F4xx_HAL_Driver/Src/stm32f4xx_hal_tim_ex.c ****     }
1212:Drivers/STM32F4xx_HAL_Driver/Src/stm32f4xx_hal_tim_ex.c **** 
1213:Drivers/STM32F4xx_HAL_Driver/Src/stm32f4xx_hal_tim_ex.c ****     case TIM_CHANNEL_3:
1214:Drivers/STM32F4xx_HAL_Driver/Src/stm32f4xx_hal_tim_ex.c ****     {
1215:Drivers/STM32F4xx_HAL_Driver/Src/stm32f4xx_hal_tim_ex.c ****       /* Enable the TIM Capture/Compare 3 interrupt */
1216:Drivers/STM32F4xx_HAL_Driver/Src/stm32f4xx_hal_tim_ex.c ****       __HAL_TIM_ENABLE_IT(htim, TIM_IT_CC3);
 3556              		.loc 1 1216 7
 3557 00ec 7B68     		ldr	r3, [r7, #4]
 3558 00ee 1B68     		ldr	r3, [r3]
 3559 00f0 DA68     		ldr	r2, [r3, #12]
 3560 00f2 7B68     		ldr	r3, [r7, #4]
 3561 00f4 1B68     		ldr	r3, [r3]
 3562 00f6 42F00802 		orr	r2, r2, #8
 3563 00fa DA60     		str	r2, [r3, #12]
1217:Drivers/STM32F4xx_HAL_Driver/Src/stm32f4xx_hal_tim_ex.c ****       break;
 3564              		.loc 1 1217 7
 3565 00fc 02E0     		b	.L232
 3566              	.L229:
1218:Drivers/STM32F4xx_HAL_Driver/Src/stm32f4xx_hal_tim_ex.c ****     }
1219:Drivers/STM32F4xx_HAL_Driver/Src/stm32f4xx_hal_tim_ex.c **** 
1220:Drivers/STM32F4xx_HAL_Driver/Src/stm32f4xx_hal_tim_ex.c ****     default:
1221:Drivers/STM32F4xx_HAL_Driver/Src/stm32f4xx_hal_tim_ex.c ****       status = HAL_ERROR;
 3567              		.loc 1 1221 14
 3568 00fe 0123     		movs	r3, #1
 3569 0100 FB73     		strb	r3, [r7, #15]
1222:Drivers/STM32F4xx_HAL_Driver/Src/stm32f4xx_hal_tim_ex.c ****       break;
 3570              		.loc 1 1222 7
 3571 0102 00BF     		nop
 3572              	.L232:
1223:Drivers/STM32F4xx_HAL_Driver/Src/stm32f4xx_hal_tim_ex.c ****   }
1224:Drivers/STM32F4xx_HAL_Driver/Src/stm32f4xx_hal_tim_ex.c **** 
1225:Drivers/STM32F4xx_HAL_Driver/Src/stm32f4xx_hal_tim_ex.c ****   if (status == HAL_OK)
 3573              		.loc 1 1225 6
 3574 0104 FB7B     		ldrb	r3, [r7, #15]	@ zero_extendqisi2
 3575 0106 002B     		cmp	r3, #0
 3576 0108 58D1     		bne	.L233
1226:Drivers/STM32F4xx_HAL_Driver/Src/stm32f4xx_hal_tim_ex.c ****   {
1227:Drivers/STM32F4xx_HAL_Driver/Src/stm32f4xx_hal_tim_ex.c ****     /* Enable the TIM Break interrupt */
1228:Drivers/STM32F4xx_HAL_Driver/Src/stm32f4xx_hal_tim_ex.c ****     __HAL_TIM_ENABLE_IT(htim, TIM_IT_BREAK);
 3577              		.loc 1 1228 5
 3578 010a 7B68     		ldr	r3, [r7, #4]
 3579 010c 1B68     		ldr	r3, [r3]
 3580 010e DA68     		ldr	r2, [r3, #12]
 3581 0110 7B68     		ldr	r3, [r7, #4]
 3582 0112 1B68     		ldr	r3, [r3]
 3583 0114 42F08002 		orr	r2, r2, #128
 3584 0118 DA60     		str	r2, [r3, #12]
1229:Drivers/STM32F4xx_HAL_Driver/Src/stm32f4xx_hal_tim_ex.c **** 
1230:Drivers/STM32F4xx_HAL_Driver/Src/stm32f4xx_hal_tim_ex.c ****     /* Enable the complementary PWM output  */
1231:Drivers/STM32F4xx_HAL_Driver/Src/stm32f4xx_hal_tim_ex.c ****     TIM_CCxNChannelCmd(htim->Instance, Channel, TIM_CCxN_ENABLE);
 3585              		.loc 1 1231 5
ARM GAS  /tmp/ccemsrUD.s 			page 85


 3586 011a 7B68     		ldr	r3, [r7, #4]
 3587 011c 1B68     		ldr	r3, [r3]
 3588 011e 0422     		movs	r2, #4
 3589 0120 3968     		ldr	r1, [r7]
 3590 0122 1846     		mov	r0, r3
 3591 0124 FFF7FEFF 		bl	TIM_CCxNChannelCmd
1232:Drivers/STM32F4xx_HAL_Driver/Src/stm32f4xx_hal_tim_ex.c **** 
1233:Drivers/STM32F4xx_HAL_Driver/Src/stm32f4xx_hal_tim_ex.c ****     /* Enable the Main Output */
1234:Drivers/STM32F4xx_HAL_Driver/Src/stm32f4xx_hal_tim_ex.c ****     __HAL_TIM_MOE_ENABLE(htim);
 3592              		.loc 1 1234 5
 3593 0128 7B68     		ldr	r3, [r7, #4]
 3594 012a 1B68     		ldr	r3, [r3]
 3595 012c 5A6C     		ldr	r2, [r3, #68]
 3596 012e 7B68     		ldr	r3, [r7, #4]
 3597 0130 1B68     		ldr	r3, [r3]
 3598 0132 42F40042 		orr	r2, r2, #32768
 3599 0136 5A64     		str	r2, [r3, #68]
1235:Drivers/STM32F4xx_HAL_Driver/Src/stm32f4xx_hal_tim_ex.c **** 
1236:Drivers/STM32F4xx_HAL_Driver/Src/stm32f4xx_hal_tim_ex.c ****     /* Enable the Peripheral, except in trigger mode where enable is automatically done with trigge
1237:Drivers/STM32F4xx_HAL_Driver/Src/stm32f4xx_hal_tim_ex.c ****     if (IS_TIM_SLAVE_INSTANCE(htim->Instance))
 3600              		.loc 1 1237 9
 3601 0138 7B68     		ldr	r3, [r7, #4]
 3602 013a 1B68     		ldr	r3, [r3]
 3603              		.loc 1 1237 8
 3604 013c 224A     		ldr	r2, .L237
 3605 013e 9342     		cmp	r3, r2
 3606 0140 22D0     		beq	.L234
 3607              		.loc 1 1237 9 discriminator 1
 3608 0142 7B68     		ldr	r3, [r7, #4]
 3609 0144 1B68     		ldr	r3, [r3]
 3610 0146 B3F1804F 		cmp	r3, #1073741824
 3611 014a 1DD0     		beq	.L234
 3612              		.loc 1 1237 9 is_stmt 0 discriminator 2
 3613 014c 7B68     		ldr	r3, [r7, #4]
 3614 014e 1B68     		ldr	r3, [r3]
 3615 0150 1E4A     		ldr	r2, .L237+4
 3616 0152 9342     		cmp	r3, r2
 3617 0154 18D0     		beq	.L234
 3618              		.loc 1 1237 9 discriminator 3
 3619 0156 7B68     		ldr	r3, [r7, #4]
 3620 0158 1B68     		ldr	r3, [r3]
 3621 015a 1D4A     		ldr	r2, .L237+8
 3622 015c 9342     		cmp	r3, r2
 3623 015e 13D0     		beq	.L234
 3624              		.loc 1 1237 9 discriminator 4
 3625 0160 7B68     		ldr	r3, [r7, #4]
 3626 0162 1B68     		ldr	r3, [r3]
 3627 0164 1B4A     		ldr	r2, .L237+12
 3628 0166 9342     		cmp	r3, r2
 3629 0168 0ED0     		beq	.L234
 3630              		.loc 1 1237 9 discriminator 5
 3631 016a 7B68     		ldr	r3, [r7, #4]
 3632 016c 1B68     		ldr	r3, [r3]
 3633 016e 1A4A     		ldr	r2, .L237+16
 3634 0170 9342     		cmp	r3, r2
 3635 0172 09D0     		beq	.L234
 3636              		.loc 1 1237 9 discriminator 6
ARM GAS  /tmp/ccemsrUD.s 			page 86


 3637 0174 7B68     		ldr	r3, [r7, #4]
 3638 0176 1B68     		ldr	r3, [r3]
 3639 0178 184A     		ldr	r2, .L237+20
 3640 017a 9342     		cmp	r3, r2
 3641 017c 04D0     		beq	.L234
 3642              		.loc 1 1237 9 discriminator 7
 3643 017e 7B68     		ldr	r3, [r7, #4]
 3644 0180 1B68     		ldr	r3, [r3]
 3645 0182 174A     		ldr	r2, .L237+24
 3646 0184 9342     		cmp	r3, r2
 3647 0186 11D1     		bne	.L235
 3648              	.L234:
1238:Drivers/STM32F4xx_HAL_Driver/Src/stm32f4xx_hal_tim_ex.c ****     {
1239:Drivers/STM32F4xx_HAL_Driver/Src/stm32f4xx_hal_tim_ex.c ****       tmpsmcr = htim->Instance->SMCR & TIM_SMCR_SMS;
 3649              		.loc 1 1239 21 is_stmt 1
 3650 0188 7B68     		ldr	r3, [r7, #4]
 3651 018a 1B68     		ldr	r3, [r3]
 3652              		.loc 1 1239 31
 3653 018c 9B68     		ldr	r3, [r3, #8]
 3654              		.loc 1 1239 15
 3655 018e 03F00703 		and	r3, r3, #7
 3656 0192 BB60     		str	r3, [r7, #8]
1240:Drivers/STM32F4xx_HAL_Driver/Src/stm32f4xx_hal_tim_ex.c ****       if (!IS_TIM_SLAVEMODE_TRIGGER_ENABLED(tmpsmcr))
 3657              		.loc 1 1240 10
 3658 0194 BB68     		ldr	r3, [r7, #8]
 3659 0196 062B     		cmp	r3, #6
 3660 0198 10D0     		beq	.L233
1241:Drivers/STM32F4xx_HAL_Driver/Src/stm32f4xx_hal_tim_ex.c ****       {
1242:Drivers/STM32F4xx_HAL_Driver/Src/stm32f4xx_hal_tim_ex.c ****         __HAL_TIM_ENABLE(htim);
 3661              		.loc 1 1242 9
 3662 019a 7B68     		ldr	r3, [r7, #4]
 3663 019c 1B68     		ldr	r3, [r3]
 3664 019e 1A68     		ldr	r2, [r3]
 3665 01a0 7B68     		ldr	r3, [r7, #4]
 3666 01a2 1B68     		ldr	r3, [r3]
 3667 01a4 42F00102 		orr	r2, r2, #1
 3668 01a8 1A60     		str	r2, [r3]
1240:Drivers/STM32F4xx_HAL_Driver/Src/stm32f4xx_hal_tim_ex.c ****       if (!IS_TIM_SLAVEMODE_TRIGGER_ENABLED(tmpsmcr))
 3669              		.loc 1 1240 10
 3670 01aa 07E0     		b	.L233
 3671              	.L235:
1243:Drivers/STM32F4xx_HAL_Driver/Src/stm32f4xx_hal_tim_ex.c ****       }
1244:Drivers/STM32F4xx_HAL_Driver/Src/stm32f4xx_hal_tim_ex.c ****     }
1245:Drivers/STM32F4xx_HAL_Driver/Src/stm32f4xx_hal_tim_ex.c ****     else
1246:Drivers/STM32F4xx_HAL_Driver/Src/stm32f4xx_hal_tim_ex.c ****     {
1247:Drivers/STM32F4xx_HAL_Driver/Src/stm32f4xx_hal_tim_ex.c ****       __HAL_TIM_ENABLE(htim);
 3672              		.loc 1 1247 7
 3673 01ac 7B68     		ldr	r3, [r7, #4]
 3674 01ae 1B68     		ldr	r3, [r3]
 3675 01b0 1A68     		ldr	r2, [r3]
 3676 01b2 7B68     		ldr	r3, [r7, #4]
 3677 01b4 1B68     		ldr	r3, [r3]
 3678 01b6 42F00102 		orr	r2, r2, #1
 3679 01ba 1A60     		str	r2, [r3]
 3680              	.L233:
1248:Drivers/STM32F4xx_HAL_Driver/Src/stm32f4xx_hal_tim_ex.c ****     }
1249:Drivers/STM32F4xx_HAL_Driver/Src/stm32f4xx_hal_tim_ex.c ****   }
ARM GAS  /tmp/ccemsrUD.s 			page 87


1250:Drivers/STM32F4xx_HAL_Driver/Src/stm32f4xx_hal_tim_ex.c **** 
1251:Drivers/STM32F4xx_HAL_Driver/Src/stm32f4xx_hal_tim_ex.c ****   /* Return function status */
1252:Drivers/STM32F4xx_HAL_Driver/Src/stm32f4xx_hal_tim_ex.c ****   return status;
 3681              		.loc 1 1252 10
 3682 01bc FB7B     		ldrb	r3, [r7, #15]	@ zero_extendqisi2
 3683              	.L221:
1253:Drivers/STM32F4xx_HAL_Driver/Src/stm32f4xx_hal_tim_ex.c **** }
 3684              		.loc 1 1253 1
 3685 01be 1846     		mov	r0, r3
 3686 01c0 1037     		adds	r7, r7, #16
 3687              	.LCFI95:
 3688              		.cfi_def_cfa_offset 8
 3689 01c2 BD46     		mov	sp, r7
 3690              	.LCFI96:
 3691              		.cfi_def_cfa_register 13
 3692              		@ sp needed
 3693 01c4 80BD     		pop	{r7, pc}
 3694              	.L238:
 3695 01c6 00BF     		.align	2
 3696              	.L237:
 3697 01c8 00000140 		.word	1073807360
 3698 01cc 00040040 		.word	1073742848
 3699 01d0 00080040 		.word	1073743872
 3700 01d4 000C0040 		.word	1073744896
 3701 01d8 00040140 		.word	1073808384
 3702 01dc 00400140 		.word	1073823744
 3703 01e0 00180040 		.word	1073747968
 3704              		.cfi_endproc
 3705              	.LFE257:
 3707              		.section	.text.HAL_TIMEx_PWMN_Stop_IT,"ax",%progbits
 3708              		.align	1
 3709              		.global	HAL_TIMEx_PWMN_Stop_IT
 3710              		.syntax unified
 3711              		.thumb
 3712              		.thumb_func
 3714              	HAL_TIMEx_PWMN_Stop_IT:
 3715              	.LFB258:
1254:Drivers/STM32F4xx_HAL_Driver/Src/stm32f4xx_hal_tim_ex.c **** 
1255:Drivers/STM32F4xx_HAL_Driver/Src/stm32f4xx_hal_tim_ex.c **** /**
1256:Drivers/STM32F4xx_HAL_Driver/Src/stm32f4xx_hal_tim_ex.c ****   * @brief  Stops the PWM signal generation in interrupt mode on the
1257:Drivers/STM32F4xx_HAL_Driver/Src/stm32f4xx_hal_tim_ex.c ****   *         complementary output.
1258:Drivers/STM32F4xx_HAL_Driver/Src/stm32f4xx_hal_tim_ex.c ****   * @param  htim TIM handle
1259:Drivers/STM32F4xx_HAL_Driver/Src/stm32f4xx_hal_tim_ex.c ****   * @param  Channel TIM Channel to be disabled
1260:Drivers/STM32F4xx_HAL_Driver/Src/stm32f4xx_hal_tim_ex.c ****   *          This parameter can be one of the following values:
1261:Drivers/STM32F4xx_HAL_Driver/Src/stm32f4xx_hal_tim_ex.c ****   *            @arg TIM_CHANNEL_1: TIM Channel 1 selected
1262:Drivers/STM32F4xx_HAL_Driver/Src/stm32f4xx_hal_tim_ex.c ****   *            @arg TIM_CHANNEL_2: TIM Channel 2 selected
1263:Drivers/STM32F4xx_HAL_Driver/Src/stm32f4xx_hal_tim_ex.c ****   *            @arg TIM_CHANNEL_3: TIM Channel 3 selected
1264:Drivers/STM32F4xx_HAL_Driver/Src/stm32f4xx_hal_tim_ex.c ****   * @retval HAL status
1265:Drivers/STM32F4xx_HAL_Driver/Src/stm32f4xx_hal_tim_ex.c ****   */
1266:Drivers/STM32F4xx_HAL_Driver/Src/stm32f4xx_hal_tim_ex.c **** HAL_StatusTypeDef HAL_TIMEx_PWMN_Stop_IT(TIM_HandleTypeDef *htim, uint32_t Channel)
1267:Drivers/STM32F4xx_HAL_Driver/Src/stm32f4xx_hal_tim_ex.c **** {
 3716              		.loc 1 1267 1
 3717              		.cfi_startproc
 3718              		@ args = 0, pretend = 0, frame = 16
 3719              		@ frame_needed = 1, uses_anonymous_args = 0
 3720 0000 80B5     		push	{r7, lr}
 3721              	.LCFI97:
ARM GAS  /tmp/ccemsrUD.s 			page 88


 3722              		.cfi_def_cfa_offset 8
 3723              		.cfi_offset 7, -8
 3724              		.cfi_offset 14, -4
 3725 0002 84B0     		sub	sp, sp, #16
 3726              	.LCFI98:
 3727              		.cfi_def_cfa_offset 24
 3728 0004 00AF     		add	r7, sp, #0
 3729              	.LCFI99:
 3730              		.cfi_def_cfa_register 7
 3731 0006 7860     		str	r0, [r7, #4]
 3732 0008 3960     		str	r1, [r7]
1268:Drivers/STM32F4xx_HAL_Driver/Src/stm32f4xx_hal_tim_ex.c ****   HAL_StatusTypeDef status = HAL_OK;
 3733              		.loc 1 1268 21
 3734 000a 0023     		movs	r3, #0
 3735 000c FB73     		strb	r3, [r7, #15]
1269:Drivers/STM32F4xx_HAL_Driver/Src/stm32f4xx_hal_tim_ex.c ****   uint32_t tmpccer;
1270:Drivers/STM32F4xx_HAL_Driver/Src/stm32f4xx_hal_tim_ex.c **** 
1271:Drivers/STM32F4xx_HAL_Driver/Src/stm32f4xx_hal_tim_ex.c ****   /* Check the parameters */
1272:Drivers/STM32F4xx_HAL_Driver/Src/stm32f4xx_hal_tim_ex.c ****   assert_param(IS_TIM_CCXN_INSTANCE(htim->Instance, Channel));
1273:Drivers/STM32F4xx_HAL_Driver/Src/stm32f4xx_hal_tim_ex.c **** 
1274:Drivers/STM32F4xx_HAL_Driver/Src/stm32f4xx_hal_tim_ex.c ****   switch (Channel)
 3736              		.loc 1 1274 3
 3737 000e 3B68     		ldr	r3, [r7]
 3738 0010 082B     		cmp	r3, #8
 3739 0012 1BD0     		beq	.L240
 3740 0014 3B68     		ldr	r3, [r7]
 3741 0016 082B     		cmp	r3, #8
 3742 0018 21D8     		bhi	.L241
 3743 001a 3B68     		ldr	r3, [r7]
 3744 001c 002B     		cmp	r3, #0
 3745 001e 03D0     		beq	.L242
 3746 0020 3B68     		ldr	r3, [r7]
 3747 0022 042B     		cmp	r3, #4
 3748 0024 09D0     		beq	.L243
 3749 0026 1AE0     		b	.L241
 3750              	.L242:
1275:Drivers/STM32F4xx_HAL_Driver/Src/stm32f4xx_hal_tim_ex.c ****   {
1276:Drivers/STM32F4xx_HAL_Driver/Src/stm32f4xx_hal_tim_ex.c ****     case TIM_CHANNEL_1:
1277:Drivers/STM32F4xx_HAL_Driver/Src/stm32f4xx_hal_tim_ex.c ****     {
1278:Drivers/STM32F4xx_HAL_Driver/Src/stm32f4xx_hal_tim_ex.c ****       /* Disable the TIM Capture/Compare 1 interrupt */
1279:Drivers/STM32F4xx_HAL_Driver/Src/stm32f4xx_hal_tim_ex.c ****       __HAL_TIM_DISABLE_IT(htim, TIM_IT_CC1);
 3751              		.loc 1 1279 7
 3752 0028 7B68     		ldr	r3, [r7, #4]
 3753 002a 1B68     		ldr	r3, [r3]
 3754 002c DA68     		ldr	r2, [r3, #12]
 3755 002e 7B68     		ldr	r3, [r7, #4]
 3756 0030 1B68     		ldr	r3, [r3]
 3757 0032 22F00202 		bic	r2, r2, #2
 3758 0036 DA60     		str	r2, [r3, #12]
1280:Drivers/STM32F4xx_HAL_Driver/Src/stm32f4xx_hal_tim_ex.c ****       break;
 3759              		.loc 1 1280 7
 3760 0038 14E0     		b	.L244
 3761              	.L243:
1281:Drivers/STM32F4xx_HAL_Driver/Src/stm32f4xx_hal_tim_ex.c ****     }
1282:Drivers/STM32F4xx_HAL_Driver/Src/stm32f4xx_hal_tim_ex.c **** 
1283:Drivers/STM32F4xx_HAL_Driver/Src/stm32f4xx_hal_tim_ex.c ****     case TIM_CHANNEL_2:
1284:Drivers/STM32F4xx_HAL_Driver/Src/stm32f4xx_hal_tim_ex.c ****     {
ARM GAS  /tmp/ccemsrUD.s 			page 89


1285:Drivers/STM32F4xx_HAL_Driver/Src/stm32f4xx_hal_tim_ex.c ****       /* Disable the TIM Capture/Compare 2 interrupt */
1286:Drivers/STM32F4xx_HAL_Driver/Src/stm32f4xx_hal_tim_ex.c ****       __HAL_TIM_DISABLE_IT(htim, TIM_IT_CC2);
 3762              		.loc 1 1286 7
 3763 003a 7B68     		ldr	r3, [r7, #4]
 3764 003c 1B68     		ldr	r3, [r3]
 3765 003e DA68     		ldr	r2, [r3, #12]
 3766 0040 7B68     		ldr	r3, [r7, #4]
 3767 0042 1B68     		ldr	r3, [r3]
 3768 0044 22F00402 		bic	r2, r2, #4
 3769 0048 DA60     		str	r2, [r3, #12]
1287:Drivers/STM32F4xx_HAL_Driver/Src/stm32f4xx_hal_tim_ex.c ****       break;
 3770              		.loc 1 1287 7
 3771 004a 0BE0     		b	.L244
 3772              	.L240:
1288:Drivers/STM32F4xx_HAL_Driver/Src/stm32f4xx_hal_tim_ex.c ****     }
1289:Drivers/STM32F4xx_HAL_Driver/Src/stm32f4xx_hal_tim_ex.c **** 
1290:Drivers/STM32F4xx_HAL_Driver/Src/stm32f4xx_hal_tim_ex.c ****     case TIM_CHANNEL_3:
1291:Drivers/STM32F4xx_HAL_Driver/Src/stm32f4xx_hal_tim_ex.c ****     {
1292:Drivers/STM32F4xx_HAL_Driver/Src/stm32f4xx_hal_tim_ex.c ****       /* Disable the TIM Capture/Compare 3 interrupt */
1293:Drivers/STM32F4xx_HAL_Driver/Src/stm32f4xx_hal_tim_ex.c ****       __HAL_TIM_DISABLE_IT(htim, TIM_IT_CC3);
 3773              		.loc 1 1293 7
 3774 004c 7B68     		ldr	r3, [r7, #4]
 3775 004e 1B68     		ldr	r3, [r3]
 3776 0050 DA68     		ldr	r2, [r3, #12]
 3777 0052 7B68     		ldr	r3, [r7, #4]
 3778 0054 1B68     		ldr	r3, [r3]
 3779 0056 22F00802 		bic	r2, r2, #8
 3780 005a DA60     		str	r2, [r3, #12]
1294:Drivers/STM32F4xx_HAL_Driver/Src/stm32f4xx_hal_tim_ex.c ****       break;
 3781              		.loc 1 1294 7
 3782 005c 02E0     		b	.L244
 3783              	.L241:
1295:Drivers/STM32F4xx_HAL_Driver/Src/stm32f4xx_hal_tim_ex.c ****     }
1296:Drivers/STM32F4xx_HAL_Driver/Src/stm32f4xx_hal_tim_ex.c **** 
1297:Drivers/STM32F4xx_HAL_Driver/Src/stm32f4xx_hal_tim_ex.c ****     default:
1298:Drivers/STM32F4xx_HAL_Driver/Src/stm32f4xx_hal_tim_ex.c ****       status = HAL_ERROR;
 3784              		.loc 1 1298 14
 3785 005e 0123     		movs	r3, #1
 3786 0060 FB73     		strb	r3, [r7, #15]
1299:Drivers/STM32F4xx_HAL_Driver/Src/stm32f4xx_hal_tim_ex.c ****       break;
 3787              		.loc 1 1299 7
 3788 0062 00BF     		nop
 3789              	.L244:
1300:Drivers/STM32F4xx_HAL_Driver/Src/stm32f4xx_hal_tim_ex.c ****   }
1301:Drivers/STM32F4xx_HAL_Driver/Src/stm32f4xx_hal_tim_ex.c **** 
1302:Drivers/STM32F4xx_HAL_Driver/Src/stm32f4xx_hal_tim_ex.c ****   if (status == HAL_OK)
 3790              		.loc 1 1302 6
 3791 0064 FB7B     		ldrb	r3, [r7, #15]	@ zero_extendqisi2
 3792 0066 002B     		cmp	r3, #0
 3793 0068 64D1     		bne	.L245
1303:Drivers/STM32F4xx_HAL_Driver/Src/stm32f4xx_hal_tim_ex.c ****   {
1304:Drivers/STM32F4xx_HAL_Driver/Src/stm32f4xx_hal_tim_ex.c ****     /* Disable the complementary PWM output  */
1305:Drivers/STM32F4xx_HAL_Driver/Src/stm32f4xx_hal_tim_ex.c ****     TIM_CCxNChannelCmd(htim->Instance, Channel, TIM_CCxN_DISABLE);
 3794              		.loc 1 1305 5
 3795 006a 7B68     		ldr	r3, [r7, #4]
 3796 006c 1B68     		ldr	r3, [r3]
 3797 006e 0022     		movs	r2, #0
ARM GAS  /tmp/ccemsrUD.s 			page 90


 3798 0070 3968     		ldr	r1, [r7]
 3799 0072 1846     		mov	r0, r3
 3800 0074 FFF7FEFF 		bl	TIM_CCxNChannelCmd
1306:Drivers/STM32F4xx_HAL_Driver/Src/stm32f4xx_hal_tim_ex.c **** 
1307:Drivers/STM32F4xx_HAL_Driver/Src/stm32f4xx_hal_tim_ex.c ****     /* Disable the TIM Break interrupt (only if no more channel is active) */
1308:Drivers/STM32F4xx_HAL_Driver/Src/stm32f4xx_hal_tim_ex.c ****     tmpccer = htim->Instance->CCER;
 3801              		.loc 1 1308 19
 3802 0078 7B68     		ldr	r3, [r7, #4]
 3803 007a 1B68     		ldr	r3, [r3]
 3804              		.loc 1 1308 13
 3805 007c 1B6A     		ldr	r3, [r3, #32]
 3806 007e BB60     		str	r3, [r7, #8]
1309:Drivers/STM32F4xx_HAL_Driver/Src/stm32f4xx_hal_tim_ex.c ****     if ((tmpccer & TIM_CCER_CCxNE_MASK) == (uint32_t)RESET)
 3807              		.loc 1 1309 18
 3808 0080 BA68     		ldr	r2, [r7, #8]
 3809 0082 40F24443 		movw	r3, #1092
 3810 0086 1340     		ands	r3, r3, r2
 3811              		.loc 1 1309 8
 3812 0088 002B     		cmp	r3, #0
 3813 008a 07D1     		bne	.L246
1310:Drivers/STM32F4xx_HAL_Driver/Src/stm32f4xx_hal_tim_ex.c ****     {
1311:Drivers/STM32F4xx_HAL_Driver/Src/stm32f4xx_hal_tim_ex.c ****       __HAL_TIM_DISABLE_IT(htim, TIM_IT_BREAK);
 3814              		.loc 1 1311 7
 3815 008c 7B68     		ldr	r3, [r7, #4]
 3816 008e 1B68     		ldr	r3, [r3]
 3817 0090 DA68     		ldr	r2, [r3, #12]
 3818 0092 7B68     		ldr	r3, [r7, #4]
 3819 0094 1B68     		ldr	r3, [r3]
 3820 0096 22F08002 		bic	r2, r2, #128
 3821 009a DA60     		str	r2, [r3, #12]
 3822              	.L246:
1312:Drivers/STM32F4xx_HAL_Driver/Src/stm32f4xx_hal_tim_ex.c ****     }
1313:Drivers/STM32F4xx_HAL_Driver/Src/stm32f4xx_hal_tim_ex.c **** 
1314:Drivers/STM32F4xx_HAL_Driver/Src/stm32f4xx_hal_tim_ex.c ****     /* Disable the Main Output */
1315:Drivers/STM32F4xx_HAL_Driver/Src/stm32f4xx_hal_tim_ex.c ****     __HAL_TIM_MOE_DISABLE(htim);
 3823              		.loc 1 1315 5
 3824 009c 7B68     		ldr	r3, [r7, #4]
 3825 009e 1B68     		ldr	r3, [r3]
 3826 00a0 1A6A     		ldr	r2, [r3, #32]
 3827 00a2 41F21113 		movw	r3, #4369
 3828 00a6 1340     		ands	r3, r3, r2
 3829 00a8 002B     		cmp	r3, #0
 3830 00aa 0FD1     		bne	.L247
 3831              		.loc 1 1315 5 is_stmt 0 discriminator 1
 3832 00ac 7B68     		ldr	r3, [r7, #4]
 3833 00ae 1B68     		ldr	r3, [r3]
 3834 00b0 1A6A     		ldr	r2, [r3, #32]
 3835 00b2 40F24443 		movw	r3, #1092
 3836 00b6 1340     		ands	r3, r3, r2
 3837 00b8 002B     		cmp	r3, #0
 3838 00ba 07D1     		bne	.L247
 3839              		.loc 1 1315 5 discriminator 2
 3840 00bc 7B68     		ldr	r3, [r7, #4]
 3841 00be 1B68     		ldr	r3, [r3]
 3842 00c0 5A6C     		ldr	r2, [r3, #68]
 3843 00c2 7B68     		ldr	r3, [r7, #4]
 3844 00c4 1B68     		ldr	r3, [r3]
ARM GAS  /tmp/ccemsrUD.s 			page 91


 3845 00c6 22F40042 		bic	r2, r2, #32768
 3846 00ca 5A64     		str	r2, [r3, #68]
 3847              	.L247:
1316:Drivers/STM32F4xx_HAL_Driver/Src/stm32f4xx_hal_tim_ex.c **** 
1317:Drivers/STM32F4xx_HAL_Driver/Src/stm32f4xx_hal_tim_ex.c ****     /* Disable the Peripheral */
1318:Drivers/STM32F4xx_HAL_Driver/Src/stm32f4xx_hal_tim_ex.c ****     __HAL_TIM_DISABLE(htim);
 3848              		.loc 1 1318 5 is_stmt 1
 3849 00cc 7B68     		ldr	r3, [r7, #4]
 3850 00ce 1B68     		ldr	r3, [r3]
 3851 00d0 1A6A     		ldr	r2, [r3, #32]
 3852 00d2 41F21113 		movw	r3, #4369
 3853 00d6 1340     		ands	r3, r3, r2
 3854 00d8 002B     		cmp	r3, #0
 3855 00da 0FD1     		bne	.L248
 3856              		.loc 1 1318 5 is_stmt 0 discriminator 1
 3857 00dc 7B68     		ldr	r3, [r7, #4]
 3858 00de 1B68     		ldr	r3, [r3]
 3859 00e0 1A6A     		ldr	r2, [r3, #32]
 3860 00e2 40F24443 		movw	r3, #1092
 3861 00e6 1340     		ands	r3, r3, r2
 3862 00e8 002B     		cmp	r3, #0
 3863 00ea 07D1     		bne	.L248
 3864              		.loc 1 1318 5 discriminator 2
 3865 00ec 7B68     		ldr	r3, [r7, #4]
 3866 00ee 1B68     		ldr	r3, [r3]
 3867 00f0 1A68     		ldr	r2, [r3]
 3868 00f2 7B68     		ldr	r3, [r7, #4]
 3869 00f4 1B68     		ldr	r3, [r3]
 3870 00f6 22F00102 		bic	r2, r2, #1
 3871 00fa 1A60     		str	r2, [r3]
 3872              	.L248:
1319:Drivers/STM32F4xx_HAL_Driver/Src/stm32f4xx_hal_tim_ex.c **** 
1320:Drivers/STM32F4xx_HAL_Driver/Src/stm32f4xx_hal_tim_ex.c ****     /* Set the TIM complementary channel state */
1321:Drivers/STM32F4xx_HAL_Driver/Src/stm32f4xx_hal_tim_ex.c ****     TIM_CHANNEL_N_STATE_SET(htim, Channel, HAL_TIM_CHANNEL_STATE_READY);
 3873              		.loc 1 1321 5 is_stmt 1
 3874 00fc 3B68     		ldr	r3, [r7]
 3875 00fe 002B     		cmp	r3, #0
 3876 0100 04D1     		bne	.L249
 3877              		.loc 1 1321 5 is_stmt 0 discriminator 1
 3878 0102 7B68     		ldr	r3, [r7, #4]
 3879 0104 0122     		movs	r2, #1
 3880 0106 83F84220 		strb	r2, [r3, #66]
 3881 010a 13E0     		b	.L245
 3882              	.L249:
 3883              		.loc 1 1321 5 discriminator 2
 3884 010c 3B68     		ldr	r3, [r7]
 3885 010e 042B     		cmp	r3, #4
 3886 0110 04D1     		bne	.L250
 3887              		.loc 1 1321 5 discriminator 3
 3888 0112 7B68     		ldr	r3, [r7, #4]
 3889 0114 0122     		movs	r2, #1
 3890 0116 83F84320 		strb	r2, [r3, #67]
 3891 011a 0BE0     		b	.L245
 3892              	.L250:
 3893              		.loc 1 1321 5 discriminator 4
 3894 011c 3B68     		ldr	r3, [r7]
 3895 011e 082B     		cmp	r3, #8
ARM GAS  /tmp/ccemsrUD.s 			page 92


 3896 0120 04D1     		bne	.L252
 3897              		.loc 1 1321 5 discriminator 6
 3898 0122 7B68     		ldr	r3, [r7, #4]
 3899 0124 0122     		movs	r2, #1
 3900 0126 83F84420 		strb	r2, [r3, #68]
 3901 012a 03E0     		b	.L245
 3902              	.L252:
 3903              		.loc 1 1321 5 discriminator 7
 3904 012c 7B68     		ldr	r3, [r7, #4]
 3905 012e 0122     		movs	r2, #1
 3906 0130 83F84520 		strb	r2, [r3, #69]
 3907              	.L245:
1322:Drivers/STM32F4xx_HAL_Driver/Src/stm32f4xx_hal_tim_ex.c ****   }
1323:Drivers/STM32F4xx_HAL_Driver/Src/stm32f4xx_hal_tim_ex.c **** 
1324:Drivers/STM32F4xx_HAL_Driver/Src/stm32f4xx_hal_tim_ex.c ****   /* Return function status */
1325:Drivers/STM32F4xx_HAL_Driver/Src/stm32f4xx_hal_tim_ex.c ****   return status;
 3908              		.loc 1 1325 10 is_stmt 1
 3909 0134 FB7B     		ldrb	r3, [r7, #15]	@ zero_extendqisi2
1326:Drivers/STM32F4xx_HAL_Driver/Src/stm32f4xx_hal_tim_ex.c **** }
 3910              		.loc 1 1326 1
 3911 0136 1846     		mov	r0, r3
 3912 0138 1037     		adds	r7, r7, #16
 3913              	.LCFI100:
 3914              		.cfi_def_cfa_offset 8
 3915 013a BD46     		mov	sp, r7
 3916              	.LCFI101:
 3917              		.cfi_def_cfa_register 13
 3918              		@ sp needed
 3919 013c 80BD     		pop	{r7, pc}
 3920              		.cfi_endproc
 3921              	.LFE258:
 3923              		.section	.text.HAL_TIMEx_PWMN_Start_DMA,"ax",%progbits
 3924              		.align	1
 3925              		.global	HAL_TIMEx_PWMN_Start_DMA
 3926              		.syntax unified
 3927              		.thumb
 3928              		.thumb_func
 3930              	HAL_TIMEx_PWMN_Start_DMA:
 3931              	.LFB259:
1327:Drivers/STM32F4xx_HAL_Driver/Src/stm32f4xx_hal_tim_ex.c **** 
1328:Drivers/STM32F4xx_HAL_Driver/Src/stm32f4xx_hal_tim_ex.c **** /**
1329:Drivers/STM32F4xx_HAL_Driver/Src/stm32f4xx_hal_tim_ex.c ****   * @brief  Starts the TIM PWM signal generation in DMA mode on the
1330:Drivers/STM32F4xx_HAL_Driver/Src/stm32f4xx_hal_tim_ex.c ****   *         complementary output
1331:Drivers/STM32F4xx_HAL_Driver/Src/stm32f4xx_hal_tim_ex.c ****   * @param  htim TIM handle
1332:Drivers/STM32F4xx_HAL_Driver/Src/stm32f4xx_hal_tim_ex.c ****   * @param  Channel TIM Channel to be enabled
1333:Drivers/STM32F4xx_HAL_Driver/Src/stm32f4xx_hal_tim_ex.c ****   *          This parameter can be one of the following values:
1334:Drivers/STM32F4xx_HAL_Driver/Src/stm32f4xx_hal_tim_ex.c ****   *            @arg TIM_CHANNEL_1: TIM Channel 1 selected
1335:Drivers/STM32F4xx_HAL_Driver/Src/stm32f4xx_hal_tim_ex.c ****   *            @arg TIM_CHANNEL_2: TIM Channel 2 selected
1336:Drivers/STM32F4xx_HAL_Driver/Src/stm32f4xx_hal_tim_ex.c ****   *            @arg TIM_CHANNEL_3: TIM Channel 3 selected
1337:Drivers/STM32F4xx_HAL_Driver/Src/stm32f4xx_hal_tim_ex.c ****   * @param  pData The source Buffer address.
1338:Drivers/STM32F4xx_HAL_Driver/Src/stm32f4xx_hal_tim_ex.c ****   * @param  Length The length of data to be transferred from memory to TIM peripheral
1339:Drivers/STM32F4xx_HAL_Driver/Src/stm32f4xx_hal_tim_ex.c ****   * @retval HAL status
1340:Drivers/STM32F4xx_HAL_Driver/Src/stm32f4xx_hal_tim_ex.c ****   */
1341:Drivers/STM32F4xx_HAL_Driver/Src/stm32f4xx_hal_tim_ex.c **** HAL_StatusTypeDef HAL_TIMEx_PWMN_Start_DMA(TIM_HandleTypeDef *htim, uint32_t Channel, const uint32_
1342:Drivers/STM32F4xx_HAL_Driver/Src/stm32f4xx_hal_tim_ex.c ****                                            uint16_t Length)
1343:Drivers/STM32F4xx_HAL_Driver/Src/stm32f4xx_hal_tim_ex.c **** {
 3932              		.loc 1 1343 1
ARM GAS  /tmp/ccemsrUD.s 			page 93


 3933              		.cfi_startproc
 3934              		@ args = 0, pretend = 0, frame = 24
 3935              		@ frame_needed = 1, uses_anonymous_args = 0
 3936 0000 80B5     		push	{r7, lr}
 3937              	.LCFI102:
 3938              		.cfi_def_cfa_offset 8
 3939              		.cfi_offset 7, -8
 3940              		.cfi_offset 14, -4
 3941 0002 86B0     		sub	sp, sp, #24
 3942              	.LCFI103:
 3943              		.cfi_def_cfa_offset 32
 3944 0004 00AF     		add	r7, sp, #0
 3945              	.LCFI104:
 3946              		.cfi_def_cfa_register 7
 3947 0006 F860     		str	r0, [r7, #12]
 3948 0008 B960     		str	r1, [r7, #8]
 3949 000a 7A60     		str	r2, [r7, #4]
 3950 000c 7B80     		strh	r3, [r7, #2]	@ movhi
1344:Drivers/STM32F4xx_HAL_Driver/Src/stm32f4xx_hal_tim_ex.c ****   HAL_StatusTypeDef status = HAL_OK;
 3951              		.loc 1 1344 21
 3952 000e 0023     		movs	r3, #0
 3953 0010 FB75     		strb	r3, [r7, #23]
1345:Drivers/STM32F4xx_HAL_Driver/Src/stm32f4xx_hal_tim_ex.c ****   uint32_t tmpsmcr;
1346:Drivers/STM32F4xx_HAL_Driver/Src/stm32f4xx_hal_tim_ex.c **** 
1347:Drivers/STM32F4xx_HAL_Driver/Src/stm32f4xx_hal_tim_ex.c ****   /* Check the parameters */
1348:Drivers/STM32F4xx_HAL_Driver/Src/stm32f4xx_hal_tim_ex.c ****   assert_param(IS_TIM_CCXN_INSTANCE(htim->Instance, Channel));
1349:Drivers/STM32F4xx_HAL_Driver/Src/stm32f4xx_hal_tim_ex.c **** 
1350:Drivers/STM32F4xx_HAL_Driver/Src/stm32f4xx_hal_tim_ex.c ****   /* Set the TIM complementary channel state */
1351:Drivers/STM32F4xx_HAL_Driver/Src/stm32f4xx_hal_tim_ex.c ****   if (TIM_CHANNEL_N_STATE_GET(htim, Channel) == HAL_TIM_CHANNEL_STATE_BUSY)
 3954              		.loc 1 1351 46
 3955 0012 BB68     		ldr	r3, [r7, #8]
 3956 0014 002B     		cmp	r3, #0
 3957 0016 09D1     		bne	.L256
 3958              		.loc 1 1351 7 discriminator 1
 3959 0018 FB68     		ldr	r3, [r7, #12]
 3960 001a 93F84230 		ldrb	r3, [r3, #66]
 3961 001e DBB2     		uxtb	r3, r3
 3962              		.loc 1 1351 46 discriminator 1
 3963 0020 022B     		cmp	r3, #2
 3964 0022 0CBF     		ite	eq
 3965 0024 0123     		moveq	r3, #1
 3966 0026 0023     		movne	r3, #0
 3967 0028 DBB2     		uxtb	r3, r3
 3968 002a 22E0     		b	.L257
 3969              	.L256:
 3970              		.loc 1 1351 46 is_stmt 0 discriminator 2
 3971 002c BB68     		ldr	r3, [r7, #8]
 3972 002e 042B     		cmp	r3, #4
 3973 0030 09D1     		bne	.L258
 3974              		.loc 1 1351 7 is_stmt 1 discriminator 4
 3975 0032 FB68     		ldr	r3, [r7, #12]
 3976 0034 93F84330 		ldrb	r3, [r3, #67]
 3977 0038 DBB2     		uxtb	r3, r3
 3978              		.loc 1 1351 46 discriminator 4
 3979 003a 022B     		cmp	r3, #2
 3980 003c 0CBF     		ite	eq
 3981 003e 0123     		moveq	r3, #1
ARM GAS  /tmp/ccemsrUD.s 			page 94


 3982 0040 0023     		movne	r3, #0
 3983 0042 DBB2     		uxtb	r3, r3
 3984 0044 15E0     		b	.L257
 3985              	.L258:
 3986              		.loc 1 1351 46 is_stmt 0 discriminator 5
 3987 0046 BB68     		ldr	r3, [r7, #8]
 3988 0048 082B     		cmp	r3, #8
 3989 004a 09D1     		bne	.L260
 3990              		.loc 1 1351 7 is_stmt 1 discriminator 7
 3991 004c FB68     		ldr	r3, [r7, #12]
 3992 004e 93F84430 		ldrb	r3, [r3, #68]
 3993 0052 DBB2     		uxtb	r3, r3
 3994              		.loc 1 1351 46 discriminator 7
 3995 0054 022B     		cmp	r3, #2
 3996 0056 0CBF     		ite	eq
 3997 0058 0123     		moveq	r3, #1
 3998 005a 0023     		movne	r3, #0
 3999 005c DBB2     		uxtb	r3, r3
 4000 005e 08E0     		b	.L257
 4001              	.L260:
 4002              		.loc 1 1351 7 discriminator 8
 4003 0060 FB68     		ldr	r3, [r7, #12]
 4004 0062 93F84530 		ldrb	r3, [r3, #69]
 4005 0066 DBB2     		uxtb	r3, r3
 4006              		.loc 1 1351 46 discriminator 8
 4007 0068 022B     		cmp	r3, #2
 4008 006a 0CBF     		ite	eq
 4009 006c 0123     		moveq	r3, #1
 4010 006e 0023     		movne	r3, #0
 4011 0070 DBB2     		uxtb	r3, r3
 4012              	.L257:
 4013              		.loc 1 1351 6 discriminator 12
 4014 0072 002B     		cmp	r3, #0
 4015 0074 01D0     		beq	.L262
1352:Drivers/STM32F4xx_HAL_Driver/Src/stm32f4xx_hal_tim_ex.c ****   {
1353:Drivers/STM32F4xx_HAL_Driver/Src/stm32f4xx_hal_tim_ex.c ****     return HAL_BUSY;
 4016              		.loc 1 1353 12
 4017 0076 0223     		movs	r3, #2
 4018 0078 29E1     		b	.L263
 4019              	.L262:
1354:Drivers/STM32F4xx_HAL_Driver/Src/stm32f4xx_hal_tim_ex.c ****   }
1355:Drivers/STM32F4xx_HAL_Driver/Src/stm32f4xx_hal_tim_ex.c ****   else if (TIM_CHANNEL_N_STATE_GET(htim, Channel) == HAL_TIM_CHANNEL_STATE_READY)
 4020              		.loc 1 1355 51
 4021 007a BB68     		ldr	r3, [r7, #8]
 4022 007c 002B     		cmp	r3, #0
 4023 007e 09D1     		bne	.L264
 4024              		.loc 1 1355 12 discriminator 1
 4025 0080 FB68     		ldr	r3, [r7, #12]
 4026 0082 93F84230 		ldrb	r3, [r3, #66]
 4027 0086 DBB2     		uxtb	r3, r3
 4028              		.loc 1 1355 51 discriminator 1
 4029 0088 012B     		cmp	r3, #1
 4030 008a 0CBF     		ite	eq
 4031 008c 0123     		moveq	r3, #1
 4032 008e 0023     		movne	r3, #0
 4033 0090 DBB2     		uxtb	r3, r3
 4034 0092 22E0     		b	.L265
ARM GAS  /tmp/ccemsrUD.s 			page 95


 4035              	.L264:
 4036              		.loc 1 1355 51 is_stmt 0 discriminator 2
 4037 0094 BB68     		ldr	r3, [r7, #8]
 4038 0096 042B     		cmp	r3, #4
 4039 0098 09D1     		bne	.L266
 4040              		.loc 1 1355 12 is_stmt 1 discriminator 4
 4041 009a FB68     		ldr	r3, [r7, #12]
 4042 009c 93F84330 		ldrb	r3, [r3, #67]
 4043 00a0 DBB2     		uxtb	r3, r3
 4044              		.loc 1 1355 51 discriminator 4
 4045 00a2 012B     		cmp	r3, #1
 4046 00a4 0CBF     		ite	eq
 4047 00a6 0123     		moveq	r3, #1
 4048 00a8 0023     		movne	r3, #0
 4049 00aa DBB2     		uxtb	r3, r3
 4050 00ac 15E0     		b	.L265
 4051              	.L266:
 4052              		.loc 1 1355 51 is_stmt 0 discriminator 5
 4053 00ae BB68     		ldr	r3, [r7, #8]
 4054 00b0 082B     		cmp	r3, #8
 4055 00b2 09D1     		bne	.L268
 4056              		.loc 1 1355 12 is_stmt 1 discriminator 7
 4057 00b4 FB68     		ldr	r3, [r7, #12]
 4058 00b6 93F84430 		ldrb	r3, [r3, #68]
 4059 00ba DBB2     		uxtb	r3, r3
 4060              		.loc 1 1355 51 discriminator 7
 4061 00bc 012B     		cmp	r3, #1
 4062 00be 0CBF     		ite	eq
 4063 00c0 0123     		moveq	r3, #1
 4064 00c2 0023     		movne	r3, #0
 4065 00c4 DBB2     		uxtb	r3, r3
 4066 00c6 08E0     		b	.L265
 4067              	.L268:
 4068              		.loc 1 1355 12 discriminator 8
 4069 00c8 FB68     		ldr	r3, [r7, #12]
 4070 00ca 93F84530 		ldrb	r3, [r3, #69]
 4071 00ce DBB2     		uxtb	r3, r3
 4072              		.loc 1 1355 51 discriminator 8
 4073 00d0 012B     		cmp	r3, #1
 4074 00d2 0CBF     		ite	eq
 4075 00d4 0123     		moveq	r3, #1
 4076 00d6 0023     		movne	r3, #0
 4077 00d8 DBB2     		uxtb	r3, r3
 4078              	.L265:
 4079              		.loc 1 1355 11 discriminator 12
 4080 00da 002B     		cmp	r3, #0
 4081 00dc 24D0     		beq	.L270
1356:Drivers/STM32F4xx_HAL_Driver/Src/stm32f4xx_hal_tim_ex.c ****   {
1357:Drivers/STM32F4xx_HAL_Driver/Src/stm32f4xx_hal_tim_ex.c ****     if ((pData == NULL) || (Length == 0U))
 4082              		.loc 1 1357 8
 4083 00de 7B68     		ldr	r3, [r7, #4]
 4084 00e0 002B     		cmp	r3, #0
 4085 00e2 02D0     		beq	.L271
 4086              		.loc 1 1357 25 discriminator 1
 4087 00e4 7B88     		ldrh	r3, [r7, #2]
 4088 00e6 002B     		cmp	r3, #0
 4089 00e8 01D1     		bne	.L272
ARM GAS  /tmp/ccemsrUD.s 			page 96


 4090              	.L271:
1358:Drivers/STM32F4xx_HAL_Driver/Src/stm32f4xx_hal_tim_ex.c ****     {
1359:Drivers/STM32F4xx_HAL_Driver/Src/stm32f4xx_hal_tim_ex.c ****       return HAL_ERROR;
 4091              		.loc 1 1359 14
 4092 00ea 0123     		movs	r3, #1
 4093 00ec EFE0     		b	.L263
 4094              	.L272:
1360:Drivers/STM32F4xx_HAL_Driver/Src/stm32f4xx_hal_tim_ex.c ****     }
1361:Drivers/STM32F4xx_HAL_Driver/Src/stm32f4xx_hal_tim_ex.c ****     else
1362:Drivers/STM32F4xx_HAL_Driver/Src/stm32f4xx_hal_tim_ex.c ****     {
1363:Drivers/STM32F4xx_HAL_Driver/Src/stm32f4xx_hal_tim_ex.c ****       TIM_CHANNEL_N_STATE_SET(htim, Channel, HAL_TIM_CHANNEL_STATE_BUSY);
 4095              		.loc 1 1363 7
 4096 00ee BB68     		ldr	r3, [r7, #8]
 4097 00f0 002B     		cmp	r3, #0
 4098 00f2 04D1     		bne	.L273
 4099              		.loc 1 1363 7 is_stmt 0 discriminator 1
 4100 00f4 FB68     		ldr	r3, [r7, #12]
 4101 00f6 0222     		movs	r2, #2
 4102 00f8 83F84220 		strb	r2, [r3, #66]
 4103 00fc 16E0     		b	.L274
 4104              	.L273:
 4105              		.loc 1 1363 7 discriminator 2
 4106 00fe BB68     		ldr	r3, [r7, #8]
 4107 0100 042B     		cmp	r3, #4
 4108 0102 04D1     		bne	.L275
 4109              		.loc 1 1363 7 discriminator 3
 4110 0104 FB68     		ldr	r3, [r7, #12]
 4111 0106 0222     		movs	r2, #2
 4112 0108 83F84320 		strb	r2, [r3, #67]
 4113 010c 0EE0     		b	.L274
 4114              	.L275:
 4115              		.loc 1 1363 7 discriminator 4
 4116 010e BB68     		ldr	r3, [r7, #8]
 4117 0110 082B     		cmp	r3, #8
 4118 0112 04D1     		bne	.L277
 4119              		.loc 1 1363 7 discriminator 6
 4120 0114 FB68     		ldr	r3, [r7, #12]
 4121 0116 0222     		movs	r2, #2
 4122 0118 83F84420 		strb	r2, [r3, #68]
 4123 011c 06E0     		b	.L274
 4124              	.L277:
 4125              		.loc 1 1363 7 discriminator 7
 4126 011e FB68     		ldr	r3, [r7, #12]
 4127 0120 0222     		movs	r2, #2
 4128 0122 83F84520 		strb	r2, [r3, #69]
 4129 0126 01E0     		b	.L274
 4130              	.L270:
1364:Drivers/STM32F4xx_HAL_Driver/Src/stm32f4xx_hal_tim_ex.c ****     }
1365:Drivers/STM32F4xx_HAL_Driver/Src/stm32f4xx_hal_tim_ex.c ****   }
1366:Drivers/STM32F4xx_HAL_Driver/Src/stm32f4xx_hal_tim_ex.c ****   else
1367:Drivers/STM32F4xx_HAL_Driver/Src/stm32f4xx_hal_tim_ex.c ****   {
1368:Drivers/STM32F4xx_HAL_Driver/Src/stm32f4xx_hal_tim_ex.c ****     return HAL_ERROR;
 4131              		.loc 1 1368 12 is_stmt 1
 4132 0128 0123     		movs	r3, #1
 4133 012a D0E0     		b	.L263
 4134              	.L274:
1369:Drivers/STM32F4xx_HAL_Driver/Src/stm32f4xx_hal_tim_ex.c ****   }
ARM GAS  /tmp/ccemsrUD.s 			page 97


1370:Drivers/STM32F4xx_HAL_Driver/Src/stm32f4xx_hal_tim_ex.c **** 
1371:Drivers/STM32F4xx_HAL_Driver/Src/stm32f4xx_hal_tim_ex.c ****   switch (Channel)
 4135              		.loc 1 1371 3
 4136 012c BB68     		ldr	r3, [r7, #8]
 4137 012e 082B     		cmp	r3, #8
 4138 0130 51D0     		beq	.L279
 4139 0132 BB68     		ldr	r3, [r7, #8]
 4140 0134 082B     		cmp	r3, #8
 4141 0136 72D8     		bhi	.L280
 4142 0138 BB68     		ldr	r3, [r7, #8]
 4143 013a 002B     		cmp	r3, #0
 4144 013c 03D0     		beq	.L281
 4145 013e BB68     		ldr	r3, [r7, #8]
 4146 0140 042B     		cmp	r3, #4
 4147 0142 24D0     		beq	.L282
 4148 0144 6BE0     		b	.L280
 4149              	.L281:
1372:Drivers/STM32F4xx_HAL_Driver/Src/stm32f4xx_hal_tim_ex.c ****   {
1373:Drivers/STM32F4xx_HAL_Driver/Src/stm32f4xx_hal_tim_ex.c ****     case TIM_CHANNEL_1:
1374:Drivers/STM32F4xx_HAL_Driver/Src/stm32f4xx_hal_tim_ex.c ****     {
1375:Drivers/STM32F4xx_HAL_Driver/Src/stm32f4xx_hal_tim_ex.c ****       /* Set the DMA compare callbacks */
1376:Drivers/STM32F4xx_HAL_Driver/Src/stm32f4xx_hal_tim_ex.c ****       htim->hdma[TIM_DMA_ID_CC1]->XferCpltCallback = TIM_DMADelayPulseNCplt;
 4150              		.loc 1 1376 17
 4151 0146 FB68     		ldr	r3, [r7, #12]
 4152 0148 5B6A     		ldr	r3, [r3, #36]
 4153              		.loc 1 1376 52
 4154 014a 634A     		ldr	r2, .L291
 4155 014c DA63     		str	r2, [r3, #60]
1377:Drivers/STM32F4xx_HAL_Driver/Src/stm32f4xx_hal_tim_ex.c ****       htim->hdma[TIM_DMA_ID_CC1]->XferHalfCpltCallback = TIM_DMADelayPulseHalfCplt;
 4156              		.loc 1 1377 17
 4157 014e FB68     		ldr	r3, [r7, #12]
 4158 0150 5B6A     		ldr	r3, [r3, #36]
 4159              		.loc 1 1377 56
 4160 0152 624A     		ldr	r2, .L291+4
 4161 0154 1A64     		str	r2, [r3, #64]
1378:Drivers/STM32F4xx_HAL_Driver/Src/stm32f4xx_hal_tim_ex.c **** 
1379:Drivers/STM32F4xx_HAL_Driver/Src/stm32f4xx_hal_tim_ex.c ****       /* Set the DMA error callback */
1380:Drivers/STM32F4xx_HAL_Driver/Src/stm32f4xx_hal_tim_ex.c ****       htim->hdma[TIM_DMA_ID_CC1]->XferErrorCallback = TIM_DMAErrorCCxN ;
 4162              		.loc 1 1380 17
 4163 0156 FB68     		ldr	r3, [r7, #12]
 4164 0158 5B6A     		ldr	r3, [r3, #36]
 4165              		.loc 1 1380 53
 4166 015a 614A     		ldr	r2, .L291+8
 4167 015c DA64     		str	r2, [r3, #76]
1381:Drivers/STM32F4xx_HAL_Driver/Src/stm32f4xx_hal_tim_ex.c **** 
1382:Drivers/STM32F4xx_HAL_Driver/Src/stm32f4xx_hal_tim_ex.c ****       /* Enable the DMA stream */
1383:Drivers/STM32F4xx_HAL_Driver/Src/stm32f4xx_hal_tim_ex.c ****       if (HAL_DMA_Start_IT(htim->hdma[TIM_DMA_ID_CC1], (uint32_t)pData, (uint32_t)&htim->Instance->
 4168              		.loc 1 1383 11
 4169 015e FB68     		ldr	r3, [r7, #12]
 4170 0160 586A     		ldr	r0, [r3, #36]
 4171 0162 7968     		ldr	r1, [r7, #4]
 4172              		.loc 1 1383 88
 4173 0164 FB68     		ldr	r3, [r7, #12]
 4174 0166 1B68     		ldr	r3, [r3]
 4175              		.loc 1 1383 83
 4176 0168 3433     		adds	r3, r3, #52
 4177              		.loc 1 1383 11
ARM GAS  /tmp/ccemsrUD.s 			page 98


 4178 016a 1A46     		mov	r2, r3
 4179 016c 7B88     		ldrh	r3, [r7, #2]
 4180 016e FFF7FEFF 		bl	HAL_DMA_Start_IT
 4181 0172 0346     		mov	r3, r0
 4182              		.loc 1 1383 10
 4183 0174 002B     		cmp	r3, #0
 4184 0176 01D0     		beq	.L283
1384:Drivers/STM32F4xx_HAL_Driver/Src/stm32f4xx_hal_tim_ex.c ****                            Length) != HAL_OK)
1385:Drivers/STM32F4xx_HAL_Driver/Src/stm32f4xx_hal_tim_ex.c ****       {
1386:Drivers/STM32F4xx_HAL_Driver/Src/stm32f4xx_hal_tim_ex.c ****         /* Return error status */
1387:Drivers/STM32F4xx_HAL_Driver/Src/stm32f4xx_hal_tim_ex.c ****         return HAL_ERROR;
 4185              		.loc 1 1387 16
 4186 0178 0123     		movs	r3, #1
 4187 017a A8E0     		b	.L263
 4188              	.L283:
1388:Drivers/STM32F4xx_HAL_Driver/Src/stm32f4xx_hal_tim_ex.c ****       }
1389:Drivers/STM32F4xx_HAL_Driver/Src/stm32f4xx_hal_tim_ex.c ****       /* Enable the TIM Capture/Compare 1 DMA request */
1390:Drivers/STM32F4xx_HAL_Driver/Src/stm32f4xx_hal_tim_ex.c ****       __HAL_TIM_ENABLE_DMA(htim, TIM_DMA_CC1);
 4189              		.loc 1 1390 7
 4190 017c FB68     		ldr	r3, [r7, #12]
 4191 017e 1B68     		ldr	r3, [r3]
 4192 0180 DA68     		ldr	r2, [r3, #12]
 4193 0182 FB68     		ldr	r3, [r7, #12]
 4194 0184 1B68     		ldr	r3, [r3]
 4195 0186 42F40072 		orr	r2, r2, #512
 4196 018a DA60     		str	r2, [r3, #12]
1391:Drivers/STM32F4xx_HAL_Driver/Src/stm32f4xx_hal_tim_ex.c ****       break;
 4197              		.loc 1 1391 7
 4198 018c 4AE0     		b	.L284
 4199              	.L282:
1392:Drivers/STM32F4xx_HAL_Driver/Src/stm32f4xx_hal_tim_ex.c ****     }
1393:Drivers/STM32F4xx_HAL_Driver/Src/stm32f4xx_hal_tim_ex.c **** 
1394:Drivers/STM32F4xx_HAL_Driver/Src/stm32f4xx_hal_tim_ex.c ****     case TIM_CHANNEL_2:
1395:Drivers/STM32F4xx_HAL_Driver/Src/stm32f4xx_hal_tim_ex.c ****     {
1396:Drivers/STM32F4xx_HAL_Driver/Src/stm32f4xx_hal_tim_ex.c ****       /* Set the DMA compare callbacks */
1397:Drivers/STM32F4xx_HAL_Driver/Src/stm32f4xx_hal_tim_ex.c ****       htim->hdma[TIM_DMA_ID_CC2]->XferCpltCallback = TIM_DMADelayPulseNCplt;
 4200              		.loc 1 1397 17
 4201 018e FB68     		ldr	r3, [r7, #12]
 4202 0190 9B6A     		ldr	r3, [r3, #40]
 4203              		.loc 1 1397 52
 4204 0192 514A     		ldr	r2, .L291
 4205 0194 DA63     		str	r2, [r3, #60]
1398:Drivers/STM32F4xx_HAL_Driver/Src/stm32f4xx_hal_tim_ex.c ****       htim->hdma[TIM_DMA_ID_CC2]->XferHalfCpltCallback = TIM_DMADelayPulseHalfCplt;
 4206              		.loc 1 1398 17
 4207 0196 FB68     		ldr	r3, [r7, #12]
 4208 0198 9B6A     		ldr	r3, [r3, #40]
 4209              		.loc 1 1398 56
 4210 019a 504A     		ldr	r2, .L291+4
 4211 019c 1A64     		str	r2, [r3, #64]
1399:Drivers/STM32F4xx_HAL_Driver/Src/stm32f4xx_hal_tim_ex.c **** 
1400:Drivers/STM32F4xx_HAL_Driver/Src/stm32f4xx_hal_tim_ex.c ****       /* Set the DMA error callback */
1401:Drivers/STM32F4xx_HAL_Driver/Src/stm32f4xx_hal_tim_ex.c ****       htim->hdma[TIM_DMA_ID_CC2]->XferErrorCallback = TIM_DMAErrorCCxN ;
 4212              		.loc 1 1401 17
 4213 019e FB68     		ldr	r3, [r7, #12]
 4214 01a0 9B6A     		ldr	r3, [r3, #40]
 4215              		.loc 1 1401 53
 4216 01a2 4F4A     		ldr	r2, .L291+8
ARM GAS  /tmp/ccemsrUD.s 			page 99


 4217 01a4 DA64     		str	r2, [r3, #76]
1402:Drivers/STM32F4xx_HAL_Driver/Src/stm32f4xx_hal_tim_ex.c **** 
1403:Drivers/STM32F4xx_HAL_Driver/Src/stm32f4xx_hal_tim_ex.c ****       /* Enable the DMA stream */
1404:Drivers/STM32F4xx_HAL_Driver/Src/stm32f4xx_hal_tim_ex.c ****       if (HAL_DMA_Start_IT(htim->hdma[TIM_DMA_ID_CC2], (uint32_t)pData, (uint32_t)&htim->Instance->
 4218              		.loc 1 1404 11
 4219 01a6 FB68     		ldr	r3, [r7, #12]
 4220 01a8 986A     		ldr	r0, [r3, #40]
 4221 01aa 7968     		ldr	r1, [r7, #4]
 4222              		.loc 1 1404 88
 4223 01ac FB68     		ldr	r3, [r7, #12]
 4224 01ae 1B68     		ldr	r3, [r3]
 4225              		.loc 1 1404 83
 4226 01b0 3833     		adds	r3, r3, #56
 4227              		.loc 1 1404 11
 4228 01b2 1A46     		mov	r2, r3
 4229 01b4 7B88     		ldrh	r3, [r7, #2]
 4230 01b6 FFF7FEFF 		bl	HAL_DMA_Start_IT
 4231 01ba 0346     		mov	r3, r0
 4232              		.loc 1 1404 10
 4233 01bc 002B     		cmp	r3, #0
 4234 01be 01D0     		beq	.L285
1405:Drivers/STM32F4xx_HAL_Driver/Src/stm32f4xx_hal_tim_ex.c ****                            Length) != HAL_OK)
1406:Drivers/STM32F4xx_HAL_Driver/Src/stm32f4xx_hal_tim_ex.c ****       {
1407:Drivers/STM32F4xx_HAL_Driver/Src/stm32f4xx_hal_tim_ex.c ****         /* Return error status */
1408:Drivers/STM32F4xx_HAL_Driver/Src/stm32f4xx_hal_tim_ex.c ****         return HAL_ERROR;
 4235              		.loc 1 1408 16
 4236 01c0 0123     		movs	r3, #1
 4237 01c2 84E0     		b	.L263
 4238              	.L285:
1409:Drivers/STM32F4xx_HAL_Driver/Src/stm32f4xx_hal_tim_ex.c ****       }
1410:Drivers/STM32F4xx_HAL_Driver/Src/stm32f4xx_hal_tim_ex.c ****       /* Enable the TIM Capture/Compare 2 DMA request */
1411:Drivers/STM32F4xx_HAL_Driver/Src/stm32f4xx_hal_tim_ex.c ****       __HAL_TIM_ENABLE_DMA(htim, TIM_DMA_CC2);
 4239              		.loc 1 1411 7
 4240 01c4 FB68     		ldr	r3, [r7, #12]
 4241 01c6 1B68     		ldr	r3, [r3]
 4242 01c8 DA68     		ldr	r2, [r3, #12]
 4243 01ca FB68     		ldr	r3, [r7, #12]
 4244 01cc 1B68     		ldr	r3, [r3]
 4245 01ce 42F48062 		orr	r2, r2, #1024
 4246 01d2 DA60     		str	r2, [r3, #12]
1412:Drivers/STM32F4xx_HAL_Driver/Src/stm32f4xx_hal_tim_ex.c ****       break;
 4247              		.loc 1 1412 7
 4248 01d4 26E0     		b	.L284
 4249              	.L279:
1413:Drivers/STM32F4xx_HAL_Driver/Src/stm32f4xx_hal_tim_ex.c ****     }
1414:Drivers/STM32F4xx_HAL_Driver/Src/stm32f4xx_hal_tim_ex.c **** 
1415:Drivers/STM32F4xx_HAL_Driver/Src/stm32f4xx_hal_tim_ex.c ****     case TIM_CHANNEL_3:
1416:Drivers/STM32F4xx_HAL_Driver/Src/stm32f4xx_hal_tim_ex.c ****     {
1417:Drivers/STM32F4xx_HAL_Driver/Src/stm32f4xx_hal_tim_ex.c ****       /* Set the DMA compare callbacks */
1418:Drivers/STM32F4xx_HAL_Driver/Src/stm32f4xx_hal_tim_ex.c ****       htim->hdma[TIM_DMA_ID_CC3]->XferCpltCallback = TIM_DMADelayPulseNCplt;
 4250              		.loc 1 1418 17
 4251 01d6 FB68     		ldr	r3, [r7, #12]
 4252 01d8 DB6A     		ldr	r3, [r3, #44]
 4253              		.loc 1 1418 52
 4254 01da 3F4A     		ldr	r2, .L291
 4255 01dc DA63     		str	r2, [r3, #60]
1419:Drivers/STM32F4xx_HAL_Driver/Src/stm32f4xx_hal_tim_ex.c ****       htim->hdma[TIM_DMA_ID_CC3]->XferHalfCpltCallback = TIM_DMADelayPulseHalfCplt;
ARM GAS  /tmp/ccemsrUD.s 			page 100


 4256              		.loc 1 1419 17
 4257 01de FB68     		ldr	r3, [r7, #12]
 4258 01e0 DB6A     		ldr	r3, [r3, #44]
 4259              		.loc 1 1419 56
 4260 01e2 3E4A     		ldr	r2, .L291+4
 4261 01e4 1A64     		str	r2, [r3, #64]
1420:Drivers/STM32F4xx_HAL_Driver/Src/stm32f4xx_hal_tim_ex.c **** 
1421:Drivers/STM32F4xx_HAL_Driver/Src/stm32f4xx_hal_tim_ex.c ****       /* Set the DMA error callback */
1422:Drivers/STM32F4xx_HAL_Driver/Src/stm32f4xx_hal_tim_ex.c ****       htim->hdma[TIM_DMA_ID_CC3]->XferErrorCallback = TIM_DMAErrorCCxN ;
 4262              		.loc 1 1422 17
 4263 01e6 FB68     		ldr	r3, [r7, #12]
 4264 01e8 DB6A     		ldr	r3, [r3, #44]
 4265              		.loc 1 1422 53
 4266 01ea 3D4A     		ldr	r2, .L291+8
 4267 01ec DA64     		str	r2, [r3, #76]
1423:Drivers/STM32F4xx_HAL_Driver/Src/stm32f4xx_hal_tim_ex.c **** 
1424:Drivers/STM32F4xx_HAL_Driver/Src/stm32f4xx_hal_tim_ex.c ****       /* Enable the DMA stream */
1425:Drivers/STM32F4xx_HAL_Driver/Src/stm32f4xx_hal_tim_ex.c ****       if (HAL_DMA_Start_IT(htim->hdma[TIM_DMA_ID_CC3], (uint32_t)pData, (uint32_t)&htim->Instance->
 4268              		.loc 1 1425 11
 4269 01ee FB68     		ldr	r3, [r7, #12]
 4270 01f0 D86A     		ldr	r0, [r3, #44]
 4271 01f2 7968     		ldr	r1, [r7, #4]
 4272              		.loc 1 1425 88
 4273 01f4 FB68     		ldr	r3, [r7, #12]
 4274 01f6 1B68     		ldr	r3, [r3]
 4275              		.loc 1 1425 83
 4276 01f8 3C33     		adds	r3, r3, #60
 4277              		.loc 1 1425 11
 4278 01fa 1A46     		mov	r2, r3
 4279 01fc 7B88     		ldrh	r3, [r7, #2]
 4280 01fe FFF7FEFF 		bl	HAL_DMA_Start_IT
 4281 0202 0346     		mov	r3, r0
 4282              		.loc 1 1425 10
 4283 0204 002B     		cmp	r3, #0
 4284 0206 01D0     		beq	.L286
1426:Drivers/STM32F4xx_HAL_Driver/Src/stm32f4xx_hal_tim_ex.c ****                            Length) != HAL_OK)
1427:Drivers/STM32F4xx_HAL_Driver/Src/stm32f4xx_hal_tim_ex.c ****       {
1428:Drivers/STM32F4xx_HAL_Driver/Src/stm32f4xx_hal_tim_ex.c ****         /* Return error status */
1429:Drivers/STM32F4xx_HAL_Driver/Src/stm32f4xx_hal_tim_ex.c ****         return HAL_ERROR;
 4285              		.loc 1 1429 16
 4286 0208 0123     		movs	r3, #1
 4287 020a 60E0     		b	.L263
 4288              	.L286:
1430:Drivers/STM32F4xx_HAL_Driver/Src/stm32f4xx_hal_tim_ex.c ****       }
1431:Drivers/STM32F4xx_HAL_Driver/Src/stm32f4xx_hal_tim_ex.c ****       /* Enable the TIM Capture/Compare 3 DMA request */
1432:Drivers/STM32F4xx_HAL_Driver/Src/stm32f4xx_hal_tim_ex.c ****       __HAL_TIM_ENABLE_DMA(htim, TIM_DMA_CC3);
 4289              		.loc 1 1432 7
 4290 020c FB68     		ldr	r3, [r7, #12]
 4291 020e 1B68     		ldr	r3, [r3]
 4292 0210 DA68     		ldr	r2, [r3, #12]
 4293 0212 FB68     		ldr	r3, [r7, #12]
 4294 0214 1B68     		ldr	r3, [r3]
 4295 0216 42F40062 		orr	r2, r2, #2048
 4296 021a DA60     		str	r2, [r3, #12]
1433:Drivers/STM32F4xx_HAL_Driver/Src/stm32f4xx_hal_tim_ex.c ****       break;
 4297              		.loc 1 1433 7
 4298 021c 02E0     		b	.L284
ARM GAS  /tmp/ccemsrUD.s 			page 101


 4299              	.L280:
1434:Drivers/STM32F4xx_HAL_Driver/Src/stm32f4xx_hal_tim_ex.c ****     }
1435:Drivers/STM32F4xx_HAL_Driver/Src/stm32f4xx_hal_tim_ex.c **** 
1436:Drivers/STM32F4xx_HAL_Driver/Src/stm32f4xx_hal_tim_ex.c ****     default:
1437:Drivers/STM32F4xx_HAL_Driver/Src/stm32f4xx_hal_tim_ex.c ****       status = HAL_ERROR;
 4300              		.loc 1 1437 14
 4301 021e 0123     		movs	r3, #1
 4302 0220 FB75     		strb	r3, [r7, #23]
1438:Drivers/STM32F4xx_HAL_Driver/Src/stm32f4xx_hal_tim_ex.c ****       break;
 4303              		.loc 1 1438 7
 4304 0222 00BF     		nop
 4305              	.L284:
1439:Drivers/STM32F4xx_HAL_Driver/Src/stm32f4xx_hal_tim_ex.c ****   }
1440:Drivers/STM32F4xx_HAL_Driver/Src/stm32f4xx_hal_tim_ex.c **** 
1441:Drivers/STM32F4xx_HAL_Driver/Src/stm32f4xx_hal_tim_ex.c ****   if (status == HAL_OK)
 4306              		.loc 1 1441 6
 4307 0224 FB7D     		ldrb	r3, [r7, #23]	@ zero_extendqisi2
 4308 0226 002B     		cmp	r3, #0
 4309 0228 50D1     		bne	.L287
1442:Drivers/STM32F4xx_HAL_Driver/Src/stm32f4xx_hal_tim_ex.c ****   {
1443:Drivers/STM32F4xx_HAL_Driver/Src/stm32f4xx_hal_tim_ex.c ****     /* Enable the complementary PWM output  */
1444:Drivers/STM32F4xx_HAL_Driver/Src/stm32f4xx_hal_tim_ex.c ****     TIM_CCxNChannelCmd(htim->Instance, Channel, TIM_CCxN_ENABLE);
 4310              		.loc 1 1444 5
 4311 022a FB68     		ldr	r3, [r7, #12]
 4312 022c 1B68     		ldr	r3, [r3]
 4313 022e 0422     		movs	r2, #4
 4314 0230 B968     		ldr	r1, [r7, #8]
 4315 0232 1846     		mov	r0, r3
 4316 0234 FFF7FEFF 		bl	TIM_CCxNChannelCmd
1445:Drivers/STM32F4xx_HAL_Driver/Src/stm32f4xx_hal_tim_ex.c **** 
1446:Drivers/STM32F4xx_HAL_Driver/Src/stm32f4xx_hal_tim_ex.c ****     /* Enable the Main Output */
1447:Drivers/STM32F4xx_HAL_Driver/Src/stm32f4xx_hal_tim_ex.c ****     __HAL_TIM_MOE_ENABLE(htim);
 4317              		.loc 1 1447 5
 4318 0238 FB68     		ldr	r3, [r7, #12]
 4319 023a 1B68     		ldr	r3, [r3]
 4320 023c 5A6C     		ldr	r2, [r3, #68]
 4321 023e FB68     		ldr	r3, [r7, #12]
 4322 0240 1B68     		ldr	r3, [r3]
 4323 0242 42F40042 		orr	r2, r2, #32768
 4324 0246 5A64     		str	r2, [r3, #68]
1448:Drivers/STM32F4xx_HAL_Driver/Src/stm32f4xx_hal_tim_ex.c **** 
1449:Drivers/STM32F4xx_HAL_Driver/Src/stm32f4xx_hal_tim_ex.c ****     /* Enable the Peripheral, except in trigger mode where enable is automatically done with trigge
1450:Drivers/STM32F4xx_HAL_Driver/Src/stm32f4xx_hal_tim_ex.c ****     if (IS_TIM_SLAVE_INSTANCE(htim->Instance))
 4325              		.loc 1 1450 9
 4326 0248 FB68     		ldr	r3, [r7, #12]
 4327 024a 1B68     		ldr	r3, [r3]
 4328              		.loc 1 1450 8
 4329 024c 254A     		ldr	r2, .L291+12
 4330 024e 9342     		cmp	r3, r2
 4331 0250 22D0     		beq	.L288
 4332              		.loc 1 1450 9 discriminator 1
 4333 0252 FB68     		ldr	r3, [r7, #12]
 4334 0254 1B68     		ldr	r3, [r3]
 4335 0256 B3F1804F 		cmp	r3, #1073741824
 4336 025a 1DD0     		beq	.L288
 4337              		.loc 1 1450 9 is_stmt 0 discriminator 2
 4338 025c FB68     		ldr	r3, [r7, #12]
ARM GAS  /tmp/ccemsrUD.s 			page 102


 4339 025e 1B68     		ldr	r3, [r3]
 4340 0260 214A     		ldr	r2, .L291+16
 4341 0262 9342     		cmp	r3, r2
 4342 0264 18D0     		beq	.L288
 4343              		.loc 1 1450 9 discriminator 3
 4344 0266 FB68     		ldr	r3, [r7, #12]
 4345 0268 1B68     		ldr	r3, [r3]
 4346 026a 204A     		ldr	r2, .L291+20
 4347 026c 9342     		cmp	r3, r2
 4348 026e 13D0     		beq	.L288
 4349              		.loc 1 1450 9 discriminator 4
 4350 0270 FB68     		ldr	r3, [r7, #12]
 4351 0272 1B68     		ldr	r3, [r3]
 4352 0274 1E4A     		ldr	r2, .L291+24
 4353 0276 9342     		cmp	r3, r2
 4354 0278 0ED0     		beq	.L288
 4355              		.loc 1 1450 9 discriminator 5
 4356 027a FB68     		ldr	r3, [r7, #12]
 4357 027c 1B68     		ldr	r3, [r3]
 4358 027e 1D4A     		ldr	r2, .L291+28
 4359 0280 9342     		cmp	r3, r2
 4360 0282 09D0     		beq	.L288
 4361              		.loc 1 1450 9 discriminator 6
 4362 0284 FB68     		ldr	r3, [r7, #12]
 4363 0286 1B68     		ldr	r3, [r3]
 4364 0288 1B4A     		ldr	r2, .L291+32
 4365 028a 9342     		cmp	r3, r2
 4366 028c 04D0     		beq	.L288
 4367              		.loc 1 1450 9 discriminator 7
 4368 028e FB68     		ldr	r3, [r7, #12]
 4369 0290 1B68     		ldr	r3, [r3]
 4370 0292 1A4A     		ldr	r2, .L291+36
 4371 0294 9342     		cmp	r3, r2
 4372 0296 11D1     		bne	.L289
 4373              	.L288:
1451:Drivers/STM32F4xx_HAL_Driver/Src/stm32f4xx_hal_tim_ex.c ****     {
1452:Drivers/STM32F4xx_HAL_Driver/Src/stm32f4xx_hal_tim_ex.c ****       tmpsmcr = htim->Instance->SMCR & TIM_SMCR_SMS;
 4374              		.loc 1 1452 21 is_stmt 1
 4375 0298 FB68     		ldr	r3, [r7, #12]
 4376 029a 1B68     		ldr	r3, [r3]
 4377              		.loc 1 1452 31
 4378 029c 9B68     		ldr	r3, [r3, #8]
 4379              		.loc 1 1452 15
 4380 029e 03F00703 		and	r3, r3, #7
 4381 02a2 3B61     		str	r3, [r7, #16]
1453:Drivers/STM32F4xx_HAL_Driver/Src/stm32f4xx_hal_tim_ex.c ****       if (!IS_TIM_SLAVEMODE_TRIGGER_ENABLED(tmpsmcr))
 4382              		.loc 1 1453 10
 4383 02a4 3B69     		ldr	r3, [r7, #16]
 4384 02a6 062B     		cmp	r3, #6
 4385 02a8 10D0     		beq	.L287
1454:Drivers/STM32F4xx_HAL_Driver/Src/stm32f4xx_hal_tim_ex.c ****       {
1455:Drivers/STM32F4xx_HAL_Driver/Src/stm32f4xx_hal_tim_ex.c ****         __HAL_TIM_ENABLE(htim);
 4386              		.loc 1 1455 9
 4387 02aa FB68     		ldr	r3, [r7, #12]
 4388 02ac 1B68     		ldr	r3, [r3]
 4389 02ae 1A68     		ldr	r2, [r3]
 4390 02b0 FB68     		ldr	r3, [r7, #12]
ARM GAS  /tmp/ccemsrUD.s 			page 103


 4391 02b2 1B68     		ldr	r3, [r3]
 4392 02b4 42F00102 		orr	r2, r2, #1
 4393 02b8 1A60     		str	r2, [r3]
1453:Drivers/STM32F4xx_HAL_Driver/Src/stm32f4xx_hal_tim_ex.c ****       if (!IS_TIM_SLAVEMODE_TRIGGER_ENABLED(tmpsmcr))
 4394              		.loc 1 1453 10
 4395 02ba 07E0     		b	.L287
 4396              	.L289:
1456:Drivers/STM32F4xx_HAL_Driver/Src/stm32f4xx_hal_tim_ex.c ****       }
1457:Drivers/STM32F4xx_HAL_Driver/Src/stm32f4xx_hal_tim_ex.c ****     }
1458:Drivers/STM32F4xx_HAL_Driver/Src/stm32f4xx_hal_tim_ex.c ****     else
1459:Drivers/STM32F4xx_HAL_Driver/Src/stm32f4xx_hal_tim_ex.c ****     {
1460:Drivers/STM32F4xx_HAL_Driver/Src/stm32f4xx_hal_tim_ex.c ****       __HAL_TIM_ENABLE(htim);
 4397              		.loc 1 1460 7
 4398 02bc FB68     		ldr	r3, [r7, #12]
 4399 02be 1B68     		ldr	r3, [r3]
 4400 02c0 1A68     		ldr	r2, [r3]
 4401 02c2 FB68     		ldr	r3, [r7, #12]
 4402 02c4 1B68     		ldr	r3, [r3]
 4403 02c6 42F00102 		orr	r2, r2, #1
 4404 02ca 1A60     		str	r2, [r3]
 4405              	.L287:
1461:Drivers/STM32F4xx_HAL_Driver/Src/stm32f4xx_hal_tim_ex.c ****     }
1462:Drivers/STM32F4xx_HAL_Driver/Src/stm32f4xx_hal_tim_ex.c ****   }
1463:Drivers/STM32F4xx_HAL_Driver/Src/stm32f4xx_hal_tim_ex.c **** 
1464:Drivers/STM32F4xx_HAL_Driver/Src/stm32f4xx_hal_tim_ex.c ****   /* Return function status */
1465:Drivers/STM32F4xx_HAL_Driver/Src/stm32f4xx_hal_tim_ex.c ****   return status;
 4406              		.loc 1 1465 10
 4407 02cc FB7D     		ldrb	r3, [r7, #23]	@ zero_extendqisi2
 4408              	.L263:
1466:Drivers/STM32F4xx_HAL_Driver/Src/stm32f4xx_hal_tim_ex.c **** }
 4409              		.loc 1 1466 1
 4410 02ce 1846     		mov	r0, r3
 4411 02d0 1837     		adds	r7, r7, #24
 4412              	.LCFI105:
 4413              		.cfi_def_cfa_offset 8
 4414 02d2 BD46     		mov	sp, r7
 4415              	.LCFI106:
 4416              		.cfi_def_cfa_register 13
 4417              		@ sp needed
 4418 02d4 80BD     		pop	{r7, pc}
 4419              	.L292:
 4420 02d6 00BF     		.align	2
 4421              	.L291:
 4422 02d8 00000000 		.word	TIM_DMADelayPulseNCplt
 4423 02dc 00000000 		.word	TIM_DMADelayPulseHalfCplt
 4424 02e0 00000000 		.word	TIM_DMAErrorCCxN
 4425 02e4 00000140 		.word	1073807360
 4426 02e8 00040040 		.word	1073742848
 4427 02ec 00080040 		.word	1073743872
 4428 02f0 000C0040 		.word	1073744896
 4429 02f4 00040140 		.word	1073808384
 4430 02f8 00400140 		.word	1073823744
 4431 02fc 00180040 		.word	1073747968
 4432              		.cfi_endproc
 4433              	.LFE259:
 4435              		.section	.text.HAL_TIMEx_PWMN_Stop_DMA,"ax",%progbits
 4436              		.align	1
ARM GAS  /tmp/ccemsrUD.s 			page 104


 4437              		.global	HAL_TIMEx_PWMN_Stop_DMA
 4438              		.syntax unified
 4439              		.thumb
 4440              		.thumb_func
 4442              	HAL_TIMEx_PWMN_Stop_DMA:
 4443              	.LFB260:
1467:Drivers/STM32F4xx_HAL_Driver/Src/stm32f4xx_hal_tim_ex.c **** 
1468:Drivers/STM32F4xx_HAL_Driver/Src/stm32f4xx_hal_tim_ex.c **** /**
1469:Drivers/STM32F4xx_HAL_Driver/Src/stm32f4xx_hal_tim_ex.c ****   * @brief  Stops the TIM PWM signal generation in DMA mode on the complementary
1470:Drivers/STM32F4xx_HAL_Driver/Src/stm32f4xx_hal_tim_ex.c ****   *         output
1471:Drivers/STM32F4xx_HAL_Driver/Src/stm32f4xx_hal_tim_ex.c ****   * @param  htim TIM handle
1472:Drivers/STM32F4xx_HAL_Driver/Src/stm32f4xx_hal_tim_ex.c ****   * @param  Channel TIM Channel to be disabled
1473:Drivers/STM32F4xx_HAL_Driver/Src/stm32f4xx_hal_tim_ex.c ****   *          This parameter can be one of the following values:
1474:Drivers/STM32F4xx_HAL_Driver/Src/stm32f4xx_hal_tim_ex.c ****   *            @arg TIM_CHANNEL_1: TIM Channel 1 selected
1475:Drivers/STM32F4xx_HAL_Driver/Src/stm32f4xx_hal_tim_ex.c ****   *            @arg TIM_CHANNEL_2: TIM Channel 2 selected
1476:Drivers/STM32F4xx_HAL_Driver/Src/stm32f4xx_hal_tim_ex.c ****   *            @arg TIM_CHANNEL_3: TIM Channel 3 selected
1477:Drivers/STM32F4xx_HAL_Driver/Src/stm32f4xx_hal_tim_ex.c ****   * @retval HAL status
1478:Drivers/STM32F4xx_HAL_Driver/Src/stm32f4xx_hal_tim_ex.c ****   */
1479:Drivers/STM32F4xx_HAL_Driver/Src/stm32f4xx_hal_tim_ex.c **** HAL_StatusTypeDef HAL_TIMEx_PWMN_Stop_DMA(TIM_HandleTypeDef *htim, uint32_t Channel)
1480:Drivers/STM32F4xx_HAL_Driver/Src/stm32f4xx_hal_tim_ex.c **** {
 4444              		.loc 1 1480 1
 4445              		.cfi_startproc
 4446              		@ args = 0, pretend = 0, frame = 16
 4447              		@ frame_needed = 1, uses_anonymous_args = 0
 4448 0000 80B5     		push	{r7, lr}
 4449              	.LCFI107:
 4450              		.cfi_def_cfa_offset 8
 4451              		.cfi_offset 7, -8
 4452              		.cfi_offset 14, -4
 4453 0002 84B0     		sub	sp, sp, #16
 4454              	.LCFI108:
 4455              		.cfi_def_cfa_offset 24
 4456 0004 00AF     		add	r7, sp, #0
 4457              	.LCFI109:
 4458              		.cfi_def_cfa_register 7
 4459 0006 7860     		str	r0, [r7, #4]
 4460 0008 3960     		str	r1, [r7]
1481:Drivers/STM32F4xx_HAL_Driver/Src/stm32f4xx_hal_tim_ex.c ****   HAL_StatusTypeDef status = HAL_OK;
 4461              		.loc 1 1481 21
 4462 000a 0023     		movs	r3, #0
 4463 000c FB73     		strb	r3, [r7, #15]
1482:Drivers/STM32F4xx_HAL_Driver/Src/stm32f4xx_hal_tim_ex.c **** 
1483:Drivers/STM32F4xx_HAL_Driver/Src/stm32f4xx_hal_tim_ex.c ****   /* Check the parameters */
1484:Drivers/STM32F4xx_HAL_Driver/Src/stm32f4xx_hal_tim_ex.c ****   assert_param(IS_TIM_CCXN_INSTANCE(htim->Instance, Channel));
1485:Drivers/STM32F4xx_HAL_Driver/Src/stm32f4xx_hal_tim_ex.c **** 
1486:Drivers/STM32F4xx_HAL_Driver/Src/stm32f4xx_hal_tim_ex.c ****   switch (Channel)
 4464              		.loc 1 1486 3
 4465 000e 3B68     		ldr	r3, [r7]
 4466 0010 082B     		cmp	r3, #8
 4467 0012 25D0     		beq	.L294
 4468 0014 3B68     		ldr	r3, [r7]
 4469 0016 082B     		cmp	r3, #8
 4470 0018 30D8     		bhi	.L295
 4471 001a 3B68     		ldr	r3, [r7]
 4472 001c 002B     		cmp	r3, #0
 4473 001e 03D0     		beq	.L296
 4474 0020 3B68     		ldr	r3, [r7]
ARM GAS  /tmp/ccemsrUD.s 			page 105


 4475 0022 042B     		cmp	r3, #4
 4476 0024 0ED0     		beq	.L297
 4477 0026 29E0     		b	.L295
 4478              	.L296:
1487:Drivers/STM32F4xx_HAL_Driver/Src/stm32f4xx_hal_tim_ex.c ****   {
1488:Drivers/STM32F4xx_HAL_Driver/Src/stm32f4xx_hal_tim_ex.c ****     case TIM_CHANNEL_1:
1489:Drivers/STM32F4xx_HAL_Driver/Src/stm32f4xx_hal_tim_ex.c ****     {
1490:Drivers/STM32F4xx_HAL_Driver/Src/stm32f4xx_hal_tim_ex.c ****       /* Disable the TIM Capture/Compare 1 DMA request */
1491:Drivers/STM32F4xx_HAL_Driver/Src/stm32f4xx_hal_tim_ex.c ****       __HAL_TIM_DISABLE_DMA(htim, TIM_DMA_CC1);
 4479              		.loc 1 1491 7
 4480 0028 7B68     		ldr	r3, [r7, #4]
 4481 002a 1B68     		ldr	r3, [r3]
 4482 002c DA68     		ldr	r2, [r3, #12]
 4483 002e 7B68     		ldr	r3, [r7, #4]
 4484 0030 1B68     		ldr	r3, [r3]
 4485 0032 22F40072 		bic	r2, r2, #512
 4486 0036 DA60     		str	r2, [r3, #12]
1492:Drivers/STM32F4xx_HAL_Driver/Src/stm32f4xx_hal_tim_ex.c ****       (void)HAL_DMA_Abort_IT(htim->hdma[TIM_DMA_ID_CC1]);
 4487              		.loc 1 1492 13
 4488 0038 7B68     		ldr	r3, [r7, #4]
 4489 003a 5B6A     		ldr	r3, [r3, #36]
 4490 003c 1846     		mov	r0, r3
 4491 003e FFF7FEFF 		bl	HAL_DMA_Abort_IT
1493:Drivers/STM32F4xx_HAL_Driver/Src/stm32f4xx_hal_tim_ex.c ****       break;
 4492              		.loc 1 1493 7
 4493 0042 1EE0     		b	.L298
 4494              	.L297:
1494:Drivers/STM32F4xx_HAL_Driver/Src/stm32f4xx_hal_tim_ex.c ****     }
1495:Drivers/STM32F4xx_HAL_Driver/Src/stm32f4xx_hal_tim_ex.c **** 
1496:Drivers/STM32F4xx_HAL_Driver/Src/stm32f4xx_hal_tim_ex.c ****     case TIM_CHANNEL_2:
1497:Drivers/STM32F4xx_HAL_Driver/Src/stm32f4xx_hal_tim_ex.c ****     {
1498:Drivers/STM32F4xx_HAL_Driver/Src/stm32f4xx_hal_tim_ex.c ****       /* Disable the TIM Capture/Compare 2 DMA request */
1499:Drivers/STM32F4xx_HAL_Driver/Src/stm32f4xx_hal_tim_ex.c ****       __HAL_TIM_DISABLE_DMA(htim, TIM_DMA_CC2);
 4495              		.loc 1 1499 7
 4496 0044 7B68     		ldr	r3, [r7, #4]
 4497 0046 1B68     		ldr	r3, [r3]
 4498 0048 DA68     		ldr	r2, [r3, #12]
 4499 004a 7B68     		ldr	r3, [r7, #4]
 4500 004c 1B68     		ldr	r3, [r3]
 4501 004e 22F48062 		bic	r2, r2, #1024
 4502 0052 DA60     		str	r2, [r3, #12]
1500:Drivers/STM32F4xx_HAL_Driver/Src/stm32f4xx_hal_tim_ex.c ****       (void)HAL_DMA_Abort_IT(htim->hdma[TIM_DMA_ID_CC2]);
 4503              		.loc 1 1500 13
 4504 0054 7B68     		ldr	r3, [r7, #4]
 4505 0056 9B6A     		ldr	r3, [r3, #40]
 4506 0058 1846     		mov	r0, r3
 4507 005a FFF7FEFF 		bl	HAL_DMA_Abort_IT
1501:Drivers/STM32F4xx_HAL_Driver/Src/stm32f4xx_hal_tim_ex.c ****       break;
 4508              		.loc 1 1501 7
 4509 005e 10E0     		b	.L298
 4510              	.L294:
1502:Drivers/STM32F4xx_HAL_Driver/Src/stm32f4xx_hal_tim_ex.c ****     }
1503:Drivers/STM32F4xx_HAL_Driver/Src/stm32f4xx_hal_tim_ex.c **** 
1504:Drivers/STM32F4xx_HAL_Driver/Src/stm32f4xx_hal_tim_ex.c ****     case TIM_CHANNEL_3:
1505:Drivers/STM32F4xx_HAL_Driver/Src/stm32f4xx_hal_tim_ex.c ****     {
1506:Drivers/STM32F4xx_HAL_Driver/Src/stm32f4xx_hal_tim_ex.c ****       /* Disable the TIM Capture/Compare 3 DMA request */
1507:Drivers/STM32F4xx_HAL_Driver/Src/stm32f4xx_hal_tim_ex.c ****       __HAL_TIM_DISABLE_DMA(htim, TIM_DMA_CC3);
ARM GAS  /tmp/ccemsrUD.s 			page 106


 4511              		.loc 1 1507 7
 4512 0060 7B68     		ldr	r3, [r7, #4]
 4513 0062 1B68     		ldr	r3, [r3]
 4514 0064 DA68     		ldr	r2, [r3, #12]
 4515 0066 7B68     		ldr	r3, [r7, #4]
 4516 0068 1B68     		ldr	r3, [r3]
 4517 006a 22F40062 		bic	r2, r2, #2048
 4518 006e DA60     		str	r2, [r3, #12]
1508:Drivers/STM32F4xx_HAL_Driver/Src/stm32f4xx_hal_tim_ex.c ****       (void)HAL_DMA_Abort_IT(htim->hdma[TIM_DMA_ID_CC3]);
 4519              		.loc 1 1508 13
 4520 0070 7B68     		ldr	r3, [r7, #4]
 4521 0072 DB6A     		ldr	r3, [r3, #44]
 4522 0074 1846     		mov	r0, r3
 4523 0076 FFF7FEFF 		bl	HAL_DMA_Abort_IT
1509:Drivers/STM32F4xx_HAL_Driver/Src/stm32f4xx_hal_tim_ex.c ****       break;
 4524              		.loc 1 1509 7
 4525 007a 02E0     		b	.L298
 4526              	.L295:
1510:Drivers/STM32F4xx_HAL_Driver/Src/stm32f4xx_hal_tim_ex.c ****     }
1511:Drivers/STM32F4xx_HAL_Driver/Src/stm32f4xx_hal_tim_ex.c **** 
1512:Drivers/STM32F4xx_HAL_Driver/Src/stm32f4xx_hal_tim_ex.c ****     default:
1513:Drivers/STM32F4xx_HAL_Driver/Src/stm32f4xx_hal_tim_ex.c ****       status = HAL_ERROR;
 4527              		.loc 1 1513 14
 4528 007c 0123     		movs	r3, #1
 4529 007e FB73     		strb	r3, [r7, #15]
1514:Drivers/STM32F4xx_HAL_Driver/Src/stm32f4xx_hal_tim_ex.c ****       break;
 4530              		.loc 1 1514 7
 4531 0080 00BF     		nop
 4532              	.L298:
1515:Drivers/STM32F4xx_HAL_Driver/Src/stm32f4xx_hal_tim_ex.c ****   }
1516:Drivers/STM32F4xx_HAL_Driver/Src/stm32f4xx_hal_tim_ex.c **** 
1517:Drivers/STM32F4xx_HAL_Driver/Src/stm32f4xx_hal_tim_ex.c ****   if (status == HAL_OK)
 4533              		.loc 1 1517 6
 4534 0082 FB7B     		ldrb	r3, [r7, #15]	@ zero_extendqisi2
 4535 0084 002B     		cmp	r3, #0
 4536 0086 52D1     		bne	.L299
1518:Drivers/STM32F4xx_HAL_Driver/Src/stm32f4xx_hal_tim_ex.c ****   {
1519:Drivers/STM32F4xx_HAL_Driver/Src/stm32f4xx_hal_tim_ex.c ****     /* Disable the complementary PWM output */
1520:Drivers/STM32F4xx_HAL_Driver/Src/stm32f4xx_hal_tim_ex.c ****     TIM_CCxNChannelCmd(htim->Instance, Channel, TIM_CCxN_DISABLE);
 4537              		.loc 1 1520 5
 4538 0088 7B68     		ldr	r3, [r7, #4]
 4539 008a 1B68     		ldr	r3, [r3]
 4540 008c 0022     		movs	r2, #0
 4541 008e 3968     		ldr	r1, [r7]
 4542 0090 1846     		mov	r0, r3
 4543 0092 FFF7FEFF 		bl	TIM_CCxNChannelCmd
1521:Drivers/STM32F4xx_HAL_Driver/Src/stm32f4xx_hal_tim_ex.c **** 
1522:Drivers/STM32F4xx_HAL_Driver/Src/stm32f4xx_hal_tim_ex.c ****     /* Disable the Main Output */
1523:Drivers/STM32F4xx_HAL_Driver/Src/stm32f4xx_hal_tim_ex.c ****     __HAL_TIM_MOE_DISABLE(htim);
 4544              		.loc 1 1523 5
 4545 0096 7B68     		ldr	r3, [r7, #4]
 4546 0098 1B68     		ldr	r3, [r3]
 4547 009a 1A6A     		ldr	r2, [r3, #32]
 4548 009c 41F21113 		movw	r3, #4369
 4549 00a0 1340     		ands	r3, r3, r2
 4550 00a2 002B     		cmp	r3, #0
 4551 00a4 0FD1     		bne	.L300
ARM GAS  /tmp/ccemsrUD.s 			page 107


 4552              		.loc 1 1523 5 is_stmt 0 discriminator 1
 4553 00a6 7B68     		ldr	r3, [r7, #4]
 4554 00a8 1B68     		ldr	r3, [r3]
 4555 00aa 1A6A     		ldr	r2, [r3, #32]
 4556 00ac 40F24443 		movw	r3, #1092
 4557 00b0 1340     		ands	r3, r3, r2
 4558 00b2 002B     		cmp	r3, #0
 4559 00b4 07D1     		bne	.L300
 4560              		.loc 1 1523 5 discriminator 2
 4561 00b6 7B68     		ldr	r3, [r7, #4]
 4562 00b8 1B68     		ldr	r3, [r3]
 4563 00ba 5A6C     		ldr	r2, [r3, #68]
 4564 00bc 7B68     		ldr	r3, [r7, #4]
 4565 00be 1B68     		ldr	r3, [r3]
 4566 00c0 22F40042 		bic	r2, r2, #32768
 4567 00c4 5A64     		str	r2, [r3, #68]
 4568              	.L300:
1524:Drivers/STM32F4xx_HAL_Driver/Src/stm32f4xx_hal_tim_ex.c **** 
1525:Drivers/STM32F4xx_HAL_Driver/Src/stm32f4xx_hal_tim_ex.c ****     /* Disable the Peripheral */
1526:Drivers/STM32F4xx_HAL_Driver/Src/stm32f4xx_hal_tim_ex.c ****     __HAL_TIM_DISABLE(htim);
 4569              		.loc 1 1526 5 is_stmt 1
 4570 00c6 7B68     		ldr	r3, [r7, #4]
 4571 00c8 1B68     		ldr	r3, [r3]
 4572 00ca 1A6A     		ldr	r2, [r3, #32]
 4573 00cc 41F21113 		movw	r3, #4369
 4574 00d0 1340     		ands	r3, r3, r2
 4575 00d2 002B     		cmp	r3, #0
 4576 00d4 0FD1     		bne	.L301
 4577              		.loc 1 1526 5 is_stmt 0 discriminator 1
 4578 00d6 7B68     		ldr	r3, [r7, #4]
 4579 00d8 1B68     		ldr	r3, [r3]
 4580 00da 1A6A     		ldr	r2, [r3, #32]
 4581 00dc 40F24443 		movw	r3, #1092
 4582 00e0 1340     		ands	r3, r3, r2
 4583 00e2 002B     		cmp	r3, #0
 4584 00e4 07D1     		bne	.L301
 4585              		.loc 1 1526 5 discriminator 2
 4586 00e6 7B68     		ldr	r3, [r7, #4]
 4587 00e8 1B68     		ldr	r3, [r3]
 4588 00ea 1A68     		ldr	r2, [r3]
 4589 00ec 7B68     		ldr	r3, [r7, #4]
 4590 00ee 1B68     		ldr	r3, [r3]
 4591 00f0 22F00102 		bic	r2, r2, #1
 4592 00f4 1A60     		str	r2, [r3]
 4593              	.L301:
1527:Drivers/STM32F4xx_HAL_Driver/Src/stm32f4xx_hal_tim_ex.c **** 
1528:Drivers/STM32F4xx_HAL_Driver/Src/stm32f4xx_hal_tim_ex.c ****     /* Set the TIM complementary channel state */
1529:Drivers/STM32F4xx_HAL_Driver/Src/stm32f4xx_hal_tim_ex.c ****     TIM_CHANNEL_N_STATE_SET(htim, Channel, HAL_TIM_CHANNEL_STATE_READY);
 4594              		.loc 1 1529 5 is_stmt 1
 4595 00f6 3B68     		ldr	r3, [r7]
 4596 00f8 002B     		cmp	r3, #0
 4597 00fa 04D1     		bne	.L302
 4598              		.loc 1 1529 5 is_stmt 0 discriminator 1
 4599 00fc 7B68     		ldr	r3, [r7, #4]
 4600 00fe 0122     		movs	r2, #1
 4601 0100 83F84220 		strb	r2, [r3, #66]
 4602 0104 13E0     		b	.L299
ARM GAS  /tmp/ccemsrUD.s 			page 108


 4603              	.L302:
 4604              		.loc 1 1529 5 discriminator 2
 4605 0106 3B68     		ldr	r3, [r7]
 4606 0108 042B     		cmp	r3, #4
 4607 010a 04D1     		bne	.L303
 4608              		.loc 1 1529 5 discriminator 3
 4609 010c 7B68     		ldr	r3, [r7, #4]
 4610 010e 0122     		movs	r2, #1
 4611 0110 83F84320 		strb	r2, [r3, #67]
 4612 0114 0BE0     		b	.L299
 4613              	.L303:
 4614              		.loc 1 1529 5 discriminator 4
 4615 0116 3B68     		ldr	r3, [r7]
 4616 0118 082B     		cmp	r3, #8
 4617 011a 04D1     		bne	.L305
 4618              		.loc 1 1529 5 discriminator 6
 4619 011c 7B68     		ldr	r3, [r7, #4]
 4620 011e 0122     		movs	r2, #1
 4621 0120 83F84420 		strb	r2, [r3, #68]
 4622 0124 03E0     		b	.L299
 4623              	.L305:
 4624              		.loc 1 1529 5 discriminator 7
 4625 0126 7B68     		ldr	r3, [r7, #4]
 4626 0128 0122     		movs	r2, #1
 4627 012a 83F84520 		strb	r2, [r3, #69]
 4628              	.L299:
1530:Drivers/STM32F4xx_HAL_Driver/Src/stm32f4xx_hal_tim_ex.c ****   }
1531:Drivers/STM32F4xx_HAL_Driver/Src/stm32f4xx_hal_tim_ex.c **** 
1532:Drivers/STM32F4xx_HAL_Driver/Src/stm32f4xx_hal_tim_ex.c ****   /* Return function status */
1533:Drivers/STM32F4xx_HAL_Driver/Src/stm32f4xx_hal_tim_ex.c ****   return status;
 4629              		.loc 1 1533 10 is_stmt 1
 4630 012e FB7B     		ldrb	r3, [r7, #15]	@ zero_extendqisi2
1534:Drivers/STM32F4xx_HAL_Driver/Src/stm32f4xx_hal_tim_ex.c **** }
 4631              		.loc 1 1534 1
 4632 0130 1846     		mov	r0, r3
 4633 0132 1037     		adds	r7, r7, #16
 4634              	.LCFI110:
 4635              		.cfi_def_cfa_offset 8
 4636 0134 BD46     		mov	sp, r7
 4637              	.LCFI111:
 4638              		.cfi_def_cfa_register 13
 4639              		@ sp needed
 4640 0136 80BD     		pop	{r7, pc}
 4641              		.cfi_endproc
 4642              	.LFE260:
 4644              		.section	.text.HAL_TIMEx_OnePulseN_Start,"ax",%progbits
 4645              		.align	1
 4646              		.global	HAL_TIMEx_OnePulseN_Start
 4647              		.syntax unified
 4648              		.thumb
 4649              		.thumb_func
 4651              	HAL_TIMEx_OnePulseN_Start:
 4652              	.LFB261:
1535:Drivers/STM32F4xx_HAL_Driver/Src/stm32f4xx_hal_tim_ex.c **** 
1536:Drivers/STM32F4xx_HAL_Driver/Src/stm32f4xx_hal_tim_ex.c **** /**
1537:Drivers/STM32F4xx_HAL_Driver/Src/stm32f4xx_hal_tim_ex.c ****   * @}
1538:Drivers/STM32F4xx_HAL_Driver/Src/stm32f4xx_hal_tim_ex.c ****   */
ARM GAS  /tmp/ccemsrUD.s 			page 109


1539:Drivers/STM32F4xx_HAL_Driver/Src/stm32f4xx_hal_tim_ex.c **** 
1540:Drivers/STM32F4xx_HAL_Driver/Src/stm32f4xx_hal_tim_ex.c **** /** @defgroup TIMEx_Exported_Functions_Group4 Extended Timer Complementary One Pulse functions
1541:Drivers/STM32F4xx_HAL_Driver/Src/stm32f4xx_hal_tim_ex.c ****   * @brief    Timer Complementary One Pulse functions
1542:Drivers/STM32F4xx_HAL_Driver/Src/stm32f4xx_hal_tim_ex.c ****   *
1543:Drivers/STM32F4xx_HAL_Driver/Src/stm32f4xx_hal_tim_ex.c **** @verbatim
1544:Drivers/STM32F4xx_HAL_Driver/Src/stm32f4xx_hal_tim_ex.c ****   ==============================================================================
1545:Drivers/STM32F4xx_HAL_Driver/Src/stm32f4xx_hal_tim_ex.c ****                 ##### Timer Complementary One Pulse functions #####
1546:Drivers/STM32F4xx_HAL_Driver/Src/stm32f4xx_hal_tim_ex.c ****   ==============================================================================
1547:Drivers/STM32F4xx_HAL_Driver/Src/stm32f4xx_hal_tim_ex.c ****   [..]
1548:Drivers/STM32F4xx_HAL_Driver/Src/stm32f4xx_hal_tim_ex.c ****     This section provides functions allowing to:
1549:Drivers/STM32F4xx_HAL_Driver/Src/stm32f4xx_hal_tim_ex.c ****     (+) Start the Complementary One Pulse generation.
1550:Drivers/STM32F4xx_HAL_Driver/Src/stm32f4xx_hal_tim_ex.c ****     (+) Stop the Complementary One Pulse.
1551:Drivers/STM32F4xx_HAL_Driver/Src/stm32f4xx_hal_tim_ex.c ****     (+) Start the Complementary One Pulse and enable interrupts.
1552:Drivers/STM32F4xx_HAL_Driver/Src/stm32f4xx_hal_tim_ex.c ****     (+) Stop the Complementary One Pulse and disable interrupts.
1553:Drivers/STM32F4xx_HAL_Driver/Src/stm32f4xx_hal_tim_ex.c **** 
1554:Drivers/STM32F4xx_HAL_Driver/Src/stm32f4xx_hal_tim_ex.c **** @endverbatim
1555:Drivers/STM32F4xx_HAL_Driver/Src/stm32f4xx_hal_tim_ex.c ****   * @{
1556:Drivers/STM32F4xx_HAL_Driver/Src/stm32f4xx_hal_tim_ex.c ****   */
1557:Drivers/STM32F4xx_HAL_Driver/Src/stm32f4xx_hal_tim_ex.c **** 
1558:Drivers/STM32F4xx_HAL_Driver/Src/stm32f4xx_hal_tim_ex.c **** /**
1559:Drivers/STM32F4xx_HAL_Driver/Src/stm32f4xx_hal_tim_ex.c ****   * @brief  Starts the TIM One Pulse signal generation on the complementary
1560:Drivers/STM32F4xx_HAL_Driver/Src/stm32f4xx_hal_tim_ex.c ****   *         output.
1561:Drivers/STM32F4xx_HAL_Driver/Src/stm32f4xx_hal_tim_ex.c ****   * @note OutputChannel must match the pulse output channel chosen when calling
1562:Drivers/STM32F4xx_HAL_Driver/Src/stm32f4xx_hal_tim_ex.c ****   *       @ref HAL_TIM_OnePulse_ConfigChannel().
1563:Drivers/STM32F4xx_HAL_Driver/Src/stm32f4xx_hal_tim_ex.c ****   * @param  htim TIM One Pulse handle
1564:Drivers/STM32F4xx_HAL_Driver/Src/stm32f4xx_hal_tim_ex.c ****   * @param  OutputChannel pulse output channel to enable
1565:Drivers/STM32F4xx_HAL_Driver/Src/stm32f4xx_hal_tim_ex.c ****   *          This parameter can be one of the following values:
1566:Drivers/STM32F4xx_HAL_Driver/Src/stm32f4xx_hal_tim_ex.c ****   *            @arg TIM_CHANNEL_1: TIM Channel 1 selected
1567:Drivers/STM32F4xx_HAL_Driver/Src/stm32f4xx_hal_tim_ex.c ****   *            @arg TIM_CHANNEL_2: TIM Channel 2 selected
1568:Drivers/STM32F4xx_HAL_Driver/Src/stm32f4xx_hal_tim_ex.c ****   * @retval HAL status
1569:Drivers/STM32F4xx_HAL_Driver/Src/stm32f4xx_hal_tim_ex.c ****   */
1570:Drivers/STM32F4xx_HAL_Driver/Src/stm32f4xx_hal_tim_ex.c **** HAL_StatusTypeDef HAL_TIMEx_OnePulseN_Start(TIM_HandleTypeDef *htim, uint32_t OutputChannel)
1571:Drivers/STM32F4xx_HAL_Driver/Src/stm32f4xx_hal_tim_ex.c **** {
 4653              		.loc 1 1571 1
 4654              		.cfi_startproc
 4655              		@ args = 0, pretend = 0, frame = 16
 4656              		@ frame_needed = 1, uses_anonymous_args = 0
 4657 0000 80B5     		push	{r7, lr}
 4658              	.LCFI112:
 4659              		.cfi_def_cfa_offset 8
 4660              		.cfi_offset 7, -8
 4661              		.cfi_offset 14, -4
 4662 0002 84B0     		sub	sp, sp, #16
 4663              	.LCFI113:
 4664              		.cfi_def_cfa_offset 24
 4665 0004 00AF     		add	r7, sp, #0
 4666              	.LCFI114:
 4667              		.cfi_def_cfa_register 7
 4668 0006 7860     		str	r0, [r7, #4]
 4669 0008 3960     		str	r1, [r7]
1572:Drivers/STM32F4xx_HAL_Driver/Src/stm32f4xx_hal_tim_ex.c ****   uint32_t input_channel = (OutputChannel == TIM_CHANNEL_1) ? TIM_CHANNEL_2 : TIM_CHANNEL_1;
 4670              		.loc 1 1572 77
 4671 000a 3B68     		ldr	r3, [r7]
 4672 000c 002B     		cmp	r3, #0
 4673 000e 01D1     		bne	.L309
 4674              		.loc 1 1572 77 is_stmt 0 discriminator 1
 4675 0010 0423     		movs	r3, #4
ARM GAS  /tmp/ccemsrUD.s 			page 110


 4676 0012 00E0     		b	.L310
 4677              	.L309:
 4678              		.loc 1 1572 77 discriminator 2
 4679 0014 0023     		movs	r3, #0
 4680              	.L310:
 4681              		.loc 1 1572 12 is_stmt 1 discriminator 4
 4682 0016 FB60     		str	r3, [r7, #12]
1573:Drivers/STM32F4xx_HAL_Driver/Src/stm32f4xx_hal_tim_ex.c ****   HAL_TIM_ChannelStateTypeDef channel_1_state = TIM_CHANNEL_STATE_GET(htim, TIM_CHANNEL_1);
 4683              		.loc 1 1573 31 discriminator 4
 4684 0018 7B68     		ldr	r3, [r7, #4]
 4685 001a 93F83E30 		ldrb	r3, [r3, #62]
 4686 001e FB72     		strb	r3, [r7, #11]
1574:Drivers/STM32F4xx_HAL_Driver/Src/stm32f4xx_hal_tim_ex.c ****   HAL_TIM_ChannelStateTypeDef channel_2_state = TIM_CHANNEL_STATE_GET(htim, TIM_CHANNEL_2);
 4687              		.loc 1 1574 31 discriminator 4
 4688 0020 7B68     		ldr	r3, [r7, #4]
 4689 0022 93F83F30 		ldrb	r3, [r3, #63]
 4690 0026 BB72     		strb	r3, [r7, #10]
1575:Drivers/STM32F4xx_HAL_Driver/Src/stm32f4xx_hal_tim_ex.c ****   HAL_TIM_ChannelStateTypeDef complementary_channel_1_state = TIM_CHANNEL_N_STATE_GET(htim, TIM_CHA
 4691              		.loc 1 1575 31 discriminator 4
 4692 0028 7B68     		ldr	r3, [r7, #4]
 4693 002a 93F84230 		ldrb	r3, [r3, #66]
 4694 002e 7B72     		strb	r3, [r7, #9]
1576:Drivers/STM32F4xx_HAL_Driver/Src/stm32f4xx_hal_tim_ex.c ****   HAL_TIM_ChannelStateTypeDef complementary_channel_2_state = TIM_CHANNEL_N_STATE_GET(htim, TIM_CHA
 4695              		.loc 1 1576 31 discriminator 4
 4696 0030 7B68     		ldr	r3, [r7, #4]
 4697 0032 93F84330 		ldrb	r3, [r3, #67]
 4698 0036 3B72     		strb	r3, [r7, #8]
1577:Drivers/STM32F4xx_HAL_Driver/Src/stm32f4xx_hal_tim_ex.c **** 
1578:Drivers/STM32F4xx_HAL_Driver/Src/stm32f4xx_hal_tim_ex.c ****   /* Check the parameters */
1579:Drivers/STM32F4xx_HAL_Driver/Src/stm32f4xx_hal_tim_ex.c ****   assert_param(IS_TIM_CCXN_INSTANCE(htim->Instance, OutputChannel));
1580:Drivers/STM32F4xx_HAL_Driver/Src/stm32f4xx_hal_tim_ex.c **** 
1581:Drivers/STM32F4xx_HAL_Driver/Src/stm32f4xx_hal_tim_ex.c ****   /* Check the TIM channels state */
1582:Drivers/STM32F4xx_HAL_Driver/Src/stm32f4xx_hal_tim_ex.c ****   if ((channel_1_state != HAL_TIM_CHANNEL_STATE_READY)
 4699              		.loc 1 1582 6 discriminator 4
 4700 0038 FB7A     		ldrb	r3, [r7, #11]	@ zero_extendqisi2
 4701 003a 012B     		cmp	r3, #1
 4702 003c 08D1     		bne	.L311
1583:Drivers/STM32F4xx_HAL_Driver/Src/stm32f4xx_hal_tim_ex.c ****       || (channel_2_state != HAL_TIM_CHANNEL_STATE_READY)
 4703              		.loc 1 1583 7
 4704 003e BB7A     		ldrb	r3, [r7, #10]	@ zero_extendqisi2
 4705 0040 012B     		cmp	r3, #1
 4706 0042 05D1     		bne	.L311
1584:Drivers/STM32F4xx_HAL_Driver/Src/stm32f4xx_hal_tim_ex.c ****       || (complementary_channel_1_state != HAL_TIM_CHANNEL_STATE_READY)
 4707              		.loc 1 1584 7
 4708 0044 7B7A     		ldrb	r3, [r7, #9]	@ zero_extendqisi2
 4709 0046 012B     		cmp	r3, #1
 4710 0048 02D1     		bne	.L311
1585:Drivers/STM32F4xx_HAL_Driver/Src/stm32f4xx_hal_tim_ex.c ****       || (complementary_channel_2_state != HAL_TIM_CHANNEL_STATE_READY))
 4711              		.loc 1 1585 7
 4712 004a 3B7A     		ldrb	r3, [r7, #8]	@ zero_extendqisi2
 4713 004c 012B     		cmp	r3, #1
 4714 004e 01D0     		beq	.L312
 4715              	.L311:
1586:Drivers/STM32F4xx_HAL_Driver/Src/stm32f4xx_hal_tim_ex.c ****   {
1587:Drivers/STM32F4xx_HAL_Driver/Src/stm32f4xx_hal_tim_ex.c ****     return HAL_ERROR;
 4716              		.loc 1 1587 12
 4717 0050 0123     		movs	r3, #1
ARM GAS  /tmp/ccemsrUD.s 			page 111


 4718 0052 26E0     		b	.L313
 4719              	.L312:
1588:Drivers/STM32F4xx_HAL_Driver/Src/stm32f4xx_hal_tim_ex.c ****   }
1589:Drivers/STM32F4xx_HAL_Driver/Src/stm32f4xx_hal_tim_ex.c **** 
1590:Drivers/STM32F4xx_HAL_Driver/Src/stm32f4xx_hal_tim_ex.c ****   /* Set the TIM channels state */
1591:Drivers/STM32F4xx_HAL_Driver/Src/stm32f4xx_hal_tim_ex.c ****   TIM_CHANNEL_STATE_SET(htim, TIM_CHANNEL_1, HAL_TIM_CHANNEL_STATE_BUSY);
 4720              		.loc 1 1591 3
 4721 0054 7B68     		ldr	r3, [r7, #4]
 4722 0056 0222     		movs	r2, #2
 4723 0058 83F83E20 		strb	r2, [r3, #62]
1592:Drivers/STM32F4xx_HAL_Driver/Src/stm32f4xx_hal_tim_ex.c ****   TIM_CHANNEL_STATE_SET(htim, TIM_CHANNEL_2, HAL_TIM_CHANNEL_STATE_BUSY);
 4724              		.loc 1 1592 3
 4725 005c 7B68     		ldr	r3, [r7, #4]
 4726 005e 0222     		movs	r2, #2
 4727 0060 83F83F20 		strb	r2, [r3, #63]
1593:Drivers/STM32F4xx_HAL_Driver/Src/stm32f4xx_hal_tim_ex.c ****   TIM_CHANNEL_N_STATE_SET(htim, TIM_CHANNEL_1, HAL_TIM_CHANNEL_STATE_BUSY);
 4728              		.loc 1 1593 3
 4729 0064 7B68     		ldr	r3, [r7, #4]
 4730 0066 0222     		movs	r2, #2
 4731 0068 83F84220 		strb	r2, [r3, #66]
1594:Drivers/STM32F4xx_HAL_Driver/Src/stm32f4xx_hal_tim_ex.c ****   TIM_CHANNEL_N_STATE_SET(htim, TIM_CHANNEL_2, HAL_TIM_CHANNEL_STATE_BUSY);
 4732              		.loc 1 1594 3
 4733 006c 7B68     		ldr	r3, [r7, #4]
 4734 006e 0222     		movs	r2, #2
 4735 0070 83F84320 		strb	r2, [r3, #67]
1595:Drivers/STM32F4xx_HAL_Driver/Src/stm32f4xx_hal_tim_ex.c **** 
1596:Drivers/STM32F4xx_HAL_Driver/Src/stm32f4xx_hal_tim_ex.c ****   /* Enable the complementary One Pulse output channel and the Input Capture channel */
1597:Drivers/STM32F4xx_HAL_Driver/Src/stm32f4xx_hal_tim_ex.c ****   TIM_CCxNChannelCmd(htim->Instance, OutputChannel, TIM_CCxN_ENABLE);
 4736              		.loc 1 1597 3
 4737 0074 7B68     		ldr	r3, [r7, #4]
 4738 0076 1B68     		ldr	r3, [r3]
 4739 0078 0422     		movs	r2, #4
 4740 007a 3968     		ldr	r1, [r7]
 4741 007c 1846     		mov	r0, r3
 4742 007e FFF7FEFF 		bl	TIM_CCxNChannelCmd
1598:Drivers/STM32F4xx_HAL_Driver/Src/stm32f4xx_hal_tim_ex.c ****   TIM_CCxChannelCmd(htim->Instance, input_channel, TIM_CCx_ENABLE);
 4743              		.loc 1 1598 3
 4744 0082 7B68     		ldr	r3, [r7, #4]
 4745 0084 1B68     		ldr	r3, [r3]
 4746 0086 0122     		movs	r2, #1
 4747 0088 F968     		ldr	r1, [r7, #12]
 4748 008a 1846     		mov	r0, r3
 4749 008c FFF7FEFF 		bl	TIM_CCxChannelCmd
1599:Drivers/STM32F4xx_HAL_Driver/Src/stm32f4xx_hal_tim_ex.c **** 
1600:Drivers/STM32F4xx_HAL_Driver/Src/stm32f4xx_hal_tim_ex.c ****   /* Enable the Main Output */
1601:Drivers/STM32F4xx_HAL_Driver/Src/stm32f4xx_hal_tim_ex.c ****   __HAL_TIM_MOE_ENABLE(htim);
 4750              		.loc 1 1601 3
 4751 0090 7B68     		ldr	r3, [r7, #4]
 4752 0092 1B68     		ldr	r3, [r3]
 4753 0094 5A6C     		ldr	r2, [r3, #68]
 4754 0096 7B68     		ldr	r3, [r7, #4]
 4755 0098 1B68     		ldr	r3, [r3]
 4756 009a 42F40042 		orr	r2, r2, #32768
 4757 009e 5A64     		str	r2, [r3, #68]
1602:Drivers/STM32F4xx_HAL_Driver/Src/stm32f4xx_hal_tim_ex.c **** 
1603:Drivers/STM32F4xx_HAL_Driver/Src/stm32f4xx_hal_tim_ex.c ****   /* Return function status */
1604:Drivers/STM32F4xx_HAL_Driver/Src/stm32f4xx_hal_tim_ex.c ****   return HAL_OK;
ARM GAS  /tmp/ccemsrUD.s 			page 112


 4758              		.loc 1 1604 10
 4759 00a0 0023     		movs	r3, #0
 4760              	.L313:
1605:Drivers/STM32F4xx_HAL_Driver/Src/stm32f4xx_hal_tim_ex.c **** }
 4761              		.loc 1 1605 1
 4762 00a2 1846     		mov	r0, r3
 4763 00a4 1037     		adds	r7, r7, #16
 4764              	.LCFI115:
 4765              		.cfi_def_cfa_offset 8
 4766 00a6 BD46     		mov	sp, r7
 4767              	.LCFI116:
 4768              		.cfi_def_cfa_register 13
 4769              		@ sp needed
 4770 00a8 80BD     		pop	{r7, pc}
 4771              		.cfi_endproc
 4772              	.LFE261:
 4774              		.section	.text.HAL_TIMEx_OnePulseN_Stop,"ax",%progbits
 4775              		.align	1
 4776              		.global	HAL_TIMEx_OnePulseN_Stop
 4777              		.syntax unified
 4778              		.thumb
 4779              		.thumb_func
 4781              	HAL_TIMEx_OnePulseN_Stop:
 4782              	.LFB262:
1606:Drivers/STM32F4xx_HAL_Driver/Src/stm32f4xx_hal_tim_ex.c **** 
1607:Drivers/STM32F4xx_HAL_Driver/Src/stm32f4xx_hal_tim_ex.c **** /**
1608:Drivers/STM32F4xx_HAL_Driver/Src/stm32f4xx_hal_tim_ex.c ****   * @brief  Stops the TIM One Pulse signal generation on the complementary
1609:Drivers/STM32F4xx_HAL_Driver/Src/stm32f4xx_hal_tim_ex.c ****   *         output.
1610:Drivers/STM32F4xx_HAL_Driver/Src/stm32f4xx_hal_tim_ex.c ****   * @note OutputChannel must match the pulse output channel chosen when calling
1611:Drivers/STM32F4xx_HAL_Driver/Src/stm32f4xx_hal_tim_ex.c ****   *       @ref HAL_TIM_OnePulse_ConfigChannel().
1612:Drivers/STM32F4xx_HAL_Driver/Src/stm32f4xx_hal_tim_ex.c ****   * @param  htim TIM One Pulse handle
1613:Drivers/STM32F4xx_HAL_Driver/Src/stm32f4xx_hal_tim_ex.c ****   * @param  OutputChannel pulse output channel to disable
1614:Drivers/STM32F4xx_HAL_Driver/Src/stm32f4xx_hal_tim_ex.c ****   *          This parameter can be one of the following values:
1615:Drivers/STM32F4xx_HAL_Driver/Src/stm32f4xx_hal_tim_ex.c ****   *            @arg TIM_CHANNEL_1: TIM Channel 1 selected
1616:Drivers/STM32F4xx_HAL_Driver/Src/stm32f4xx_hal_tim_ex.c ****   *            @arg TIM_CHANNEL_2: TIM Channel 2 selected
1617:Drivers/STM32F4xx_HAL_Driver/Src/stm32f4xx_hal_tim_ex.c ****   * @retval HAL status
1618:Drivers/STM32F4xx_HAL_Driver/Src/stm32f4xx_hal_tim_ex.c ****   */
1619:Drivers/STM32F4xx_HAL_Driver/Src/stm32f4xx_hal_tim_ex.c **** HAL_StatusTypeDef HAL_TIMEx_OnePulseN_Stop(TIM_HandleTypeDef *htim, uint32_t OutputChannel)
1620:Drivers/STM32F4xx_HAL_Driver/Src/stm32f4xx_hal_tim_ex.c **** {
 4783              		.loc 1 1620 1
 4784              		.cfi_startproc
 4785              		@ args = 0, pretend = 0, frame = 16
 4786              		@ frame_needed = 1, uses_anonymous_args = 0
 4787 0000 80B5     		push	{r7, lr}
 4788              	.LCFI117:
 4789              		.cfi_def_cfa_offset 8
 4790              		.cfi_offset 7, -8
 4791              		.cfi_offset 14, -4
 4792 0002 84B0     		sub	sp, sp, #16
 4793              	.LCFI118:
 4794              		.cfi_def_cfa_offset 24
 4795 0004 00AF     		add	r7, sp, #0
 4796              	.LCFI119:
 4797              		.cfi_def_cfa_register 7
 4798 0006 7860     		str	r0, [r7, #4]
 4799 0008 3960     		str	r1, [r7]
1621:Drivers/STM32F4xx_HAL_Driver/Src/stm32f4xx_hal_tim_ex.c ****   uint32_t input_channel = (OutputChannel == TIM_CHANNEL_1) ? TIM_CHANNEL_2 : TIM_CHANNEL_1;
ARM GAS  /tmp/ccemsrUD.s 			page 113


 4800              		.loc 1 1621 77
 4801 000a 3B68     		ldr	r3, [r7]
 4802 000c 002B     		cmp	r3, #0
 4803 000e 01D1     		bne	.L315
 4804              		.loc 1 1621 77 is_stmt 0 discriminator 1
 4805 0010 0423     		movs	r3, #4
 4806 0012 00E0     		b	.L316
 4807              	.L315:
 4808              		.loc 1 1621 77 discriminator 2
 4809 0014 0023     		movs	r3, #0
 4810              	.L316:
 4811              		.loc 1 1621 12 is_stmt 1 discriminator 4
 4812 0016 FB60     		str	r3, [r7, #12]
1622:Drivers/STM32F4xx_HAL_Driver/Src/stm32f4xx_hal_tim_ex.c **** 
1623:Drivers/STM32F4xx_HAL_Driver/Src/stm32f4xx_hal_tim_ex.c ****   /* Check the parameters */
1624:Drivers/STM32F4xx_HAL_Driver/Src/stm32f4xx_hal_tim_ex.c ****   assert_param(IS_TIM_CCXN_INSTANCE(htim->Instance, OutputChannel));
1625:Drivers/STM32F4xx_HAL_Driver/Src/stm32f4xx_hal_tim_ex.c **** 
1626:Drivers/STM32F4xx_HAL_Driver/Src/stm32f4xx_hal_tim_ex.c ****   /* Disable the complementary One Pulse output channel and the Input Capture channel */
1627:Drivers/STM32F4xx_HAL_Driver/Src/stm32f4xx_hal_tim_ex.c ****   TIM_CCxNChannelCmd(htim->Instance, OutputChannel, TIM_CCxN_DISABLE);
 4813              		.loc 1 1627 3 discriminator 4
 4814 0018 7B68     		ldr	r3, [r7, #4]
 4815 001a 1B68     		ldr	r3, [r3]
 4816 001c 0022     		movs	r2, #0
 4817 001e 3968     		ldr	r1, [r7]
 4818 0020 1846     		mov	r0, r3
 4819 0022 FFF7FEFF 		bl	TIM_CCxNChannelCmd
1628:Drivers/STM32F4xx_HAL_Driver/Src/stm32f4xx_hal_tim_ex.c ****   TIM_CCxChannelCmd(htim->Instance, input_channel, TIM_CCx_DISABLE);
 4820              		.loc 1 1628 3 discriminator 4
 4821 0026 7B68     		ldr	r3, [r7, #4]
 4822 0028 1B68     		ldr	r3, [r3]
 4823 002a 0022     		movs	r2, #0
 4824 002c F968     		ldr	r1, [r7, #12]
 4825 002e 1846     		mov	r0, r3
 4826 0030 FFF7FEFF 		bl	TIM_CCxChannelCmd
1629:Drivers/STM32F4xx_HAL_Driver/Src/stm32f4xx_hal_tim_ex.c **** 
1630:Drivers/STM32F4xx_HAL_Driver/Src/stm32f4xx_hal_tim_ex.c ****   /* Disable the Main Output */
1631:Drivers/STM32F4xx_HAL_Driver/Src/stm32f4xx_hal_tim_ex.c ****   __HAL_TIM_MOE_DISABLE(htim);
 4827              		.loc 1 1631 3 discriminator 4
 4828 0034 7B68     		ldr	r3, [r7, #4]
 4829 0036 1B68     		ldr	r3, [r3]
 4830 0038 1A6A     		ldr	r2, [r3, #32]
 4831 003a 41F21113 		movw	r3, #4369
 4832 003e 1340     		ands	r3, r3, r2
 4833 0040 002B     		cmp	r3, #0
 4834 0042 0FD1     		bne	.L317
 4835              		.loc 1 1631 3 is_stmt 0 discriminator 1
 4836 0044 7B68     		ldr	r3, [r7, #4]
 4837 0046 1B68     		ldr	r3, [r3]
 4838 0048 1A6A     		ldr	r2, [r3, #32]
 4839 004a 40F24443 		movw	r3, #1092
 4840 004e 1340     		ands	r3, r3, r2
 4841 0050 002B     		cmp	r3, #0
 4842 0052 07D1     		bne	.L317
 4843              		.loc 1 1631 3 discriminator 2
 4844 0054 7B68     		ldr	r3, [r7, #4]
 4845 0056 1B68     		ldr	r3, [r3]
 4846 0058 5A6C     		ldr	r2, [r3, #68]
ARM GAS  /tmp/ccemsrUD.s 			page 114


 4847 005a 7B68     		ldr	r3, [r7, #4]
 4848 005c 1B68     		ldr	r3, [r3]
 4849 005e 22F40042 		bic	r2, r2, #32768
 4850 0062 5A64     		str	r2, [r3, #68]
 4851              	.L317:
1632:Drivers/STM32F4xx_HAL_Driver/Src/stm32f4xx_hal_tim_ex.c **** 
1633:Drivers/STM32F4xx_HAL_Driver/Src/stm32f4xx_hal_tim_ex.c ****   /* Disable the Peripheral */
1634:Drivers/STM32F4xx_HAL_Driver/Src/stm32f4xx_hal_tim_ex.c ****   __HAL_TIM_DISABLE(htim);
 4852              		.loc 1 1634 3 is_stmt 1
 4853 0064 7B68     		ldr	r3, [r7, #4]
 4854 0066 1B68     		ldr	r3, [r3]
 4855 0068 1A6A     		ldr	r2, [r3, #32]
 4856 006a 41F21113 		movw	r3, #4369
 4857 006e 1340     		ands	r3, r3, r2
 4858 0070 002B     		cmp	r3, #0
 4859 0072 0FD1     		bne	.L318
 4860              		.loc 1 1634 3 is_stmt 0 discriminator 1
 4861 0074 7B68     		ldr	r3, [r7, #4]
 4862 0076 1B68     		ldr	r3, [r3]
 4863 0078 1A6A     		ldr	r2, [r3, #32]
 4864 007a 40F24443 		movw	r3, #1092
 4865 007e 1340     		ands	r3, r3, r2
 4866 0080 002B     		cmp	r3, #0
 4867 0082 07D1     		bne	.L318
 4868              		.loc 1 1634 3 discriminator 2
 4869 0084 7B68     		ldr	r3, [r7, #4]
 4870 0086 1B68     		ldr	r3, [r3]
 4871 0088 1A68     		ldr	r2, [r3]
 4872 008a 7B68     		ldr	r3, [r7, #4]
 4873 008c 1B68     		ldr	r3, [r3]
 4874 008e 22F00102 		bic	r2, r2, #1
 4875 0092 1A60     		str	r2, [r3]
 4876              	.L318:
1635:Drivers/STM32F4xx_HAL_Driver/Src/stm32f4xx_hal_tim_ex.c **** 
1636:Drivers/STM32F4xx_HAL_Driver/Src/stm32f4xx_hal_tim_ex.c ****   /* Set the TIM  channels state */
1637:Drivers/STM32F4xx_HAL_Driver/Src/stm32f4xx_hal_tim_ex.c ****   TIM_CHANNEL_STATE_SET(htim, TIM_CHANNEL_1, HAL_TIM_CHANNEL_STATE_READY);
 4877              		.loc 1 1637 3 is_stmt 1
 4878 0094 7B68     		ldr	r3, [r7, #4]
 4879 0096 0122     		movs	r2, #1
 4880 0098 83F83E20 		strb	r2, [r3, #62]
1638:Drivers/STM32F4xx_HAL_Driver/Src/stm32f4xx_hal_tim_ex.c ****   TIM_CHANNEL_STATE_SET(htim, TIM_CHANNEL_2, HAL_TIM_CHANNEL_STATE_READY);
 4881              		.loc 1 1638 3
 4882 009c 7B68     		ldr	r3, [r7, #4]
 4883 009e 0122     		movs	r2, #1
 4884 00a0 83F83F20 		strb	r2, [r3, #63]
1639:Drivers/STM32F4xx_HAL_Driver/Src/stm32f4xx_hal_tim_ex.c ****   TIM_CHANNEL_N_STATE_SET(htim, TIM_CHANNEL_1, HAL_TIM_CHANNEL_STATE_READY);
 4885              		.loc 1 1639 3
 4886 00a4 7B68     		ldr	r3, [r7, #4]
 4887 00a6 0122     		movs	r2, #1
 4888 00a8 83F84220 		strb	r2, [r3, #66]
1640:Drivers/STM32F4xx_HAL_Driver/Src/stm32f4xx_hal_tim_ex.c ****   TIM_CHANNEL_N_STATE_SET(htim, TIM_CHANNEL_2, HAL_TIM_CHANNEL_STATE_READY);
 4889              		.loc 1 1640 3
 4890 00ac 7B68     		ldr	r3, [r7, #4]
 4891 00ae 0122     		movs	r2, #1
 4892 00b0 83F84320 		strb	r2, [r3, #67]
1641:Drivers/STM32F4xx_HAL_Driver/Src/stm32f4xx_hal_tim_ex.c **** 
1642:Drivers/STM32F4xx_HAL_Driver/Src/stm32f4xx_hal_tim_ex.c ****   /* Return function status */
ARM GAS  /tmp/ccemsrUD.s 			page 115


1643:Drivers/STM32F4xx_HAL_Driver/Src/stm32f4xx_hal_tim_ex.c ****   return HAL_OK;
 4893              		.loc 1 1643 10
 4894 00b4 0023     		movs	r3, #0
1644:Drivers/STM32F4xx_HAL_Driver/Src/stm32f4xx_hal_tim_ex.c **** }
 4895              		.loc 1 1644 1
 4896 00b6 1846     		mov	r0, r3
 4897 00b8 1037     		adds	r7, r7, #16
 4898              	.LCFI120:
 4899              		.cfi_def_cfa_offset 8
 4900 00ba BD46     		mov	sp, r7
 4901              	.LCFI121:
 4902              		.cfi_def_cfa_register 13
 4903              		@ sp needed
 4904 00bc 80BD     		pop	{r7, pc}
 4905              		.cfi_endproc
 4906              	.LFE262:
 4908              		.section	.text.HAL_TIMEx_OnePulseN_Start_IT,"ax",%progbits
 4909              		.align	1
 4910              		.global	HAL_TIMEx_OnePulseN_Start_IT
 4911              		.syntax unified
 4912              		.thumb
 4913              		.thumb_func
 4915              	HAL_TIMEx_OnePulseN_Start_IT:
 4916              	.LFB263:
1645:Drivers/STM32F4xx_HAL_Driver/Src/stm32f4xx_hal_tim_ex.c **** 
1646:Drivers/STM32F4xx_HAL_Driver/Src/stm32f4xx_hal_tim_ex.c **** /**
1647:Drivers/STM32F4xx_HAL_Driver/Src/stm32f4xx_hal_tim_ex.c ****   * @brief  Starts the TIM One Pulse signal generation in interrupt mode on the
1648:Drivers/STM32F4xx_HAL_Driver/Src/stm32f4xx_hal_tim_ex.c ****   *         complementary channel.
1649:Drivers/STM32F4xx_HAL_Driver/Src/stm32f4xx_hal_tim_ex.c ****   * @note OutputChannel must match the pulse output channel chosen when calling
1650:Drivers/STM32F4xx_HAL_Driver/Src/stm32f4xx_hal_tim_ex.c ****   *       @ref HAL_TIM_OnePulse_ConfigChannel().
1651:Drivers/STM32F4xx_HAL_Driver/Src/stm32f4xx_hal_tim_ex.c ****   * @param  htim TIM One Pulse handle
1652:Drivers/STM32F4xx_HAL_Driver/Src/stm32f4xx_hal_tim_ex.c ****   * @param  OutputChannel pulse output channel to enable
1653:Drivers/STM32F4xx_HAL_Driver/Src/stm32f4xx_hal_tim_ex.c ****   *          This parameter can be one of the following values:
1654:Drivers/STM32F4xx_HAL_Driver/Src/stm32f4xx_hal_tim_ex.c ****   *            @arg TIM_CHANNEL_1: TIM Channel 1 selected
1655:Drivers/STM32F4xx_HAL_Driver/Src/stm32f4xx_hal_tim_ex.c ****   *            @arg TIM_CHANNEL_2: TIM Channel 2 selected
1656:Drivers/STM32F4xx_HAL_Driver/Src/stm32f4xx_hal_tim_ex.c ****   * @retval HAL status
1657:Drivers/STM32F4xx_HAL_Driver/Src/stm32f4xx_hal_tim_ex.c ****   */
1658:Drivers/STM32F4xx_HAL_Driver/Src/stm32f4xx_hal_tim_ex.c **** HAL_StatusTypeDef HAL_TIMEx_OnePulseN_Start_IT(TIM_HandleTypeDef *htim, uint32_t OutputChannel)
1659:Drivers/STM32F4xx_HAL_Driver/Src/stm32f4xx_hal_tim_ex.c **** {
 4917              		.loc 1 1659 1
 4918              		.cfi_startproc
 4919              		@ args = 0, pretend = 0, frame = 16
 4920              		@ frame_needed = 1, uses_anonymous_args = 0
 4921 0000 80B5     		push	{r7, lr}
 4922              	.LCFI122:
 4923              		.cfi_def_cfa_offset 8
 4924              		.cfi_offset 7, -8
 4925              		.cfi_offset 14, -4
 4926 0002 84B0     		sub	sp, sp, #16
 4927              	.LCFI123:
 4928              		.cfi_def_cfa_offset 24
 4929 0004 00AF     		add	r7, sp, #0
 4930              	.LCFI124:
 4931              		.cfi_def_cfa_register 7
 4932 0006 7860     		str	r0, [r7, #4]
 4933 0008 3960     		str	r1, [r7]
1660:Drivers/STM32F4xx_HAL_Driver/Src/stm32f4xx_hal_tim_ex.c ****   uint32_t input_channel = (OutputChannel == TIM_CHANNEL_1) ? TIM_CHANNEL_2 : TIM_CHANNEL_1;
ARM GAS  /tmp/ccemsrUD.s 			page 116


 4934              		.loc 1 1660 77
 4935 000a 3B68     		ldr	r3, [r7]
 4936 000c 002B     		cmp	r3, #0
 4937 000e 01D1     		bne	.L321
 4938              		.loc 1 1660 77 is_stmt 0 discriminator 1
 4939 0010 0423     		movs	r3, #4
 4940 0012 00E0     		b	.L322
 4941              	.L321:
 4942              		.loc 1 1660 77 discriminator 2
 4943 0014 0023     		movs	r3, #0
 4944              	.L322:
 4945              		.loc 1 1660 12 is_stmt 1 discriminator 4
 4946 0016 FB60     		str	r3, [r7, #12]
1661:Drivers/STM32F4xx_HAL_Driver/Src/stm32f4xx_hal_tim_ex.c ****   HAL_TIM_ChannelStateTypeDef channel_1_state = TIM_CHANNEL_STATE_GET(htim, TIM_CHANNEL_1);
 4947              		.loc 1 1661 31 discriminator 4
 4948 0018 7B68     		ldr	r3, [r7, #4]
 4949 001a 93F83E30 		ldrb	r3, [r3, #62]
 4950 001e FB72     		strb	r3, [r7, #11]
1662:Drivers/STM32F4xx_HAL_Driver/Src/stm32f4xx_hal_tim_ex.c ****   HAL_TIM_ChannelStateTypeDef channel_2_state = TIM_CHANNEL_STATE_GET(htim, TIM_CHANNEL_2);
 4951              		.loc 1 1662 31 discriminator 4
 4952 0020 7B68     		ldr	r3, [r7, #4]
 4953 0022 93F83F30 		ldrb	r3, [r3, #63]
 4954 0026 BB72     		strb	r3, [r7, #10]
1663:Drivers/STM32F4xx_HAL_Driver/Src/stm32f4xx_hal_tim_ex.c ****   HAL_TIM_ChannelStateTypeDef complementary_channel_1_state = TIM_CHANNEL_N_STATE_GET(htim, TIM_CHA
 4955              		.loc 1 1663 31 discriminator 4
 4956 0028 7B68     		ldr	r3, [r7, #4]
 4957 002a 93F84230 		ldrb	r3, [r3, #66]
 4958 002e 7B72     		strb	r3, [r7, #9]
1664:Drivers/STM32F4xx_HAL_Driver/Src/stm32f4xx_hal_tim_ex.c ****   HAL_TIM_ChannelStateTypeDef complementary_channel_2_state = TIM_CHANNEL_N_STATE_GET(htim, TIM_CHA
 4959              		.loc 1 1664 31 discriminator 4
 4960 0030 7B68     		ldr	r3, [r7, #4]
 4961 0032 93F84330 		ldrb	r3, [r3, #67]
 4962 0036 3B72     		strb	r3, [r7, #8]
1665:Drivers/STM32F4xx_HAL_Driver/Src/stm32f4xx_hal_tim_ex.c **** 
1666:Drivers/STM32F4xx_HAL_Driver/Src/stm32f4xx_hal_tim_ex.c ****   /* Check the parameters */
1667:Drivers/STM32F4xx_HAL_Driver/Src/stm32f4xx_hal_tim_ex.c ****   assert_param(IS_TIM_CCXN_INSTANCE(htim->Instance, OutputChannel));
1668:Drivers/STM32F4xx_HAL_Driver/Src/stm32f4xx_hal_tim_ex.c **** 
1669:Drivers/STM32F4xx_HAL_Driver/Src/stm32f4xx_hal_tim_ex.c ****   /* Check the TIM channels state */
1670:Drivers/STM32F4xx_HAL_Driver/Src/stm32f4xx_hal_tim_ex.c ****   if ((channel_1_state != HAL_TIM_CHANNEL_STATE_READY)
 4963              		.loc 1 1670 6 discriminator 4
 4964 0038 FB7A     		ldrb	r3, [r7, #11]	@ zero_extendqisi2
 4965 003a 012B     		cmp	r3, #1
 4966 003c 08D1     		bne	.L323
1671:Drivers/STM32F4xx_HAL_Driver/Src/stm32f4xx_hal_tim_ex.c ****       || (channel_2_state != HAL_TIM_CHANNEL_STATE_READY)
 4967              		.loc 1 1671 7
 4968 003e BB7A     		ldrb	r3, [r7, #10]	@ zero_extendqisi2
 4969 0040 012B     		cmp	r3, #1
 4970 0042 05D1     		bne	.L323
1672:Drivers/STM32F4xx_HAL_Driver/Src/stm32f4xx_hal_tim_ex.c ****       || (complementary_channel_1_state != HAL_TIM_CHANNEL_STATE_READY)
 4971              		.loc 1 1672 7
 4972 0044 7B7A     		ldrb	r3, [r7, #9]	@ zero_extendqisi2
 4973 0046 012B     		cmp	r3, #1
 4974 0048 02D1     		bne	.L323
1673:Drivers/STM32F4xx_HAL_Driver/Src/stm32f4xx_hal_tim_ex.c ****       || (complementary_channel_2_state != HAL_TIM_CHANNEL_STATE_READY))
 4975              		.loc 1 1673 7
 4976 004a 3B7A     		ldrb	r3, [r7, #8]	@ zero_extendqisi2
 4977 004c 012B     		cmp	r3, #1
ARM GAS  /tmp/ccemsrUD.s 			page 117


 4978 004e 01D0     		beq	.L324
 4979              	.L323:
1674:Drivers/STM32F4xx_HAL_Driver/Src/stm32f4xx_hal_tim_ex.c ****   {
1675:Drivers/STM32F4xx_HAL_Driver/Src/stm32f4xx_hal_tim_ex.c ****     return HAL_ERROR;
 4980              		.loc 1 1675 12
 4981 0050 0123     		movs	r3, #1
 4982 0052 36E0     		b	.L325
 4983              	.L324:
1676:Drivers/STM32F4xx_HAL_Driver/Src/stm32f4xx_hal_tim_ex.c ****   }
1677:Drivers/STM32F4xx_HAL_Driver/Src/stm32f4xx_hal_tim_ex.c **** 
1678:Drivers/STM32F4xx_HAL_Driver/Src/stm32f4xx_hal_tim_ex.c ****   /* Set the TIM channels state */
1679:Drivers/STM32F4xx_HAL_Driver/Src/stm32f4xx_hal_tim_ex.c ****   TIM_CHANNEL_STATE_SET(htim, TIM_CHANNEL_1, HAL_TIM_CHANNEL_STATE_BUSY);
 4984              		.loc 1 1679 3
 4985 0054 7B68     		ldr	r3, [r7, #4]
 4986 0056 0222     		movs	r2, #2
 4987 0058 83F83E20 		strb	r2, [r3, #62]
1680:Drivers/STM32F4xx_HAL_Driver/Src/stm32f4xx_hal_tim_ex.c ****   TIM_CHANNEL_STATE_SET(htim, TIM_CHANNEL_2, HAL_TIM_CHANNEL_STATE_BUSY);
 4988              		.loc 1 1680 3
 4989 005c 7B68     		ldr	r3, [r7, #4]
 4990 005e 0222     		movs	r2, #2
 4991 0060 83F83F20 		strb	r2, [r3, #63]
1681:Drivers/STM32F4xx_HAL_Driver/Src/stm32f4xx_hal_tim_ex.c ****   TIM_CHANNEL_N_STATE_SET(htim, TIM_CHANNEL_1, HAL_TIM_CHANNEL_STATE_BUSY);
 4992              		.loc 1 1681 3
 4993 0064 7B68     		ldr	r3, [r7, #4]
 4994 0066 0222     		movs	r2, #2
 4995 0068 83F84220 		strb	r2, [r3, #66]
1682:Drivers/STM32F4xx_HAL_Driver/Src/stm32f4xx_hal_tim_ex.c ****   TIM_CHANNEL_N_STATE_SET(htim, TIM_CHANNEL_2, HAL_TIM_CHANNEL_STATE_BUSY);
 4996              		.loc 1 1682 3
 4997 006c 7B68     		ldr	r3, [r7, #4]
 4998 006e 0222     		movs	r2, #2
 4999 0070 83F84320 		strb	r2, [r3, #67]
1683:Drivers/STM32F4xx_HAL_Driver/Src/stm32f4xx_hal_tim_ex.c **** 
1684:Drivers/STM32F4xx_HAL_Driver/Src/stm32f4xx_hal_tim_ex.c ****   /* Enable the TIM Capture/Compare 1 interrupt */
1685:Drivers/STM32F4xx_HAL_Driver/Src/stm32f4xx_hal_tim_ex.c ****   __HAL_TIM_ENABLE_IT(htim, TIM_IT_CC1);
 5000              		.loc 1 1685 3
 5001 0074 7B68     		ldr	r3, [r7, #4]
 5002 0076 1B68     		ldr	r3, [r3]
 5003 0078 DA68     		ldr	r2, [r3, #12]
 5004 007a 7B68     		ldr	r3, [r7, #4]
 5005 007c 1B68     		ldr	r3, [r3]
 5006 007e 42F00202 		orr	r2, r2, #2
 5007 0082 DA60     		str	r2, [r3, #12]
1686:Drivers/STM32F4xx_HAL_Driver/Src/stm32f4xx_hal_tim_ex.c **** 
1687:Drivers/STM32F4xx_HAL_Driver/Src/stm32f4xx_hal_tim_ex.c ****   /* Enable the TIM Capture/Compare 2 interrupt */
1688:Drivers/STM32F4xx_HAL_Driver/Src/stm32f4xx_hal_tim_ex.c ****   __HAL_TIM_ENABLE_IT(htim, TIM_IT_CC2);
 5008              		.loc 1 1688 3
 5009 0084 7B68     		ldr	r3, [r7, #4]
 5010 0086 1B68     		ldr	r3, [r3]
 5011 0088 DA68     		ldr	r2, [r3, #12]
 5012 008a 7B68     		ldr	r3, [r7, #4]
 5013 008c 1B68     		ldr	r3, [r3]
 5014 008e 42F00402 		orr	r2, r2, #4
 5015 0092 DA60     		str	r2, [r3, #12]
1689:Drivers/STM32F4xx_HAL_Driver/Src/stm32f4xx_hal_tim_ex.c **** 
1690:Drivers/STM32F4xx_HAL_Driver/Src/stm32f4xx_hal_tim_ex.c ****   /* Enable the complementary One Pulse output channel and the Input Capture channel */
1691:Drivers/STM32F4xx_HAL_Driver/Src/stm32f4xx_hal_tim_ex.c ****   TIM_CCxNChannelCmd(htim->Instance, OutputChannel, TIM_CCxN_ENABLE);
 5016              		.loc 1 1691 3
ARM GAS  /tmp/ccemsrUD.s 			page 118


 5017 0094 7B68     		ldr	r3, [r7, #4]
 5018 0096 1B68     		ldr	r3, [r3]
 5019 0098 0422     		movs	r2, #4
 5020 009a 3968     		ldr	r1, [r7]
 5021 009c 1846     		mov	r0, r3
 5022 009e FFF7FEFF 		bl	TIM_CCxNChannelCmd
1692:Drivers/STM32F4xx_HAL_Driver/Src/stm32f4xx_hal_tim_ex.c ****   TIM_CCxChannelCmd(htim->Instance, input_channel, TIM_CCx_ENABLE);
 5023              		.loc 1 1692 3
 5024 00a2 7B68     		ldr	r3, [r7, #4]
 5025 00a4 1B68     		ldr	r3, [r3]
 5026 00a6 0122     		movs	r2, #1
 5027 00a8 F968     		ldr	r1, [r7, #12]
 5028 00aa 1846     		mov	r0, r3
 5029 00ac FFF7FEFF 		bl	TIM_CCxChannelCmd
1693:Drivers/STM32F4xx_HAL_Driver/Src/stm32f4xx_hal_tim_ex.c **** 
1694:Drivers/STM32F4xx_HAL_Driver/Src/stm32f4xx_hal_tim_ex.c ****   /* Enable the Main Output */
1695:Drivers/STM32F4xx_HAL_Driver/Src/stm32f4xx_hal_tim_ex.c ****   __HAL_TIM_MOE_ENABLE(htim);
 5030              		.loc 1 1695 3
 5031 00b0 7B68     		ldr	r3, [r7, #4]
 5032 00b2 1B68     		ldr	r3, [r3]
 5033 00b4 5A6C     		ldr	r2, [r3, #68]
 5034 00b6 7B68     		ldr	r3, [r7, #4]
 5035 00b8 1B68     		ldr	r3, [r3]
 5036 00ba 42F40042 		orr	r2, r2, #32768
 5037 00be 5A64     		str	r2, [r3, #68]
1696:Drivers/STM32F4xx_HAL_Driver/Src/stm32f4xx_hal_tim_ex.c **** 
1697:Drivers/STM32F4xx_HAL_Driver/Src/stm32f4xx_hal_tim_ex.c ****   /* Return function status */
1698:Drivers/STM32F4xx_HAL_Driver/Src/stm32f4xx_hal_tim_ex.c ****   return HAL_OK;
 5038              		.loc 1 1698 10
 5039 00c0 0023     		movs	r3, #0
 5040              	.L325:
1699:Drivers/STM32F4xx_HAL_Driver/Src/stm32f4xx_hal_tim_ex.c **** }
 5041              		.loc 1 1699 1
 5042 00c2 1846     		mov	r0, r3
 5043 00c4 1037     		adds	r7, r7, #16
 5044              	.LCFI125:
 5045              		.cfi_def_cfa_offset 8
 5046 00c6 BD46     		mov	sp, r7
 5047              	.LCFI126:
 5048              		.cfi_def_cfa_register 13
 5049              		@ sp needed
 5050 00c8 80BD     		pop	{r7, pc}
 5051              		.cfi_endproc
 5052              	.LFE263:
 5054              		.section	.text.HAL_TIMEx_OnePulseN_Stop_IT,"ax",%progbits
 5055              		.align	1
 5056              		.global	HAL_TIMEx_OnePulseN_Stop_IT
 5057              		.syntax unified
 5058              		.thumb
 5059              		.thumb_func
 5061              	HAL_TIMEx_OnePulseN_Stop_IT:
 5062              	.LFB264:
1700:Drivers/STM32F4xx_HAL_Driver/Src/stm32f4xx_hal_tim_ex.c **** 
1701:Drivers/STM32F4xx_HAL_Driver/Src/stm32f4xx_hal_tim_ex.c **** /**
1702:Drivers/STM32F4xx_HAL_Driver/Src/stm32f4xx_hal_tim_ex.c ****   * @brief  Stops the TIM One Pulse signal generation in interrupt mode on the
1703:Drivers/STM32F4xx_HAL_Driver/Src/stm32f4xx_hal_tim_ex.c ****   *         complementary channel.
1704:Drivers/STM32F4xx_HAL_Driver/Src/stm32f4xx_hal_tim_ex.c ****   * @note OutputChannel must match the pulse output channel chosen when calling
ARM GAS  /tmp/ccemsrUD.s 			page 119


1705:Drivers/STM32F4xx_HAL_Driver/Src/stm32f4xx_hal_tim_ex.c ****   *       @ref HAL_TIM_OnePulse_ConfigChannel().
1706:Drivers/STM32F4xx_HAL_Driver/Src/stm32f4xx_hal_tim_ex.c ****   * @param  htim TIM One Pulse handle
1707:Drivers/STM32F4xx_HAL_Driver/Src/stm32f4xx_hal_tim_ex.c ****   * @param  OutputChannel pulse output channel to disable
1708:Drivers/STM32F4xx_HAL_Driver/Src/stm32f4xx_hal_tim_ex.c ****   *          This parameter can be one of the following values:
1709:Drivers/STM32F4xx_HAL_Driver/Src/stm32f4xx_hal_tim_ex.c ****   *            @arg TIM_CHANNEL_1: TIM Channel 1 selected
1710:Drivers/STM32F4xx_HAL_Driver/Src/stm32f4xx_hal_tim_ex.c ****   *            @arg TIM_CHANNEL_2: TIM Channel 2 selected
1711:Drivers/STM32F4xx_HAL_Driver/Src/stm32f4xx_hal_tim_ex.c ****   * @retval HAL status
1712:Drivers/STM32F4xx_HAL_Driver/Src/stm32f4xx_hal_tim_ex.c ****   */
1713:Drivers/STM32F4xx_HAL_Driver/Src/stm32f4xx_hal_tim_ex.c **** HAL_StatusTypeDef HAL_TIMEx_OnePulseN_Stop_IT(TIM_HandleTypeDef *htim, uint32_t OutputChannel)
1714:Drivers/STM32F4xx_HAL_Driver/Src/stm32f4xx_hal_tim_ex.c **** {
 5063              		.loc 1 1714 1
 5064              		.cfi_startproc
 5065              		@ args = 0, pretend = 0, frame = 16
 5066              		@ frame_needed = 1, uses_anonymous_args = 0
 5067 0000 80B5     		push	{r7, lr}
 5068              	.LCFI127:
 5069              		.cfi_def_cfa_offset 8
 5070              		.cfi_offset 7, -8
 5071              		.cfi_offset 14, -4
 5072 0002 84B0     		sub	sp, sp, #16
 5073              	.LCFI128:
 5074              		.cfi_def_cfa_offset 24
 5075 0004 00AF     		add	r7, sp, #0
 5076              	.LCFI129:
 5077              		.cfi_def_cfa_register 7
 5078 0006 7860     		str	r0, [r7, #4]
 5079 0008 3960     		str	r1, [r7]
1715:Drivers/STM32F4xx_HAL_Driver/Src/stm32f4xx_hal_tim_ex.c ****   uint32_t input_channel = (OutputChannel == TIM_CHANNEL_1) ? TIM_CHANNEL_2 : TIM_CHANNEL_1;
 5080              		.loc 1 1715 77
 5081 000a 3B68     		ldr	r3, [r7]
 5082 000c 002B     		cmp	r3, #0
 5083 000e 01D1     		bne	.L327
 5084              		.loc 1 1715 77 is_stmt 0 discriminator 1
 5085 0010 0423     		movs	r3, #4
 5086 0012 00E0     		b	.L328
 5087              	.L327:
 5088              		.loc 1 1715 77 discriminator 2
 5089 0014 0023     		movs	r3, #0
 5090              	.L328:
 5091              		.loc 1 1715 12 is_stmt 1 discriminator 4
 5092 0016 FB60     		str	r3, [r7, #12]
1716:Drivers/STM32F4xx_HAL_Driver/Src/stm32f4xx_hal_tim_ex.c **** 
1717:Drivers/STM32F4xx_HAL_Driver/Src/stm32f4xx_hal_tim_ex.c ****   /* Check the parameters */
1718:Drivers/STM32F4xx_HAL_Driver/Src/stm32f4xx_hal_tim_ex.c ****   assert_param(IS_TIM_CCXN_INSTANCE(htim->Instance, OutputChannel));
1719:Drivers/STM32F4xx_HAL_Driver/Src/stm32f4xx_hal_tim_ex.c **** 
1720:Drivers/STM32F4xx_HAL_Driver/Src/stm32f4xx_hal_tim_ex.c ****   /* Disable the TIM Capture/Compare 1 interrupt */
1721:Drivers/STM32F4xx_HAL_Driver/Src/stm32f4xx_hal_tim_ex.c ****   __HAL_TIM_DISABLE_IT(htim, TIM_IT_CC1);
 5093              		.loc 1 1721 3 discriminator 4
 5094 0018 7B68     		ldr	r3, [r7, #4]
 5095 001a 1B68     		ldr	r3, [r3]
 5096 001c DA68     		ldr	r2, [r3, #12]
 5097 001e 7B68     		ldr	r3, [r7, #4]
 5098 0020 1B68     		ldr	r3, [r3]
 5099 0022 22F00202 		bic	r2, r2, #2
 5100 0026 DA60     		str	r2, [r3, #12]
1722:Drivers/STM32F4xx_HAL_Driver/Src/stm32f4xx_hal_tim_ex.c **** 
1723:Drivers/STM32F4xx_HAL_Driver/Src/stm32f4xx_hal_tim_ex.c ****   /* Disable the TIM Capture/Compare 2 interrupt */
ARM GAS  /tmp/ccemsrUD.s 			page 120


1724:Drivers/STM32F4xx_HAL_Driver/Src/stm32f4xx_hal_tim_ex.c ****   __HAL_TIM_DISABLE_IT(htim, TIM_IT_CC2);
 5101              		.loc 1 1724 3 discriminator 4
 5102 0028 7B68     		ldr	r3, [r7, #4]
 5103 002a 1B68     		ldr	r3, [r3]
 5104 002c DA68     		ldr	r2, [r3, #12]
 5105 002e 7B68     		ldr	r3, [r7, #4]
 5106 0030 1B68     		ldr	r3, [r3]
 5107 0032 22F00402 		bic	r2, r2, #4
 5108 0036 DA60     		str	r2, [r3, #12]
1725:Drivers/STM32F4xx_HAL_Driver/Src/stm32f4xx_hal_tim_ex.c **** 
1726:Drivers/STM32F4xx_HAL_Driver/Src/stm32f4xx_hal_tim_ex.c ****   /* Disable the complementary One Pulse output channel and the Input Capture channel */
1727:Drivers/STM32F4xx_HAL_Driver/Src/stm32f4xx_hal_tim_ex.c ****   TIM_CCxNChannelCmd(htim->Instance, OutputChannel, TIM_CCxN_DISABLE);
 5109              		.loc 1 1727 3 discriminator 4
 5110 0038 7B68     		ldr	r3, [r7, #4]
 5111 003a 1B68     		ldr	r3, [r3]
 5112 003c 0022     		movs	r2, #0
 5113 003e 3968     		ldr	r1, [r7]
 5114 0040 1846     		mov	r0, r3
 5115 0042 FFF7FEFF 		bl	TIM_CCxNChannelCmd
1728:Drivers/STM32F4xx_HAL_Driver/Src/stm32f4xx_hal_tim_ex.c ****   TIM_CCxChannelCmd(htim->Instance, input_channel, TIM_CCx_DISABLE);
 5116              		.loc 1 1728 3 discriminator 4
 5117 0046 7B68     		ldr	r3, [r7, #4]
 5118 0048 1B68     		ldr	r3, [r3]
 5119 004a 0022     		movs	r2, #0
 5120 004c F968     		ldr	r1, [r7, #12]
 5121 004e 1846     		mov	r0, r3
 5122 0050 FFF7FEFF 		bl	TIM_CCxChannelCmd
1729:Drivers/STM32F4xx_HAL_Driver/Src/stm32f4xx_hal_tim_ex.c **** 
1730:Drivers/STM32F4xx_HAL_Driver/Src/stm32f4xx_hal_tim_ex.c ****   /* Disable the Main Output */
1731:Drivers/STM32F4xx_HAL_Driver/Src/stm32f4xx_hal_tim_ex.c ****   __HAL_TIM_MOE_DISABLE(htim);
 5123              		.loc 1 1731 3 discriminator 4
 5124 0054 7B68     		ldr	r3, [r7, #4]
 5125 0056 1B68     		ldr	r3, [r3]
 5126 0058 1A6A     		ldr	r2, [r3, #32]
 5127 005a 41F21113 		movw	r3, #4369
 5128 005e 1340     		ands	r3, r3, r2
 5129 0060 002B     		cmp	r3, #0
 5130 0062 0FD1     		bne	.L329
 5131              		.loc 1 1731 3 is_stmt 0 discriminator 1
 5132 0064 7B68     		ldr	r3, [r7, #4]
 5133 0066 1B68     		ldr	r3, [r3]
 5134 0068 1A6A     		ldr	r2, [r3, #32]
 5135 006a 40F24443 		movw	r3, #1092
 5136 006e 1340     		ands	r3, r3, r2
 5137 0070 002B     		cmp	r3, #0
 5138 0072 07D1     		bne	.L329
 5139              		.loc 1 1731 3 discriminator 2
 5140 0074 7B68     		ldr	r3, [r7, #4]
 5141 0076 1B68     		ldr	r3, [r3]
 5142 0078 5A6C     		ldr	r2, [r3, #68]
 5143 007a 7B68     		ldr	r3, [r7, #4]
 5144 007c 1B68     		ldr	r3, [r3]
 5145 007e 22F40042 		bic	r2, r2, #32768
 5146 0082 5A64     		str	r2, [r3, #68]
 5147              	.L329:
1732:Drivers/STM32F4xx_HAL_Driver/Src/stm32f4xx_hal_tim_ex.c **** 
1733:Drivers/STM32F4xx_HAL_Driver/Src/stm32f4xx_hal_tim_ex.c ****   /* Disable the Peripheral */
ARM GAS  /tmp/ccemsrUD.s 			page 121


1734:Drivers/STM32F4xx_HAL_Driver/Src/stm32f4xx_hal_tim_ex.c ****   __HAL_TIM_DISABLE(htim);
 5148              		.loc 1 1734 3 is_stmt 1
 5149 0084 7B68     		ldr	r3, [r7, #4]
 5150 0086 1B68     		ldr	r3, [r3]
 5151 0088 1A6A     		ldr	r2, [r3, #32]
 5152 008a 41F21113 		movw	r3, #4369
 5153 008e 1340     		ands	r3, r3, r2
 5154 0090 002B     		cmp	r3, #0
 5155 0092 0FD1     		bne	.L330
 5156              		.loc 1 1734 3 is_stmt 0 discriminator 1
 5157 0094 7B68     		ldr	r3, [r7, #4]
 5158 0096 1B68     		ldr	r3, [r3]
 5159 0098 1A6A     		ldr	r2, [r3, #32]
 5160 009a 40F24443 		movw	r3, #1092
 5161 009e 1340     		ands	r3, r3, r2
 5162 00a0 002B     		cmp	r3, #0
 5163 00a2 07D1     		bne	.L330
 5164              		.loc 1 1734 3 discriminator 2
 5165 00a4 7B68     		ldr	r3, [r7, #4]
 5166 00a6 1B68     		ldr	r3, [r3]
 5167 00a8 1A68     		ldr	r2, [r3]
 5168 00aa 7B68     		ldr	r3, [r7, #4]
 5169 00ac 1B68     		ldr	r3, [r3]
 5170 00ae 22F00102 		bic	r2, r2, #1
 5171 00b2 1A60     		str	r2, [r3]
 5172              	.L330:
1735:Drivers/STM32F4xx_HAL_Driver/Src/stm32f4xx_hal_tim_ex.c **** 
1736:Drivers/STM32F4xx_HAL_Driver/Src/stm32f4xx_hal_tim_ex.c ****   /* Set the TIM  channels state */
1737:Drivers/STM32F4xx_HAL_Driver/Src/stm32f4xx_hal_tim_ex.c ****   TIM_CHANNEL_STATE_SET(htim, TIM_CHANNEL_1, HAL_TIM_CHANNEL_STATE_READY);
 5173              		.loc 1 1737 3 is_stmt 1
 5174 00b4 7B68     		ldr	r3, [r7, #4]
 5175 00b6 0122     		movs	r2, #1
 5176 00b8 83F83E20 		strb	r2, [r3, #62]
1738:Drivers/STM32F4xx_HAL_Driver/Src/stm32f4xx_hal_tim_ex.c ****   TIM_CHANNEL_STATE_SET(htim, TIM_CHANNEL_2, HAL_TIM_CHANNEL_STATE_READY);
 5177              		.loc 1 1738 3
 5178 00bc 7B68     		ldr	r3, [r7, #4]
 5179 00be 0122     		movs	r2, #1
 5180 00c0 83F83F20 		strb	r2, [r3, #63]
1739:Drivers/STM32F4xx_HAL_Driver/Src/stm32f4xx_hal_tim_ex.c ****   TIM_CHANNEL_N_STATE_SET(htim, TIM_CHANNEL_1, HAL_TIM_CHANNEL_STATE_READY);
 5181              		.loc 1 1739 3
 5182 00c4 7B68     		ldr	r3, [r7, #4]
 5183 00c6 0122     		movs	r2, #1
 5184 00c8 83F84220 		strb	r2, [r3, #66]
1740:Drivers/STM32F4xx_HAL_Driver/Src/stm32f4xx_hal_tim_ex.c ****   TIM_CHANNEL_N_STATE_SET(htim, TIM_CHANNEL_2, HAL_TIM_CHANNEL_STATE_READY);
 5185              		.loc 1 1740 3
 5186 00cc 7B68     		ldr	r3, [r7, #4]
 5187 00ce 0122     		movs	r2, #1
 5188 00d0 83F84320 		strb	r2, [r3, #67]
1741:Drivers/STM32F4xx_HAL_Driver/Src/stm32f4xx_hal_tim_ex.c **** 
1742:Drivers/STM32F4xx_HAL_Driver/Src/stm32f4xx_hal_tim_ex.c ****   /* Return function status */
1743:Drivers/STM32F4xx_HAL_Driver/Src/stm32f4xx_hal_tim_ex.c ****   return HAL_OK;
 5189              		.loc 1 1743 10
 5190 00d4 0023     		movs	r3, #0
1744:Drivers/STM32F4xx_HAL_Driver/Src/stm32f4xx_hal_tim_ex.c **** }
 5191              		.loc 1 1744 1
 5192 00d6 1846     		mov	r0, r3
 5193 00d8 1037     		adds	r7, r7, #16
ARM GAS  /tmp/ccemsrUD.s 			page 122


 5194              	.LCFI130:
 5195              		.cfi_def_cfa_offset 8
 5196 00da BD46     		mov	sp, r7
 5197              	.LCFI131:
 5198              		.cfi_def_cfa_register 13
 5199              		@ sp needed
 5200 00dc 80BD     		pop	{r7, pc}
 5201              		.cfi_endproc
 5202              	.LFE264:
 5204              		.section	.text.HAL_TIMEx_ConfigCommutEvent,"ax",%progbits
 5205              		.align	1
 5206              		.global	HAL_TIMEx_ConfigCommutEvent
 5207              		.syntax unified
 5208              		.thumb
 5209              		.thumb_func
 5211              	HAL_TIMEx_ConfigCommutEvent:
 5212              	.LFB265:
1745:Drivers/STM32F4xx_HAL_Driver/Src/stm32f4xx_hal_tim_ex.c **** 
1746:Drivers/STM32F4xx_HAL_Driver/Src/stm32f4xx_hal_tim_ex.c **** /**
1747:Drivers/STM32F4xx_HAL_Driver/Src/stm32f4xx_hal_tim_ex.c ****   * @}
1748:Drivers/STM32F4xx_HAL_Driver/Src/stm32f4xx_hal_tim_ex.c ****   */
1749:Drivers/STM32F4xx_HAL_Driver/Src/stm32f4xx_hal_tim_ex.c **** 
1750:Drivers/STM32F4xx_HAL_Driver/Src/stm32f4xx_hal_tim_ex.c **** /** @defgroup TIMEx_Exported_Functions_Group5 Extended Peripheral Control functions
1751:Drivers/STM32F4xx_HAL_Driver/Src/stm32f4xx_hal_tim_ex.c ****   * @brief    Peripheral Control functions
1752:Drivers/STM32F4xx_HAL_Driver/Src/stm32f4xx_hal_tim_ex.c ****   *
1753:Drivers/STM32F4xx_HAL_Driver/Src/stm32f4xx_hal_tim_ex.c **** @verbatim
1754:Drivers/STM32F4xx_HAL_Driver/Src/stm32f4xx_hal_tim_ex.c ****   ==============================================================================
1755:Drivers/STM32F4xx_HAL_Driver/Src/stm32f4xx_hal_tim_ex.c ****                     ##### Peripheral Control functions #####
1756:Drivers/STM32F4xx_HAL_Driver/Src/stm32f4xx_hal_tim_ex.c ****   ==============================================================================
1757:Drivers/STM32F4xx_HAL_Driver/Src/stm32f4xx_hal_tim_ex.c ****   [..]
1758:Drivers/STM32F4xx_HAL_Driver/Src/stm32f4xx_hal_tim_ex.c ****     This section provides functions allowing to:
1759:Drivers/STM32F4xx_HAL_Driver/Src/stm32f4xx_hal_tim_ex.c ****       (+) Configure the commutation event in case of use of the Hall sensor interface.
1760:Drivers/STM32F4xx_HAL_Driver/Src/stm32f4xx_hal_tim_ex.c ****       (+) Configure Output channels for OC and PWM mode.
1761:Drivers/STM32F4xx_HAL_Driver/Src/stm32f4xx_hal_tim_ex.c **** 
1762:Drivers/STM32F4xx_HAL_Driver/Src/stm32f4xx_hal_tim_ex.c ****       (+) Configure Complementary channels, break features and dead time.
1763:Drivers/STM32F4xx_HAL_Driver/Src/stm32f4xx_hal_tim_ex.c ****       (+) Configure Master synchronization.
1764:Drivers/STM32F4xx_HAL_Driver/Src/stm32f4xx_hal_tim_ex.c ****       (+) Configure timer remapping capabilities.
1765:Drivers/STM32F4xx_HAL_Driver/Src/stm32f4xx_hal_tim_ex.c **** 
1766:Drivers/STM32F4xx_HAL_Driver/Src/stm32f4xx_hal_tim_ex.c **** @endverbatim
1767:Drivers/STM32F4xx_HAL_Driver/Src/stm32f4xx_hal_tim_ex.c ****   * @{
1768:Drivers/STM32F4xx_HAL_Driver/Src/stm32f4xx_hal_tim_ex.c ****   */
1769:Drivers/STM32F4xx_HAL_Driver/Src/stm32f4xx_hal_tim_ex.c **** 
1770:Drivers/STM32F4xx_HAL_Driver/Src/stm32f4xx_hal_tim_ex.c **** /**
1771:Drivers/STM32F4xx_HAL_Driver/Src/stm32f4xx_hal_tim_ex.c ****   * @brief  Configure the TIM commutation event sequence.
1772:Drivers/STM32F4xx_HAL_Driver/Src/stm32f4xx_hal_tim_ex.c ****   * @note  This function is mandatory to use the commutation event in order to
1773:Drivers/STM32F4xx_HAL_Driver/Src/stm32f4xx_hal_tim_ex.c ****   *        update the configuration at each commutation detection on the TRGI input of the Timer,
1774:Drivers/STM32F4xx_HAL_Driver/Src/stm32f4xx_hal_tim_ex.c ****   *        the typical use of this feature is with the use of another Timer(interface Timer)
1775:Drivers/STM32F4xx_HAL_Driver/Src/stm32f4xx_hal_tim_ex.c ****   *        configured in Hall sensor interface, this interface Timer will generate the
1776:Drivers/STM32F4xx_HAL_Driver/Src/stm32f4xx_hal_tim_ex.c ****   *        commutation at its TRGO output (connected to Timer used in this function) each time
1777:Drivers/STM32F4xx_HAL_Driver/Src/stm32f4xx_hal_tim_ex.c ****   *        the TI1 of the Interface Timer detect a commutation at its input TI1.
1778:Drivers/STM32F4xx_HAL_Driver/Src/stm32f4xx_hal_tim_ex.c ****   * @param  htim TIM handle
1779:Drivers/STM32F4xx_HAL_Driver/Src/stm32f4xx_hal_tim_ex.c ****   * @param  InputTrigger the Internal trigger corresponding to the Timer Interfacing with the Hall 
1780:Drivers/STM32F4xx_HAL_Driver/Src/stm32f4xx_hal_tim_ex.c ****   *          This parameter can be one of the following values:
1781:Drivers/STM32F4xx_HAL_Driver/Src/stm32f4xx_hal_tim_ex.c ****   *            @arg TIM_TS_ITR0: Internal trigger 0 selected
1782:Drivers/STM32F4xx_HAL_Driver/Src/stm32f4xx_hal_tim_ex.c ****   *            @arg TIM_TS_ITR1: Internal trigger 1 selected
1783:Drivers/STM32F4xx_HAL_Driver/Src/stm32f4xx_hal_tim_ex.c ****   *            @arg TIM_TS_ITR2: Internal trigger 2 selected
1784:Drivers/STM32F4xx_HAL_Driver/Src/stm32f4xx_hal_tim_ex.c ****   *            @arg TIM_TS_ITR3: Internal trigger 3 selected
ARM GAS  /tmp/ccemsrUD.s 			page 123


1785:Drivers/STM32F4xx_HAL_Driver/Src/stm32f4xx_hal_tim_ex.c ****   *            @arg TIM_TS_NONE: No trigger is needed
1786:Drivers/STM32F4xx_HAL_Driver/Src/stm32f4xx_hal_tim_ex.c ****   * @param  CommutationSource the Commutation Event source
1787:Drivers/STM32F4xx_HAL_Driver/Src/stm32f4xx_hal_tim_ex.c ****   *          This parameter can be one of the following values:
1788:Drivers/STM32F4xx_HAL_Driver/Src/stm32f4xx_hal_tim_ex.c ****   *            @arg TIM_COMMUTATION_TRGI: Commutation source is the TRGI of the Interface Timer
1789:Drivers/STM32F4xx_HAL_Driver/Src/stm32f4xx_hal_tim_ex.c ****   *            @arg TIM_COMMUTATION_SOFTWARE:  Commutation source is set by software using the COMG
1790:Drivers/STM32F4xx_HAL_Driver/Src/stm32f4xx_hal_tim_ex.c ****   * @retval HAL status
1791:Drivers/STM32F4xx_HAL_Driver/Src/stm32f4xx_hal_tim_ex.c ****   */
1792:Drivers/STM32F4xx_HAL_Driver/Src/stm32f4xx_hal_tim_ex.c **** HAL_StatusTypeDef HAL_TIMEx_ConfigCommutEvent(TIM_HandleTypeDef *htim, uint32_t  InputTrigger,
1793:Drivers/STM32F4xx_HAL_Driver/Src/stm32f4xx_hal_tim_ex.c ****                                               uint32_t  CommutationSource)
1794:Drivers/STM32F4xx_HAL_Driver/Src/stm32f4xx_hal_tim_ex.c **** {
 5213              		.loc 1 1794 1
 5214              		.cfi_startproc
 5215              		@ args = 0, pretend = 0, frame = 16
 5216              		@ frame_needed = 1, uses_anonymous_args = 0
 5217              		@ link register save eliminated.
 5218 0000 80B4     		push	{r7}
 5219              	.LCFI132:
 5220              		.cfi_def_cfa_offset 4
 5221              		.cfi_offset 7, -4
 5222 0002 85B0     		sub	sp, sp, #20
 5223              	.LCFI133:
 5224              		.cfi_def_cfa_offset 24
 5225 0004 00AF     		add	r7, sp, #0
 5226              	.LCFI134:
 5227              		.cfi_def_cfa_register 7
 5228 0006 F860     		str	r0, [r7, #12]
 5229 0008 B960     		str	r1, [r7, #8]
 5230 000a 7A60     		str	r2, [r7, #4]
1795:Drivers/STM32F4xx_HAL_Driver/Src/stm32f4xx_hal_tim_ex.c ****   /* Check the parameters */
1796:Drivers/STM32F4xx_HAL_Driver/Src/stm32f4xx_hal_tim_ex.c ****   assert_param(IS_TIM_COMMUTATION_EVENT_INSTANCE(htim->Instance));
1797:Drivers/STM32F4xx_HAL_Driver/Src/stm32f4xx_hal_tim_ex.c ****   assert_param(IS_TIM_INTERNAL_TRIGGEREVENT_SELECTION(InputTrigger));
1798:Drivers/STM32F4xx_HAL_Driver/Src/stm32f4xx_hal_tim_ex.c **** 
1799:Drivers/STM32F4xx_HAL_Driver/Src/stm32f4xx_hal_tim_ex.c ****   __HAL_LOCK(htim);
 5231              		.loc 1 1799 3
 5232 000c FB68     		ldr	r3, [r7, #12]
 5233 000e 93F83C30 		ldrb	r3, [r3, #60]	@ zero_extendqisi2
 5234 0012 012B     		cmp	r3, #1
 5235 0014 01D1     		bne	.L333
 5236              		.loc 1 1799 3 is_stmt 0 discriminator 1
 5237 0016 0223     		movs	r3, #2
 5238 0018 4CE0     		b	.L334
 5239              	.L333:
 5240              		.loc 1 1799 3 discriminator 2
 5241 001a FB68     		ldr	r3, [r7, #12]
 5242 001c 0122     		movs	r2, #1
 5243 001e 83F83C20 		strb	r2, [r3, #60]
1800:Drivers/STM32F4xx_HAL_Driver/Src/stm32f4xx_hal_tim_ex.c **** 
1801:Drivers/STM32F4xx_HAL_Driver/Src/stm32f4xx_hal_tim_ex.c ****   if ((InputTrigger == TIM_TS_ITR0) || (InputTrigger == TIM_TS_ITR1) ||
 5244              		.loc 1 1801 6 is_stmt 1 discriminator 2
 5245 0022 BB68     		ldr	r3, [r7, #8]
 5246 0024 002B     		cmp	r3, #0
 5247 0026 08D0     		beq	.L335
 5248              		.loc 1 1801 37 discriminator 1
 5249 0028 BB68     		ldr	r3, [r7, #8]
 5250 002a 102B     		cmp	r3, #16
 5251 002c 05D0     		beq	.L335
 5252              		.loc 1 1801 70 discriminator 2
ARM GAS  /tmp/ccemsrUD.s 			page 124


 5253 002e BB68     		ldr	r3, [r7, #8]
 5254 0030 202B     		cmp	r3, #32
 5255 0032 02D0     		beq	.L335
1802:Drivers/STM32F4xx_HAL_Driver/Src/stm32f4xx_hal_tim_ex.c ****       (InputTrigger == TIM_TS_ITR2) || (InputTrigger == TIM_TS_ITR3))
 5256              		.loc 1 1802 37
 5257 0034 BB68     		ldr	r3, [r7, #8]
 5258 0036 302B     		cmp	r3, #48
 5259 0038 0FD1     		bne	.L336
 5260              	.L335:
1803:Drivers/STM32F4xx_HAL_Driver/Src/stm32f4xx_hal_tim_ex.c ****   {
1804:Drivers/STM32F4xx_HAL_Driver/Src/stm32f4xx_hal_tim_ex.c ****     /* Select the Input trigger */
1805:Drivers/STM32F4xx_HAL_Driver/Src/stm32f4xx_hal_tim_ex.c ****     htim->Instance->SMCR &= ~TIM_SMCR_TS;
 5261              		.loc 1 1805 9
 5262 003a FB68     		ldr	r3, [r7, #12]
 5263 003c 1B68     		ldr	r3, [r3]
 5264              		.loc 1 1805 19
 5265 003e 9A68     		ldr	r2, [r3, #8]
 5266              		.loc 1 1805 9
 5267 0040 FB68     		ldr	r3, [r7, #12]
 5268 0042 1B68     		ldr	r3, [r3]
 5269              		.loc 1 1805 26
 5270 0044 22F07002 		bic	r2, r2, #112
 5271 0048 9A60     		str	r2, [r3, #8]
1806:Drivers/STM32F4xx_HAL_Driver/Src/stm32f4xx_hal_tim_ex.c ****     htim->Instance->SMCR |= InputTrigger;
 5272              		.loc 1 1806 9
 5273 004a FB68     		ldr	r3, [r7, #12]
 5274 004c 1B68     		ldr	r3, [r3]
 5275              		.loc 1 1806 19
 5276 004e 9968     		ldr	r1, [r3, #8]
 5277              		.loc 1 1806 9
 5278 0050 FB68     		ldr	r3, [r7, #12]
 5279 0052 1B68     		ldr	r3, [r3]
 5280              		.loc 1 1806 26
 5281 0054 BA68     		ldr	r2, [r7, #8]
 5282 0056 0A43     		orrs	r2, r2, r1
 5283 0058 9A60     		str	r2, [r3, #8]
 5284              	.L336:
1807:Drivers/STM32F4xx_HAL_Driver/Src/stm32f4xx_hal_tim_ex.c ****   }
1808:Drivers/STM32F4xx_HAL_Driver/Src/stm32f4xx_hal_tim_ex.c **** 
1809:Drivers/STM32F4xx_HAL_Driver/Src/stm32f4xx_hal_tim_ex.c ****   /* Select the Capture Compare preload feature */
1810:Drivers/STM32F4xx_HAL_Driver/Src/stm32f4xx_hal_tim_ex.c ****   htim->Instance->CR2 |= TIM_CR2_CCPC;
 5285              		.loc 1 1810 7
 5286 005a FB68     		ldr	r3, [r7, #12]
 5287 005c 1B68     		ldr	r3, [r3]
 5288              		.loc 1 1810 17
 5289 005e 5A68     		ldr	r2, [r3, #4]
 5290              		.loc 1 1810 7
 5291 0060 FB68     		ldr	r3, [r7, #12]
 5292 0062 1B68     		ldr	r3, [r3]
 5293              		.loc 1 1810 23
 5294 0064 42F00102 		orr	r2, r2, #1
 5295 0068 5A60     		str	r2, [r3, #4]
1811:Drivers/STM32F4xx_HAL_Driver/Src/stm32f4xx_hal_tim_ex.c ****   /* Select the Commutation event source */
1812:Drivers/STM32F4xx_HAL_Driver/Src/stm32f4xx_hal_tim_ex.c ****   htim->Instance->CR2 &= ~TIM_CR2_CCUS;
 5296              		.loc 1 1812 7
 5297 006a FB68     		ldr	r3, [r7, #12]
 5298 006c 1B68     		ldr	r3, [r3]
ARM GAS  /tmp/ccemsrUD.s 			page 125


 5299              		.loc 1 1812 17
 5300 006e 5A68     		ldr	r2, [r3, #4]
 5301              		.loc 1 1812 7
 5302 0070 FB68     		ldr	r3, [r7, #12]
 5303 0072 1B68     		ldr	r3, [r3]
 5304              		.loc 1 1812 23
 5305 0074 22F00402 		bic	r2, r2, #4
 5306 0078 5A60     		str	r2, [r3, #4]
1813:Drivers/STM32F4xx_HAL_Driver/Src/stm32f4xx_hal_tim_ex.c ****   htim->Instance->CR2 |= CommutationSource;
 5307              		.loc 1 1813 7
 5308 007a FB68     		ldr	r3, [r7, #12]
 5309 007c 1B68     		ldr	r3, [r3]
 5310              		.loc 1 1813 17
 5311 007e 5968     		ldr	r1, [r3, #4]
 5312              		.loc 1 1813 7
 5313 0080 FB68     		ldr	r3, [r7, #12]
 5314 0082 1B68     		ldr	r3, [r3]
 5315              		.loc 1 1813 23
 5316 0084 7A68     		ldr	r2, [r7, #4]
 5317 0086 0A43     		orrs	r2, r2, r1
 5318 0088 5A60     		str	r2, [r3, #4]
1814:Drivers/STM32F4xx_HAL_Driver/Src/stm32f4xx_hal_tim_ex.c **** 
1815:Drivers/STM32F4xx_HAL_Driver/Src/stm32f4xx_hal_tim_ex.c ****   /* Disable Commutation Interrupt */
1816:Drivers/STM32F4xx_HAL_Driver/Src/stm32f4xx_hal_tim_ex.c ****   __HAL_TIM_DISABLE_IT(htim, TIM_IT_COM);
 5319              		.loc 1 1816 3
 5320 008a FB68     		ldr	r3, [r7, #12]
 5321 008c 1B68     		ldr	r3, [r3]
 5322 008e DA68     		ldr	r2, [r3, #12]
 5323 0090 FB68     		ldr	r3, [r7, #12]
 5324 0092 1B68     		ldr	r3, [r3]
 5325 0094 22F02002 		bic	r2, r2, #32
 5326 0098 DA60     		str	r2, [r3, #12]
1817:Drivers/STM32F4xx_HAL_Driver/Src/stm32f4xx_hal_tim_ex.c **** 
1818:Drivers/STM32F4xx_HAL_Driver/Src/stm32f4xx_hal_tim_ex.c ****   /* Disable Commutation DMA request */
1819:Drivers/STM32F4xx_HAL_Driver/Src/stm32f4xx_hal_tim_ex.c ****   __HAL_TIM_DISABLE_DMA(htim, TIM_DMA_COM);
 5327              		.loc 1 1819 3
 5328 009a FB68     		ldr	r3, [r7, #12]
 5329 009c 1B68     		ldr	r3, [r3]
 5330 009e DA68     		ldr	r2, [r3, #12]
 5331 00a0 FB68     		ldr	r3, [r7, #12]
 5332 00a2 1B68     		ldr	r3, [r3]
 5333 00a4 22F40052 		bic	r2, r2, #8192
 5334 00a8 DA60     		str	r2, [r3, #12]
1820:Drivers/STM32F4xx_HAL_Driver/Src/stm32f4xx_hal_tim_ex.c **** 
1821:Drivers/STM32F4xx_HAL_Driver/Src/stm32f4xx_hal_tim_ex.c ****   __HAL_UNLOCK(htim);
 5335              		.loc 1 1821 3
 5336 00aa FB68     		ldr	r3, [r7, #12]
 5337 00ac 0022     		movs	r2, #0
 5338 00ae 83F83C20 		strb	r2, [r3, #60]
1822:Drivers/STM32F4xx_HAL_Driver/Src/stm32f4xx_hal_tim_ex.c **** 
1823:Drivers/STM32F4xx_HAL_Driver/Src/stm32f4xx_hal_tim_ex.c ****   return HAL_OK;
 5339              		.loc 1 1823 10
 5340 00b2 0023     		movs	r3, #0
 5341              	.L334:
1824:Drivers/STM32F4xx_HAL_Driver/Src/stm32f4xx_hal_tim_ex.c **** }
 5342              		.loc 1 1824 1
 5343 00b4 1846     		mov	r0, r3
ARM GAS  /tmp/ccemsrUD.s 			page 126


 5344 00b6 1437     		adds	r7, r7, #20
 5345              	.LCFI135:
 5346              		.cfi_def_cfa_offset 4
 5347 00b8 BD46     		mov	sp, r7
 5348              	.LCFI136:
 5349              		.cfi_def_cfa_register 13
 5350              		@ sp needed
 5351 00ba 5DF8047B 		ldr	r7, [sp], #4
 5352              	.LCFI137:
 5353              		.cfi_restore 7
 5354              		.cfi_def_cfa_offset 0
 5355 00be 7047     		bx	lr
 5356              		.cfi_endproc
 5357              	.LFE265:
 5359              		.section	.text.HAL_TIMEx_ConfigCommutEvent_IT,"ax",%progbits
 5360              		.align	1
 5361              		.global	HAL_TIMEx_ConfigCommutEvent_IT
 5362              		.syntax unified
 5363              		.thumb
 5364              		.thumb_func
 5366              	HAL_TIMEx_ConfigCommutEvent_IT:
 5367              	.LFB266:
1825:Drivers/STM32F4xx_HAL_Driver/Src/stm32f4xx_hal_tim_ex.c **** 
1826:Drivers/STM32F4xx_HAL_Driver/Src/stm32f4xx_hal_tim_ex.c **** /**
1827:Drivers/STM32F4xx_HAL_Driver/Src/stm32f4xx_hal_tim_ex.c ****   * @brief  Configure the TIM commutation event sequence with interrupt.
1828:Drivers/STM32F4xx_HAL_Driver/Src/stm32f4xx_hal_tim_ex.c ****   * @note  This function is mandatory to use the commutation event in order to
1829:Drivers/STM32F4xx_HAL_Driver/Src/stm32f4xx_hal_tim_ex.c ****   *        update the configuration at each commutation detection on the TRGI input of the Timer,
1830:Drivers/STM32F4xx_HAL_Driver/Src/stm32f4xx_hal_tim_ex.c ****   *        the typical use of this feature is with the use of another Timer(interface Timer)
1831:Drivers/STM32F4xx_HAL_Driver/Src/stm32f4xx_hal_tim_ex.c ****   *        configured in Hall sensor interface, this interface Timer will generate the
1832:Drivers/STM32F4xx_HAL_Driver/Src/stm32f4xx_hal_tim_ex.c ****   *        commutation at its TRGO output (connected to Timer used in this function) each time
1833:Drivers/STM32F4xx_HAL_Driver/Src/stm32f4xx_hal_tim_ex.c ****   *        the TI1 of the Interface Timer detect a commutation at its input TI1.
1834:Drivers/STM32F4xx_HAL_Driver/Src/stm32f4xx_hal_tim_ex.c ****   * @param  htim TIM handle
1835:Drivers/STM32F4xx_HAL_Driver/Src/stm32f4xx_hal_tim_ex.c ****   * @param  InputTrigger the Internal trigger corresponding to the Timer Interfacing with the Hall 
1836:Drivers/STM32F4xx_HAL_Driver/Src/stm32f4xx_hal_tim_ex.c ****   *          This parameter can be one of the following values:
1837:Drivers/STM32F4xx_HAL_Driver/Src/stm32f4xx_hal_tim_ex.c ****   *            @arg TIM_TS_ITR0: Internal trigger 0 selected
1838:Drivers/STM32F4xx_HAL_Driver/Src/stm32f4xx_hal_tim_ex.c ****   *            @arg TIM_TS_ITR1: Internal trigger 1 selected
1839:Drivers/STM32F4xx_HAL_Driver/Src/stm32f4xx_hal_tim_ex.c ****   *            @arg TIM_TS_ITR2: Internal trigger 2 selected
1840:Drivers/STM32F4xx_HAL_Driver/Src/stm32f4xx_hal_tim_ex.c ****   *            @arg TIM_TS_ITR3: Internal trigger 3 selected
1841:Drivers/STM32F4xx_HAL_Driver/Src/stm32f4xx_hal_tim_ex.c ****   *            @arg TIM_TS_NONE: No trigger is needed
1842:Drivers/STM32F4xx_HAL_Driver/Src/stm32f4xx_hal_tim_ex.c ****   * @param  CommutationSource the Commutation Event source
1843:Drivers/STM32F4xx_HAL_Driver/Src/stm32f4xx_hal_tim_ex.c ****   *          This parameter can be one of the following values:
1844:Drivers/STM32F4xx_HAL_Driver/Src/stm32f4xx_hal_tim_ex.c ****   *            @arg TIM_COMMUTATION_TRGI: Commutation source is the TRGI of the Interface Timer
1845:Drivers/STM32F4xx_HAL_Driver/Src/stm32f4xx_hal_tim_ex.c ****   *            @arg TIM_COMMUTATION_SOFTWARE:  Commutation source is set by software using the COMG
1846:Drivers/STM32F4xx_HAL_Driver/Src/stm32f4xx_hal_tim_ex.c ****   * @retval HAL status
1847:Drivers/STM32F4xx_HAL_Driver/Src/stm32f4xx_hal_tim_ex.c ****   */
1848:Drivers/STM32F4xx_HAL_Driver/Src/stm32f4xx_hal_tim_ex.c **** HAL_StatusTypeDef HAL_TIMEx_ConfigCommutEvent_IT(TIM_HandleTypeDef *htim, uint32_t  InputTrigger,
1849:Drivers/STM32F4xx_HAL_Driver/Src/stm32f4xx_hal_tim_ex.c ****                                                  uint32_t  CommutationSource)
1850:Drivers/STM32F4xx_HAL_Driver/Src/stm32f4xx_hal_tim_ex.c **** {
 5368              		.loc 1 1850 1
 5369              		.cfi_startproc
 5370              		@ args = 0, pretend = 0, frame = 16
 5371              		@ frame_needed = 1, uses_anonymous_args = 0
 5372              		@ link register save eliminated.
 5373 0000 80B4     		push	{r7}
 5374              	.LCFI138:
 5375              		.cfi_def_cfa_offset 4
 5376              		.cfi_offset 7, -4
ARM GAS  /tmp/ccemsrUD.s 			page 127


 5377 0002 85B0     		sub	sp, sp, #20
 5378              	.LCFI139:
 5379              		.cfi_def_cfa_offset 24
 5380 0004 00AF     		add	r7, sp, #0
 5381              	.LCFI140:
 5382              		.cfi_def_cfa_register 7
 5383 0006 F860     		str	r0, [r7, #12]
 5384 0008 B960     		str	r1, [r7, #8]
 5385 000a 7A60     		str	r2, [r7, #4]
1851:Drivers/STM32F4xx_HAL_Driver/Src/stm32f4xx_hal_tim_ex.c ****   /* Check the parameters */
1852:Drivers/STM32F4xx_HAL_Driver/Src/stm32f4xx_hal_tim_ex.c ****   assert_param(IS_TIM_COMMUTATION_EVENT_INSTANCE(htim->Instance));
1853:Drivers/STM32F4xx_HAL_Driver/Src/stm32f4xx_hal_tim_ex.c ****   assert_param(IS_TIM_INTERNAL_TRIGGEREVENT_SELECTION(InputTrigger));
1854:Drivers/STM32F4xx_HAL_Driver/Src/stm32f4xx_hal_tim_ex.c **** 
1855:Drivers/STM32F4xx_HAL_Driver/Src/stm32f4xx_hal_tim_ex.c ****   __HAL_LOCK(htim);
 5386              		.loc 1 1855 3
 5387 000c FB68     		ldr	r3, [r7, #12]
 5388 000e 93F83C30 		ldrb	r3, [r3, #60]	@ zero_extendqisi2
 5389 0012 012B     		cmp	r3, #1
 5390 0014 01D1     		bne	.L338
 5391              		.loc 1 1855 3 is_stmt 0 discriminator 1
 5392 0016 0223     		movs	r3, #2
 5393 0018 4CE0     		b	.L339
 5394              	.L338:
 5395              		.loc 1 1855 3 discriminator 2
 5396 001a FB68     		ldr	r3, [r7, #12]
 5397 001c 0122     		movs	r2, #1
 5398 001e 83F83C20 		strb	r2, [r3, #60]
1856:Drivers/STM32F4xx_HAL_Driver/Src/stm32f4xx_hal_tim_ex.c **** 
1857:Drivers/STM32F4xx_HAL_Driver/Src/stm32f4xx_hal_tim_ex.c ****   if ((InputTrigger == TIM_TS_ITR0) || (InputTrigger == TIM_TS_ITR1) ||
 5399              		.loc 1 1857 6 is_stmt 1 discriminator 2
 5400 0022 BB68     		ldr	r3, [r7, #8]
 5401 0024 002B     		cmp	r3, #0
 5402 0026 08D0     		beq	.L340
 5403              		.loc 1 1857 37 discriminator 1
 5404 0028 BB68     		ldr	r3, [r7, #8]
 5405 002a 102B     		cmp	r3, #16
 5406 002c 05D0     		beq	.L340
 5407              		.loc 1 1857 70 discriminator 2
 5408 002e BB68     		ldr	r3, [r7, #8]
 5409 0030 202B     		cmp	r3, #32
 5410 0032 02D0     		beq	.L340
1858:Drivers/STM32F4xx_HAL_Driver/Src/stm32f4xx_hal_tim_ex.c ****       (InputTrigger == TIM_TS_ITR2) || (InputTrigger == TIM_TS_ITR3))
 5411              		.loc 1 1858 37
 5412 0034 BB68     		ldr	r3, [r7, #8]
 5413 0036 302B     		cmp	r3, #48
 5414 0038 0FD1     		bne	.L341
 5415              	.L340:
1859:Drivers/STM32F4xx_HAL_Driver/Src/stm32f4xx_hal_tim_ex.c ****   {
1860:Drivers/STM32F4xx_HAL_Driver/Src/stm32f4xx_hal_tim_ex.c ****     /* Select the Input trigger */
1861:Drivers/STM32F4xx_HAL_Driver/Src/stm32f4xx_hal_tim_ex.c ****     htim->Instance->SMCR &= ~TIM_SMCR_TS;
 5416              		.loc 1 1861 9
 5417 003a FB68     		ldr	r3, [r7, #12]
 5418 003c 1B68     		ldr	r3, [r3]
 5419              		.loc 1 1861 19
 5420 003e 9A68     		ldr	r2, [r3, #8]
 5421              		.loc 1 1861 9
 5422 0040 FB68     		ldr	r3, [r7, #12]
ARM GAS  /tmp/ccemsrUD.s 			page 128


 5423 0042 1B68     		ldr	r3, [r3]
 5424              		.loc 1 1861 26
 5425 0044 22F07002 		bic	r2, r2, #112
 5426 0048 9A60     		str	r2, [r3, #8]
1862:Drivers/STM32F4xx_HAL_Driver/Src/stm32f4xx_hal_tim_ex.c ****     htim->Instance->SMCR |= InputTrigger;
 5427              		.loc 1 1862 9
 5428 004a FB68     		ldr	r3, [r7, #12]
 5429 004c 1B68     		ldr	r3, [r3]
 5430              		.loc 1 1862 19
 5431 004e 9968     		ldr	r1, [r3, #8]
 5432              		.loc 1 1862 9
 5433 0050 FB68     		ldr	r3, [r7, #12]
 5434 0052 1B68     		ldr	r3, [r3]
 5435              		.loc 1 1862 26
 5436 0054 BA68     		ldr	r2, [r7, #8]
 5437 0056 0A43     		orrs	r2, r2, r1
 5438 0058 9A60     		str	r2, [r3, #8]
 5439              	.L341:
1863:Drivers/STM32F4xx_HAL_Driver/Src/stm32f4xx_hal_tim_ex.c ****   }
1864:Drivers/STM32F4xx_HAL_Driver/Src/stm32f4xx_hal_tim_ex.c **** 
1865:Drivers/STM32F4xx_HAL_Driver/Src/stm32f4xx_hal_tim_ex.c ****   /* Select the Capture Compare preload feature */
1866:Drivers/STM32F4xx_HAL_Driver/Src/stm32f4xx_hal_tim_ex.c ****   htim->Instance->CR2 |= TIM_CR2_CCPC;
 5440              		.loc 1 1866 7
 5441 005a FB68     		ldr	r3, [r7, #12]
 5442 005c 1B68     		ldr	r3, [r3]
 5443              		.loc 1 1866 17
 5444 005e 5A68     		ldr	r2, [r3, #4]
 5445              		.loc 1 1866 7
 5446 0060 FB68     		ldr	r3, [r7, #12]
 5447 0062 1B68     		ldr	r3, [r3]
 5448              		.loc 1 1866 23
 5449 0064 42F00102 		orr	r2, r2, #1
 5450 0068 5A60     		str	r2, [r3, #4]
1867:Drivers/STM32F4xx_HAL_Driver/Src/stm32f4xx_hal_tim_ex.c ****   /* Select the Commutation event source */
1868:Drivers/STM32F4xx_HAL_Driver/Src/stm32f4xx_hal_tim_ex.c ****   htim->Instance->CR2 &= ~TIM_CR2_CCUS;
 5451              		.loc 1 1868 7
 5452 006a FB68     		ldr	r3, [r7, #12]
 5453 006c 1B68     		ldr	r3, [r3]
 5454              		.loc 1 1868 17
 5455 006e 5A68     		ldr	r2, [r3, #4]
 5456              		.loc 1 1868 7
 5457 0070 FB68     		ldr	r3, [r7, #12]
 5458 0072 1B68     		ldr	r3, [r3]
 5459              		.loc 1 1868 23
 5460 0074 22F00402 		bic	r2, r2, #4
 5461 0078 5A60     		str	r2, [r3, #4]
1869:Drivers/STM32F4xx_HAL_Driver/Src/stm32f4xx_hal_tim_ex.c ****   htim->Instance->CR2 |= CommutationSource;
 5462              		.loc 1 1869 7
 5463 007a FB68     		ldr	r3, [r7, #12]
 5464 007c 1B68     		ldr	r3, [r3]
 5465              		.loc 1 1869 17
 5466 007e 5968     		ldr	r1, [r3, #4]
 5467              		.loc 1 1869 7
 5468 0080 FB68     		ldr	r3, [r7, #12]
 5469 0082 1B68     		ldr	r3, [r3]
 5470              		.loc 1 1869 23
 5471 0084 7A68     		ldr	r2, [r7, #4]
ARM GAS  /tmp/ccemsrUD.s 			page 129


 5472 0086 0A43     		orrs	r2, r2, r1
 5473 0088 5A60     		str	r2, [r3, #4]
1870:Drivers/STM32F4xx_HAL_Driver/Src/stm32f4xx_hal_tim_ex.c **** 
1871:Drivers/STM32F4xx_HAL_Driver/Src/stm32f4xx_hal_tim_ex.c ****   /* Disable Commutation DMA request */
1872:Drivers/STM32F4xx_HAL_Driver/Src/stm32f4xx_hal_tim_ex.c ****   __HAL_TIM_DISABLE_DMA(htim, TIM_DMA_COM);
 5474              		.loc 1 1872 3
 5475 008a FB68     		ldr	r3, [r7, #12]
 5476 008c 1B68     		ldr	r3, [r3]
 5477 008e DA68     		ldr	r2, [r3, #12]
 5478 0090 FB68     		ldr	r3, [r7, #12]
 5479 0092 1B68     		ldr	r3, [r3]
 5480 0094 22F40052 		bic	r2, r2, #8192
 5481 0098 DA60     		str	r2, [r3, #12]
1873:Drivers/STM32F4xx_HAL_Driver/Src/stm32f4xx_hal_tim_ex.c **** 
1874:Drivers/STM32F4xx_HAL_Driver/Src/stm32f4xx_hal_tim_ex.c ****   /* Enable the Commutation Interrupt */
1875:Drivers/STM32F4xx_HAL_Driver/Src/stm32f4xx_hal_tim_ex.c ****   __HAL_TIM_ENABLE_IT(htim, TIM_IT_COM);
 5482              		.loc 1 1875 3
 5483 009a FB68     		ldr	r3, [r7, #12]
 5484 009c 1B68     		ldr	r3, [r3]
 5485 009e DA68     		ldr	r2, [r3, #12]
 5486 00a0 FB68     		ldr	r3, [r7, #12]
 5487 00a2 1B68     		ldr	r3, [r3]
 5488 00a4 42F02002 		orr	r2, r2, #32
 5489 00a8 DA60     		str	r2, [r3, #12]
1876:Drivers/STM32F4xx_HAL_Driver/Src/stm32f4xx_hal_tim_ex.c **** 
1877:Drivers/STM32F4xx_HAL_Driver/Src/stm32f4xx_hal_tim_ex.c ****   __HAL_UNLOCK(htim);
 5490              		.loc 1 1877 3
 5491 00aa FB68     		ldr	r3, [r7, #12]
 5492 00ac 0022     		movs	r2, #0
 5493 00ae 83F83C20 		strb	r2, [r3, #60]
1878:Drivers/STM32F4xx_HAL_Driver/Src/stm32f4xx_hal_tim_ex.c **** 
1879:Drivers/STM32F4xx_HAL_Driver/Src/stm32f4xx_hal_tim_ex.c ****   return HAL_OK;
 5494              		.loc 1 1879 10
 5495 00b2 0023     		movs	r3, #0
 5496              	.L339:
1880:Drivers/STM32F4xx_HAL_Driver/Src/stm32f4xx_hal_tim_ex.c **** }
 5497              		.loc 1 1880 1
 5498 00b4 1846     		mov	r0, r3
 5499 00b6 1437     		adds	r7, r7, #20
 5500              	.LCFI141:
 5501              		.cfi_def_cfa_offset 4
 5502 00b8 BD46     		mov	sp, r7
 5503              	.LCFI142:
 5504              		.cfi_def_cfa_register 13
 5505              		@ sp needed
 5506 00ba 5DF8047B 		ldr	r7, [sp], #4
 5507              	.LCFI143:
 5508              		.cfi_restore 7
 5509              		.cfi_def_cfa_offset 0
 5510 00be 7047     		bx	lr
 5511              		.cfi_endproc
 5512              	.LFE266:
 5514              		.section	.text.HAL_TIMEx_ConfigCommutEvent_DMA,"ax",%progbits
 5515              		.align	1
 5516              		.global	HAL_TIMEx_ConfigCommutEvent_DMA
 5517              		.syntax unified
 5518              		.thumb
ARM GAS  /tmp/ccemsrUD.s 			page 130


 5519              		.thumb_func
 5521              	HAL_TIMEx_ConfigCommutEvent_DMA:
 5522              	.LFB267:
1881:Drivers/STM32F4xx_HAL_Driver/Src/stm32f4xx_hal_tim_ex.c **** 
1882:Drivers/STM32F4xx_HAL_Driver/Src/stm32f4xx_hal_tim_ex.c **** /**
1883:Drivers/STM32F4xx_HAL_Driver/Src/stm32f4xx_hal_tim_ex.c ****   * @brief  Configure the TIM commutation event sequence with DMA.
1884:Drivers/STM32F4xx_HAL_Driver/Src/stm32f4xx_hal_tim_ex.c ****   * @note  This function is mandatory to use the commutation event in order to
1885:Drivers/STM32F4xx_HAL_Driver/Src/stm32f4xx_hal_tim_ex.c ****   *        update the configuration at each commutation detection on the TRGI input of the Timer,
1886:Drivers/STM32F4xx_HAL_Driver/Src/stm32f4xx_hal_tim_ex.c ****   *        the typical use of this feature is with the use of another Timer(interface Timer)
1887:Drivers/STM32F4xx_HAL_Driver/Src/stm32f4xx_hal_tim_ex.c ****   *        configured in Hall sensor interface, this interface Timer will generate the
1888:Drivers/STM32F4xx_HAL_Driver/Src/stm32f4xx_hal_tim_ex.c ****   *        commutation at its TRGO output (connected to Timer used in this function) each time
1889:Drivers/STM32F4xx_HAL_Driver/Src/stm32f4xx_hal_tim_ex.c ****   *        the TI1 of the Interface Timer detect a commutation at its input TI1.
1890:Drivers/STM32F4xx_HAL_Driver/Src/stm32f4xx_hal_tim_ex.c ****   * @note  The user should configure the DMA in his own software, in This function only the COMDE b
1891:Drivers/STM32F4xx_HAL_Driver/Src/stm32f4xx_hal_tim_ex.c ****   * @param  htim TIM handle
1892:Drivers/STM32F4xx_HAL_Driver/Src/stm32f4xx_hal_tim_ex.c ****   * @param  InputTrigger the Internal trigger corresponding to the Timer Interfacing with the Hall 
1893:Drivers/STM32F4xx_HAL_Driver/Src/stm32f4xx_hal_tim_ex.c ****   *          This parameter can be one of the following values:
1894:Drivers/STM32F4xx_HAL_Driver/Src/stm32f4xx_hal_tim_ex.c ****   *            @arg TIM_TS_ITR0: Internal trigger 0 selected
1895:Drivers/STM32F4xx_HAL_Driver/Src/stm32f4xx_hal_tim_ex.c ****   *            @arg TIM_TS_ITR1: Internal trigger 1 selected
1896:Drivers/STM32F4xx_HAL_Driver/Src/stm32f4xx_hal_tim_ex.c ****   *            @arg TIM_TS_ITR2: Internal trigger 2 selected
1897:Drivers/STM32F4xx_HAL_Driver/Src/stm32f4xx_hal_tim_ex.c ****   *            @arg TIM_TS_ITR3: Internal trigger 3 selected
1898:Drivers/STM32F4xx_HAL_Driver/Src/stm32f4xx_hal_tim_ex.c ****   *            @arg TIM_TS_NONE: No trigger is needed
1899:Drivers/STM32F4xx_HAL_Driver/Src/stm32f4xx_hal_tim_ex.c ****   * @param  CommutationSource the Commutation Event source
1900:Drivers/STM32F4xx_HAL_Driver/Src/stm32f4xx_hal_tim_ex.c ****   *          This parameter can be one of the following values:
1901:Drivers/STM32F4xx_HAL_Driver/Src/stm32f4xx_hal_tim_ex.c ****   *            @arg TIM_COMMUTATION_TRGI: Commutation source is the TRGI of the Interface Timer
1902:Drivers/STM32F4xx_HAL_Driver/Src/stm32f4xx_hal_tim_ex.c ****   *            @arg TIM_COMMUTATION_SOFTWARE:  Commutation source is set by software using the COMG
1903:Drivers/STM32F4xx_HAL_Driver/Src/stm32f4xx_hal_tim_ex.c ****   * @retval HAL status
1904:Drivers/STM32F4xx_HAL_Driver/Src/stm32f4xx_hal_tim_ex.c ****   */
1905:Drivers/STM32F4xx_HAL_Driver/Src/stm32f4xx_hal_tim_ex.c **** HAL_StatusTypeDef HAL_TIMEx_ConfigCommutEvent_DMA(TIM_HandleTypeDef *htim, uint32_t  InputTrigger,
1906:Drivers/STM32F4xx_HAL_Driver/Src/stm32f4xx_hal_tim_ex.c ****                                                   uint32_t  CommutationSource)
1907:Drivers/STM32F4xx_HAL_Driver/Src/stm32f4xx_hal_tim_ex.c **** {
 5523              		.loc 1 1907 1
 5524              		.cfi_startproc
 5525              		@ args = 0, pretend = 0, frame = 16
 5526              		@ frame_needed = 1, uses_anonymous_args = 0
 5527              		@ link register save eliminated.
 5528 0000 80B4     		push	{r7}
 5529              	.LCFI144:
 5530              		.cfi_def_cfa_offset 4
 5531              		.cfi_offset 7, -4
 5532 0002 85B0     		sub	sp, sp, #20
 5533              	.LCFI145:
 5534              		.cfi_def_cfa_offset 24
 5535 0004 00AF     		add	r7, sp, #0
 5536              	.LCFI146:
 5537              		.cfi_def_cfa_register 7
 5538 0006 F860     		str	r0, [r7, #12]
 5539 0008 B960     		str	r1, [r7, #8]
 5540 000a 7A60     		str	r2, [r7, #4]
1908:Drivers/STM32F4xx_HAL_Driver/Src/stm32f4xx_hal_tim_ex.c ****   /* Check the parameters */
1909:Drivers/STM32F4xx_HAL_Driver/Src/stm32f4xx_hal_tim_ex.c ****   assert_param(IS_TIM_COMMUTATION_EVENT_INSTANCE(htim->Instance));
1910:Drivers/STM32F4xx_HAL_Driver/Src/stm32f4xx_hal_tim_ex.c ****   assert_param(IS_TIM_INTERNAL_TRIGGEREVENT_SELECTION(InputTrigger));
1911:Drivers/STM32F4xx_HAL_Driver/Src/stm32f4xx_hal_tim_ex.c **** 
1912:Drivers/STM32F4xx_HAL_Driver/Src/stm32f4xx_hal_tim_ex.c ****   __HAL_LOCK(htim);
 5541              		.loc 1 1912 3
 5542 000c FB68     		ldr	r3, [r7, #12]
 5543 000e 93F83C30 		ldrb	r3, [r3, #60]	@ zero_extendqisi2
 5544 0012 012B     		cmp	r3, #1
ARM GAS  /tmp/ccemsrUD.s 			page 131


 5545 0014 01D1     		bne	.L343
 5546              		.loc 1 1912 3 is_stmt 0 discriminator 1
 5547 0016 0223     		movs	r3, #2
 5548 0018 58E0     		b	.L344
 5549              	.L343:
 5550              		.loc 1 1912 3 discriminator 2
 5551 001a FB68     		ldr	r3, [r7, #12]
 5552 001c 0122     		movs	r2, #1
 5553 001e 83F83C20 		strb	r2, [r3, #60]
1913:Drivers/STM32F4xx_HAL_Driver/Src/stm32f4xx_hal_tim_ex.c **** 
1914:Drivers/STM32F4xx_HAL_Driver/Src/stm32f4xx_hal_tim_ex.c ****   if ((InputTrigger == TIM_TS_ITR0) || (InputTrigger == TIM_TS_ITR1) ||
 5554              		.loc 1 1914 6 is_stmt 1 discriminator 2
 5555 0022 BB68     		ldr	r3, [r7, #8]
 5556 0024 002B     		cmp	r3, #0
 5557 0026 08D0     		beq	.L345
 5558              		.loc 1 1914 37 discriminator 1
 5559 0028 BB68     		ldr	r3, [r7, #8]
 5560 002a 102B     		cmp	r3, #16
 5561 002c 05D0     		beq	.L345
 5562              		.loc 1 1914 70 discriminator 2
 5563 002e BB68     		ldr	r3, [r7, #8]
 5564 0030 202B     		cmp	r3, #32
 5565 0032 02D0     		beq	.L345
1915:Drivers/STM32F4xx_HAL_Driver/Src/stm32f4xx_hal_tim_ex.c ****       (InputTrigger == TIM_TS_ITR2) || (InputTrigger == TIM_TS_ITR3))
 5566              		.loc 1 1915 37
 5567 0034 BB68     		ldr	r3, [r7, #8]
 5568 0036 302B     		cmp	r3, #48
 5569 0038 0FD1     		bne	.L346
 5570              	.L345:
1916:Drivers/STM32F4xx_HAL_Driver/Src/stm32f4xx_hal_tim_ex.c ****   {
1917:Drivers/STM32F4xx_HAL_Driver/Src/stm32f4xx_hal_tim_ex.c ****     /* Select the Input trigger */
1918:Drivers/STM32F4xx_HAL_Driver/Src/stm32f4xx_hal_tim_ex.c ****     htim->Instance->SMCR &= ~TIM_SMCR_TS;
 5571              		.loc 1 1918 9
 5572 003a FB68     		ldr	r3, [r7, #12]
 5573 003c 1B68     		ldr	r3, [r3]
 5574              		.loc 1 1918 19
 5575 003e 9A68     		ldr	r2, [r3, #8]
 5576              		.loc 1 1918 9
 5577 0040 FB68     		ldr	r3, [r7, #12]
 5578 0042 1B68     		ldr	r3, [r3]
 5579              		.loc 1 1918 26
 5580 0044 22F07002 		bic	r2, r2, #112
 5581 0048 9A60     		str	r2, [r3, #8]
1919:Drivers/STM32F4xx_HAL_Driver/Src/stm32f4xx_hal_tim_ex.c ****     htim->Instance->SMCR |= InputTrigger;
 5582              		.loc 1 1919 9
 5583 004a FB68     		ldr	r3, [r7, #12]
 5584 004c 1B68     		ldr	r3, [r3]
 5585              		.loc 1 1919 19
 5586 004e 9968     		ldr	r1, [r3, #8]
 5587              		.loc 1 1919 9
 5588 0050 FB68     		ldr	r3, [r7, #12]
 5589 0052 1B68     		ldr	r3, [r3]
 5590              		.loc 1 1919 26
 5591 0054 BA68     		ldr	r2, [r7, #8]
 5592 0056 0A43     		orrs	r2, r2, r1
 5593 0058 9A60     		str	r2, [r3, #8]
 5594              	.L346:
ARM GAS  /tmp/ccemsrUD.s 			page 132


1920:Drivers/STM32F4xx_HAL_Driver/Src/stm32f4xx_hal_tim_ex.c ****   }
1921:Drivers/STM32F4xx_HAL_Driver/Src/stm32f4xx_hal_tim_ex.c **** 
1922:Drivers/STM32F4xx_HAL_Driver/Src/stm32f4xx_hal_tim_ex.c ****   /* Select the Capture Compare preload feature */
1923:Drivers/STM32F4xx_HAL_Driver/Src/stm32f4xx_hal_tim_ex.c ****   htim->Instance->CR2 |= TIM_CR2_CCPC;
 5595              		.loc 1 1923 7
 5596 005a FB68     		ldr	r3, [r7, #12]
 5597 005c 1B68     		ldr	r3, [r3]
 5598              		.loc 1 1923 17
 5599 005e 5A68     		ldr	r2, [r3, #4]
 5600              		.loc 1 1923 7
 5601 0060 FB68     		ldr	r3, [r7, #12]
 5602 0062 1B68     		ldr	r3, [r3]
 5603              		.loc 1 1923 23
 5604 0064 42F00102 		orr	r2, r2, #1
 5605 0068 5A60     		str	r2, [r3, #4]
1924:Drivers/STM32F4xx_HAL_Driver/Src/stm32f4xx_hal_tim_ex.c ****   /* Select the Commutation event source */
1925:Drivers/STM32F4xx_HAL_Driver/Src/stm32f4xx_hal_tim_ex.c ****   htim->Instance->CR2 &= ~TIM_CR2_CCUS;
 5606              		.loc 1 1925 7
 5607 006a FB68     		ldr	r3, [r7, #12]
 5608 006c 1B68     		ldr	r3, [r3]
 5609              		.loc 1 1925 17
 5610 006e 5A68     		ldr	r2, [r3, #4]
 5611              		.loc 1 1925 7
 5612 0070 FB68     		ldr	r3, [r7, #12]
 5613 0072 1B68     		ldr	r3, [r3]
 5614              		.loc 1 1925 23
 5615 0074 22F00402 		bic	r2, r2, #4
 5616 0078 5A60     		str	r2, [r3, #4]
1926:Drivers/STM32F4xx_HAL_Driver/Src/stm32f4xx_hal_tim_ex.c ****   htim->Instance->CR2 |= CommutationSource;
 5617              		.loc 1 1926 7
 5618 007a FB68     		ldr	r3, [r7, #12]
 5619 007c 1B68     		ldr	r3, [r3]
 5620              		.loc 1 1926 17
 5621 007e 5968     		ldr	r1, [r3, #4]
 5622              		.loc 1 1926 7
 5623 0080 FB68     		ldr	r3, [r7, #12]
 5624 0082 1B68     		ldr	r3, [r3]
 5625              		.loc 1 1926 23
 5626 0084 7A68     		ldr	r2, [r7, #4]
 5627 0086 0A43     		orrs	r2, r2, r1
 5628 0088 5A60     		str	r2, [r3, #4]
1927:Drivers/STM32F4xx_HAL_Driver/Src/stm32f4xx_hal_tim_ex.c **** 
1928:Drivers/STM32F4xx_HAL_Driver/Src/stm32f4xx_hal_tim_ex.c ****   /* Enable the Commutation DMA Request */
1929:Drivers/STM32F4xx_HAL_Driver/Src/stm32f4xx_hal_tim_ex.c ****   /* Set the DMA Commutation Callback */
1930:Drivers/STM32F4xx_HAL_Driver/Src/stm32f4xx_hal_tim_ex.c ****   htim->hdma[TIM_DMA_ID_COMMUTATION]->XferCpltCallback = TIMEx_DMACommutationCplt;
 5629              		.loc 1 1930 13
 5630 008a FB68     		ldr	r3, [r7, #12]
 5631 008c 5B6B     		ldr	r3, [r3, #52]
 5632              		.loc 1 1930 56
 5633 008e 124A     		ldr	r2, .L347
 5634 0090 DA63     		str	r2, [r3, #60]
1931:Drivers/STM32F4xx_HAL_Driver/Src/stm32f4xx_hal_tim_ex.c ****   htim->hdma[TIM_DMA_ID_COMMUTATION]->XferHalfCpltCallback = TIMEx_DMACommutationHalfCplt;
 5635              		.loc 1 1931 13
 5636 0092 FB68     		ldr	r3, [r7, #12]
 5637 0094 5B6B     		ldr	r3, [r3, #52]
 5638              		.loc 1 1931 60
 5639 0096 114A     		ldr	r2, .L347+4
ARM GAS  /tmp/ccemsrUD.s 			page 133


 5640 0098 1A64     		str	r2, [r3, #64]
1932:Drivers/STM32F4xx_HAL_Driver/Src/stm32f4xx_hal_tim_ex.c ****   /* Set the DMA error callback */
1933:Drivers/STM32F4xx_HAL_Driver/Src/stm32f4xx_hal_tim_ex.c ****   htim->hdma[TIM_DMA_ID_COMMUTATION]->XferErrorCallback = TIM_DMAError;
 5641              		.loc 1 1933 13
 5642 009a FB68     		ldr	r3, [r7, #12]
 5643 009c 5B6B     		ldr	r3, [r3, #52]
 5644              		.loc 1 1933 57
 5645 009e 104A     		ldr	r2, .L347+8
 5646 00a0 DA64     		str	r2, [r3, #76]
1934:Drivers/STM32F4xx_HAL_Driver/Src/stm32f4xx_hal_tim_ex.c **** 
1935:Drivers/STM32F4xx_HAL_Driver/Src/stm32f4xx_hal_tim_ex.c ****   /* Disable Commutation Interrupt */
1936:Drivers/STM32F4xx_HAL_Driver/Src/stm32f4xx_hal_tim_ex.c ****   __HAL_TIM_DISABLE_IT(htim, TIM_IT_COM);
 5647              		.loc 1 1936 3
 5648 00a2 FB68     		ldr	r3, [r7, #12]
 5649 00a4 1B68     		ldr	r3, [r3]
 5650 00a6 DA68     		ldr	r2, [r3, #12]
 5651 00a8 FB68     		ldr	r3, [r7, #12]
 5652 00aa 1B68     		ldr	r3, [r3]
 5653 00ac 22F02002 		bic	r2, r2, #32
 5654 00b0 DA60     		str	r2, [r3, #12]
1937:Drivers/STM32F4xx_HAL_Driver/Src/stm32f4xx_hal_tim_ex.c **** 
1938:Drivers/STM32F4xx_HAL_Driver/Src/stm32f4xx_hal_tim_ex.c ****   /* Enable the Commutation DMA Request */
1939:Drivers/STM32F4xx_HAL_Driver/Src/stm32f4xx_hal_tim_ex.c ****   __HAL_TIM_ENABLE_DMA(htim, TIM_DMA_COM);
 5655              		.loc 1 1939 3
 5656 00b2 FB68     		ldr	r3, [r7, #12]
 5657 00b4 1B68     		ldr	r3, [r3]
 5658 00b6 DA68     		ldr	r2, [r3, #12]
 5659 00b8 FB68     		ldr	r3, [r7, #12]
 5660 00ba 1B68     		ldr	r3, [r3]
 5661 00bc 42F40052 		orr	r2, r2, #8192
 5662 00c0 DA60     		str	r2, [r3, #12]
1940:Drivers/STM32F4xx_HAL_Driver/Src/stm32f4xx_hal_tim_ex.c **** 
1941:Drivers/STM32F4xx_HAL_Driver/Src/stm32f4xx_hal_tim_ex.c ****   __HAL_UNLOCK(htim);
 5663              		.loc 1 1941 3
 5664 00c2 FB68     		ldr	r3, [r7, #12]
 5665 00c4 0022     		movs	r2, #0
 5666 00c6 83F83C20 		strb	r2, [r3, #60]
1942:Drivers/STM32F4xx_HAL_Driver/Src/stm32f4xx_hal_tim_ex.c **** 
1943:Drivers/STM32F4xx_HAL_Driver/Src/stm32f4xx_hal_tim_ex.c ****   return HAL_OK;
 5667              		.loc 1 1943 10
 5668 00ca 0023     		movs	r3, #0
 5669              	.L344:
1944:Drivers/STM32F4xx_HAL_Driver/Src/stm32f4xx_hal_tim_ex.c **** }
 5670              		.loc 1 1944 1
 5671 00cc 1846     		mov	r0, r3
 5672 00ce 1437     		adds	r7, r7, #20
 5673              	.LCFI147:
 5674              		.cfi_def_cfa_offset 4
 5675 00d0 BD46     		mov	sp, r7
 5676              	.LCFI148:
 5677              		.cfi_def_cfa_register 13
 5678              		@ sp needed
 5679 00d2 5DF8047B 		ldr	r7, [sp], #4
 5680              	.LCFI149:
 5681              		.cfi_restore 7
 5682              		.cfi_def_cfa_offset 0
 5683 00d6 7047     		bx	lr
ARM GAS  /tmp/ccemsrUD.s 			page 134


 5684              	.L348:
 5685              		.align	2
 5686              	.L347:
 5687 00d8 00000000 		.word	TIMEx_DMACommutationCplt
 5688 00dc 00000000 		.word	TIMEx_DMACommutationHalfCplt
 5689 00e0 00000000 		.word	TIM_DMAError
 5690              		.cfi_endproc
 5691              	.LFE267:
 5693              		.section	.text.HAL_TIMEx_MasterConfigSynchronization,"ax",%progbits
 5694              		.align	1
 5695              		.global	HAL_TIMEx_MasterConfigSynchronization
 5696              		.syntax unified
 5697              		.thumb
 5698              		.thumb_func
 5700              	HAL_TIMEx_MasterConfigSynchronization:
 5701              	.LFB268:
1945:Drivers/STM32F4xx_HAL_Driver/Src/stm32f4xx_hal_tim_ex.c **** 
1946:Drivers/STM32F4xx_HAL_Driver/Src/stm32f4xx_hal_tim_ex.c **** /**
1947:Drivers/STM32F4xx_HAL_Driver/Src/stm32f4xx_hal_tim_ex.c ****   * @brief  Configures the TIM in master mode.
1948:Drivers/STM32F4xx_HAL_Driver/Src/stm32f4xx_hal_tim_ex.c ****   * @param  htim TIM handle.
1949:Drivers/STM32F4xx_HAL_Driver/Src/stm32f4xx_hal_tim_ex.c ****   * @param  sMasterConfig pointer to a TIM_MasterConfigTypeDef structure that
1950:Drivers/STM32F4xx_HAL_Driver/Src/stm32f4xx_hal_tim_ex.c ****   *         contains the selected trigger output (TRGO) and the Master/Slave
1951:Drivers/STM32F4xx_HAL_Driver/Src/stm32f4xx_hal_tim_ex.c ****   *         mode.
1952:Drivers/STM32F4xx_HAL_Driver/Src/stm32f4xx_hal_tim_ex.c ****   * @retval HAL status
1953:Drivers/STM32F4xx_HAL_Driver/Src/stm32f4xx_hal_tim_ex.c ****   */
1954:Drivers/STM32F4xx_HAL_Driver/Src/stm32f4xx_hal_tim_ex.c **** HAL_StatusTypeDef HAL_TIMEx_MasterConfigSynchronization(TIM_HandleTypeDef *htim,
1955:Drivers/STM32F4xx_HAL_Driver/Src/stm32f4xx_hal_tim_ex.c ****                                                         const TIM_MasterConfigTypeDef *sMasterConfi
1956:Drivers/STM32F4xx_HAL_Driver/Src/stm32f4xx_hal_tim_ex.c **** {
 5702              		.loc 1 1956 1
 5703              		.cfi_startproc
 5704              		@ args = 0, pretend = 0, frame = 16
 5705              		@ frame_needed = 1, uses_anonymous_args = 0
 5706              		@ link register save eliminated.
 5707 0000 80B4     		push	{r7}
 5708              	.LCFI150:
 5709              		.cfi_def_cfa_offset 4
 5710              		.cfi_offset 7, -4
 5711 0002 85B0     		sub	sp, sp, #20
 5712              	.LCFI151:
 5713              		.cfi_def_cfa_offset 24
 5714 0004 00AF     		add	r7, sp, #0
 5715              	.LCFI152:
 5716              		.cfi_def_cfa_register 7
 5717 0006 7860     		str	r0, [r7, #4]
 5718 0008 3960     		str	r1, [r7]
1957:Drivers/STM32F4xx_HAL_Driver/Src/stm32f4xx_hal_tim_ex.c ****   uint32_t tmpcr2;
1958:Drivers/STM32F4xx_HAL_Driver/Src/stm32f4xx_hal_tim_ex.c ****   uint32_t tmpsmcr;
1959:Drivers/STM32F4xx_HAL_Driver/Src/stm32f4xx_hal_tim_ex.c **** 
1960:Drivers/STM32F4xx_HAL_Driver/Src/stm32f4xx_hal_tim_ex.c ****   /* Check the parameters */
1961:Drivers/STM32F4xx_HAL_Driver/Src/stm32f4xx_hal_tim_ex.c ****   assert_param(IS_TIM_MASTER_INSTANCE(htim->Instance));
1962:Drivers/STM32F4xx_HAL_Driver/Src/stm32f4xx_hal_tim_ex.c ****   assert_param(IS_TIM_TRGO_SOURCE(sMasterConfig->MasterOutputTrigger));
1963:Drivers/STM32F4xx_HAL_Driver/Src/stm32f4xx_hal_tim_ex.c ****   assert_param(IS_TIM_MSM_STATE(sMasterConfig->MasterSlaveMode));
1964:Drivers/STM32F4xx_HAL_Driver/Src/stm32f4xx_hal_tim_ex.c **** 
1965:Drivers/STM32F4xx_HAL_Driver/Src/stm32f4xx_hal_tim_ex.c ****   /* Check input state */
1966:Drivers/STM32F4xx_HAL_Driver/Src/stm32f4xx_hal_tim_ex.c ****   __HAL_LOCK(htim);
 5719              		.loc 1 1966 3
 5720 000a 7B68     		ldr	r3, [r7, #4]
ARM GAS  /tmp/ccemsrUD.s 			page 135


 5721 000c 93F83C30 		ldrb	r3, [r3, #60]	@ zero_extendqisi2
 5722 0010 012B     		cmp	r3, #1
 5723 0012 01D1     		bne	.L350
 5724              		.loc 1 1966 3 is_stmt 0 discriminator 1
 5725 0014 0223     		movs	r3, #2
 5726 0016 5AE0     		b	.L351
 5727              	.L350:
 5728              		.loc 1 1966 3 discriminator 2
 5729 0018 7B68     		ldr	r3, [r7, #4]
 5730 001a 0122     		movs	r2, #1
 5731 001c 83F83C20 		strb	r2, [r3, #60]
1967:Drivers/STM32F4xx_HAL_Driver/Src/stm32f4xx_hal_tim_ex.c **** 
1968:Drivers/STM32F4xx_HAL_Driver/Src/stm32f4xx_hal_tim_ex.c ****   /* Change the handler state */
1969:Drivers/STM32F4xx_HAL_Driver/Src/stm32f4xx_hal_tim_ex.c ****   htim->State = HAL_TIM_STATE_BUSY;
 5732              		.loc 1 1969 15 is_stmt 1 discriminator 2
 5733 0020 7B68     		ldr	r3, [r7, #4]
 5734 0022 0222     		movs	r2, #2
 5735 0024 83F83D20 		strb	r2, [r3, #61]
1970:Drivers/STM32F4xx_HAL_Driver/Src/stm32f4xx_hal_tim_ex.c **** 
1971:Drivers/STM32F4xx_HAL_Driver/Src/stm32f4xx_hal_tim_ex.c ****   /* Get the TIMx CR2 register value */
1972:Drivers/STM32F4xx_HAL_Driver/Src/stm32f4xx_hal_tim_ex.c ****   tmpcr2 = htim->Instance->CR2;
 5736              		.loc 1 1972 16 discriminator 2
 5737 0028 7B68     		ldr	r3, [r7, #4]
 5738 002a 1B68     		ldr	r3, [r3]
 5739              		.loc 1 1972 10 discriminator 2
 5740 002c 5B68     		ldr	r3, [r3, #4]
 5741 002e FB60     		str	r3, [r7, #12]
1973:Drivers/STM32F4xx_HAL_Driver/Src/stm32f4xx_hal_tim_ex.c **** 
1974:Drivers/STM32F4xx_HAL_Driver/Src/stm32f4xx_hal_tim_ex.c ****   /* Get the TIMx SMCR register value */
1975:Drivers/STM32F4xx_HAL_Driver/Src/stm32f4xx_hal_tim_ex.c ****   tmpsmcr = htim->Instance->SMCR;
 5742              		.loc 1 1975 17 discriminator 2
 5743 0030 7B68     		ldr	r3, [r7, #4]
 5744 0032 1B68     		ldr	r3, [r3]
 5745              		.loc 1 1975 11 discriminator 2
 5746 0034 9B68     		ldr	r3, [r3, #8]
 5747 0036 BB60     		str	r3, [r7, #8]
1976:Drivers/STM32F4xx_HAL_Driver/Src/stm32f4xx_hal_tim_ex.c **** 
1977:Drivers/STM32F4xx_HAL_Driver/Src/stm32f4xx_hal_tim_ex.c ****   /* Reset the MMS Bits */
1978:Drivers/STM32F4xx_HAL_Driver/Src/stm32f4xx_hal_tim_ex.c ****   tmpcr2 &= ~TIM_CR2_MMS;
 5748              		.loc 1 1978 10 discriminator 2
 5749 0038 FB68     		ldr	r3, [r7, #12]
 5750 003a 23F07003 		bic	r3, r3, #112
 5751 003e FB60     		str	r3, [r7, #12]
1979:Drivers/STM32F4xx_HAL_Driver/Src/stm32f4xx_hal_tim_ex.c ****   /* Select the TRGO source */
1980:Drivers/STM32F4xx_HAL_Driver/Src/stm32f4xx_hal_tim_ex.c ****   tmpcr2 |=  sMasterConfig->MasterOutputTrigger;
 5752              		.loc 1 1980 27 discriminator 2
 5753 0040 3B68     		ldr	r3, [r7]
 5754 0042 1B68     		ldr	r3, [r3]
 5755              		.loc 1 1980 10 discriminator 2
 5756 0044 FA68     		ldr	r2, [r7, #12]
 5757 0046 1343     		orrs	r3, r3, r2
 5758 0048 FB60     		str	r3, [r7, #12]
1981:Drivers/STM32F4xx_HAL_Driver/Src/stm32f4xx_hal_tim_ex.c **** 
1982:Drivers/STM32F4xx_HAL_Driver/Src/stm32f4xx_hal_tim_ex.c ****   /* Update TIMx CR2 */
1983:Drivers/STM32F4xx_HAL_Driver/Src/stm32f4xx_hal_tim_ex.c ****   htim->Instance->CR2 = tmpcr2;
 5759              		.loc 1 1983 7 discriminator 2
 5760 004a 7B68     		ldr	r3, [r7, #4]
ARM GAS  /tmp/ccemsrUD.s 			page 136


 5761 004c 1B68     		ldr	r3, [r3]
 5762              		.loc 1 1983 23 discriminator 2
 5763 004e FA68     		ldr	r2, [r7, #12]
 5764 0050 5A60     		str	r2, [r3, #4]
1984:Drivers/STM32F4xx_HAL_Driver/Src/stm32f4xx_hal_tim_ex.c **** 
1985:Drivers/STM32F4xx_HAL_Driver/Src/stm32f4xx_hal_tim_ex.c ****   if (IS_TIM_SLAVE_INSTANCE(htim->Instance))
 5765              		.loc 1 1985 7 discriminator 2
 5766 0052 7B68     		ldr	r3, [r7, #4]
 5767 0054 1B68     		ldr	r3, [r3]
 5768              		.loc 1 1985 6 discriminator 2
 5769 0056 214A     		ldr	r2, .L354
 5770 0058 9342     		cmp	r3, r2
 5771 005a 22D0     		beq	.L352
 5772              		.loc 1 1985 7 discriminator 1
 5773 005c 7B68     		ldr	r3, [r7, #4]
 5774 005e 1B68     		ldr	r3, [r3]
 5775 0060 B3F1804F 		cmp	r3, #1073741824
 5776 0064 1DD0     		beq	.L352
 5777              		.loc 1 1985 7 is_stmt 0 discriminator 2
 5778 0066 7B68     		ldr	r3, [r7, #4]
 5779 0068 1B68     		ldr	r3, [r3]
 5780 006a 1D4A     		ldr	r2, .L354+4
 5781 006c 9342     		cmp	r3, r2
 5782 006e 18D0     		beq	.L352
 5783              		.loc 1 1985 7 discriminator 3
 5784 0070 7B68     		ldr	r3, [r7, #4]
 5785 0072 1B68     		ldr	r3, [r3]
 5786 0074 1B4A     		ldr	r2, .L354+8
 5787 0076 9342     		cmp	r3, r2
 5788 0078 13D0     		beq	.L352
 5789              		.loc 1 1985 7 discriminator 4
 5790 007a 7B68     		ldr	r3, [r7, #4]
 5791 007c 1B68     		ldr	r3, [r3]
 5792 007e 1A4A     		ldr	r2, .L354+12
 5793 0080 9342     		cmp	r3, r2
 5794 0082 0ED0     		beq	.L352
 5795              		.loc 1 1985 7 discriminator 5
 5796 0084 7B68     		ldr	r3, [r7, #4]
 5797 0086 1B68     		ldr	r3, [r3]
 5798 0088 184A     		ldr	r2, .L354+16
 5799 008a 9342     		cmp	r3, r2
 5800 008c 09D0     		beq	.L352
 5801              		.loc 1 1985 7 discriminator 6
 5802 008e 7B68     		ldr	r3, [r7, #4]
 5803 0090 1B68     		ldr	r3, [r3]
 5804 0092 174A     		ldr	r2, .L354+20
 5805 0094 9342     		cmp	r3, r2
 5806 0096 04D0     		beq	.L352
 5807              		.loc 1 1985 7 discriminator 7
 5808 0098 7B68     		ldr	r3, [r7, #4]
 5809 009a 1B68     		ldr	r3, [r3]
 5810 009c 154A     		ldr	r2, .L354+24
 5811 009e 9342     		cmp	r3, r2
 5812 00a0 0CD1     		bne	.L353
 5813              	.L352:
1986:Drivers/STM32F4xx_HAL_Driver/Src/stm32f4xx_hal_tim_ex.c ****   {
1987:Drivers/STM32F4xx_HAL_Driver/Src/stm32f4xx_hal_tim_ex.c ****     /* Reset the MSM Bit */
ARM GAS  /tmp/ccemsrUD.s 			page 137


1988:Drivers/STM32F4xx_HAL_Driver/Src/stm32f4xx_hal_tim_ex.c ****     tmpsmcr &= ~TIM_SMCR_MSM;
 5814              		.loc 1 1988 13 is_stmt 1
 5815 00a2 BB68     		ldr	r3, [r7, #8]
 5816 00a4 23F08003 		bic	r3, r3, #128
 5817 00a8 BB60     		str	r3, [r7, #8]
1989:Drivers/STM32F4xx_HAL_Driver/Src/stm32f4xx_hal_tim_ex.c ****     /* Set master mode */
1990:Drivers/STM32F4xx_HAL_Driver/Src/stm32f4xx_hal_tim_ex.c ****     tmpsmcr |= sMasterConfig->MasterSlaveMode;
 5818              		.loc 1 1990 29
 5819 00aa 3B68     		ldr	r3, [r7]
 5820 00ac 5B68     		ldr	r3, [r3, #4]
 5821              		.loc 1 1990 13
 5822 00ae BA68     		ldr	r2, [r7, #8]
 5823 00b0 1343     		orrs	r3, r3, r2
 5824 00b2 BB60     		str	r3, [r7, #8]
1991:Drivers/STM32F4xx_HAL_Driver/Src/stm32f4xx_hal_tim_ex.c **** 
1992:Drivers/STM32F4xx_HAL_Driver/Src/stm32f4xx_hal_tim_ex.c ****     /* Update TIMx SMCR */
1993:Drivers/STM32F4xx_HAL_Driver/Src/stm32f4xx_hal_tim_ex.c ****     htim->Instance->SMCR = tmpsmcr;
 5825              		.loc 1 1993 9
 5826 00b4 7B68     		ldr	r3, [r7, #4]
 5827 00b6 1B68     		ldr	r3, [r3]
 5828              		.loc 1 1993 26
 5829 00b8 BA68     		ldr	r2, [r7, #8]
 5830 00ba 9A60     		str	r2, [r3, #8]
 5831              	.L353:
1994:Drivers/STM32F4xx_HAL_Driver/Src/stm32f4xx_hal_tim_ex.c ****   }
1995:Drivers/STM32F4xx_HAL_Driver/Src/stm32f4xx_hal_tim_ex.c **** 
1996:Drivers/STM32F4xx_HAL_Driver/Src/stm32f4xx_hal_tim_ex.c ****   /* Change the htim state */
1997:Drivers/STM32F4xx_HAL_Driver/Src/stm32f4xx_hal_tim_ex.c ****   htim->State = HAL_TIM_STATE_READY;
 5832              		.loc 1 1997 15
 5833 00bc 7B68     		ldr	r3, [r7, #4]
 5834 00be 0122     		movs	r2, #1
 5835 00c0 83F83D20 		strb	r2, [r3, #61]
1998:Drivers/STM32F4xx_HAL_Driver/Src/stm32f4xx_hal_tim_ex.c **** 
1999:Drivers/STM32F4xx_HAL_Driver/Src/stm32f4xx_hal_tim_ex.c ****   __HAL_UNLOCK(htim);
 5836              		.loc 1 1999 3
 5837 00c4 7B68     		ldr	r3, [r7, #4]
 5838 00c6 0022     		movs	r2, #0
 5839 00c8 83F83C20 		strb	r2, [r3, #60]
2000:Drivers/STM32F4xx_HAL_Driver/Src/stm32f4xx_hal_tim_ex.c **** 
2001:Drivers/STM32F4xx_HAL_Driver/Src/stm32f4xx_hal_tim_ex.c ****   return HAL_OK;
 5840              		.loc 1 2001 10
 5841 00cc 0023     		movs	r3, #0
 5842              	.L351:
2002:Drivers/STM32F4xx_HAL_Driver/Src/stm32f4xx_hal_tim_ex.c **** }
 5843              		.loc 1 2002 1
 5844 00ce 1846     		mov	r0, r3
 5845 00d0 1437     		adds	r7, r7, #20
 5846              	.LCFI153:
 5847              		.cfi_def_cfa_offset 4
 5848 00d2 BD46     		mov	sp, r7
 5849              	.LCFI154:
 5850              		.cfi_def_cfa_register 13
 5851              		@ sp needed
 5852 00d4 5DF8047B 		ldr	r7, [sp], #4
 5853              	.LCFI155:
 5854              		.cfi_restore 7
 5855              		.cfi_def_cfa_offset 0
ARM GAS  /tmp/ccemsrUD.s 			page 138


 5856 00d8 7047     		bx	lr
 5857              	.L355:
 5858 00da 00BF     		.align	2
 5859              	.L354:
 5860 00dc 00000140 		.word	1073807360
 5861 00e0 00040040 		.word	1073742848
 5862 00e4 00080040 		.word	1073743872
 5863 00e8 000C0040 		.word	1073744896
 5864 00ec 00040140 		.word	1073808384
 5865 00f0 00400140 		.word	1073823744
 5866 00f4 00180040 		.word	1073747968
 5867              		.cfi_endproc
 5868              	.LFE268:
 5870              		.section	.text.HAL_TIMEx_ConfigBreakDeadTime,"ax",%progbits
 5871              		.align	1
 5872              		.global	HAL_TIMEx_ConfigBreakDeadTime
 5873              		.syntax unified
 5874              		.thumb
 5875              		.thumb_func
 5877              	HAL_TIMEx_ConfigBreakDeadTime:
 5878              	.LFB269:
2003:Drivers/STM32F4xx_HAL_Driver/Src/stm32f4xx_hal_tim_ex.c **** 
2004:Drivers/STM32F4xx_HAL_Driver/Src/stm32f4xx_hal_tim_ex.c **** /**
2005:Drivers/STM32F4xx_HAL_Driver/Src/stm32f4xx_hal_tim_ex.c ****   * @brief  Configures the Break feature, dead time, Lock level, OSSI/OSSR State
2006:Drivers/STM32F4xx_HAL_Driver/Src/stm32f4xx_hal_tim_ex.c ****   *         and the AOE(automatic output enable).
2007:Drivers/STM32F4xx_HAL_Driver/Src/stm32f4xx_hal_tim_ex.c ****   * @param  htim TIM handle
2008:Drivers/STM32F4xx_HAL_Driver/Src/stm32f4xx_hal_tim_ex.c ****   * @param  sBreakDeadTimeConfig pointer to a TIM_ConfigBreakDeadConfigTypeDef structure that
2009:Drivers/STM32F4xx_HAL_Driver/Src/stm32f4xx_hal_tim_ex.c ****   *         contains the BDTR Register configuration  information for the TIM peripheral.
2010:Drivers/STM32F4xx_HAL_Driver/Src/stm32f4xx_hal_tim_ex.c ****   * @note   Interrupts can be generated when an active level is detected on the
2011:Drivers/STM32F4xx_HAL_Driver/Src/stm32f4xx_hal_tim_ex.c ****   *         break input, the break 2 input or the system break input. Break
2012:Drivers/STM32F4xx_HAL_Driver/Src/stm32f4xx_hal_tim_ex.c ****   *         interrupt can be enabled by calling the @ref __HAL_TIM_ENABLE_IT macro.
2013:Drivers/STM32F4xx_HAL_Driver/Src/stm32f4xx_hal_tim_ex.c ****   * @retval HAL status
2014:Drivers/STM32F4xx_HAL_Driver/Src/stm32f4xx_hal_tim_ex.c ****   */
2015:Drivers/STM32F4xx_HAL_Driver/Src/stm32f4xx_hal_tim_ex.c **** HAL_StatusTypeDef HAL_TIMEx_ConfigBreakDeadTime(TIM_HandleTypeDef *htim,
2016:Drivers/STM32F4xx_HAL_Driver/Src/stm32f4xx_hal_tim_ex.c ****                                                 const TIM_BreakDeadTimeConfigTypeDef *sBreakDeadTim
2017:Drivers/STM32F4xx_HAL_Driver/Src/stm32f4xx_hal_tim_ex.c **** {
 5879              		.loc 1 2017 1
 5880              		.cfi_startproc
 5881              		@ args = 0, pretend = 0, frame = 16
 5882              		@ frame_needed = 1, uses_anonymous_args = 0
 5883              		@ link register save eliminated.
 5884 0000 80B4     		push	{r7}
 5885              	.LCFI156:
 5886              		.cfi_def_cfa_offset 4
 5887              		.cfi_offset 7, -4
 5888 0002 85B0     		sub	sp, sp, #20
 5889              	.LCFI157:
 5890              		.cfi_def_cfa_offset 24
 5891 0004 00AF     		add	r7, sp, #0
 5892              	.LCFI158:
 5893              		.cfi_def_cfa_register 7
 5894 0006 7860     		str	r0, [r7, #4]
 5895 0008 3960     		str	r1, [r7]
2018:Drivers/STM32F4xx_HAL_Driver/Src/stm32f4xx_hal_tim_ex.c ****   /* Keep this variable initialized to 0 as it is used to configure BDTR register */
2019:Drivers/STM32F4xx_HAL_Driver/Src/stm32f4xx_hal_tim_ex.c ****   uint32_t tmpbdtr = 0U;
 5896              		.loc 1 2019 12
 5897 000a 0023     		movs	r3, #0
ARM GAS  /tmp/ccemsrUD.s 			page 139


 5898 000c FB60     		str	r3, [r7, #12]
2020:Drivers/STM32F4xx_HAL_Driver/Src/stm32f4xx_hal_tim_ex.c **** 
2021:Drivers/STM32F4xx_HAL_Driver/Src/stm32f4xx_hal_tim_ex.c ****   /* Check the parameters */
2022:Drivers/STM32F4xx_HAL_Driver/Src/stm32f4xx_hal_tim_ex.c ****   assert_param(IS_TIM_BREAK_INSTANCE(htim->Instance));
2023:Drivers/STM32F4xx_HAL_Driver/Src/stm32f4xx_hal_tim_ex.c ****   assert_param(IS_TIM_OSSR_STATE(sBreakDeadTimeConfig->OffStateRunMode));
2024:Drivers/STM32F4xx_HAL_Driver/Src/stm32f4xx_hal_tim_ex.c ****   assert_param(IS_TIM_OSSI_STATE(sBreakDeadTimeConfig->OffStateIDLEMode));
2025:Drivers/STM32F4xx_HAL_Driver/Src/stm32f4xx_hal_tim_ex.c ****   assert_param(IS_TIM_LOCK_LEVEL(sBreakDeadTimeConfig->LockLevel));
2026:Drivers/STM32F4xx_HAL_Driver/Src/stm32f4xx_hal_tim_ex.c ****   assert_param(IS_TIM_DEADTIME(sBreakDeadTimeConfig->DeadTime));
2027:Drivers/STM32F4xx_HAL_Driver/Src/stm32f4xx_hal_tim_ex.c ****   assert_param(IS_TIM_BREAK_STATE(sBreakDeadTimeConfig->BreakState));
2028:Drivers/STM32F4xx_HAL_Driver/Src/stm32f4xx_hal_tim_ex.c ****   assert_param(IS_TIM_BREAK_POLARITY(sBreakDeadTimeConfig->BreakPolarity));
2029:Drivers/STM32F4xx_HAL_Driver/Src/stm32f4xx_hal_tim_ex.c ****   assert_param(IS_TIM_AUTOMATIC_OUTPUT_STATE(sBreakDeadTimeConfig->AutomaticOutput));
2030:Drivers/STM32F4xx_HAL_Driver/Src/stm32f4xx_hal_tim_ex.c **** 
2031:Drivers/STM32F4xx_HAL_Driver/Src/stm32f4xx_hal_tim_ex.c ****   /* Check input state */
2032:Drivers/STM32F4xx_HAL_Driver/Src/stm32f4xx_hal_tim_ex.c ****   __HAL_LOCK(htim);
 5899              		.loc 1 2032 3
 5900 000e 7B68     		ldr	r3, [r7, #4]
 5901 0010 93F83C30 		ldrb	r3, [r3, #60]	@ zero_extendqisi2
 5902 0014 012B     		cmp	r3, #1
 5903 0016 01D1     		bne	.L357
 5904              		.loc 1 2032 3 is_stmt 0 discriminator 1
 5905 0018 0223     		movs	r3, #2
 5906 001a 3DE0     		b	.L358
 5907              	.L357:
 5908              		.loc 1 2032 3 discriminator 2
 5909 001c 7B68     		ldr	r3, [r7, #4]
 5910 001e 0122     		movs	r2, #1
 5911 0020 83F83C20 		strb	r2, [r3, #60]
2033:Drivers/STM32F4xx_HAL_Driver/Src/stm32f4xx_hal_tim_ex.c **** 
2034:Drivers/STM32F4xx_HAL_Driver/Src/stm32f4xx_hal_tim_ex.c ****   /* Set the Lock level, the Break enable Bit and the Polarity, the OSSR State,
2035:Drivers/STM32F4xx_HAL_Driver/Src/stm32f4xx_hal_tim_ex.c ****      the OSSI State, the dead time value and the Automatic Output Enable Bit */
2036:Drivers/STM32F4xx_HAL_Driver/Src/stm32f4xx_hal_tim_ex.c **** 
2037:Drivers/STM32F4xx_HAL_Driver/Src/stm32f4xx_hal_tim_ex.c ****   /* Set the BDTR bits */
2038:Drivers/STM32F4xx_HAL_Driver/Src/stm32f4xx_hal_tim_ex.c ****   MODIFY_REG(tmpbdtr, TIM_BDTR_DTG, sBreakDeadTimeConfig->DeadTime);
 5912              		.loc 1 2038 3 is_stmt 1 discriminator 2
 5913 0024 FB68     		ldr	r3, [r7, #12]
 5914 0026 23F0FF02 		bic	r2, r3, #255
 5915 002a 3B68     		ldr	r3, [r7]
 5916 002c DB68     		ldr	r3, [r3, #12]
 5917 002e 1343     		orrs	r3, r3, r2
 5918 0030 FB60     		str	r3, [r7, #12]
2039:Drivers/STM32F4xx_HAL_Driver/Src/stm32f4xx_hal_tim_ex.c ****   MODIFY_REG(tmpbdtr, TIM_BDTR_LOCK, sBreakDeadTimeConfig->LockLevel);
 5919              		.loc 1 2039 3 discriminator 2
 5920 0032 FB68     		ldr	r3, [r7, #12]
 5921 0034 23F44072 		bic	r2, r3, #768
 5922 0038 3B68     		ldr	r3, [r7]
 5923 003a 9B68     		ldr	r3, [r3, #8]
 5924 003c 1343     		orrs	r3, r3, r2
 5925 003e FB60     		str	r3, [r7, #12]
2040:Drivers/STM32F4xx_HAL_Driver/Src/stm32f4xx_hal_tim_ex.c ****   MODIFY_REG(tmpbdtr, TIM_BDTR_OSSI, sBreakDeadTimeConfig->OffStateIDLEMode);
 5926              		.loc 1 2040 3 discriminator 2
 5927 0040 FB68     		ldr	r3, [r7, #12]
 5928 0042 23F48062 		bic	r2, r3, #1024
 5929 0046 3B68     		ldr	r3, [r7]
 5930 0048 5B68     		ldr	r3, [r3, #4]
 5931 004a 1343     		orrs	r3, r3, r2
 5932 004c FB60     		str	r3, [r7, #12]
2041:Drivers/STM32F4xx_HAL_Driver/Src/stm32f4xx_hal_tim_ex.c ****   MODIFY_REG(tmpbdtr, TIM_BDTR_OSSR, sBreakDeadTimeConfig->OffStateRunMode);
ARM GAS  /tmp/ccemsrUD.s 			page 140


 5933              		.loc 1 2041 3 discriminator 2
 5934 004e FB68     		ldr	r3, [r7, #12]
 5935 0050 23F40062 		bic	r2, r3, #2048
 5936 0054 3B68     		ldr	r3, [r7]
 5937 0056 1B68     		ldr	r3, [r3]
 5938 0058 1343     		orrs	r3, r3, r2
 5939 005a FB60     		str	r3, [r7, #12]
2042:Drivers/STM32F4xx_HAL_Driver/Src/stm32f4xx_hal_tim_ex.c ****   MODIFY_REG(tmpbdtr, TIM_BDTR_BKE, sBreakDeadTimeConfig->BreakState);
 5940              		.loc 1 2042 3 discriminator 2
 5941 005c FB68     		ldr	r3, [r7, #12]
 5942 005e 23F48052 		bic	r2, r3, #4096
 5943 0062 3B68     		ldr	r3, [r7]
 5944 0064 1B69     		ldr	r3, [r3, #16]
 5945 0066 1343     		orrs	r3, r3, r2
 5946 0068 FB60     		str	r3, [r7, #12]
2043:Drivers/STM32F4xx_HAL_Driver/Src/stm32f4xx_hal_tim_ex.c ****   MODIFY_REG(tmpbdtr, TIM_BDTR_BKP, sBreakDeadTimeConfig->BreakPolarity);
 5947              		.loc 1 2043 3 discriminator 2
 5948 006a FB68     		ldr	r3, [r7, #12]
 5949 006c 23F40052 		bic	r2, r3, #8192
 5950 0070 3B68     		ldr	r3, [r7]
 5951 0072 5B69     		ldr	r3, [r3, #20]
 5952 0074 1343     		orrs	r3, r3, r2
 5953 0076 FB60     		str	r3, [r7, #12]
2044:Drivers/STM32F4xx_HAL_Driver/Src/stm32f4xx_hal_tim_ex.c ****   MODIFY_REG(tmpbdtr, TIM_BDTR_AOE, sBreakDeadTimeConfig->AutomaticOutput);
 5954              		.loc 1 2044 3 discriminator 2
 5955 0078 FB68     		ldr	r3, [r7, #12]
 5956 007a 23F48042 		bic	r2, r3, #16384
 5957 007e 3B68     		ldr	r3, [r7]
 5958 0080 DB69     		ldr	r3, [r3, #28]
 5959 0082 1343     		orrs	r3, r3, r2
 5960 0084 FB60     		str	r3, [r7, #12]
2045:Drivers/STM32F4xx_HAL_Driver/Src/stm32f4xx_hal_tim_ex.c **** 
2046:Drivers/STM32F4xx_HAL_Driver/Src/stm32f4xx_hal_tim_ex.c **** 
2047:Drivers/STM32F4xx_HAL_Driver/Src/stm32f4xx_hal_tim_ex.c ****   /* Set TIMx_BDTR */
2048:Drivers/STM32F4xx_HAL_Driver/Src/stm32f4xx_hal_tim_ex.c ****   htim->Instance->BDTR = tmpbdtr;
 5961              		.loc 1 2048 7 discriminator 2
 5962 0086 7B68     		ldr	r3, [r7, #4]
 5963 0088 1B68     		ldr	r3, [r3]
 5964              		.loc 1 2048 24 discriminator 2
 5965 008a FA68     		ldr	r2, [r7, #12]
 5966 008c 5A64     		str	r2, [r3, #68]
2049:Drivers/STM32F4xx_HAL_Driver/Src/stm32f4xx_hal_tim_ex.c **** 
2050:Drivers/STM32F4xx_HAL_Driver/Src/stm32f4xx_hal_tim_ex.c ****   __HAL_UNLOCK(htim);
 5967              		.loc 1 2050 3 discriminator 2
 5968 008e 7B68     		ldr	r3, [r7, #4]
 5969 0090 0022     		movs	r2, #0
 5970 0092 83F83C20 		strb	r2, [r3, #60]
2051:Drivers/STM32F4xx_HAL_Driver/Src/stm32f4xx_hal_tim_ex.c **** 
2052:Drivers/STM32F4xx_HAL_Driver/Src/stm32f4xx_hal_tim_ex.c ****   return HAL_OK;
 5971              		.loc 1 2052 10 discriminator 2
 5972 0096 0023     		movs	r3, #0
 5973              	.L358:
2053:Drivers/STM32F4xx_HAL_Driver/Src/stm32f4xx_hal_tim_ex.c **** }
 5974              		.loc 1 2053 1
 5975 0098 1846     		mov	r0, r3
 5976 009a 1437     		adds	r7, r7, #20
 5977              	.LCFI159:
ARM GAS  /tmp/ccemsrUD.s 			page 141


 5978              		.cfi_def_cfa_offset 4
 5979 009c BD46     		mov	sp, r7
 5980              	.LCFI160:
 5981              		.cfi_def_cfa_register 13
 5982              		@ sp needed
 5983 009e 5DF8047B 		ldr	r7, [sp], #4
 5984              	.LCFI161:
 5985              		.cfi_restore 7
 5986              		.cfi_def_cfa_offset 0
 5987 00a2 7047     		bx	lr
 5988              		.cfi_endproc
 5989              	.LFE269:
 5991              		.section	.text.HAL_TIMEx_RemapConfig,"ax",%progbits
 5992              		.align	1
 5993              		.global	HAL_TIMEx_RemapConfig
 5994              		.syntax unified
 5995              		.thumb
 5996              		.thumb_func
 5998              	HAL_TIMEx_RemapConfig:
 5999              	.LFB270:
2054:Drivers/STM32F4xx_HAL_Driver/Src/stm32f4xx_hal_tim_ex.c **** 
2055:Drivers/STM32F4xx_HAL_Driver/Src/stm32f4xx_hal_tim_ex.c **** /**
2056:Drivers/STM32F4xx_HAL_Driver/Src/stm32f4xx_hal_tim_ex.c ****   * @brief  Configures the TIMx Remapping input capabilities.
2057:Drivers/STM32F4xx_HAL_Driver/Src/stm32f4xx_hal_tim_ex.c ****   * @param  htim TIM handle.
2058:Drivers/STM32F4xx_HAL_Driver/Src/stm32f4xx_hal_tim_ex.c ****   * @param  Remap specifies the TIM remapping source.
2059:Drivers/STM32F4xx_HAL_Driver/Src/stm32f4xx_hal_tim_ex.c ****   *         For TIM1, the parameter can have the following values:                   (**)
2060:Drivers/STM32F4xx_HAL_Driver/Src/stm32f4xx_hal_tim_ex.c ****   *           @arg TIM_TIM1_TIM3_TRGO:  TIM1 ITR2 is connected to TIM3 TRGO
2061:Drivers/STM32F4xx_HAL_Driver/Src/stm32f4xx_hal_tim_ex.c ****   *           @arg TIM_TIM1_LPTIM:      TIM1 ITR2 is connected to LPTIM1 output
2062:Drivers/STM32F4xx_HAL_Driver/Src/stm32f4xx_hal_tim_ex.c ****   *
2063:Drivers/STM32F4xx_HAL_Driver/Src/stm32f4xx_hal_tim_ex.c ****   *         For TIM2, the parameter can have the following values:                   (**)
2064:Drivers/STM32F4xx_HAL_Driver/Src/stm32f4xx_hal_tim_ex.c ****   *           @arg TIM_TIM2_TIM8_TRGO:  TIM2 ITR1 is connected to TIM8 TRGO          (*)
2065:Drivers/STM32F4xx_HAL_Driver/Src/stm32f4xx_hal_tim_ex.c ****   *           @arg TIM_TIM2_ETH_PTP:    TIM2 ITR1 is connected to PTP trigger output (*)
2066:Drivers/STM32F4xx_HAL_Driver/Src/stm32f4xx_hal_tim_ex.c ****   *           @arg TIM_TIM2_USBFS_SOF:  TIM2 ITR1 is connected to OTG FS SOF
2067:Drivers/STM32F4xx_HAL_Driver/Src/stm32f4xx_hal_tim_ex.c ****   *           @arg TIM_TIM2_USBHS_SOF:  TIM2 ITR1 is connected to OTG FS SOF
2068:Drivers/STM32F4xx_HAL_Driver/Src/stm32f4xx_hal_tim_ex.c ****   *
2069:Drivers/STM32F4xx_HAL_Driver/Src/stm32f4xx_hal_tim_ex.c ****   *         For TIM5, the parameter can have the following values:
2070:Drivers/STM32F4xx_HAL_Driver/Src/stm32f4xx_hal_tim_ex.c ****   *           @arg TIM_TIM5_GPIO:       TIM5 TI4 is connected to GPIO
2071:Drivers/STM32F4xx_HAL_Driver/Src/stm32f4xx_hal_tim_ex.c ****   *           @arg TIM_TIM5_LSI:        TIM5 TI4 is connected to LSI
2072:Drivers/STM32F4xx_HAL_Driver/Src/stm32f4xx_hal_tim_ex.c ****   *           @arg TIM_TIM5_LSE:        TIM5 TI4 is connected to LSE
2073:Drivers/STM32F4xx_HAL_Driver/Src/stm32f4xx_hal_tim_ex.c ****   *           @arg TIM_TIM5_RTC:        TIM5 TI4 is connected to the RTC wakeup interrupt
2074:Drivers/STM32F4xx_HAL_Driver/Src/stm32f4xx_hal_tim_ex.c ****   *           @arg TIM_TIM5_TIM3_TRGO:  TIM5 ITR1 is connected to TIM3 TRGO          (*)
2075:Drivers/STM32F4xx_HAL_Driver/Src/stm32f4xx_hal_tim_ex.c ****   *           @arg TIM_TIM5_LPTIM:      TIM5 ITR1 is connected to LPTIM1 output      (*)
2076:Drivers/STM32F4xx_HAL_Driver/Src/stm32f4xx_hal_tim_ex.c ****   *
2077:Drivers/STM32F4xx_HAL_Driver/Src/stm32f4xx_hal_tim_ex.c ****   *         For TIM9, the parameter can have the following values:                   (**)
2078:Drivers/STM32F4xx_HAL_Driver/Src/stm32f4xx_hal_tim_ex.c ****   *           @arg TIM_TIM9_TIM3_TRGO:  TIM9 ITR1 is connected to TIM3 TRGO
2079:Drivers/STM32F4xx_HAL_Driver/Src/stm32f4xx_hal_tim_ex.c ****   *           @arg TIM_TIM9_LPTIM:      TIM9 ITR1 is connected to LPTIM1 output
2080:Drivers/STM32F4xx_HAL_Driver/Src/stm32f4xx_hal_tim_ex.c ****   *
2081:Drivers/STM32F4xx_HAL_Driver/Src/stm32f4xx_hal_tim_ex.c ****   *         For TIM11, the parameter can have the following values:
2082:Drivers/STM32F4xx_HAL_Driver/Src/stm32f4xx_hal_tim_ex.c ****   *           @arg TIM_TIM11_GPIO:     TIM11 TI1 is connected to GPIO
2083:Drivers/STM32F4xx_HAL_Driver/Src/stm32f4xx_hal_tim_ex.c ****   *           @arg TIM_TIM11_HSE:      TIM11 TI1 is connected to HSE_RTC clock
2084:Drivers/STM32F4xx_HAL_Driver/Src/stm32f4xx_hal_tim_ex.c ****   *           @arg TIM_TIM11_SPDIFRX:  TIM11 TI1 is connected to SPDIFRX_FRAME_SYNC  (*)
2085:Drivers/STM32F4xx_HAL_Driver/Src/stm32f4xx_hal_tim_ex.c ****   *
2086:Drivers/STM32F4xx_HAL_Driver/Src/stm32f4xx_hal_tim_ex.c ****   *         (*)  Value not defined in all devices. \n
2087:Drivers/STM32F4xx_HAL_Driver/Src/stm32f4xx_hal_tim_ex.c ****   *         (**) Register not available in all devices.
2088:Drivers/STM32F4xx_HAL_Driver/Src/stm32f4xx_hal_tim_ex.c ****   *
2089:Drivers/STM32F4xx_HAL_Driver/Src/stm32f4xx_hal_tim_ex.c ****   * @retval HAL status
2090:Drivers/STM32F4xx_HAL_Driver/Src/stm32f4xx_hal_tim_ex.c ****   */
ARM GAS  /tmp/ccemsrUD.s 			page 142


2091:Drivers/STM32F4xx_HAL_Driver/Src/stm32f4xx_hal_tim_ex.c **** HAL_StatusTypeDef HAL_TIMEx_RemapConfig(TIM_HandleTypeDef *htim, uint32_t Remap)
2092:Drivers/STM32F4xx_HAL_Driver/Src/stm32f4xx_hal_tim_ex.c **** {
 6000              		.loc 1 2092 1
 6001              		.cfi_startproc
 6002              		@ args = 0, pretend = 0, frame = 8
 6003              		@ frame_needed = 1, uses_anonymous_args = 0
 6004              		@ link register save eliminated.
 6005 0000 80B4     		push	{r7}
 6006              	.LCFI162:
 6007              		.cfi_def_cfa_offset 4
 6008              		.cfi_offset 7, -4
 6009 0002 83B0     		sub	sp, sp, #12
 6010              	.LCFI163:
 6011              		.cfi_def_cfa_offset 16
 6012 0004 00AF     		add	r7, sp, #0
 6013              	.LCFI164:
 6014              		.cfi_def_cfa_register 7
 6015 0006 7860     		str	r0, [r7, #4]
 6016 0008 3960     		str	r1, [r7]
2093:Drivers/STM32F4xx_HAL_Driver/Src/stm32f4xx_hal_tim_ex.c ****   /* Check parameters */
2094:Drivers/STM32F4xx_HAL_Driver/Src/stm32f4xx_hal_tim_ex.c ****   assert_param(IS_TIM_REMAP(htim->Instance, Remap));
2095:Drivers/STM32F4xx_HAL_Driver/Src/stm32f4xx_hal_tim_ex.c **** 
2096:Drivers/STM32F4xx_HAL_Driver/Src/stm32f4xx_hal_tim_ex.c ****   __HAL_LOCK(htim);
 6017              		.loc 1 2096 3
 6018 000a 7B68     		ldr	r3, [r7, #4]
 6019 000c 93F83C30 		ldrb	r3, [r3, #60]	@ zero_extendqisi2
 6020 0010 012B     		cmp	r3, #1
 6021 0012 01D1     		bne	.L360
 6022              		.loc 1 2096 3 is_stmt 0 discriminator 1
 6023 0014 0223     		movs	r3, #2
 6024 0016 0CE0     		b	.L361
 6025              	.L360:
 6026              		.loc 1 2096 3 discriminator 2
 6027 0018 7B68     		ldr	r3, [r7, #4]
 6028 001a 0122     		movs	r2, #1
 6029 001c 83F83C20 		strb	r2, [r3, #60]
2097:Drivers/STM32F4xx_HAL_Driver/Src/stm32f4xx_hal_tim_ex.c **** 
2098:Drivers/STM32F4xx_HAL_Driver/Src/stm32f4xx_hal_tim_ex.c **** #if defined(LPTIM_OR_TIM1_ITR2_RMP) && defined(LPTIM_OR_TIM5_ITR1_RMP) && defined(LPTIM_OR_TIM9_ITR
2099:Drivers/STM32F4xx_HAL_Driver/Src/stm32f4xx_hal_tim_ex.c ****   if ((Remap & LPTIM_REMAP_MASK) == LPTIM_REMAP_MASK)
2100:Drivers/STM32F4xx_HAL_Driver/Src/stm32f4xx_hal_tim_ex.c ****   {
2101:Drivers/STM32F4xx_HAL_Driver/Src/stm32f4xx_hal_tim_ex.c ****     /* Connect TIMx internal trigger to LPTIM1 output */
2102:Drivers/STM32F4xx_HAL_Driver/Src/stm32f4xx_hal_tim_ex.c ****     __HAL_RCC_LPTIM1_CLK_ENABLE();
2103:Drivers/STM32F4xx_HAL_Driver/Src/stm32f4xx_hal_tim_ex.c ****     MODIFY_REG(LPTIM1->OR,
2104:Drivers/STM32F4xx_HAL_Driver/Src/stm32f4xx_hal_tim_ex.c ****                (LPTIM_OR_TIM1_ITR2_RMP | LPTIM_OR_TIM5_ITR1_RMP | LPTIM_OR_TIM9_ITR1_RMP),
2105:Drivers/STM32F4xx_HAL_Driver/Src/stm32f4xx_hal_tim_ex.c ****                Remap & ~(LPTIM_REMAP_MASK));
2106:Drivers/STM32F4xx_HAL_Driver/Src/stm32f4xx_hal_tim_ex.c ****   }
2107:Drivers/STM32F4xx_HAL_Driver/Src/stm32f4xx_hal_tim_ex.c ****   else
2108:Drivers/STM32F4xx_HAL_Driver/Src/stm32f4xx_hal_tim_ex.c ****   {
2109:Drivers/STM32F4xx_HAL_Driver/Src/stm32f4xx_hal_tim_ex.c ****     /* Set the Timer remapping configuration */
2110:Drivers/STM32F4xx_HAL_Driver/Src/stm32f4xx_hal_tim_ex.c ****     WRITE_REG(htim->Instance->OR, Remap);
2111:Drivers/STM32F4xx_HAL_Driver/Src/stm32f4xx_hal_tim_ex.c ****   }
2112:Drivers/STM32F4xx_HAL_Driver/Src/stm32f4xx_hal_tim_ex.c **** #else
2113:Drivers/STM32F4xx_HAL_Driver/Src/stm32f4xx_hal_tim_ex.c ****   /* Set the Timer remapping configuration */
2114:Drivers/STM32F4xx_HAL_Driver/Src/stm32f4xx_hal_tim_ex.c ****   WRITE_REG(htim->Instance->OR, Remap);
 6030              		.loc 1 2114 3 is_stmt 1 discriminator 2
 6031 0020 7B68     		ldr	r3, [r7, #4]
 6032 0022 1B68     		ldr	r3, [r3]
ARM GAS  /tmp/ccemsrUD.s 			page 143


 6033 0024 3A68     		ldr	r2, [r7]
 6034 0026 1A65     		str	r2, [r3, #80]
2115:Drivers/STM32F4xx_HAL_Driver/Src/stm32f4xx_hal_tim_ex.c **** #endif /* LPTIM_OR_TIM1_ITR2_RMP &&  LPTIM_OR_TIM5_ITR1_RMP && LPTIM_OR_TIM9_ITR1_RMP */
2116:Drivers/STM32F4xx_HAL_Driver/Src/stm32f4xx_hal_tim_ex.c **** 
2117:Drivers/STM32F4xx_HAL_Driver/Src/stm32f4xx_hal_tim_ex.c ****   __HAL_UNLOCK(htim);
 6035              		.loc 1 2117 3 discriminator 2
 6036 0028 7B68     		ldr	r3, [r7, #4]
 6037 002a 0022     		movs	r2, #0
 6038 002c 83F83C20 		strb	r2, [r3, #60]
2118:Drivers/STM32F4xx_HAL_Driver/Src/stm32f4xx_hal_tim_ex.c **** 
2119:Drivers/STM32F4xx_HAL_Driver/Src/stm32f4xx_hal_tim_ex.c ****   return HAL_OK;
 6039              		.loc 1 2119 10 discriminator 2
 6040 0030 0023     		movs	r3, #0
 6041              	.L361:
2120:Drivers/STM32F4xx_HAL_Driver/Src/stm32f4xx_hal_tim_ex.c **** }
 6042              		.loc 1 2120 1
 6043 0032 1846     		mov	r0, r3
 6044 0034 0C37     		adds	r7, r7, #12
 6045              	.LCFI165:
 6046              		.cfi_def_cfa_offset 4
 6047 0036 BD46     		mov	sp, r7
 6048              	.LCFI166:
 6049              		.cfi_def_cfa_register 13
 6050              		@ sp needed
 6051 0038 5DF8047B 		ldr	r7, [sp], #4
 6052              	.LCFI167:
 6053              		.cfi_restore 7
 6054              		.cfi_def_cfa_offset 0
 6055 003c 7047     		bx	lr
 6056              		.cfi_endproc
 6057              	.LFE270:
 6059              		.section	.text.HAL_TIMEx_CommutCallback,"ax",%progbits
 6060              		.align	1
 6061              		.weak	HAL_TIMEx_CommutCallback
 6062              		.syntax unified
 6063              		.thumb
 6064              		.thumb_func
 6066              	HAL_TIMEx_CommutCallback:
 6067              	.LFB271:
2121:Drivers/STM32F4xx_HAL_Driver/Src/stm32f4xx_hal_tim_ex.c **** 
2122:Drivers/STM32F4xx_HAL_Driver/Src/stm32f4xx_hal_tim_ex.c **** /**
2123:Drivers/STM32F4xx_HAL_Driver/Src/stm32f4xx_hal_tim_ex.c ****   * @}
2124:Drivers/STM32F4xx_HAL_Driver/Src/stm32f4xx_hal_tim_ex.c ****   */
2125:Drivers/STM32F4xx_HAL_Driver/Src/stm32f4xx_hal_tim_ex.c **** 
2126:Drivers/STM32F4xx_HAL_Driver/Src/stm32f4xx_hal_tim_ex.c **** /** @defgroup TIMEx_Exported_Functions_Group6 Extended Callbacks functions
2127:Drivers/STM32F4xx_HAL_Driver/Src/stm32f4xx_hal_tim_ex.c ****   * @brief    Extended Callbacks functions
2128:Drivers/STM32F4xx_HAL_Driver/Src/stm32f4xx_hal_tim_ex.c ****   *
2129:Drivers/STM32F4xx_HAL_Driver/Src/stm32f4xx_hal_tim_ex.c **** @verbatim
2130:Drivers/STM32F4xx_HAL_Driver/Src/stm32f4xx_hal_tim_ex.c ****   ==============================================================================
2131:Drivers/STM32F4xx_HAL_Driver/Src/stm32f4xx_hal_tim_ex.c ****                     ##### Extended Callbacks functions #####
2132:Drivers/STM32F4xx_HAL_Driver/Src/stm32f4xx_hal_tim_ex.c ****   ==============================================================================
2133:Drivers/STM32F4xx_HAL_Driver/Src/stm32f4xx_hal_tim_ex.c ****   [..]
2134:Drivers/STM32F4xx_HAL_Driver/Src/stm32f4xx_hal_tim_ex.c ****     This section provides Extended TIM callback functions:
2135:Drivers/STM32F4xx_HAL_Driver/Src/stm32f4xx_hal_tim_ex.c ****     (+) Timer Commutation callback
2136:Drivers/STM32F4xx_HAL_Driver/Src/stm32f4xx_hal_tim_ex.c ****     (+) Timer Break callback
2137:Drivers/STM32F4xx_HAL_Driver/Src/stm32f4xx_hal_tim_ex.c **** 
2138:Drivers/STM32F4xx_HAL_Driver/Src/stm32f4xx_hal_tim_ex.c **** @endverbatim
ARM GAS  /tmp/ccemsrUD.s 			page 144


2139:Drivers/STM32F4xx_HAL_Driver/Src/stm32f4xx_hal_tim_ex.c ****   * @{
2140:Drivers/STM32F4xx_HAL_Driver/Src/stm32f4xx_hal_tim_ex.c ****   */
2141:Drivers/STM32F4xx_HAL_Driver/Src/stm32f4xx_hal_tim_ex.c **** 
2142:Drivers/STM32F4xx_HAL_Driver/Src/stm32f4xx_hal_tim_ex.c **** /**
2143:Drivers/STM32F4xx_HAL_Driver/Src/stm32f4xx_hal_tim_ex.c ****   * @brief  Commutation callback in non-blocking mode
2144:Drivers/STM32F4xx_HAL_Driver/Src/stm32f4xx_hal_tim_ex.c ****   * @param  htim TIM handle
2145:Drivers/STM32F4xx_HAL_Driver/Src/stm32f4xx_hal_tim_ex.c ****   * @retval None
2146:Drivers/STM32F4xx_HAL_Driver/Src/stm32f4xx_hal_tim_ex.c ****   */
2147:Drivers/STM32F4xx_HAL_Driver/Src/stm32f4xx_hal_tim_ex.c **** __weak void HAL_TIMEx_CommutCallback(TIM_HandleTypeDef *htim)
2148:Drivers/STM32F4xx_HAL_Driver/Src/stm32f4xx_hal_tim_ex.c **** {
 6068              		.loc 1 2148 1
 6069              		.cfi_startproc
 6070              		@ args = 0, pretend = 0, frame = 8
 6071              		@ frame_needed = 1, uses_anonymous_args = 0
 6072              		@ link register save eliminated.
 6073 0000 80B4     		push	{r7}
 6074              	.LCFI168:
 6075              		.cfi_def_cfa_offset 4
 6076              		.cfi_offset 7, -4
 6077 0002 83B0     		sub	sp, sp, #12
 6078              	.LCFI169:
 6079              		.cfi_def_cfa_offset 16
 6080 0004 00AF     		add	r7, sp, #0
 6081              	.LCFI170:
 6082              		.cfi_def_cfa_register 7
 6083 0006 7860     		str	r0, [r7, #4]
2149:Drivers/STM32F4xx_HAL_Driver/Src/stm32f4xx_hal_tim_ex.c ****   /* Prevent unused argument(s) compilation warning */
2150:Drivers/STM32F4xx_HAL_Driver/Src/stm32f4xx_hal_tim_ex.c ****   UNUSED(htim);
2151:Drivers/STM32F4xx_HAL_Driver/Src/stm32f4xx_hal_tim_ex.c **** 
2152:Drivers/STM32F4xx_HAL_Driver/Src/stm32f4xx_hal_tim_ex.c ****   /* NOTE : This function should not be modified, when the callback is needed,
2153:Drivers/STM32F4xx_HAL_Driver/Src/stm32f4xx_hal_tim_ex.c ****             the HAL_TIMEx_CommutCallback could be implemented in the user file
2154:Drivers/STM32F4xx_HAL_Driver/Src/stm32f4xx_hal_tim_ex.c ****    */
2155:Drivers/STM32F4xx_HAL_Driver/Src/stm32f4xx_hal_tim_ex.c **** }
 6084              		.loc 1 2155 1
 6085 0008 00BF     		nop
 6086 000a 0C37     		adds	r7, r7, #12
 6087              	.LCFI171:
 6088              		.cfi_def_cfa_offset 4
 6089 000c BD46     		mov	sp, r7
 6090              	.LCFI172:
 6091              		.cfi_def_cfa_register 13
 6092              		@ sp needed
 6093 000e 5DF8047B 		ldr	r7, [sp], #4
 6094              	.LCFI173:
 6095              		.cfi_restore 7
 6096              		.cfi_def_cfa_offset 0
 6097 0012 7047     		bx	lr
 6098              		.cfi_endproc
 6099              	.LFE271:
 6101              		.section	.text.HAL_TIMEx_CommutHalfCpltCallback,"ax",%progbits
 6102              		.align	1
 6103              		.weak	HAL_TIMEx_CommutHalfCpltCallback
 6104              		.syntax unified
 6105              		.thumb
 6106              		.thumb_func
 6108              	HAL_TIMEx_CommutHalfCpltCallback:
 6109              	.LFB272:
ARM GAS  /tmp/ccemsrUD.s 			page 145


2156:Drivers/STM32F4xx_HAL_Driver/Src/stm32f4xx_hal_tim_ex.c **** /**
2157:Drivers/STM32F4xx_HAL_Driver/Src/stm32f4xx_hal_tim_ex.c ****   * @brief  Commutation half complete callback in non-blocking mode
2158:Drivers/STM32F4xx_HAL_Driver/Src/stm32f4xx_hal_tim_ex.c ****   * @param  htim TIM handle
2159:Drivers/STM32F4xx_HAL_Driver/Src/stm32f4xx_hal_tim_ex.c ****   * @retval None
2160:Drivers/STM32F4xx_HAL_Driver/Src/stm32f4xx_hal_tim_ex.c ****   */
2161:Drivers/STM32F4xx_HAL_Driver/Src/stm32f4xx_hal_tim_ex.c **** __weak void HAL_TIMEx_CommutHalfCpltCallback(TIM_HandleTypeDef *htim)
2162:Drivers/STM32F4xx_HAL_Driver/Src/stm32f4xx_hal_tim_ex.c **** {
 6110              		.loc 1 2162 1
 6111              		.cfi_startproc
 6112              		@ args = 0, pretend = 0, frame = 8
 6113              		@ frame_needed = 1, uses_anonymous_args = 0
 6114              		@ link register save eliminated.
 6115 0000 80B4     		push	{r7}
 6116              	.LCFI174:
 6117              		.cfi_def_cfa_offset 4
 6118              		.cfi_offset 7, -4
 6119 0002 83B0     		sub	sp, sp, #12
 6120              	.LCFI175:
 6121              		.cfi_def_cfa_offset 16
 6122 0004 00AF     		add	r7, sp, #0
 6123              	.LCFI176:
 6124              		.cfi_def_cfa_register 7
 6125 0006 7860     		str	r0, [r7, #4]
2163:Drivers/STM32F4xx_HAL_Driver/Src/stm32f4xx_hal_tim_ex.c ****   /* Prevent unused argument(s) compilation warning */
2164:Drivers/STM32F4xx_HAL_Driver/Src/stm32f4xx_hal_tim_ex.c ****   UNUSED(htim);
2165:Drivers/STM32F4xx_HAL_Driver/Src/stm32f4xx_hal_tim_ex.c **** 
2166:Drivers/STM32F4xx_HAL_Driver/Src/stm32f4xx_hal_tim_ex.c ****   /* NOTE : This function should not be modified, when the callback is needed,
2167:Drivers/STM32F4xx_HAL_Driver/Src/stm32f4xx_hal_tim_ex.c ****             the HAL_TIMEx_CommutHalfCpltCallback could be implemented in the user file
2168:Drivers/STM32F4xx_HAL_Driver/Src/stm32f4xx_hal_tim_ex.c ****    */
2169:Drivers/STM32F4xx_HAL_Driver/Src/stm32f4xx_hal_tim_ex.c **** }
 6126              		.loc 1 2169 1
 6127 0008 00BF     		nop
 6128 000a 0C37     		adds	r7, r7, #12
 6129              	.LCFI177:
 6130              		.cfi_def_cfa_offset 4
 6131 000c BD46     		mov	sp, r7
 6132              	.LCFI178:
 6133              		.cfi_def_cfa_register 13
 6134              		@ sp needed
 6135 000e 5DF8047B 		ldr	r7, [sp], #4
 6136              	.LCFI179:
 6137              		.cfi_restore 7
 6138              		.cfi_def_cfa_offset 0
 6139 0012 7047     		bx	lr
 6140              		.cfi_endproc
 6141              	.LFE272:
 6143              		.section	.text.HAL_TIMEx_BreakCallback,"ax",%progbits
 6144              		.align	1
 6145              		.weak	HAL_TIMEx_BreakCallback
 6146              		.syntax unified
 6147              		.thumb
 6148              		.thumb_func
 6150              	HAL_TIMEx_BreakCallback:
 6151              	.LFB273:
2170:Drivers/STM32F4xx_HAL_Driver/Src/stm32f4xx_hal_tim_ex.c **** 
2171:Drivers/STM32F4xx_HAL_Driver/Src/stm32f4xx_hal_tim_ex.c **** /**
2172:Drivers/STM32F4xx_HAL_Driver/Src/stm32f4xx_hal_tim_ex.c ****   * @brief  Break detection callback in non-blocking mode
ARM GAS  /tmp/ccemsrUD.s 			page 146


2173:Drivers/STM32F4xx_HAL_Driver/Src/stm32f4xx_hal_tim_ex.c ****   * @param  htim TIM handle
2174:Drivers/STM32F4xx_HAL_Driver/Src/stm32f4xx_hal_tim_ex.c ****   * @retval None
2175:Drivers/STM32F4xx_HAL_Driver/Src/stm32f4xx_hal_tim_ex.c ****   */
2176:Drivers/STM32F4xx_HAL_Driver/Src/stm32f4xx_hal_tim_ex.c **** __weak void HAL_TIMEx_BreakCallback(TIM_HandleTypeDef *htim)
2177:Drivers/STM32F4xx_HAL_Driver/Src/stm32f4xx_hal_tim_ex.c **** {
 6152              		.loc 1 2177 1
 6153              		.cfi_startproc
 6154              		@ args = 0, pretend = 0, frame = 8
 6155              		@ frame_needed = 1, uses_anonymous_args = 0
 6156              		@ link register save eliminated.
 6157 0000 80B4     		push	{r7}
 6158              	.LCFI180:
 6159              		.cfi_def_cfa_offset 4
 6160              		.cfi_offset 7, -4
 6161 0002 83B0     		sub	sp, sp, #12
 6162              	.LCFI181:
 6163              		.cfi_def_cfa_offset 16
 6164 0004 00AF     		add	r7, sp, #0
 6165              	.LCFI182:
 6166              		.cfi_def_cfa_register 7
 6167 0006 7860     		str	r0, [r7, #4]
2178:Drivers/STM32F4xx_HAL_Driver/Src/stm32f4xx_hal_tim_ex.c ****   /* Prevent unused argument(s) compilation warning */
2179:Drivers/STM32F4xx_HAL_Driver/Src/stm32f4xx_hal_tim_ex.c ****   UNUSED(htim);
2180:Drivers/STM32F4xx_HAL_Driver/Src/stm32f4xx_hal_tim_ex.c **** 
2181:Drivers/STM32F4xx_HAL_Driver/Src/stm32f4xx_hal_tim_ex.c ****   /* NOTE : This function should not be modified, when the callback is needed,
2182:Drivers/STM32F4xx_HAL_Driver/Src/stm32f4xx_hal_tim_ex.c ****             the HAL_TIMEx_BreakCallback could be implemented in the user file
2183:Drivers/STM32F4xx_HAL_Driver/Src/stm32f4xx_hal_tim_ex.c ****    */
2184:Drivers/STM32F4xx_HAL_Driver/Src/stm32f4xx_hal_tim_ex.c **** }
 6168              		.loc 1 2184 1
 6169 0008 00BF     		nop
 6170 000a 0C37     		adds	r7, r7, #12
 6171              	.LCFI183:
 6172              		.cfi_def_cfa_offset 4
 6173 000c BD46     		mov	sp, r7
 6174              	.LCFI184:
 6175              		.cfi_def_cfa_register 13
 6176              		@ sp needed
 6177 000e 5DF8047B 		ldr	r7, [sp], #4
 6178              	.LCFI185:
 6179              		.cfi_restore 7
 6180              		.cfi_def_cfa_offset 0
 6181 0012 7047     		bx	lr
 6182              		.cfi_endproc
 6183              	.LFE273:
 6185              		.section	.text.HAL_TIMEx_HallSensor_GetState,"ax",%progbits
 6186              		.align	1
 6187              		.global	HAL_TIMEx_HallSensor_GetState
 6188              		.syntax unified
 6189              		.thumb
 6190              		.thumb_func
 6192              	HAL_TIMEx_HallSensor_GetState:
 6193              	.LFB274:
2185:Drivers/STM32F4xx_HAL_Driver/Src/stm32f4xx_hal_tim_ex.c **** /**
2186:Drivers/STM32F4xx_HAL_Driver/Src/stm32f4xx_hal_tim_ex.c ****   * @}
2187:Drivers/STM32F4xx_HAL_Driver/Src/stm32f4xx_hal_tim_ex.c ****   */
2188:Drivers/STM32F4xx_HAL_Driver/Src/stm32f4xx_hal_tim_ex.c **** 
2189:Drivers/STM32F4xx_HAL_Driver/Src/stm32f4xx_hal_tim_ex.c **** /** @defgroup TIMEx_Exported_Functions_Group7 Extended Peripheral State functions
ARM GAS  /tmp/ccemsrUD.s 			page 147


2190:Drivers/STM32F4xx_HAL_Driver/Src/stm32f4xx_hal_tim_ex.c ****   * @brief    Extended Peripheral State functions
2191:Drivers/STM32F4xx_HAL_Driver/Src/stm32f4xx_hal_tim_ex.c ****   *
2192:Drivers/STM32F4xx_HAL_Driver/Src/stm32f4xx_hal_tim_ex.c **** @verbatim
2193:Drivers/STM32F4xx_HAL_Driver/Src/stm32f4xx_hal_tim_ex.c ****   ==============================================================================
2194:Drivers/STM32F4xx_HAL_Driver/Src/stm32f4xx_hal_tim_ex.c ****                 ##### Extended Peripheral State functions #####
2195:Drivers/STM32F4xx_HAL_Driver/Src/stm32f4xx_hal_tim_ex.c ****   ==============================================================================
2196:Drivers/STM32F4xx_HAL_Driver/Src/stm32f4xx_hal_tim_ex.c ****   [..]
2197:Drivers/STM32F4xx_HAL_Driver/Src/stm32f4xx_hal_tim_ex.c ****     This subsection permits to get in run-time the status of the peripheral
2198:Drivers/STM32F4xx_HAL_Driver/Src/stm32f4xx_hal_tim_ex.c ****     and the data flow.
2199:Drivers/STM32F4xx_HAL_Driver/Src/stm32f4xx_hal_tim_ex.c **** 
2200:Drivers/STM32F4xx_HAL_Driver/Src/stm32f4xx_hal_tim_ex.c **** @endverbatim
2201:Drivers/STM32F4xx_HAL_Driver/Src/stm32f4xx_hal_tim_ex.c ****   * @{
2202:Drivers/STM32F4xx_HAL_Driver/Src/stm32f4xx_hal_tim_ex.c ****   */
2203:Drivers/STM32F4xx_HAL_Driver/Src/stm32f4xx_hal_tim_ex.c **** 
2204:Drivers/STM32F4xx_HAL_Driver/Src/stm32f4xx_hal_tim_ex.c **** /**
2205:Drivers/STM32F4xx_HAL_Driver/Src/stm32f4xx_hal_tim_ex.c ****   * @brief  Return the TIM Hall Sensor interface handle state.
2206:Drivers/STM32F4xx_HAL_Driver/Src/stm32f4xx_hal_tim_ex.c ****   * @param  htim TIM Hall Sensor handle
2207:Drivers/STM32F4xx_HAL_Driver/Src/stm32f4xx_hal_tim_ex.c ****   * @retval HAL state
2208:Drivers/STM32F4xx_HAL_Driver/Src/stm32f4xx_hal_tim_ex.c ****   */
2209:Drivers/STM32F4xx_HAL_Driver/Src/stm32f4xx_hal_tim_ex.c **** HAL_TIM_StateTypeDef HAL_TIMEx_HallSensor_GetState(const TIM_HandleTypeDef *htim)
2210:Drivers/STM32F4xx_HAL_Driver/Src/stm32f4xx_hal_tim_ex.c **** {
 6194              		.loc 1 2210 1
 6195              		.cfi_startproc
 6196              		@ args = 0, pretend = 0, frame = 8
 6197              		@ frame_needed = 1, uses_anonymous_args = 0
 6198              		@ link register save eliminated.
 6199 0000 80B4     		push	{r7}
 6200              	.LCFI186:
 6201              		.cfi_def_cfa_offset 4
 6202              		.cfi_offset 7, -4
 6203 0002 83B0     		sub	sp, sp, #12
 6204              	.LCFI187:
 6205              		.cfi_def_cfa_offset 16
 6206 0004 00AF     		add	r7, sp, #0
 6207              	.LCFI188:
 6208              		.cfi_def_cfa_register 7
 6209 0006 7860     		str	r0, [r7, #4]
2211:Drivers/STM32F4xx_HAL_Driver/Src/stm32f4xx_hal_tim_ex.c ****   return htim->State;
 6210              		.loc 1 2211 14
 6211 0008 7B68     		ldr	r3, [r7, #4]
 6212 000a 93F83D30 		ldrb	r3, [r3, #61]
 6213 000e DBB2     		uxtb	r3, r3
2212:Drivers/STM32F4xx_HAL_Driver/Src/stm32f4xx_hal_tim_ex.c **** }
 6214              		.loc 1 2212 1
 6215 0010 1846     		mov	r0, r3
 6216 0012 0C37     		adds	r7, r7, #12
 6217              	.LCFI189:
 6218              		.cfi_def_cfa_offset 4
 6219 0014 BD46     		mov	sp, r7
 6220              	.LCFI190:
 6221              		.cfi_def_cfa_register 13
 6222              		@ sp needed
 6223 0016 5DF8047B 		ldr	r7, [sp], #4
 6224              	.LCFI191:
 6225              		.cfi_restore 7
 6226              		.cfi_def_cfa_offset 0
 6227 001a 7047     		bx	lr
ARM GAS  /tmp/ccemsrUD.s 			page 148


 6228              		.cfi_endproc
 6229              	.LFE274:
 6231              		.section	.text.HAL_TIMEx_GetChannelNState,"ax",%progbits
 6232              		.align	1
 6233              		.global	HAL_TIMEx_GetChannelNState
 6234              		.syntax unified
 6235              		.thumb
 6236              		.thumb_func
 6238              	HAL_TIMEx_GetChannelNState:
 6239              	.LFB275:
2213:Drivers/STM32F4xx_HAL_Driver/Src/stm32f4xx_hal_tim_ex.c **** 
2214:Drivers/STM32F4xx_HAL_Driver/Src/stm32f4xx_hal_tim_ex.c **** /**
2215:Drivers/STM32F4xx_HAL_Driver/Src/stm32f4xx_hal_tim_ex.c ****   * @brief  Return actual state of the TIM complementary channel.
2216:Drivers/STM32F4xx_HAL_Driver/Src/stm32f4xx_hal_tim_ex.c ****   * @param  htim TIM handle
2217:Drivers/STM32F4xx_HAL_Driver/Src/stm32f4xx_hal_tim_ex.c ****   * @param  ChannelN TIM Complementary channel
2218:Drivers/STM32F4xx_HAL_Driver/Src/stm32f4xx_hal_tim_ex.c ****   *          This parameter can be one of the following values:
2219:Drivers/STM32F4xx_HAL_Driver/Src/stm32f4xx_hal_tim_ex.c ****   *            @arg TIM_CHANNEL_1: TIM Channel 1
2220:Drivers/STM32F4xx_HAL_Driver/Src/stm32f4xx_hal_tim_ex.c ****   *            @arg TIM_CHANNEL_2: TIM Channel 2
2221:Drivers/STM32F4xx_HAL_Driver/Src/stm32f4xx_hal_tim_ex.c ****   *            @arg TIM_CHANNEL_3: TIM Channel 3
2222:Drivers/STM32F4xx_HAL_Driver/Src/stm32f4xx_hal_tim_ex.c ****   * @retval TIM Complementary channel state
2223:Drivers/STM32F4xx_HAL_Driver/Src/stm32f4xx_hal_tim_ex.c ****   */
2224:Drivers/STM32F4xx_HAL_Driver/Src/stm32f4xx_hal_tim_ex.c **** HAL_TIM_ChannelStateTypeDef HAL_TIMEx_GetChannelNState(const TIM_HandleTypeDef *htim,  uint32_t Cha
2225:Drivers/STM32F4xx_HAL_Driver/Src/stm32f4xx_hal_tim_ex.c **** {
 6240              		.loc 1 2225 1
 6241              		.cfi_startproc
 6242              		@ args = 0, pretend = 0, frame = 16
 6243              		@ frame_needed = 1, uses_anonymous_args = 0
 6244              		@ link register save eliminated.
 6245 0000 80B4     		push	{r7}
 6246              	.LCFI192:
 6247              		.cfi_def_cfa_offset 4
 6248              		.cfi_offset 7, -4
 6249 0002 85B0     		sub	sp, sp, #20
 6250              	.LCFI193:
 6251              		.cfi_def_cfa_offset 24
 6252 0004 00AF     		add	r7, sp, #0
 6253              	.LCFI194:
 6254              		.cfi_def_cfa_register 7
 6255 0006 7860     		str	r0, [r7, #4]
 6256 0008 3960     		str	r1, [r7]
2226:Drivers/STM32F4xx_HAL_Driver/Src/stm32f4xx_hal_tim_ex.c ****   HAL_TIM_ChannelStateTypeDef channel_state;
2227:Drivers/STM32F4xx_HAL_Driver/Src/stm32f4xx_hal_tim_ex.c **** 
2228:Drivers/STM32F4xx_HAL_Driver/Src/stm32f4xx_hal_tim_ex.c ****   /* Check the parameters */
2229:Drivers/STM32F4xx_HAL_Driver/Src/stm32f4xx_hal_tim_ex.c ****   assert_param(IS_TIM_CCXN_INSTANCE(htim->Instance, ChannelN));
2230:Drivers/STM32F4xx_HAL_Driver/Src/stm32f4xx_hal_tim_ex.c **** 
2231:Drivers/STM32F4xx_HAL_Driver/Src/stm32f4xx_hal_tim_ex.c ****   channel_state = TIM_CHANNEL_N_STATE_GET(htim, ChannelN);
 6257              		.loc 1 2231 19
 6258 000a 3B68     		ldr	r3, [r7]
 6259 000c 002B     		cmp	r3, #0
 6260 000e 04D1     		bne	.L368
 6261              		.loc 1 2231 19 is_stmt 0 discriminator 1
 6262 0010 7B68     		ldr	r3, [r7, #4]
 6263 0012 93F84230 		ldrb	r3, [r3, #66]
 6264 0016 DBB2     		uxtb	r3, r3
 6265 0018 13E0     		b	.L369
 6266              	.L368:
 6267              		.loc 1 2231 19 discriminator 2
ARM GAS  /tmp/ccemsrUD.s 			page 149


 6268 001a 3B68     		ldr	r3, [r7]
 6269 001c 042B     		cmp	r3, #4
 6270 001e 04D1     		bne	.L370
 6271              		.loc 1 2231 19 discriminator 4
 6272 0020 7B68     		ldr	r3, [r7, #4]
 6273 0022 93F84330 		ldrb	r3, [r3, #67]
 6274 0026 DBB2     		uxtb	r3, r3
 6275 0028 0BE0     		b	.L369
 6276              	.L370:
 6277              		.loc 1 2231 19 discriminator 5
 6278 002a 3B68     		ldr	r3, [r7]
 6279 002c 082B     		cmp	r3, #8
 6280 002e 04D1     		bne	.L372
 6281              		.loc 1 2231 19 discriminator 7
 6282 0030 7B68     		ldr	r3, [r7, #4]
 6283 0032 93F84430 		ldrb	r3, [r3, #68]
 6284 0036 DBB2     		uxtb	r3, r3
 6285 0038 03E0     		b	.L369
 6286              	.L372:
 6287              		.loc 1 2231 19 discriminator 8
 6288 003a 7B68     		ldr	r3, [r7, #4]
 6289 003c 93F84530 		ldrb	r3, [r3, #69]
 6290 0040 DBB2     		uxtb	r3, r3
 6291              	.L369:
 6292              		.loc 1 2231 17 is_stmt 1 discriminator 12
 6293 0042 FB73     		strb	r3, [r7, #15]
2232:Drivers/STM32F4xx_HAL_Driver/Src/stm32f4xx_hal_tim_ex.c **** 
2233:Drivers/STM32F4xx_HAL_Driver/Src/stm32f4xx_hal_tim_ex.c ****   return channel_state;
 6294              		.loc 1 2233 10 discriminator 12
 6295 0044 FB7B     		ldrb	r3, [r7, #15]	@ zero_extendqisi2
2234:Drivers/STM32F4xx_HAL_Driver/Src/stm32f4xx_hal_tim_ex.c **** }
 6296              		.loc 1 2234 1 discriminator 12
 6297 0046 1846     		mov	r0, r3
 6298 0048 1437     		adds	r7, r7, #20
 6299              	.LCFI195:
 6300              		.cfi_def_cfa_offset 4
 6301 004a BD46     		mov	sp, r7
 6302              	.LCFI196:
 6303              		.cfi_def_cfa_register 13
 6304              		@ sp needed
 6305 004c 5DF8047B 		ldr	r7, [sp], #4
 6306              	.LCFI197:
 6307              		.cfi_restore 7
 6308              		.cfi_def_cfa_offset 0
 6309 0050 7047     		bx	lr
 6310              		.cfi_endproc
 6311              	.LFE275:
 6313              		.section	.text.TIMEx_DMACommutationCplt,"ax",%progbits
 6314              		.align	1
 6315              		.global	TIMEx_DMACommutationCplt
 6316              		.syntax unified
 6317              		.thumb
 6318              		.thumb_func
 6320              	TIMEx_DMACommutationCplt:
 6321              	.LFB276:
2235:Drivers/STM32F4xx_HAL_Driver/Src/stm32f4xx_hal_tim_ex.c **** /**
2236:Drivers/STM32F4xx_HAL_Driver/Src/stm32f4xx_hal_tim_ex.c ****   * @}
ARM GAS  /tmp/ccemsrUD.s 			page 150


2237:Drivers/STM32F4xx_HAL_Driver/Src/stm32f4xx_hal_tim_ex.c ****   */
2238:Drivers/STM32F4xx_HAL_Driver/Src/stm32f4xx_hal_tim_ex.c **** 
2239:Drivers/STM32F4xx_HAL_Driver/Src/stm32f4xx_hal_tim_ex.c **** /**
2240:Drivers/STM32F4xx_HAL_Driver/Src/stm32f4xx_hal_tim_ex.c ****   * @}
2241:Drivers/STM32F4xx_HAL_Driver/Src/stm32f4xx_hal_tim_ex.c ****   */
2242:Drivers/STM32F4xx_HAL_Driver/Src/stm32f4xx_hal_tim_ex.c **** 
2243:Drivers/STM32F4xx_HAL_Driver/Src/stm32f4xx_hal_tim_ex.c **** /* Private functions ---------------------------------------------------------*/
2244:Drivers/STM32F4xx_HAL_Driver/Src/stm32f4xx_hal_tim_ex.c **** /** @defgroup TIMEx_Private_Functions TIM Extended Private Functions
2245:Drivers/STM32F4xx_HAL_Driver/Src/stm32f4xx_hal_tim_ex.c ****   * @{
2246:Drivers/STM32F4xx_HAL_Driver/Src/stm32f4xx_hal_tim_ex.c ****   */
2247:Drivers/STM32F4xx_HAL_Driver/Src/stm32f4xx_hal_tim_ex.c **** 
2248:Drivers/STM32F4xx_HAL_Driver/Src/stm32f4xx_hal_tim_ex.c **** /**
2249:Drivers/STM32F4xx_HAL_Driver/Src/stm32f4xx_hal_tim_ex.c ****   * @brief  TIM DMA Commutation callback.
2250:Drivers/STM32F4xx_HAL_Driver/Src/stm32f4xx_hal_tim_ex.c ****   * @param  hdma pointer to DMA handle.
2251:Drivers/STM32F4xx_HAL_Driver/Src/stm32f4xx_hal_tim_ex.c ****   * @retval None
2252:Drivers/STM32F4xx_HAL_Driver/Src/stm32f4xx_hal_tim_ex.c ****   */
2253:Drivers/STM32F4xx_HAL_Driver/Src/stm32f4xx_hal_tim_ex.c **** void TIMEx_DMACommutationCplt(DMA_HandleTypeDef *hdma)
2254:Drivers/STM32F4xx_HAL_Driver/Src/stm32f4xx_hal_tim_ex.c **** {
 6322              		.loc 1 2254 1
 6323              		.cfi_startproc
 6324              		@ args = 0, pretend = 0, frame = 16
 6325              		@ frame_needed = 1, uses_anonymous_args = 0
 6326 0000 80B5     		push	{r7, lr}
 6327              	.LCFI198:
 6328              		.cfi_def_cfa_offset 8
 6329              		.cfi_offset 7, -8
 6330              		.cfi_offset 14, -4
 6331 0002 84B0     		sub	sp, sp, #16
 6332              	.LCFI199:
 6333              		.cfi_def_cfa_offset 24
 6334 0004 00AF     		add	r7, sp, #0
 6335              	.LCFI200:
 6336              		.cfi_def_cfa_register 7
 6337 0006 7860     		str	r0, [r7, #4]
2255:Drivers/STM32F4xx_HAL_Driver/Src/stm32f4xx_hal_tim_ex.c ****   TIM_HandleTypeDef *htim = (TIM_HandleTypeDef *)((DMA_HandleTypeDef *)hdma)->Parent;
 6338              		.loc 1 2255 22
 6339 0008 7B68     		ldr	r3, [r7, #4]
 6340 000a 9B6B     		ldr	r3, [r3, #56]
 6341 000c FB60     		str	r3, [r7, #12]
2256:Drivers/STM32F4xx_HAL_Driver/Src/stm32f4xx_hal_tim_ex.c **** 
2257:Drivers/STM32F4xx_HAL_Driver/Src/stm32f4xx_hal_tim_ex.c ****   /* Change the htim state */
2258:Drivers/STM32F4xx_HAL_Driver/Src/stm32f4xx_hal_tim_ex.c ****   htim->State = HAL_TIM_STATE_READY;
 6342              		.loc 1 2258 15
 6343 000e FB68     		ldr	r3, [r7, #12]
 6344 0010 0122     		movs	r2, #1
 6345 0012 83F83D20 		strb	r2, [r3, #61]
2259:Drivers/STM32F4xx_HAL_Driver/Src/stm32f4xx_hal_tim_ex.c **** 
2260:Drivers/STM32F4xx_HAL_Driver/Src/stm32f4xx_hal_tim_ex.c **** #if (USE_HAL_TIM_REGISTER_CALLBACKS == 1)
2261:Drivers/STM32F4xx_HAL_Driver/Src/stm32f4xx_hal_tim_ex.c ****   htim->CommutationCallback(htim);
2262:Drivers/STM32F4xx_HAL_Driver/Src/stm32f4xx_hal_tim_ex.c **** #else
2263:Drivers/STM32F4xx_HAL_Driver/Src/stm32f4xx_hal_tim_ex.c ****   HAL_TIMEx_CommutCallback(htim);
 6346              		.loc 1 2263 3
 6347 0016 F868     		ldr	r0, [r7, #12]
 6348 0018 FFF7FEFF 		bl	HAL_TIMEx_CommutCallback
2264:Drivers/STM32F4xx_HAL_Driver/Src/stm32f4xx_hal_tim_ex.c **** #endif /* USE_HAL_TIM_REGISTER_CALLBACKS */
2265:Drivers/STM32F4xx_HAL_Driver/Src/stm32f4xx_hal_tim_ex.c **** }
 6349              		.loc 1 2265 1
ARM GAS  /tmp/ccemsrUD.s 			page 151


 6350 001c 00BF     		nop
 6351 001e 1037     		adds	r7, r7, #16
 6352              	.LCFI201:
 6353              		.cfi_def_cfa_offset 8
 6354 0020 BD46     		mov	sp, r7
 6355              	.LCFI202:
 6356              		.cfi_def_cfa_register 13
 6357              		@ sp needed
 6358 0022 80BD     		pop	{r7, pc}
 6359              		.cfi_endproc
 6360              	.LFE276:
 6362              		.section	.text.TIMEx_DMACommutationHalfCplt,"ax",%progbits
 6363              		.align	1
 6364              		.global	TIMEx_DMACommutationHalfCplt
 6365              		.syntax unified
 6366              		.thumb
 6367              		.thumb_func
 6369              	TIMEx_DMACommutationHalfCplt:
 6370              	.LFB277:
2266:Drivers/STM32F4xx_HAL_Driver/Src/stm32f4xx_hal_tim_ex.c **** 
2267:Drivers/STM32F4xx_HAL_Driver/Src/stm32f4xx_hal_tim_ex.c **** /**
2268:Drivers/STM32F4xx_HAL_Driver/Src/stm32f4xx_hal_tim_ex.c ****   * @brief  TIM DMA Commutation half complete callback.
2269:Drivers/STM32F4xx_HAL_Driver/Src/stm32f4xx_hal_tim_ex.c ****   * @param  hdma pointer to DMA handle.
2270:Drivers/STM32F4xx_HAL_Driver/Src/stm32f4xx_hal_tim_ex.c ****   * @retval None
2271:Drivers/STM32F4xx_HAL_Driver/Src/stm32f4xx_hal_tim_ex.c ****   */
2272:Drivers/STM32F4xx_HAL_Driver/Src/stm32f4xx_hal_tim_ex.c **** void TIMEx_DMACommutationHalfCplt(DMA_HandleTypeDef *hdma)
2273:Drivers/STM32F4xx_HAL_Driver/Src/stm32f4xx_hal_tim_ex.c **** {
 6371              		.loc 1 2273 1
 6372              		.cfi_startproc
 6373              		@ args = 0, pretend = 0, frame = 16
 6374              		@ frame_needed = 1, uses_anonymous_args = 0
 6375 0000 80B5     		push	{r7, lr}
 6376              	.LCFI203:
 6377              		.cfi_def_cfa_offset 8
 6378              		.cfi_offset 7, -8
 6379              		.cfi_offset 14, -4
 6380 0002 84B0     		sub	sp, sp, #16
 6381              	.LCFI204:
 6382              		.cfi_def_cfa_offset 24
 6383 0004 00AF     		add	r7, sp, #0
 6384              	.LCFI205:
 6385              		.cfi_def_cfa_register 7
 6386 0006 7860     		str	r0, [r7, #4]
2274:Drivers/STM32F4xx_HAL_Driver/Src/stm32f4xx_hal_tim_ex.c ****   TIM_HandleTypeDef *htim = (TIM_HandleTypeDef *)((DMA_HandleTypeDef *)hdma)->Parent;
 6387              		.loc 1 2274 22
 6388 0008 7B68     		ldr	r3, [r7, #4]
 6389 000a 9B6B     		ldr	r3, [r3, #56]
 6390 000c FB60     		str	r3, [r7, #12]
2275:Drivers/STM32F4xx_HAL_Driver/Src/stm32f4xx_hal_tim_ex.c **** 
2276:Drivers/STM32F4xx_HAL_Driver/Src/stm32f4xx_hal_tim_ex.c ****   /* Change the htim state */
2277:Drivers/STM32F4xx_HAL_Driver/Src/stm32f4xx_hal_tim_ex.c ****   htim->State = HAL_TIM_STATE_READY;
 6391              		.loc 1 2277 15
 6392 000e FB68     		ldr	r3, [r7, #12]
 6393 0010 0122     		movs	r2, #1
 6394 0012 83F83D20 		strb	r2, [r3, #61]
2278:Drivers/STM32F4xx_HAL_Driver/Src/stm32f4xx_hal_tim_ex.c **** 
2279:Drivers/STM32F4xx_HAL_Driver/Src/stm32f4xx_hal_tim_ex.c **** #if (USE_HAL_TIM_REGISTER_CALLBACKS == 1)
ARM GAS  /tmp/ccemsrUD.s 			page 152


2280:Drivers/STM32F4xx_HAL_Driver/Src/stm32f4xx_hal_tim_ex.c ****   htim->CommutationHalfCpltCallback(htim);
2281:Drivers/STM32F4xx_HAL_Driver/Src/stm32f4xx_hal_tim_ex.c **** #else
2282:Drivers/STM32F4xx_HAL_Driver/Src/stm32f4xx_hal_tim_ex.c ****   HAL_TIMEx_CommutHalfCpltCallback(htim);
 6395              		.loc 1 2282 3
 6396 0016 F868     		ldr	r0, [r7, #12]
 6397 0018 FFF7FEFF 		bl	HAL_TIMEx_CommutHalfCpltCallback
2283:Drivers/STM32F4xx_HAL_Driver/Src/stm32f4xx_hal_tim_ex.c **** #endif /* USE_HAL_TIM_REGISTER_CALLBACKS */
2284:Drivers/STM32F4xx_HAL_Driver/Src/stm32f4xx_hal_tim_ex.c **** }
 6398              		.loc 1 2284 1
 6399 001c 00BF     		nop
 6400 001e 1037     		adds	r7, r7, #16
 6401              	.LCFI206:
 6402              		.cfi_def_cfa_offset 8
 6403 0020 BD46     		mov	sp, r7
 6404              	.LCFI207:
 6405              		.cfi_def_cfa_register 13
 6406              		@ sp needed
 6407 0022 80BD     		pop	{r7, pc}
 6408              		.cfi_endproc
 6409              	.LFE277:
 6411              		.section	.text.TIM_DMADelayPulseNCplt,"ax",%progbits
 6412              		.align	1
 6413              		.syntax unified
 6414              		.thumb
 6415              		.thumb_func
 6417              	TIM_DMADelayPulseNCplt:
 6418              	.LFB278:
2285:Drivers/STM32F4xx_HAL_Driver/Src/stm32f4xx_hal_tim_ex.c **** 
2286:Drivers/STM32F4xx_HAL_Driver/Src/stm32f4xx_hal_tim_ex.c **** 
2287:Drivers/STM32F4xx_HAL_Driver/Src/stm32f4xx_hal_tim_ex.c **** /**
2288:Drivers/STM32F4xx_HAL_Driver/Src/stm32f4xx_hal_tim_ex.c ****   * @brief  TIM DMA Delay Pulse complete callback (complementary channel).
2289:Drivers/STM32F4xx_HAL_Driver/Src/stm32f4xx_hal_tim_ex.c ****   * @param  hdma pointer to DMA handle.
2290:Drivers/STM32F4xx_HAL_Driver/Src/stm32f4xx_hal_tim_ex.c ****   * @retval None
2291:Drivers/STM32F4xx_HAL_Driver/Src/stm32f4xx_hal_tim_ex.c ****   */
2292:Drivers/STM32F4xx_HAL_Driver/Src/stm32f4xx_hal_tim_ex.c **** static void TIM_DMADelayPulseNCplt(DMA_HandleTypeDef *hdma)
2293:Drivers/STM32F4xx_HAL_Driver/Src/stm32f4xx_hal_tim_ex.c **** {
 6419              		.loc 1 2293 1
 6420              		.cfi_startproc
 6421              		@ args = 0, pretend = 0, frame = 16
 6422              		@ frame_needed = 1, uses_anonymous_args = 0
 6423 0000 80B5     		push	{r7, lr}
 6424              	.LCFI208:
 6425              		.cfi_def_cfa_offset 8
 6426              		.cfi_offset 7, -8
 6427              		.cfi_offset 14, -4
 6428 0002 84B0     		sub	sp, sp, #16
 6429              	.LCFI209:
 6430              		.cfi_def_cfa_offset 24
 6431 0004 00AF     		add	r7, sp, #0
 6432              	.LCFI210:
 6433              		.cfi_def_cfa_register 7
 6434 0006 7860     		str	r0, [r7, #4]
2294:Drivers/STM32F4xx_HAL_Driver/Src/stm32f4xx_hal_tim_ex.c ****   TIM_HandleTypeDef *htim = (TIM_HandleTypeDef *)((DMA_HandleTypeDef *)hdma)->Parent;
 6435              		.loc 1 2294 22
 6436 0008 7B68     		ldr	r3, [r7, #4]
 6437 000a 9B6B     		ldr	r3, [r3, #56]
 6438 000c FB60     		str	r3, [r7, #12]
ARM GAS  /tmp/ccemsrUD.s 			page 153


2295:Drivers/STM32F4xx_HAL_Driver/Src/stm32f4xx_hal_tim_ex.c **** 
2296:Drivers/STM32F4xx_HAL_Driver/Src/stm32f4xx_hal_tim_ex.c ****   if (hdma == htim->hdma[TIM_DMA_ID_CC1])
 6439              		.loc 1 2296 25
 6440 000e FB68     		ldr	r3, [r7, #12]
 6441 0010 5B6A     		ldr	r3, [r3, #36]
 6442              		.loc 1 2296 6
 6443 0012 7A68     		ldr	r2, [r7, #4]
 6444 0014 9A42     		cmp	r2, r3
 6445 0016 0BD1     		bne	.L378
2297:Drivers/STM32F4xx_HAL_Driver/Src/stm32f4xx_hal_tim_ex.c ****   {
2298:Drivers/STM32F4xx_HAL_Driver/Src/stm32f4xx_hal_tim_ex.c ****     htim->Channel = HAL_TIM_ACTIVE_CHANNEL_1;
 6446              		.loc 1 2298 19
 6447 0018 FB68     		ldr	r3, [r7, #12]
 6448 001a 0122     		movs	r2, #1
 6449 001c 1A77     		strb	r2, [r3, #28]
2299:Drivers/STM32F4xx_HAL_Driver/Src/stm32f4xx_hal_tim_ex.c **** 
2300:Drivers/STM32F4xx_HAL_Driver/Src/stm32f4xx_hal_tim_ex.c ****     if (hdma->Init.Mode == DMA_NORMAL)
 6450              		.loc 1 2300 19
 6451 001e 7B68     		ldr	r3, [r7, #4]
 6452 0020 DB69     		ldr	r3, [r3, #28]
 6453              		.loc 1 2300 8
 6454 0022 002B     		cmp	r3, #0
 6455 0024 25D1     		bne	.L379
2301:Drivers/STM32F4xx_HAL_Driver/Src/stm32f4xx_hal_tim_ex.c ****     {
2302:Drivers/STM32F4xx_HAL_Driver/Src/stm32f4xx_hal_tim_ex.c ****       TIM_CHANNEL_N_STATE_SET(htim, TIM_CHANNEL_1, HAL_TIM_CHANNEL_STATE_READY);
 6456              		.loc 1 2302 7
 6457 0026 FB68     		ldr	r3, [r7, #12]
 6458 0028 0122     		movs	r2, #1
 6459 002a 83F84220 		strb	r2, [r3, #66]
 6460 002e 20E0     		b	.L379
 6461              	.L378:
2303:Drivers/STM32F4xx_HAL_Driver/Src/stm32f4xx_hal_tim_ex.c ****     }
2304:Drivers/STM32F4xx_HAL_Driver/Src/stm32f4xx_hal_tim_ex.c ****   }
2305:Drivers/STM32F4xx_HAL_Driver/Src/stm32f4xx_hal_tim_ex.c ****   else if (hdma == htim->hdma[TIM_DMA_ID_CC2])
 6462              		.loc 1 2305 30
 6463 0030 FB68     		ldr	r3, [r7, #12]
 6464 0032 9B6A     		ldr	r3, [r3, #40]
 6465              		.loc 1 2305 11
 6466 0034 7A68     		ldr	r2, [r7, #4]
 6467 0036 9A42     		cmp	r2, r3
 6468 0038 0BD1     		bne	.L380
2306:Drivers/STM32F4xx_HAL_Driver/Src/stm32f4xx_hal_tim_ex.c ****   {
2307:Drivers/STM32F4xx_HAL_Driver/Src/stm32f4xx_hal_tim_ex.c ****     htim->Channel = HAL_TIM_ACTIVE_CHANNEL_2;
 6469              		.loc 1 2307 19
 6470 003a FB68     		ldr	r3, [r7, #12]
 6471 003c 0222     		movs	r2, #2
 6472 003e 1A77     		strb	r2, [r3, #28]
2308:Drivers/STM32F4xx_HAL_Driver/Src/stm32f4xx_hal_tim_ex.c **** 
2309:Drivers/STM32F4xx_HAL_Driver/Src/stm32f4xx_hal_tim_ex.c ****     if (hdma->Init.Mode == DMA_NORMAL)
 6473              		.loc 1 2309 19
 6474 0040 7B68     		ldr	r3, [r7, #4]
 6475 0042 DB69     		ldr	r3, [r3, #28]
 6476              		.loc 1 2309 8
 6477 0044 002B     		cmp	r3, #0
 6478 0046 14D1     		bne	.L379
2310:Drivers/STM32F4xx_HAL_Driver/Src/stm32f4xx_hal_tim_ex.c ****     {
2311:Drivers/STM32F4xx_HAL_Driver/Src/stm32f4xx_hal_tim_ex.c ****       TIM_CHANNEL_N_STATE_SET(htim, TIM_CHANNEL_2, HAL_TIM_CHANNEL_STATE_READY);
ARM GAS  /tmp/ccemsrUD.s 			page 154


 6479              		.loc 1 2311 7
 6480 0048 FB68     		ldr	r3, [r7, #12]
 6481 004a 0122     		movs	r2, #1
 6482 004c 83F84320 		strb	r2, [r3, #67]
 6483 0050 0FE0     		b	.L379
 6484              	.L380:
2312:Drivers/STM32F4xx_HAL_Driver/Src/stm32f4xx_hal_tim_ex.c ****     }
2313:Drivers/STM32F4xx_HAL_Driver/Src/stm32f4xx_hal_tim_ex.c ****   }
2314:Drivers/STM32F4xx_HAL_Driver/Src/stm32f4xx_hal_tim_ex.c ****   else if (hdma == htim->hdma[TIM_DMA_ID_CC3])
 6485              		.loc 1 2314 30
 6486 0052 FB68     		ldr	r3, [r7, #12]
 6487 0054 DB6A     		ldr	r3, [r3, #44]
 6488              		.loc 1 2314 11
 6489 0056 7A68     		ldr	r2, [r7, #4]
 6490 0058 9A42     		cmp	r2, r3
 6491 005a 0AD1     		bne	.L379
2315:Drivers/STM32F4xx_HAL_Driver/Src/stm32f4xx_hal_tim_ex.c ****   {
2316:Drivers/STM32F4xx_HAL_Driver/Src/stm32f4xx_hal_tim_ex.c ****     htim->Channel = HAL_TIM_ACTIVE_CHANNEL_3;
 6492              		.loc 1 2316 19
 6493 005c FB68     		ldr	r3, [r7, #12]
 6494 005e 0422     		movs	r2, #4
 6495 0060 1A77     		strb	r2, [r3, #28]
2317:Drivers/STM32F4xx_HAL_Driver/Src/stm32f4xx_hal_tim_ex.c **** 
2318:Drivers/STM32F4xx_HAL_Driver/Src/stm32f4xx_hal_tim_ex.c ****     if (hdma->Init.Mode == DMA_NORMAL)
 6496              		.loc 1 2318 19
 6497 0062 7B68     		ldr	r3, [r7, #4]
 6498 0064 DB69     		ldr	r3, [r3, #28]
 6499              		.loc 1 2318 8
 6500 0066 002B     		cmp	r3, #0
 6501 0068 03D1     		bne	.L379
2319:Drivers/STM32F4xx_HAL_Driver/Src/stm32f4xx_hal_tim_ex.c ****     {
2320:Drivers/STM32F4xx_HAL_Driver/Src/stm32f4xx_hal_tim_ex.c ****       TIM_CHANNEL_N_STATE_SET(htim, TIM_CHANNEL_3, HAL_TIM_CHANNEL_STATE_READY);
 6502              		.loc 1 2320 7
 6503 006a FB68     		ldr	r3, [r7, #12]
 6504 006c 0122     		movs	r2, #1
 6505 006e 83F84420 		strb	r2, [r3, #68]
 6506              	.L379:
2321:Drivers/STM32F4xx_HAL_Driver/Src/stm32f4xx_hal_tim_ex.c ****     }
2322:Drivers/STM32F4xx_HAL_Driver/Src/stm32f4xx_hal_tim_ex.c ****   }
2323:Drivers/STM32F4xx_HAL_Driver/Src/stm32f4xx_hal_tim_ex.c ****   else
2324:Drivers/STM32F4xx_HAL_Driver/Src/stm32f4xx_hal_tim_ex.c ****   {
2325:Drivers/STM32F4xx_HAL_Driver/Src/stm32f4xx_hal_tim_ex.c ****     /* nothing to do */
2326:Drivers/STM32F4xx_HAL_Driver/Src/stm32f4xx_hal_tim_ex.c ****   }
2327:Drivers/STM32F4xx_HAL_Driver/Src/stm32f4xx_hal_tim_ex.c **** 
2328:Drivers/STM32F4xx_HAL_Driver/Src/stm32f4xx_hal_tim_ex.c **** #if (USE_HAL_TIM_REGISTER_CALLBACKS == 1)
2329:Drivers/STM32F4xx_HAL_Driver/Src/stm32f4xx_hal_tim_ex.c ****   htim->PWM_PulseFinishedCallback(htim);
2330:Drivers/STM32F4xx_HAL_Driver/Src/stm32f4xx_hal_tim_ex.c **** #else
2331:Drivers/STM32F4xx_HAL_Driver/Src/stm32f4xx_hal_tim_ex.c ****   HAL_TIM_PWM_PulseFinishedCallback(htim);
 6507              		.loc 1 2331 3
 6508 0072 F868     		ldr	r0, [r7, #12]
 6509 0074 FFF7FEFF 		bl	HAL_TIM_PWM_PulseFinishedCallback
2332:Drivers/STM32F4xx_HAL_Driver/Src/stm32f4xx_hal_tim_ex.c **** #endif /* USE_HAL_TIM_REGISTER_CALLBACKS */
2333:Drivers/STM32F4xx_HAL_Driver/Src/stm32f4xx_hal_tim_ex.c **** 
2334:Drivers/STM32F4xx_HAL_Driver/Src/stm32f4xx_hal_tim_ex.c ****   htim->Channel = HAL_TIM_ACTIVE_CHANNEL_CLEARED;
 6510              		.loc 1 2334 17
 6511 0078 FB68     		ldr	r3, [r7, #12]
 6512 007a 0022     		movs	r2, #0
ARM GAS  /tmp/ccemsrUD.s 			page 155


 6513 007c 1A77     		strb	r2, [r3, #28]
2335:Drivers/STM32F4xx_HAL_Driver/Src/stm32f4xx_hal_tim_ex.c **** }
 6514              		.loc 1 2335 1
 6515 007e 00BF     		nop
 6516 0080 1037     		adds	r7, r7, #16
 6517              	.LCFI211:
 6518              		.cfi_def_cfa_offset 8
 6519 0082 BD46     		mov	sp, r7
 6520              	.LCFI212:
 6521              		.cfi_def_cfa_register 13
 6522              		@ sp needed
 6523 0084 80BD     		pop	{r7, pc}
 6524              		.cfi_endproc
 6525              	.LFE278:
 6527              		.section	.text.TIM_DMAErrorCCxN,"ax",%progbits
 6528              		.align	1
 6529              		.syntax unified
 6530              		.thumb
 6531              		.thumb_func
 6533              	TIM_DMAErrorCCxN:
 6534              	.LFB279:
2336:Drivers/STM32F4xx_HAL_Driver/Src/stm32f4xx_hal_tim_ex.c **** 
2337:Drivers/STM32F4xx_HAL_Driver/Src/stm32f4xx_hal_tim_ex.c **** /**
2338:Drivers/STM32F4xx_HAL_Driver/Src/stm32f4xx_hal_tim_ex.c ****   * @brief  TIM DMA error callback (complementary channel)
2339:Drivers/STM32F4xx_HAL_Driver/Src/stm32f4xx_hal_tim_ex.c ****   * @param  hdma pointer to DMA handle.
2340:Drivers/STM32F4xx_HAL_Driver/Src/stm32f4xx_hal_tim_ex.c ****   * @retval None
2341:Drivers/STM32F4xx_HAL_Driver/Src/stm32f4xx_hal_tim_ex.c ****   */
2342:Drivers/STM32F4xx_HAL_Driver/Src/stm32f4xx_hal_tim_ex.c **** static void TIM_DMAErrorCCxN(DMA_HandleTypeDef *hdma)
2343:Drivers/STM32F4xx_HAL_Driver/Src/stm32f4xx_hal_tim_ex.c **** {
 6535              		.loc 1 2343 1
 6536              		.cfi_startproc
 6537              		@ args = 0, pretend = 0, frame = 16
 6538              		@ frame_needed = 1, uses_anonymous_args = 0
 6539 0000 80B5     		push	{r7, lr}
 6540              	.LCFI213:
 6541              		.cfi_def_cfa_offset 8
 6542              		.cfi_offset 7, -8
 6543              		.cfi_offset 14, -4
 6544 0002 84B0     		sub	sp, sp, #16
 6545              	.LCFI214:
 6546              		.cfi_def_cfa_offset 24
 6547 0004 00AF     		add	r7, sp, #0
 6548              	.LCFI215:
 6549              		.cfi_def_cfa_register 7
 6550 0006 7860     		str	r0, [r7, #4]
2344:Drivers/STM32F4xx_HAL_Driver/Src/stm32f4xx_hal_tim_ex.c ****   TIM_HandleTypeDef *htim = (TIM_HandleTypeDef *)((DMA_HandleTypeDef *)hdma)->Parent;
 6551              		.loc 1 2344 22
 6552 0008 7B68     		ldr	r3, [r7, #4]
 6553 000a 9B6B     		ldr	r3, [r3, #56]
 6554 000c FB60     		str	r3, [r7, #12]
2345:Drivers/STM32F4xx_HAL_Driver/Src/stm32f4xx_hal_tim_ex.c **** 
2346:Drivers/STM32F4xx_HAL_Driver/Src/stm32f4xx_hal_tim_ex.c ****   if (hdma == htim->hdma[TIM_DMA_ID_CC1])
 6555              		.loc 1 2346 25
 6556 000e FB68     		ldr	r3, [r7, #12]
 6557 0010 5B6A     		ldr	r3, [r3, #36]
 6558              		.loc 1 2346 6
 6559 0012 7A68     		ldr	r2, [r7, #4]
ARM GAS  /tmp/ccemsrUD.s 			page 156


 6560 0014 9A42     		cmp	r2, r3
 6561 0016 07D1     		bne	.L382
2347:Drivers/STM32F4xx_HAL_Driver/Src/stm32f4xx_hal_tim_ex.c ****   {
2348:Drivers/STM32F4xx_HAL_Driver/Src/stm32f4xx_hal_tim_ex.c ****     htim->Channel = HAL_TIM_ACTIVE_CHANNEL_1;
 6562              		.loc 1 2348 19
 6563 0018 FB68     		ldr	r3, [r7, #12]
 6564 001a 0122     		movs	r2, #1
 6565 001c 1A77     		strb	r2, [r3, #28]
2349:Drivers/STM32F4xx_HAL_Driver/Src/stm32f4xx_hal_tim_ex.c ****     TIM_CHANNEL_N_STATE_SET(htim, TIM_CHANNEL_1, HAL_TIM_CHANNEL_STATE_READY);
 6566              		.loc 1 2349 5
 6567 001e FB68     		ldr	r3, [r7, #12]
 6568 0020 0122     		movs	r2, #1
 6569 0022 83F84220 		strb	r2, [r3, #66]
 6570 0026 18E0     		b	.L383
 6571              	.L382:
2350:Drivers/STM32F4xx_HAL_Driver/Src/stm32f4xx_hal_tim_ex.c ****   }
2351:Drivers/STM32F4xx_HAL_Driver/Src/stm32f4xx_hal_tim_ex.c ****   else if (hdma == htim->hdma[TIM_DMA_ID_CC2])
 6572              		.loc 1 2351 30
 6573 0028 FB68     		ldr	r3, [r7, #12]
 6574 002a 9B6A     		ldr	r3, [r3, #40]
 6575              		.loc 1 2351 11
 6576 002c 7A68     		ldr	r2, [r7, #4]
 6577 002e 9A42     		cmp	r2, r3
 6578 0030 07D1     		bne	.L384
2352:Drivers/STM32F4xx_HAL_Driver/Src/stm32f4xx_hal_tim_ex.c ****   {
2353:Drivers/STM32F4xx_HAL_Driver/Src/stm32f4xx_hal_tim_ex.c ****     htim->Channel = HAL_TIM_ACTIVE_CHANNEL_2;
 6579              		.loc 1 2353 19
 6580 0032 FB68     		ldr	r3, [r7, #12]
 6581 0034 0222     		movs	r2, #2
 6582 0036 1A77     		strb	r2, [r3, #28]
2354:Drivers/STM32F4xx_HAL_Driver/Src/stm32f4xx_hal_tim_ex.c ****     TIM_CHANNEL_N_STATE_SET(htim, TIM_CHANNEL_2, HAL_TIM_CHANNEL_STATE_READY);
 6583              		.loc 1 2354 5
 6584 0038 FB68     		ldr	r3, [r7, #12]
 6585 003a 0122     		movs	r2, #1
 6586 003c 83F84320 		strb	r2, [r3, #67]
 6587 0040 0BE0     		b	.L383
 6588              	.L384:
2355:Drivers/STM32F4xx_HAL_Driver/Src/stm32f4xx_hal_tim_ex.c ****   }
2356:Drivers/STM32F4xx_HAL_Driver/Src/stm32f4xx_hal_tim_ex.c ****   else if (hdma == htim->hdma[TIM_DMA_ID_CC3])
 6589              		.loc 1 2356 30
 6590 0042 FB68     		ldr	r3, [r7, #12]
 6591 0044 DB6A     		ldr	r3, [r3, #44]
 6592              		.loc 1 2356 11
 6593 0046 7A68     		ldr	r2, [r7, #4]
 6594 0048 9A42     		cmp	r2, r3
 6595 004a 06D1     		bne	.L383
2357:Drivers/STM32F4xx_HAL_Driver/Src/stm32f4xx_hal_tim_ex.c ****   {
2358:Drivers/STM32F4xx_HAL_Driver/Src/stm32f4xx_hal_tim_ex.c ****     htim->Channel = HAL_TIM_ACTIVE_CHANNEL_3;
 6596              		.loc 1 2358 19
 6597 004c FB68     		ldr	r3, [r7, #12]
 6598 004e 0422     		movs	r2, #4
 6599 0050 1A77     		strb	r2, [r3, #28]
2359:Drivers/STM32F4xx_HAL_Driver/Src/stm32f4xx_hal_tim_ex.c ****     TIM_CHANNEL_N_STATE_SET(htim, TIM_CHANNEL_3, HAL_TIM_CHANNEL_STATE_READY);
 6600              		.loc 1 2359 5
 6601 0052 FB68     		ldr	r3, [r7, #12]
 6602 0054 0122     		movs	r2, #1
 6603 0056 83F84420 		strb	r2, [r3, #68]
ARM GAS  /tmp/ccemsrUD.s 			page 157


 6604              	.L383:
2360:Drivers/STM32F4xx_HAL_Driver/Src/stm32f4xx_hal_tim_ex.c ****   }
2361:Drivers/STM32F4xx_HAL_Driver/Src/stm32f4xx_hal_tim_ex.c ****   else
2362:Drivers/STM32F4xx_HAL_Driver/Src/stm32f4xx_hal_tim_ex.c ****   {
2363:Drivers/STM32F4xx_HAL_Driver/Src/stm32f4xx_hal_tim_ex.c ****     /* nothing to do */
2364:Drivers/STM32F4xx_HAL_Driver/Src/stm32f4xx_hal_tim_ex.c ****   }
2365:Drivers/STM32F4xx_HAL_Driver/Src/stm32f4xx_hal_tim_ex.c **** 
2366:Drivers/STM32F4xx_HAL_Driver/Src/stm32f4xx_hal_tim_ex.c **** #if (USE_HAL_TIM_REGISTER_CALLBACKS == 1)
2367:Drivers/STM32F4xx_HAL_Driver/Src/stm32f4xx_hal_tim_ex.c ****   htim->ErrorCallback(htim);
2368:Drivers/STM32F4xx_HAL_Driver/Src/stm32f4xx_hal_tim_ex.c **** #else
2369:Drivers/STM32F4xx_HAL_Driver/Src/stm32f4xx_hal_tim_ex.c ****   HAL_TIM_ErrorCallback(htim);
 6605              		.loc 1 2369 3
 6606 005a F868     		ldr	r0, [r7, #12]
 6607 005c FFF7FEFF 		bl	HAL_TIM_ErrorCallback
2370:Drivers/STM32F4xx_HAL_Driver/Src/stm32f4xx_hal_tim_ex.c **** #endif /* USE_HAL_TIM_REGISTER_CALLBACKS */
2371:Drivers/STM32F4xx_HAL_Driver/Src/stm32f4xx_hal_tim_ex.c **** 
2372:Drivers/STM32F4xx_HAL_Driver/Src/stm32f4xx_hal_tim_ex.c ****   htim->Channel = HAL_TIM_ACTIVE_CHANNEL_CLEARED;
 6608              		.loc 1 2372 17
 6609 0060 FB68     		ldr	r3, [r7, #12]
 6610 0062 0022     		movs	r2, #0
 6611 0064 1A77     		strb	r2, [r3, #28]
2373:Drivers/STM32F4xx_HAL_Driver/Src/stm32f4xx_hal_tim_ex.c **** }
 6612              		.loc 1 2373 1
 6613 0066 00BF     		nop
 6614 0068 1037     		adds	r7, r7, #16
 6615              	.LCFI216:
 6616              		.cfi_def_cfa_offset 8
 6617 006a BD46     		mov	sp, r7
 6618              	.LCFI217:
 6619              		.cfi_def_cfa_register 13
 6620              		@ sp needed
 6621 006c 80BD     		pop	{r7, pc}
 6622              		.cfi_endproc
 6623              	.LFE279:
 6625              		.section	.text.TIM_CCxNChannelCmd,"ax",%progbits
 6626              		.align	1
 6627              		.syntax unified
 6628              		.thumb
 6629              		.thumb_func
 6631              	TIM_CCxNChannelCmd:
 6632              	.LFB280:
2374:Drivers/STM32F4xx_HAL_Driver/Src/stm32f4xx_hal_tim_ex.c **** 
2375:Drivers/STM32F4xx_HAL_Driver/Src/stm32f4xx_hal_tim_ex.c **** /**
2376:Drivers/STM32F4xx_HAL_Driver/Src/stm32f4xx_hal_tim_ex.c ****   * @brief  Enables or disables the TIM Capture Compare Channel xN.
2377:Drivers/STM32F4xx_HAL_Driver/Src/stm32f4xx_hal_tim_ex.c ****   * @param  TIMx to select the TIM peripheral
2378:Drivers/STM32F4xx_HAL_Driver/Src/stm32f4xx_hal_tim_ex.c ****   * @param  Channel specifies the TIM Channel
2379:Drivers/STM32F4xx_HAL_Driver/Src/stm32f4xx_hal_tim_ex.c ****   *          This parameter can be one of the following values:
2380:Drivers/STM32F4xx_HAL_Driver/Src/stm32f4xx_hal_tim_ex.c ****   *            @arg TIM_CHANNEL_1: TIM Channel 1
2381:Drivers/STM32F4xx_HAL_Driver/Src/stm32f4xx_hal_tim_ex.c ****   *            @arg TIM_CHANNEL_2: TIM Channel 2
2382:Drivers/STM32F4xx_HAL_Driver/Src/stm32f4xx_hal_tim_ex.c ****   *            @arg TIM_CHANNEL_3: TIM Channel 3
2383:Drivers/STM32F4xx_HAL_Driver/Src/stm32f4xx_hal_tim_ex.c ****   * @param  ChannelNState specifies the TIM Channel CCxNE bit new state.
2384:Drivers/STM32F4xx_HAL_Driver/Src/stm32f4xx_hal_tim_ex.c ****   *          This parameter can be: TIM_CCxN_ENABLE or TIM_CCxN_Disable.
2385:Drivers/STM32F4xx_HAL_Driver/Src/stm32f4xx_hal_tim_ex.c ****   * @retval None
2386:Drivers/STM32F4xx_HAL_Driver/Src/stm32f4xx_hal_tim_ex.c ****   */
2387:Drivers/STM32F4xx_HAL_Driver/Src/stm32f4xx_hal_tim_ex.c **** static void TIM_CCxNChannelCmd(TIM_TypeDef *TIMx, uint32_t Channel, uint32_t ChannelNState)
2388:Drivers/STM32F4xx_HAL_Driver/Src/stm32f4xx_hal_tim_ex.c **** {
 6633              		.loc 1 2388 1
ARM GAS  /tmp/ccemsrUD.s 			page 158


 6634              		.cfi_startproc
 6635              		@ args = 0, pretend = 0, frame = 24
 6636              		@ frame_needed = 1, uses_anonymous_args = 0
 6637              		@ link register save eliminated.
 6638 0000 80B4     		push	{r7}
 6639              	.LCFI218:
 6640              		.cfi_def_cfa_offset 4
 6641              		.cfi_offset 7, -4
 6642 0002 87B0     		sub	sp, sp, #28
 6643              	.LCFI219:
 6644              		.cfi_def_cfa_offset 32
 6645 0004 00AF     		add	r7, sp, #0
 6646              	.LCFI220:
 6647              		.cfi_def_cfa_register 7
 6648 0006 F860     		str	r0, [r7, #12]
 6649 0008 B960     		str	r1, [r7, #8]
 6650 000a 7A60     		str	r2, [r7, #4]
2389:Drivers/STM32F4xx_HAL_Driver/Src/stm32f4xx_hal_tim_ex.c ****   uint32_t tmp;
2390:Drivers/STM32F4xx_HAL_Driver/Src/stm32f4xx_hal_tim_ex.c **** 
2391:Drivers/STM32F4xx_HAL_Driver/Src/stm32f4xx_hal_tim_ex.c ****   tmp = TIM_CCER_CC1NE << (Channel & 0xFU); /* 0xFU = 15 bits max shift */
 6651              		.loc 1 2391 36
 6652 000c BB68     		ldr	r3, [r7, #8]
 6653 000e 03F00F03 		and	r3, r3, #15
 6654              		.loc 1 2391 7
 6655 0012 0422     		movs	r2, #4
 6656 0014 02FA03F3 		lsl	r3, r2, r3
 6657 0018 7B61     		str	r3, [r7, #20]
2392:Drivers/STM32F4xx_HAL_Driver/Src/stm32f4xx_hal_tim_ex.c **** 
2393:Drivers/STM32F4xx_HAL_Driver/Src/stm32f4xx_hal_tim_ex.c ****   /* Reset the CCxNE Bit */
2394:Drivers/STM32F4xx_HAL_Driver/Src/stm32f4xx_hal_tim_ex.c ****   TIMx->CCER &=  ~tmp;
 6658              		.loc 1 2394 7
 6659 001a FB68     		ldr	r3, [r7, #12]
 6660 001c 1A6A     		ldr	r2, [r3, #32]
 6661              		.loc 1 2394 18
 6662 001e 7B69     		ldr	r3, [r7, #20]
 6663 0020 DB43     		mvns	r3, r3
 6664              		.loc 1 2394 14
 6665 0022 1A40     		ands	r2, r2, r3
 6666 0024 FB68     		ldr	r3, [r7, #12]
 6667 0026 1A62     		str	r2, [r3, #32]
2395:Drivers/STM32F4xx_HAL_Driver/Src/stm32f4xx_hal_tim_ex.c **** 
2396:Drivers/STM32F4xx_HAL_Driver/Src/stm32f4xx_hal_tim_ex.c ****   /* Set or reset the CCxNE Bit */
2397:Drivers/STM32F4xx_HAL_Driver/Src/stm32f4xx_hal_tim_ex.c ****   TIMx->CCER |= (uint32_t)(ChannelNState << (Channel & 0xFU)); /* 0xFU = 15 bits max shift */
 6668              		.loc 1 2397 7
 6669 0028 FB68     		ldr	r3, [r7, #12]
 6670 002a 1A6A     		ldr	r2, [r3, #32]
 6671              		.loc 1 2397 54
 6672 002c BB68     		ldr	r3, [r7, #8]
 6673 002e 03F00F03 		and	r3, r3, #15
 6674              		.loc 1 2397 42
 6675 0032 7968     		ldr	r1, [r7, #4]
 6676 0034 01FA03F3 		lsl	r3, r1, r3
 6677              		.loc 1 2397 14
 6678 0038 1A43     		orrs	r2, r2, r3
 6679 003a FB68     		ldr	r3, [r7, #12]
 6680 003c 1A62     		str	r2, [r3, #32]
2398:Drivers/STM32F4xx_HAL_Driver/Src/stm32f4xx_hal_tim_ex.c **** }
ARM GAS  /tmp/ccemsrUD.s 			page 159


 6681              		.loc 1 2398 1
 6682 003e 00BF     		nop
 6683 0040 1C37     		adds	r7, r7, #28
 6684              	.LCFI221:
 6685              		.cfi_def_cfa_offset 4
 6686 0042 BD46     		mov	sp, r7
 6687              	.LCFI222:
 6688              		.cfi_def_cfa_register 13
 6689              		@ sp needed
 6690 0044 5DF8047B 		ldr	r7, [sp], #4
 6691              	.LCFI223:
 6692              		.cfi_restore 7
 6693              		.cfi_def_cfa_offset 0
 6694 0048 7047     		bx	lr
 6695              		.cfi_endproc
 6696              	.LFE280:
 6698              		.text
 6699              	.Letext0:
 6700              		.file 2 "/opt/st/stm32cubeclt_1.17.0/GNU-tools-for-STM32/arm-none-eabi/include/machine/_default_ty
 6701              		.file 3 "/opt/st/stm32cubeclt_1.17.0/GNU-tools-for-STM32/arm-none-eabi/include/sys/_stdint.h"
 6702              		.file 4 "Drivers/CMSIS/Device/ST/STM32F4xx/Include/stm32f405xx.h"
 6703              		.file 5 "Drivers/CMSIS/Device/ST/STM32F4xx/Include/stm32f4xx.h"
 6704              		.file 6 "Drivers/STM32F4xx_HAL_Driver/Inc/stm32f4xx_hal_def.h"
 6705              		.file 7 "Drivers/STM32F4xx_HAL_Driver/Inc/stm32f4xx_hal_dma.h"
 6706              		.file 8 "Drivers/STM32F4xx_HAL_Driver/Inc/stm32f4xx_hal_tim.h"
 6707              		.file 9 "Drivers/STM32F4xx_HAL_Driver/Inc/stm32f4xx_hal_tim_ex.h"
ARM GAS  /tmp/ccemsrUD.s 			page 160


DEFINED SYMBOLS
                            *ABS*:00000000 stm32f4xx_hal_tim_ex.c
     /tmp/ccemsrUD.s:21     .text.HAL_TIMEx_HallSensor_Init:00000000 $t
     /tmp/ccemsrUD.s:27     .text.HAL_TIMEx_HallSensor_Init:00000000 HAL_TIMEx_HallSensor_Init
     /tmp/ccemsrUD.s:374    .text.HAL_TIMEx_HallSensor_MspInit:00000000 HAL_TIMEx_HallSensor_MspInit
     /tmp/ccemsrUD.s:268    .text.HAL_TIMEx_HallSensor_DeInit:00000000 $t
     /tmp/ccemsrUD.s:274    .text.HAL_TIMEx_HallSensor_DeInit:00000000 HAL_TIMEx_HallSensor_DeInit
     /tmp/ccemsrUD.s:416    .text.HAL_TIMEx_HallSensor_MspDeInit:00000000 HAL_TIMEx_HallSensor_MspDeInit
     /tmp/ccemsrUD.s:368    .text.HAL_TIMEx_HallSensor_MspInit:00000000 $t
     /tmp/ccemsrUD.s:410    .text.HAL_TIMEx_HallSensor_MspDeInit:00000000 $t
     /tmp/ccemsrUD.s:452    .text.HAL_TIMEx_HallSensor_Start:00000000 $t
     /tmp/ccemsrUD.s:458    .text.HAL_TIMEx_HallSensor_Start:00000000 HAL_TIMEx_HallSensor_Start
     /tmp/ccemsrUD.s:633    .text.HAL_TIMEx_HallSensor_Start:00000100 $d
     /tmp/ccemsrUD.s:644    .text.HAL_TIMEx_HallSensor_Stop:00000000 $t
     /tmp/ccemsrUD.s:650    .text.HAL_TIMEx_HallSensor_Stop:00000000 HAL_TIMEx_HallSensor_Stop
     /tmp/ccemsrUD.s:732    .text.HAL_TIMEx_HallSensor_Start_IT:00000000 $t
     /tmp/ccemsrUD.s:738    .text.HAL_TIMEx_HallSensor_Start_IT:00000000 HAL_TIMEx_HallSensor_Start_IT
     /tmp/ccemsrUD.s:921    .text.HAL_TIMEx_HallSensor_Start_IT:00000110 $d
     /tmp/ccemsrUD.s:932    .text.HAL_TIMEx_HallSensor_Stop_IT:00000000 $t
     /tmp/ccemsrUD.s:938    .text.HAL_TIMEx_HallSensor_Stop_IT:00000000 HAL_TIMEx_HallSensor_Stop_IT
     /tmp/ccemsrUD.s:1028   .text.HAL_TIMEx_HallSensor_Start_DMA:00000000 $t
     /tmp/ccemsrUD.s:1034   .text.HAL_TIMEx_HallSensor_Start_DMA:00000000 HAL_TIMEx_HallSensor_Start_DMA
     /tmp/ccemsrUD.s:1264   .text.HAL_TIMEx_HallSensor_Start_DMA:00000144 $d
     /tmp/ccemsrUD.s:1278   .text.HAL_TIMEx_HallSensor_Stop_DMA:00000000 $t
     /tmp/ccemsrUD.s:1284   .text.HAL_TIMEx_HallSensor_Stop_DMA:00000000 HAL_TIMEx_HallSensor_Stop_DMA
     /tmp/ccemsrUD.s:1371   .text.HAL_TIMEx_OCN_Start:00000000 $t
     /tmp/ccemsrUD.s:1377   .text.HAL_TIMEx_OCN_Start:00000000 HAL_TIMEx_OCN_Start
     /tmp/ccemsrUD.s:6631   .text.TIM_CCxNChannelCmd:00000000 TIM_CCxNChannelCmd
     /tmp/ccemsrUD.s:1609   .text.HAL_TIMEx_OCN_Start:00000158 $d
     /tmp/ccemsrUD.s:1620   .text.HAL_TIMEx_OCN_Stop:00000000 $t
     /tmp/ccemsrUD.s:1626   .text.HAL_TIMEx_OCN_Stop:00000000 HAL_TIMEx_OCN_Stop
     /tmp/ccemsrUD.s:1753   .text.HAL_TIMEx_OCN_Start_IT:00000000 $t
     /tmp/ccemsrUD.s:1759   .text.HAL_TIMEx_OCN_Start_IT:00000000 HAL_TIMEx_OCN_Start_IT
     /tmp/ccemsrUD.s:2060   .text.HAL_TIMEx_OCN_Start_IT:000001c8 $d
     /tmp/ccemsrUD.s:2071   .text.HAL_TIMEx_OCN_Stop_IT:00000000 $t
     /tmp/ccemsrUD.s:2077   .text.HAL_TIMEx_OCN_Stop_IT:00000000 HAL_TIMEx_OCN_Stop_IT
     /tmp/ccemsrUD.s:2287   .text.HAL_TIMEx_OCN_Start_DMA:00000000 $t
     /tmp/ccemsrUD.s:2293   .text.HAL_TIMEx_OCN_Start_DMA:00000000 HAL_TIMEx_OCN_Start_DMA
     /tmp/ccemsrUD.s:2785   .text.HAL_TIMEx_OCN_Start_DMA:000002d8 $d
     /tmp/ccemsrUD.s:6417   .text.TIM_DMADelayPulseNCplt:00000000 TIM_DMADelayPulseNCplt
     /tmp/ccemsrUD.s:6533   .text.TIM_DMAErrorCCxN:00000000 TIM_DMAErrorCCxN
     /tmp/ccemsrUD.s:2799   .text.HAL_TIMEx_OCN_Stop_DMA:00000000 $t
     /tmp/ccemsrUD.s:2805   .text.HAL_TIMEx_OCN_Stop_DMA:00000000 HAL_TIMEx_OCN_Stop_DMA
     /tmp/ccemsrUD.s:3008   .text.HAL_TIMEx_PWMN_Start:00000000 $t
     /tmp/ccemsrUD.s:3014   .text.HAL_TIMEx_PWMN_Start:00000000 HAL_TIMEx_PWMN_Start
     /tmp/ccemsrUD.s:3246   .text.HAL_TIMEx_PWMN_Start:00000158 $d
     /tmp/ccemsrUD.s:3257   .text.HAL_TIMEx_PWMN_Stop:00000000 $t
     /tmp/ccemsrUD.s:3263   .text.HAL_TIMEx_PWMN_Stop:00000000 HAL_TIMEx_PWMN_Stop
     /tmp/ccemsrUD.s:3390   .text.HAL_TIMEx_PWMN_Start_IT:00000000 $t
     /tmp/ccemsrUD.s:3396   .text.HAL_TIMEx_PWMN_Start_IT:00000000 HAL_TIMEx_PWMN_Start_IT
     /tmp/ccemsrUD.s:3697   .text.HAL_TIMEx_PWMN_Start_IT:000001c8 $d
     /tmp/ccemsrUD.s:3708   .text.HAL_TIMEx_PWMN_Stop_IT:00000000 $t
     /tmp/ccemsrUD.s:3714   .text.HAL_TIMEx_PWMN_Stop_IT:00000000 HAL_TIMEx_PWMN_Stop_IT
     /tmp/ccemsrUD.s:3924   .text.HAL_TIMEx_PWMN_Start_DMA:00000000 $t
     /tmp/ccemsrUD.s:3930   .text.HAL_TIMEx_PWMN_Start_DMA:00000000 HAL_TIMEx_PWMN_Start_DMA
     /tmp/ccemsrUD.s:4422   .text.HAL_TIMEx_PWMN_Start_DMA:000002d8 $d
     /tmp/ccemsrUD.s:4436   .text.HAL_TIMEx_PWMN_Stop_DMA:00000000 $t
ARM GAS  /tmp/ccemsrUD.s 			page 161


     /tmp/ccemsrUD.s:4442   .text.HAL_TIMEx_PWMN_Stop_DMA:00000000 HAL_TIMEx_PWMN_Stop_DMA
     /tmp/ccemsrUD.s:4645   .text.HAL_TIMEx_OnePulseN_Start:00000000 $t
     /tmp/ccemsrUD.s:4651   .text.HAL_TIMEx_OnePulseN_Start:00000000 HAL_TIMEx_OnePulseN_Start
     /tmp/ccemsrUD.s:4775   .text.HAL_TIMEx_OnePulseN_Stop:00000000 $t
     /tmp/ccemsrUD.s:4781   .text.HAL_TIMEx_OnePulseN_Stop:00000000 HAL_TIMEx_OnePulseN_Stop
     /tmp/ccemsrUD.s:4909   .text.HAL_TIMEx_OnePulseN_Start_IT:00000000 $t
     /tmp/ccemsrUD.s:4915   .text.HAL_TIMEx_OnePulseN_Start_IT:00000000 HAL_TIMEx_OnePulseN_Start_IT
     /tmp/ccemsrUD.s:5055   .text.HAL_TIMEx_OnePulseN_Stop_IT:00000000 $t
     /tmp/ccemsrUD.s:5061   .text.HAL_TIMEx_OnePulseN_Stop_IT:00000000 HAL_TIMEx_OnePulseN_Stop_IT
     /tmp/ccemsrUD.s:5205   .text.HAL_TIMEx_ConfigCommutEvent:00000000 $t
     /tmp/ccemsrUD.s:5211   .text.HAL_TIMEx_ConfigCommutEvent:00000000 HAL_TIMEx_ConfigCommutEvent
     /tmp/ccemsrUD.s:5360   .text.HAL_TIMEx_ConfigCommutEvent_IT:00000000 $t
     /tmp/ccemsrUD.s:5366   .text.HAL_TIMEx_ConfigCommutEvent_IT:00000000 HAL_TIMEx_ConfigCommutEvent_IT
     /tmp/ccemsrUD.s:5515   .text.HAL_TIMEx_ConfigCommutEvent_DMA:00000000 $t
     /tmp/ccemsrUD.s:5521   .text.HAL_TIMEx_ConfigCommutEvent_DMA:00000000 HAL_TIMEx_ConfigCommutEvent_DMA
     /tmp/ccemsrUD.s:5687   .text.HAL_TIMEx_ConfigCommutEvent_DMA:000000d8 $d
     /tmp/ccemsrUD.s:6320   .text.TIMEx_DMACommutationCplt:00000000 TIMEx_DMACommutationCplt
     /tmp/ccemsrUD.s:6369   .text.TIMEx_DMACommutationHalfCplt:00000000 TIMEx_DMACommutationHalfCplt
     /tmp/ccemsrUD.s:5694   .text.HAL_TIMEx_MasterConfigSynchronization:00000000 $t
     /tmp/ccemsrUD.s:5700   .text.HAL_TIMEx_MasterConfigSynchronization:00000000 HAL_TIMEx_MasterConfigSynchronization
     /tmp/ccemsrUD.s:5860   .text.HAL_TIMEx_MasterConfigSynchronization:000000dc $d
     /tmp/ccemsrUD.s:5871   .text.HAL_TIMEx_ConfigBreakDeadTime:00000000 $t
     /tmp/ccemsrUD.s:5877   .text.HAL_TIMEx_ConfigBreakDeadTime:00000000 HAL_TIMEx_ConfigBreakDeadTime
     /tmp/ccemsrUD.s:5992   .text.HAL_TIMEx_RemapConfig:00000000 $t
     /tmp/ccemsrUD.s:5998   .text.HAL_TIMEx_RemapConfig:00000000 HAL_TIMEx_RemapConfig
     /tmp/ccemsrUD.s:6060   .text.HAL_TIMEx_CommutCallback:00000000 $t
     /tmp/ccemsrUD.s:6066   .text.HAL_TIMEx_CommutCallback:00000000 HAL_TIMEx_CommutCallback
     /tmp/ccemsrUD.s:6102   .text.HAL_TIMEx_CommutHalfCpltCallback:00000000 $t
     /tmp/ccemsrUD.s:6108   .text.HAL_TIMEx_CommutHalfCpltCallback:00000000 HAL_TIMEx_CommutHalfCpltCallback
     /tmp/ccemsrUD.s:6144   .text.HAL_TIMEx_BreakCallback:00000000 $t
     /tmp/ccemsrUD.s:6150   .text.HAL_TIMEx_BreakCallback:00000000 HAL_TIMEx_BreakCallback
     /tmp/ccemsrUD.s:6186   .text.HAL_TIMEx_HallSensor_GetState:00000000 $t
     /tmp/ccemsrUD.s:6192   .text.HAL_TIMEx_HallSensor_GetState:00000000 HAL_TIMEx_HallSensor_GetState
     /tmp/ccemsrUD.s:6232   .text.HAL_TIMEx_GetChannelNState:00000000 $t
     /tmp/ccemsrUD.s:6238   .text.HAL_TIMEx_GetChannelNState:00000000 HAL_TIMEx_GetChannelNState
     /tmp/ccemsrUD.s:6314   .text.TIMEx_DMACommutationCplt:00000000 $t
     /tmp/ccemsrUD.s:6363   .text.TIMEx_DMACommutationHalfCplt:00000000 $t
     /tmp/ccemsrUD.s:6412   .text.TIM_DMADelayPulseNCplt:00000000 $t
     /tmp/ccemsrUD.s:6528   .text.TIM_DMAErrorCCxN:00000000 $t
     /tmp/ccemsrUD.s:6626   .text.TIM_CCxNChannelCmd:00000000 $t

UNDEFINED SYMBOLS
TIM_Base_SetConfig
TIM_TI1_SetConfig
TIM_OC2_SetConfig
TIM_CCxChannelCmd
HAL_DMA_Start_IT
TIM_DMACaptureCplt
TIM_DMACaptureHalfCplt
TIM_DMAError
HAL_DMA_Abort_IT
TIM_DMADelayPulseHalfCplt
HAL_TIM_PWM_PulseFinishedCallback
HAL_TIM_ErrorCallback
