ARM GAS  /tmp/ccvcNHR5.s 			page 1


   1              		.cpu cortex-m4
   2              		.arch armv7e-m
   3              		.fpu fpv4-sp-d16
   4              		.eabi_attribute 27, 1
   5              		.eabi_attribute 28, 1
   6              		.eabi_attribute 20, 1
   7              		.eabi_attribute 21, 1
   8              		.eabi_attribute 23, 3
   9              		.eabi_attribute 24, 1
  10              		.eabi_attribute 25, 1
  11              		.eabi_attribute 26, 1
  12              		.eabi_attribute 30, 1
  13              		.eabi_attribute 34, 1
  14              		.eabi_attribute 18, 4
  15              		.file	"stm32f4xx_hal_msp.c"
  16              		.text
  17              	.Ltext0:
  18              		.cfi_sections	.debug_frame
  19              		.file 1 "Core/Src/stm32f4xx_hal_msp.c"
  20              		.section	.text.HAL_MspInit,"ax",%progbits
  21              		.align	1
  22              		.global	HAL_MspInit
  23              		.syntax unified
  24              		.thumb
  25              		.thumb_func
  27              	HAL_MspInit:
  28              	.LFB239:
   1:Core/Src/stm32f4xx_hal_msp.c **** /* USER CODE BEGIN Header */
   2:Core/Src/stm32f4xx_hal_msp.c **** /**
   3:Core/Src/stm32f4xx_hal_msp.c ****   ******************************************************************************
   4:Core/Src/stm32f4xx_hal_msp.c ****   * @file         stm32f4xx_hal_msp.c
   5:Core/Src/stm32f4xx_hal_msp.c ****   * @brief        This file provides code for the MSP Initialization
   6:Core/Src/stm32f4xx_hal_msp.c ****   *               and de-Initialization codes.
   7:Core/Src/stm32f4xx_hal_msp.c ****   ******************************************************************************
   8:Core/Src/stm32f4xx_hal_msp.c ****   * @attention
   9:Core/Src/stm32f4xx_hal_msp.c ****   *
  10:Core/Src/stm32f4xx_hal_msp.c ****   * Copyright (c) 2025 STMicroelectronics.
  11:Core/Src/stm32f4xx_hal_msp.c ****   * All rights reserved.
  12:Core/Src/stm32f4xx_hal_msp.c ****   *
  13:Core/Src/stm32f4xx_hal_msp.c ****   * This software is licensed under terms that can be found in the LICENSE file
  14:Core/Src/stm32f4xx_hal_msp.c ****   * in the root directory of this software component.
  15:Core/Src/stm32f4xx_hal_msp.c ****   * If no LICENSE file comes with this software, it is provided AS-IS.
  16:Core/Src/stm32f4xx_hal_msp.c ****   *
  17:Core/Src/stm32f4xx_hal_msp.c ****   ******************************************************************************
  18:Core/Src/stm32f4xx_hal_msp.c ****   */
  19:Core/Src/stm32f4xx_hal_msp.c **** /* USER CODE END Header */
  20:Core/Src/stm32f4xx_hal_msp.c **** 
  21:Core/Src/stm32f4xx_hal_msp.c **** /* Includes ------------------------------------------------------------------*/
  22:Core/Src/stm32f4xx_hal_msp.c **** #include "main.h"
  23:Core/Src/stm32f4xx_hal_msp.c **** /* USER CODE BEGIN Includes */
  24:Core/Src/stm32f4xx_hal_msp.c **** 
  25:Core/Src/stm32f4xx_hal_msp.c **** /* USER CODE END Includes */
  26:Core/Src/stm32f4xx_hal_msp.c **** 
  27:Core/Src/stm32f4xx_hal_msp.c **** /* Private typedef -----------------------------------------------------------*/
  28:Core/Src/stm32f4xx_hal_msp.c **** /* USER CODE BEGIN TD */
  29:Core/Src/stm32f4xx_hal_msp.c **** 
  30:Core/Src/stm32f4xx_hal_msp.c **** /* USER CODE END TD */
ARM GAS  /tmp/ccvcNHR5.s 			page 2


  31:Core/Src/stm32f4xx_hal_msp.c **** 
  32:Core/Src/stm32f4xx_hal_msp.c **** /* Private define ------------------------------------------------------------*/
  33:Core/Src/stm32f4xx_hal_msp.c **** /* USER CODE BEGIN Define */
  34:Core/Src/stm32f4xx_hal_msp.c **** 
  35:Core/Src/stm32f4xx_hal_msp.c **** /* USER CODE END Define */
  36:Core/Src/stm32f4xx_hal_msp.c **** 
  37:Core/Src/stm32f4xx_hal_msp.c **** /* Private macro -------------------------------------------------------------*/
  38:Core/Src/stm32f4xx_hal_msp.c **** /* USER CODE BEGIN Macro */
  39:Core/Src/stm32f4xx_hal_msp.c **** 
  40:Core/Src/stm32f4xx_hal_msp.c **** /* USER CODE END Macro */
  41:Core/Src/stm32f4xx_hal_msp.c **** 
  42:Core/Src/stm32f4xx_hal_msp.c **** /* Private variables ---------------------------------------------------------*/
  43:Core/Src/stm32f4xx_hal_msp.c **** /* USER CODE BEGIN PV */
  44:Core/Src/stm32f4xx_hal_msp.c **** 
  45:Core/Src/stm32f4xx_hal_msp.c **** /* USER CODE END PV */
  46:Core/Src/stm32f4xx_hal_msp.c **** 
  47:Core/Src/stm32f4xx_hal_msp.c **** /* Private function prototypes -----------------------------------------------*/
  48:Core/Src/stm32f4xx_hal_msp.c **** /* USER CODE BEGIN PFP */
  49:Core/Src/stm32f4xx_hal_msp.c **** 
  50:Core/Src/stm32f4xx_hal_msp.c **** /* USER CODE END PFP */
  51:Core/Src/stm32f4xx_hal_msp.c **** 
  52:Core/Src/stm32f4xx_hal_msp.c **** /* External functions --------------------------------------------------------*/
  53:Core/Src/stm32f4xx_hal_msp.c **** /* USER CODE BEGIN ExternalFunctions */
  54:Core/Src/stm32f4xx_hal_msp.c **** 
  55:Core/Src/stm32f4xx_hal_msp.c **** /* USER CODE END ExternalFunctions */
  56:Core/Src/stm32f4xx_hal_msp.c **** 
  57:Core/Src/stm32f4xx_hal_msp.c **** /* USER CODE BEGIN 0 */
  58:Core/Src/stm32f4xx_hal_msp.c **** 
  59:Core/Src/stm32f4xx_hal_msp.c **** /* USER CODE END 0 */
  60:Core/Src/stm32f4xx_hal_msp.c **** 
  61:Core/Src/stm32f4xx_hal_msp.c **** void HAL_TIM_MspPostInit(TIM_HandleTypeDef *htim);
  62:Core/Src/stm32f4xx_hal_msp.c ****                                                                                                    
  63:Core/Src/stm32f4xx_hal_msp.c ****   * Initializes the Global MSP.
  64:Core/Src/stm32f4xx_hal_msp.c ****   */
  65:Core/Src/stm32f4xx_hal_msp.c **** void HAL_MspInit(void)
  66:Core/Src/stm32f4xx_hal_msp.c **** {
  29              		.loc 1 66 1 view -0
  30              		.cfi_startproc
  31              		@ args = 0, pretend = 0, frame = 8
  32              		@ frame_needed = 0, uses_anonymous_args = 0
  33              		@ link register save eliminated.
  34 0000 82B0     		sub	sp, sp, #8
  35              	.LCFI0:
  36              		.cfi_def_cfa_offset 8
  67:Core/Src/stm32f4xx_hal_msp.c **** 
  68:Core/Src/stm32f4xx_hal_msp.c ****   /* USER CODE BEGIN MspInit 0 */
  69:Core/Src/stm32f4xx_hal_msp.c **** 
  70:Core/Src/stm32f4xx_hal_msp.c ****   /* USER CODE END MspInit 0 */
  71:Core/Src/stm32f4xx_hal_msp.c **** 
  72:Core/Src/stm32f4xx_hal_msp.c ****   __HAL_RCC_SYSCFG_CLK_ENABLE();
  37              		.loc 1 72 3 view .LVU1
  38              	.LBB2:
  39              		.loc 1 72 3 view .LVU2
  40 0002 0021     		movs	r1, #0
  41 0004 0091     		str	r1, [sp]
  42              		.loc 1 72 3 view .LVU3
  43 0006 0B4B     		ldr	r3, .L3
ARM GAS  /tmp/ccvcNHR5.s 			page 3


  44 0008 5A6C     		ldr	r2, [r3, #68]
  45 000a 42F48042 		orr	r2, r2, #16384
  46 000e 5A64     		str	r2, [r3, #68]
  47              		.loc 1 72 3 view .LVU4
  48 0010 5A6C     		ldr	r2, [r3, #68]
  49 0012 02F48042 		and	r2, r2, #16384
  50 0016 0092     		str	r2, [sp]
  51              		.loc 1 72 3 view .LVU5
  52 0018 009A     		ldr	r2, [sp]
  53              	.LBE2:
  54              		.loc 1 72 3 view .LVU6
  73:Core/Src/stm32f4xx_hal_msp.c ****   __HAL_RCC_PWR_CLK_ENABLE();
  55              		.loc 1 73 3 view .LVU7
  56              	.LBB3:
  57              		.loc 1 73 3 view .LVU8
  58 001a 0191     		str	r1, [sp, #4]
  59              		.loc 1 73 3 view .LVU9
  60 001c 1A6C     		ldr	r2, [r3, #64]
  61 001e 42F08052 		orr	r2, r2, #268435456
  62 0022 1A64     		str	r2, [r3, #64]
  63              		.loc 1 73 3 view .LVU10
  64 0024 1B6C     		ldr	r3, [r3, #64]
  65 0026 03F08053 		and	r3, r3, #268435456
  66 002a 0193     		str	r3, [sp, #4]
  67              		.loc 1 73 3 view .LVU11
  68 002c 019B     		ldr	r3, [sp, #4]
  69              	.LBE3:
  70              		.loc 1 73 3 view .LVU12
  74:Core/Src/stm32f4xx_hal_msp.c **** 
  75:Core/Src/stm32f4xx_hal_msp.c ****   /* System interrupt init*/
  76:Core/Src/stm32f4xx_hal_msp.c **** 
  77:Core/Src/stm32f4xx_hal_msp.c ****   /* USER CODE BEGIN MspInit 1 */
  78:Core/Src/stm32f4xx_hal_msp.c **** 
  79:Core/Src/stm32f4xx_hal_msp.c ****   /* USER CODE END MspInit 1 */
  80:Core/Src/stm32f4xx_hal_msp.c **** }
  71              		.loc 1 80 1 is_stmt 0 view .LVU13
  72 002e 02B0     		add	sp, sp, #8
  73              	.LCFI1:
  74              		.cfi_def_cfa_offset 0
  75              		@ sp needed
  76 0030 7047     		bx	lr
  77              	.L4:
  78 0032 00BF     		.align	2
  79              	.L3:
  80 0034 00380240 		.word	1073887232
  81              		.cfi_endproc
  82              	.LFE239:
  84              		.section	.text.HAL_ADC_MspInit,"ax",%progbits
  85              		.align	1
  86              		.global	HAL_ADC_MspInit
  87              		.syntax unified
  88              		.thumb
  89              		.thumb_func
  91              	HAL_ADC_MspInit:
  92              	.LVL0:
  93              	.LFB240:
  81:Core/Src/stm32f4xx_hal_msp.c **** 
ARM GAS  /tmp/ccvcNHR5.s 			page 4


  82:Core/Src/stm32f4xx_hal_msp.c **** /**
  83:Core/Src/stm32f4xx_hal_msp.c **** * @brief ADC MSP Initialization
  84:Core/Src/stm32f4xx_hal_msp.c **** * This function configures the hardware resources used in this example
  85:Core/Src/stm32f4xx_hal_msp.c **** * @param hadc: ADC handle pointer
  86:Core/Src/stm32f4xx_hal_msp.c **** * @retval None
  87:Core/Src/stm32f4xx_hal_msp.c **** */
  88:Core/Src/stm32f4xx_hal_msp.c **** void HAL_ADC_MspInit(ADC_HandleTypeDef* hadc)
  89:Core/Src/stm32f4xx_hal_msp.c **** {
  94              		.loc 1 89 1 is_stmt 1 view -0
  95              		.cfi_startproc
  96              		@ args = 0, pretend = 0, frame = 32
  97              		@ frame_needed = 0, uses_anonymous_args = 0
  98              		.loc 1 89 1 is_stmt 0 view .LVU15
  99 0000 00B5     		push	{lr}
 100              	.LCFI2:
 101              		.cfi_def_cfa_offset 4
 102              		.cfi_offset 14, -4
 103 0002 89B0     		sub	sp, sp, #36
 104              	.LCFI3:
 105              		.cfi_def_cfa_offset 40
  90:Core/Src/stm32f4xx_hal_msp.c ****   GPIO_InitTypeDef GPIO_InitStruct = {0};
 106              		.loc 1 90 3 is_stmt 1 view .LVU16
 107              		.loc 1 90 20 is_stmt 0 view .LVU17
 108 0004 0023     		movs	r3, #0
 109 0006 0393     		str	r3, [sp, #12]
 110 0008 0493     		str	r3, [sp, #16]
 111 000a 0593     		str	r3, [sp, #20]
 112 000c 0693     		str	r3, [sp, #24]
 113 000e 0793     		str	r3, [sp, #28]
  91:Core/Src/stm32f4xx_hal_msp.c ****   if(hadc->Instance==ADC1)
 114              		.loc 1 91 3 is_stmt 1 view .LVU18
 115              		.loc 1 91 10 is_stmt 0 view .LVU19
 116 0010 0268     		ldr	r2, [r0]
 117              		.loc 1 91 5 view .LVU20
 118 0012 03F18043 		add	r3, r3, #1073741824
 119 0016 03F59033 		add	r3, r3, #73728
 120 001a 9A42     		cmp	r2, r3
 121 001c 02D0     		beq	.L8
 122              	.LVL1:
 123              	.L5:
  92:Core/Src/stm32f4xx_hal_msp.c ****   {
  93:Core/Src/stm32f4xx_hal_msp.c ****   /* USER CODE BEGIN ADC1_MspInit 0 */
  94:Core/Src/stm32f4xx_hal_msp.c **** 
  95:Core/Src/stm32f4xx_hal_msp.c ****   /* USER CODE END ADC1_MspInit 0 */
  96:Core/Src/stm32f4xx_hal_msp.c ****     /* Peripheral clock enable */
  97:Core/Src/stm32f4xx_hal_msp.c ****     __HAL_RCC_ADC1_CLK_ENABLE();
  98:Core/Src/stm32f4xx_hal_msp.c **** 
  99:Core/Src/stm32f4xx_hal_msp.c ****     __HAL_RCC_GPIOC_CLK_ENABLE();
 100:Core/Src/stm32f4xx_hal_msp.c ****     /**ADC1 GPIO Configuration
 101:Core/Src/stm32f4xx_hal_msp.c ****     PC0     ------> ADC1_IN10
 102:Core/Src/stm32f4xx_hal_msp.c ****     PC1     ------> ADC1_IN11
 103:Core/Src/stm32f4xx_hal_msp.c ****     PC2     ------> ADC1_IN12
 104:Core/Src/stm32f4xx_hal_msp.c ****     */
 105:Core/Src/stm32f4xx_hal_msp.c ****     GPIO_InitStruct.Pin = GPIO_PIN_0|GPIO_PIN_1|GPIO_PIN_2;
 106:Core/Src/stm32f4xx_hal_msp.c ****     GPIO_InitStruct.Mode = GPIO_MODE_ANALOG;
 107:Core/Src/stm32f4xx_hal_msp.c ****     GPIO_InitStruct.Pull = GPIO_NOPULL;
 108:Core/Src/stm32f4xx_hal_msp.c ****     HAL_GPIO_Init(GPIOC, &GPIO_InitStruct);
ARM GAS  /tmp/ccvcNHR5.s 			page 5


 109:Core/Src/stm32f4xx_hal_msp.c **** 
 110:Core/Src/stm32f4xx_hal_msp.c ****   /* USER CODE BEGIN ADC1_MspInit 1 */
 111:Core/Src/stm32f4xx_hal_msp.c **** 
 112:Core/Src/stm32f4xx_hal_msp.c ****   /* USER CODE END ADC1_MspInit 1 */
 113:Core/Src/stm32f4xx_hal_msp.c **** 
 114:Core/Src/stm32f4xx_hal_msp.c ****   }
 115:Core/Src/stm32f4xx_hal_msp.c **** 
 116:Core/Src/stm32f4xx_hal_msp.c **** }
 124              		.loc 1 116 1 view .LVU21
 125 001e 09B0     		add	sp, sp, #36
 126              	.LCFI4:
 127              		.cfi_remember_state
 128              		.cfi_def_cfa_offset 4
 129              		@ sp needed
 130 0020 5DF804FB 		ldr	pc, [sp], #4
 131              	.LVL2:
 132              	.L8:
 133              	.LCFI5:
 134              		.cfi_restore_state
  97:Core/Src/stm32f4xx_hal_msp.c **** 
 135              		.loc 1 97 5 is_stmt 1 view .LVU22
 136              	.LBB4:
  97:Core/Src/stm32f4xx_hal_msp.c **** 
 137              		.loc 1 97 5 view .LVU23
 138 0024 0021     		movs	r1, #0
 139 0026 0191     		str	r1, [sp, #4]
  97:Core/Src/stm32f4xx_hal_msp.c **** 
 140              		.loc 1 97 5 view .LVU24
 141 0028 03F58C33 		add	r3, r3, #71680
 142 002c 5A6C     		ldr	r2, [r3, #68]
 143 002e 42F48072 		orr	r2, r2, #256
 144 0032 5A64     		str	r2, [r3, #68]
  97:Core/Src/stm32f4xx_hal_msp.c **** 
 145              		.loc 1 97 5 view .LVU25
 146 0034 5A6C     		ldr	r2, [r3, #68]
 147 0036 02F48072 		and	r2, r2, #256
 148 003a 0192     		str	r2, [sp, #4]
  97:Core/Src/stm32f4xx_hal_msp.c **** 
 149              		.loc 1 97 5 view .LVU26
 150 003c 019A     		ldr	r2, [sp, #4]
 151              	.LBE4:
  97:Core/Src/stm32f4xx_hal_msp.c **** 
 152              		.loc 1 97 5 view .LVU27
  99:Core/Src/stm32f4xx_hal_msp.c ****     /**ADC1 GPIO Configuration
 153              		.loc 1 99 5 view .LVU28
 154              	.LBB5:
  99:Core/Src/stm32f4xx_hal_msp.c ****     /**ADC1 GPIO Configuration
 155              		.loc 1 99 5 view .LVU29
 156 003e 0291     		str	r1, [sp, #8]
  99:Core/Src/stm32f4xx_hal_msp.c ****     /**ADC1 GPIO Configuration
 157              		.loc 1 99 5 view .LVU30
 158 0040 1A6B     		ldr	r2, [r3, #48]
 159 0042 42F00402 		orr	r2, r2, #4
 160 0046 1A63     		str	r2, [r3, #48]
  99:Core/Src/stm32f4xx_hal_msp.c ****     /**ADC1 GPIO Configuration
 161              		.loc 1 99 5 view .LVU31
 162 0048 1B6B     		ldr	r3, [r3, #48]
ARM GAS  /tmp/ccvcNHR5.s 			page 6


 163 004a 03F00403 		and	r3, r3, #4
 164 004e 0293     		str	r3, [sp, #8]
  99:Core/Src/stm32f4xx_hal_msp.c ****     /**ADC1 GPIO Configuration
 165              		.loc 1 99 5 view .LVU32
 166 0050 029B     		ldr	r3, [sp, #8]
 167              	.LBE5:
  99:Core/Src/stm32f4xx_hal_msp.c ****     /**ADC1 GPIO Configuration
 168              		.loc 1 99 5 view .LVU33
 105:Core/Src/stm32f4xx_hal_msp.c ****     GPIO_InitStruct.Mode = GPIO_MODE_ANALOG;
 169              		.loc 1 105 5 view .LVU34
 105:Core/Src/stm32f4xx_hal_msp.c ****     GPIO_InitStruct.Mode = GPIO_MODE_ANALOG;
 170              		.loc 1 105 25 is_stmt 0 view .LVU35
 171 0052 0723     		movs	r3, #7
 172 0054 0393     		str	r3, [sp, #12]
 106:Core/Src/stm32f4xx_hal_msp.c ****     GPIO_InitStruct.Pull = GPIO_NOPULL;
 173              		.loc 1 106 5 is_stmt 1 view .LVU36
 106:Core/Src/stm32f4xx_hal_msp.c ****     GPIO_InitStruct.Pull = GPIO_NOPULL;
 174              		.loc 1 106 26 is_stmt 0 view .LVU37
 175 0056 0323     		movs	r3, #3
 176 0058 0493     		str	r3, [sp, #16]
 107:Core/Src/stm32f4xx_hal_msp.c ****     HAL_GPIO_Init(GPIOC, &GPIO_InitStruct);
 177              		.loc 1 107 5 is_stmt 1 view .LVU38
 108:Core/Src/stm32f4xx_hal_msp.c **** 
 178              		.loc 1 108 5 view .LVU39
 179 005a 03A9     		add	r1, sp, #12
 180 005c 0148     		ldr	r0, .L9
 181              	.LVL3:
 108:Core/Src/stm32f4xx_hal_msp.c **** 
 182              		.loc 1 108 5 is_stmt 0 view .LVU40
 183 005e FFF7FEFF 		bl	HAL_GPIO_Init
 184              	.LVL4:
 185              		.loc 1 116 1 view .LVU41
 186 0062 DCE7     		b	.L5
 187              	.L10:
 188              		.align	2
 189              	.L9:
 190 0064 00080240 		.word	1073874944
 191              		.cfi_endproc
 192              	.LFE240:
 194              		.section	.text.HAL_ADC_MspDeInit,"ax",%progbits
 195              		.align	1
 196              		.global	HAL_ADC_MspDeInit
 197              		.syntax unified
 198              		.thumb
 199              		.thumb_func
 201              	HAL_ADC_MspDeInit:
 202              	.LVL5:
 203              	.LFB241:
 117:Core/Src/stm32f4xx_hal_msp.c **** 
 118:Core/Src/stm32f4xx_hal_msp.c **** /**
 119:Core/Src/stm32f4xx_hal_msp.c **** * @brief ADC MSP De-Initialization
 120:Core/Src/stm32f4xx_hal_msp.c **** * This function freeze the hardware resources used in this example
 121:Core/Src/stm32f4xx_hal_msp.c **** * @param hadc: ADC handle pointer
 122:Core/Src/stm32f4xx_hal_msp.c **** * @retval None
 123:Core/Src/stm32f4xx_hal_msp.c **** */
 124:Core/Src/stm32f4xx_hal_msp.c **** void HAL_ADC_MspDeInit(ADC_HandleTypeDef* hadc)
 125:Core/Src/stm32f4xx_hal_msp.c **** {
ARM GAS  /tmp/ccvcNHR5.s 			page 7


 204              		.loc 1 125 1 is_stmt 1 view -0
 205              		.cfi_startproc
 206              		@ args = 0, pretend = 0, frame = 0
 207              		@ frame_needed = 0, uses_anonymous_args = 0
 208              		.loc 1 125 1 is_stmt 0 view .LVU43
 209 0000 08B5     		push	{r3, lr}
 210              	.LCFI6:
 211              		.cfi_def_cfa_offset 8
 212              		.cfi_offset 3, -8
 213              		.cfi_offset 14, -4
 126:Core/Src/stm32f4xx_hal_msp.c ****   if(hadc->Instance==ADC1)
 214              		.loc 1 126 3 is_stmt 1 view .LVU44
 215              		.loc 1 126 10 is_stmt 0 view .LVU45
 216 0002 0268     		ldr	r2, [r0]
 217              		.loc 1 126 5 view .LVU46
 218 0004 064B     		ldr	r3, .L15
 219 0006 9A42     		cmp	r2, r3
 220 0008 00D0     		beq	.L14
 221              	.LVL6:
 222              	.L11:
 127:Core/Src/stm32f4xx_hal_msp.c ****   {
 128:Core/Src/stm32f4xx_hal_msp.c ****   /* USER CODE BEGIN ADC1_MspDeInit 0 */
 129:Core/Src/stm32f4xx_hal_msp.c **** 
 130:Core/Src/stm32f4xx_hal_msp.c ****   /* USER CODE END ADC1_MspDeInit 0 */
 131:Core/Src/stm32f4xx_hal_msp.c ****     /* Peripheral clock disable */
 132:Core/Src/stm32f4xx_hal_msp.c ****     __HAL_RCC_ADC1_CLK_DISABLE();
 133:Core/Src/stm32f4xx_hal_msp.c **** 
 134:Core/Src/stm32f4xx_hal_msp.c ****     /**ADC1 GPIO Configuration
 135:Core/Src/stm32f4xx_hal_msp.c ****     PC0     ------> ADC1_IN10
 136:Core/Src/stm32f4xx_hal_msp.c ****     PC1     ------> ADC1_IN11
 137:Core/Src/stm32f4xx_hal_msp.c ****     PC2     ------> ADC1_IN12
 138:Core/Src/stm32f4xx_hal_msp.c ****     */
 139:Core/Src/stm32f4xx_hal_msp.c ****     HAL_GPIO_DeInit(GPIOC, GPIO_PIN_0|GPIO_PIN_1|GPIO_PIN_2);
 140:Core/Src/stm32f4xx_hal_msp.c **** 
 141:Core/Src/stm32f4xx_hal_msp.c ****   /* USER CODE BEGIN ADC1_MspDeInit 1 */
 142:Core/Src/stm32f4xx_hal_msp.c **** 
 143:Core/Src/stm32f4xx_hal_msp.c ****   /* USER CODE END ADC1_MspDeInit 1 */
 144:Core/Src/stm32f4xx_hal_msp.c ****   }
 145:Core/Src/stm32f4xx_hal_msp.c **** 
 146:Core/Src/stm32f4xx_hal_msp.c **** }
 223              		.loc 1 146 1 view .LVU47
 224 000a 08BD     		pop	{r3, pc}
 225              	.LVL7:
 226              	.L14:
 132:Core/Src/stm32f4xx_hal_msp.c **** 
 227              		.loc 1 132 5 is_stmt 1 view .LVU48
 228 000c 054A     		ldr	r2, .L15+4
 229 000e 536C     		ldr	r3, [r2, #68]
 230 0010 23F48073 		bic	r3, r3, #256
 231 0014 5364     		str	r3, [r2, #68]
 139:Core/Src/stm32f4xx_hal_msp.c **** 
 232              		.loc 1 139 5 view .LVU49
 233 0016 0721     		movs	r1, #7
 234 0018 0348     		ldr	r0, .L15+8
 235              	.LVL8:
 139:Core/Src/stm32f4xx_hal_msp.c **** 
 236              		.loc 1 139 5 is_stmt 0 view .LVU50
ARM GAS  /tmp/ccvcNHR5.s 			page 8


 237 001a FFF7FEFF 		bl	HAL_GPIO_DeInit
 238              	.LVL9:
 239              		.loc 1 146 1 view .LVU51
 240 001e F4E7     		b	.L11
 241              	.L16:
 242              		.align	2
 243              	.L15:
 244 0020 00200140 		.word	1073815552
 245 0024 00380240 		.word	1073887232
 246 0028 00080240 		.word	1073874944
 247              		.cfi_endproc
 248              	.LFE241:
 250              		.section	.text.HAL_I2C_MspInit,"ax",%progbits
 251              		.align	1
 252              		.global	HAL_I2C_MspInit
 253              		.syntax unified
 254              		.thumb
 255              		.thumb_func
 257              	HAL_I2C_MspInit:
 258              	.LVL10:
 259              	.LFB242:
 147:Core/Src/stm32f4xx_hal_msp.c **** 
 148:Core/Src/stm32f4xx_hal_msp.c **** /**
 149:Core/Src/stm32f4xx_hal_msp.c **** * @brief I2C MSP Initialization
 150:Core/Src/stm32f4xx_hal_msp.c **** * This function configures the hardware resources used in this example
 151:Core/Src/stm32f4xx_hal_msp.c **** * @param hi2c: I2C handle pointer
 152:Core/Src/stm32f4xx_hal_msp.c **** * @retval None
 153:Core/Src/stm32f4xx_hal_msp.c **** */
 154:Core/Src/stm32f4xx_hal_msp.c **** void HAL_I2C_MspInit(I2C_HandleTypeDef* hi2c)
 155:Core/Src/stm32f4xx_hal_msp.c **** {
 260              		.loc 1 155 1 is_stmt 1 view -0
 261              		.cfi_startproc
 262              		@ args = 0, pretend = 0, frame = 32
 263              		@ frame_needed = 0, uses_anonymous_args = 0
 264              		.loc 1 155 1 is_stmt 0 view .LVU53
 265 0000 30B5     		push	{r4, r5, lr}
 266              	.LCFI7:
 267              		.cfi_def_cfa_offset 12
 268              		.cfi_offset 4, -12
 269              		.cfi_offset 5, -8
 270              		.cfi_offset 14, -4
 271 0002 89B0     		sub	sp, sp, #36
 272              	.LCFI8:
 273              		.cfi_def_cfa_offset 48
 156:Core/Src/stm32f4xx_hal_msp.c ****   GPIO_InitTypeDef GPIO_InitStruct = {0};
 274              		.loc 1 156 3 is_stmt 1 view .LVU54
 275              		.loc 1 156 20 is_stmt 0 view .LVU55
 276 0004 0023     		movs	r3, #0
 277 0006 0393     		str	r3, [sp, #12]
 278 0008 0493     		str	r3, [sp, #16]
 279 000a 0593     		str	r3, [sp, #20]
 280 000c 0693     		str	r3, [sp, #24]
 281 000e 0793     		str	r3, [sp, #28]
 157:Core/Src/stm32f4xx_hal_msp.c ****   if(hi2c->Instance==I2C1)
 282              		.loc 1 157 3 is_stmt 1 view .LVU56
 283              		.loc 1 157 10 is_stmt 0 view .LVU57
 284 0010 0268     		ldr	r2, [r0]
ARM GAS  /tmp/ccvcNHR5.s 			page 9


 285              		.loc 1 157 5 view .LVU58
 286 0012 144B     		ldr	r3, .L21
 287 0014 9A42     		cmp	r2, r3
 288 0016 01D0     		beq	.L20
 289              	.LVL11:
 290              	.L17:
 158:Core/Src/stm32f4xx_hal_msp.c ****   {
 159:Core/Src/stm32f4xx_hal_msp.c ****   /* USER CODE BEGIN I2C1_MspInit 0 */
 160:Core/Src/stm32f4xx_hal_msp.c **** 
 161:Core/Src/stm32f4xx_hal_msp.c ****   /* USER CODE END I2C1_MspInit 0 */
 162:Core/Src/stm32f4xx_hal_msp.c **** 
 163:Core/Src/stm32f4xx_hal_msp.c ****     __HAL_RCC_GPIOB_CLK_ENABLE();
 164:Core/Src/stm32f4xx_hal_msp.c ****     /**I2C1 GPIO Configuration
 165:Core/Src/stm32f4xx_hal_msp.c ****     PB8     ------> I2C1_SCL
 166:Core/Src/stm32f4xx_hal_msp.c ****     PB9     ------> I2C1_SDA
 167:Core/Src/stm32f4xx_hal_msp.c ****     */
 168:Core/Src/stm32f4xx_hal_msp.c ****     GPIO_InitStruct.Pin = GPIO_PIN_8|GPIO_PIN_9;
 169:Core/Src/stm32f4xx_hal_msp.c ****     GPIO_InitStruct.Mode = GPIO_MODE_AF_OD;
 170:Core/Src/stm32f4xx_hal_msp.c ****     GPIO_InitStruct.Pull = GPIO_NOPULL;
 171:Core/Src/stm32f4xx_hal_msp.c ****     GPIO_InitStruct.Speed = GPIO_SPEED_FREQ_VERY_HIGH;
 172:Core/Src/stm32f4xx_hal_msp.c ****     GPIO_InitStruct.Alternate = GPIO_AF4_I2C1;
 173:Core/Src/stm32f4xx_hal_msp.c ****     HAL_GPIO_Init(GPIOB, &GPIO_InitStruct);
 174:Core/Src/stm32f4xx_hal_msp.c **** 
 175:Core/Src/stm32f4xx_hal_msp.c ****     /* Peripheral clock enable */
 176:Core/Src/stm32f4xx_hal_msp.c ****     __HAL_RCC_I2C1_CLK_ENABLE();
 177:Core/Src/stm32f4xx_hal_msp.c ****   /* USER CODE BEGIN I2C1_MspInit 1 */
 178:Core/Src/stm32f4xx_hal_msp.c **** 
 179:Core/Src/stm32f4xx_hal_msp.c ****   /* USER CODE END I2C1_MspInit 1 */
 180:Core/Src/stm32f4xx_hal_msp.c **** 
 181:Core/Src/stm32f4xx_hal_msp.c ****   }
 182:Core/Src/stm32f4xx_hal_msp.c **** 
 183:Core/Src/stm32f4xx_hal_msp.c **** }
 291              		.loc 1 183 1 view .LVU59
 292 0018 09B0     		add	sp, sp, #36
 293              	.LCFI9:
 294              		.cfi_remember_state
 295              		.cfi_def_cfa_offset 12
 296              		@ sp needed
 297 001a 30BD     		pop	{r4, r5, pc}
 298              	.LVL12:
 299              	.L20:
 300              	.LCFI10:
 301              		.cfi_restore_state
 163:Core/Src/stm32f4xx_hal_msp.c ****     /**I2C1 GPIO Configuration
 302              		.loc 1 163 5 is_stmt 1 view .LVU60
 303              	.LBB6:
 163:Core/Src/stm32f4xx_hal_msp.c ****     /**I2C1 GPIO Configuration
 304              		.loc 1 163 5 view .LVU61
 305 001c 0025     		movs	r5, #0
 306 001e 0195     		str	r5, [sp, #4]
 163:Core/Src/stm32f4xx_hal_msp.c ****     /**I2C1 GPIO Configuration
 307              		.loc 1 163 5 view .LVU62
 308 0020 114C     		ldr	r4, .L21+4
 309 0022 236B     		ldr	r3, [r4, #48]
 310 0024 43F00203 		orr	r3, r3, #2
 311 0028 2363     		str	r3, [r4, #48]
 163:Core/Src/stm32f4xx_hal_msp.c ****     /**I2C1 GPIO Configuration
ARM GAS  /tmp/ccvcNHR5.s 			page 10


 312              		.loc 1 163 5 view .LVU63
 313 002a 236B     		ldr	r3, [r4, #48]
 314 002c 03F00203 		and	r3, r3, #2
 315 0030 0193     		str	r3, [sp, #4]
 163:Core/Src/stm32f4xx_hal_msp.c ****     /**I2C1 GPIO Configuration
 316              		.loc 1 163 5 view .LVU64
 317 0032 019B     		ldr	r3, [sp, #4]
 318              	.LBE6:
 163:Core/Src/stm32f4xx_hal_msp.c ****     /**I2C1 GPIO Configuration
 319              		.loc 1 163 5 view .LVU65
 168:Core/Src/stm32f4xx_hal_msp.c ****     GPIO_InitStruct.Mode = GPIO_MODE_AF_OD;
 320              		.loc 1 168 5 view .LVU66
 168:Core/Src/stm32f4xx_hal_msp.c ****     GPIO_InitStruct.Mode = GPIO_MODE_AF_OD;
 321              		.loc 1 168 25 is_stmt 0 view .LVU67
 322 0034 4FF44073 		mov	r3, #768
 323 0038 0393     		str	r3, [sp, #12]
 169:Core/Src/stm32f4xx_hal_msp.c ****     GPIO_InitStruct.Pull = GPIO_NOPULL;
 324              		.loc 1 169 5 is_stmt 1 view .LVU68
 169:Core/Src/stm32f4xx_hal_msp.c ****     GPIO_InitStruct.Pull = GPIO_NOPULL;
 325              		.loc 1 169 26 is_stmt 0 view .LVU69
 326 003a 1223     		movs	r3, #18
 327 003c 0493     		str	r3, [sp, #16]
 170:Core/Src/stm32f4xx_hal_msp.c ****     GPIO_InitStruct.Speed = GPIO_SPEED_FREQ_VERY_HIGH;
 328              		.loc 1 170 5 is_stmt 1 view .LVU70
 171:Core/Src/stm32f4xx_hal_msp.c ****     GPIO_InitStruct.Alternate = GPIO_AF4_I2C1;
 329              		.loc 1 171 5 view .LVU71
 171:Core/Src/stm32f4xx_hal_msp.c ****     GPIO_InitStruct.Alternate = GPIO_AF4_I2C1;
 330              		.loc 1 171 27 is_stmt 0 view .LVU72
 331 003e 0323     		movs	r3, #3
 332 0040 0693     		str	r3, [sp, #24]
 172:Core/Src/stm32f4xx_hal_msp.c ****     HAL_GPIO_Init(GPIOB, &GPIO_InitStruct);
 333              		.loc 1 172 5 is_stmt 1 view .LVU73
 172:Core/Src/stm32f4xx_hal_msp.c ****     HAL_GPIO_Init(GPIOB, &GPIO_InitStruct);
 334              		.loc 1 172 31 is_stmt 0 view .LVU74
 335 0042 0423     		movs	r3, #4
 336 0044 0793     		str	r3, [sp, #28]
 173:Core/Src/stm32f4xx_hal_msp.c **** 
 337              		.loc 1 173 5 is_stmt 1 view .LVU75
 338 0046 03A9     		add	r1, sp, #12
 339 0048 0848     		ldr	r0, .L21+8
 340              	.LVL13:
 173:Core/Src/stm32f4xx_hal_msp.c **** 
 341              		.loc 1 173 5 is_stmt 0 view .LVU76
 342 004a FFF7FEFF 		bl	HAL_GPIO_Init
 343              	.LVL14:
 176:Core/Src/stm32f4xx_hal_msp.c ****   /* USER CODE BEGIN I2C1_MspInit 1 */
 344              		.loc 1 176 5 is_stmt 1 view .LVU77
 345              	.LBB7:
 176:Core/Src/stm32f4xx_hal_msp.c ****   /* USER CODE BEGIN I2C1_MspInit 1 */
 346              		.loc 1 176 5 view .LVU78
 347 004e 0295     		str	r5, [sp, #8]
 176:Core/Src/stm32f4xx_hal_msp.c ****   /* USER CODE BEGIN I2C1_MspInit 1 */
 348              		.loc 1 176 5 view .LVU79
 349 0050 236C     		ldr	r3, [r4, #64]
 350 0052 43F40013 		orr	r3, r3, #2097152
 351 0056 2364     		str	r3, [r4, #64]
 176:Core/Src/stm32f4xx_hal_msp.c ****   /* USER CODE BEGIN I2C1_MspInit 1 */
ARM GAS  /tmp/ccvcNHR5.s 			page 11


 352              		.loc 1 176 5 view .LVU80
 353 0058 236C     		ldr	r3, [r4, #64]
 354 005a 03F40013 		and	r3, r3, #2097152
 355 005e 0293     		str	r3, [sp, #8]
 176:Core/Src/stm32f4xx_hal_msp.c ****   /* USER CODE BEGIN I2C1_MspInit 1 */
 356              		.loc 1 176 5 view .LVU81
 357 0060 029B     		ldr	r3, [sp, #8]
 358              	.LBE7:
 176:Core/Src/stm32f4xx_hal_msp.c ****   /* USER CODE BEGIN I2C1_MspInit 1 */
 359              		.loc 1 176 5 view .LVU82
 360              		.loc 1 183 1 is_stmt 0 view .LVU83
 361 0062 D9E7     		b	.L17
 362              	.L22:
 363              		.align	2
 364              	.L21:
 365 0064 00540040 		.word	1073763328
 366 0068 00380240 		.word	1073887232
 367 006c 00040240 		.word	1073873920
 368              		.cfi_endproc
 369              	.LFE242:
 371              		.section	.text.HAL_I2C_MspDeInit,"ax",%progbits
 372              		.align	1
 373              		.global	HAL_I2C_MspDeInit
 374              		.syntax unified
 375              		.thumb
 376              		.thumb_func
 378              	HAL_I2C_MspDeInit:
 379              	.LVL15:
 380              	.LFB243:
 184:Core/Src/stm32f4xx_hal_msp.c **** 
 185:Core/Src/stm32f4xx_hal_msp.c **** /**
 186:Core/Src/stm32f4xx_hal_msp.c **** * @brief I2C MSP De-Initialization
 187:Core/Src/stm32f4xx_hal_msp.c **** * This function freeze the hardware resources used in this example
 188:Core/Src/stm32f4xx_hal_msp.c **** * @param hi2c: I2C handle pointer
 189:Core/Src/stm32f4xx_hal_msp.c **** * @retval None
 190:Core/Src/stm32f4xx_hal_msp.c **** */
 191:Core/Src/stm32f4xx_hal_msp.c **** void HAL_I2C_MspDeInit(I2C_HandleTypeDef* hi2c)
 192:Core/Src/stm32f4xx_hal_msp.c **** {
 381              		.loc 1 192 1 is_stmt 1 view -0
 382              		.cfi_startproc
 383              		@ args = 0, pretend = 0, frame = 0
 384              		@ frame_needed = 0, uses_anonymous_args = 0
 193:Core/Src/stm32f4xx_hal_msp.c ****   if(hi2c->Instance==I2C1)
 385              		.loc 1 193 3 view .LVU85
 386              		.loc 1 193 10 is_stmt 0 view .LVU86
 387 0000 0268     		ldr	r2, [r0]
 388              		.loc 1 193 5 view .LVU87
 389 0002 0B4B     		ldr	r3, .L30
 390 0004 9A42     		cmp	r2, r3
 391 0006 00D0     		beq	.L29
 392 0008 7047     		bx	lr
 393              	.L29:
 192:Core/Src/stm32f4xx_hal_msp.c ****   if(hi2c->Instance==I2C1)
 394              		.loc 1 192 1 view .LVU88
 395 000a 10B5     		push	{r4, lr}
 396              	.LCFI11:
 397              		.cfi_def_cfa_offset 8
ARM GAS  /tmp/ccvcNHR5.s 			page 12


 398              		.cfi_offset 4, -8
 399              		.cfi_offset 14, -4
 194:Core/Src/stm32f4xx_hal_msp.c ****   {
 195:Core/Src/stm32f4xx_hal_msp.c ****   /* USER CODE BEGIN I2C1_MspDeInit 0 */
 196:Core/Src/stm32f4xx_hal_msp.c **** 
 197:Core/Src/stm32f4xx_hal_msp.c ****   /* USER CODE END I2C1_MspDeInit 0 */
 198:Core/Src/stm32f4xx_hal_msp.c ****     /* Peripheral clock disable */
 199:Core/Src/stm32f4xx_hal_msp.c ****     __HAL_RCC_I2C1_CLK_DISABLE();
 400              		.loc 1 199 5 is_stmt 1 view .LVU89
 401 000c 094A     		ldr	r2, .L30+4
 402 000e 136C     		ldr	r3, [r2, #64]
 403 0010 23F40013 		bic	r3, r3, #2097152
 404 0014 1364     		str	r3, [r2, #64]
 200:Core/Src/stm32f4xx_hal_msp.c **** 
 201:Core/Src/stm32f4xx_hal_msp.c ****     /**I2C1 GPIO Configuration
 202:Core/Src/stm32f4xx_hal_msp.c ****     PB8     ------> I2C1_SCL
 203:Core/Src/stm32f4xx_hal_msp.c ****     PB9     ------> I2C1_SDA
 204:Core/Src/stm32f4xx_hal_msp.c ****     */
 205:Core/Src/stm32f4xx_hal_msp.c ****     HAL_GPIO_DeInit(GPIOB, GPIO_PIN_8);
 405              		.loc 1 205 5 view .LVU90
 406 0016 084C     		ldr	r4, .L30+8
 407 0018 4FF48071 		mov	r1, #256
 408 001c 2046     		mov	r0, r4
 409              	.LVL16:
 410              		.loc 1 205 5 is_stmt 0 view .LVU91
 411 001e FFF7FEFF 		bl	HAL_GPIO_DeInit
 412              	.LVL17:
 206:Core/Src/stm32f4xx_hal_msp.c **** 
 207:Core/Src/stm32f4xx_hal_msp.c ****     HAL_GPIO_DeInit(GPIOB, GPIO_PIN_9);
 413              		.loc 1 207 5 is_stmt 1 view .LVU92
 414 0022 4FF40071 		mov	r1, #512
 415 0026 2046     		mov	r0, r4
 416 0028 FFF7FEFF 		bl	HAL_GPIO_DeInit
 417              	.LVL18:
 208:Core/Src/stm32f4xx_hal_msp.c **** 
 209:Core/Src/stm32f4xx_hal_msp.c ****   /* USER CODE BEGIN I2C1_MspDeInit 1 */
 210:Core/Src/stm32f4xx_hal_msp.c **** 
 211:Core/Src/stm32f4xx_hal_msp.c ****   /* USER CODE END I2C1_MspDeInit 1 */
 212:Core/Src/stm32f4xx_hal_msp.c ****   }
 213:Core/Src/stm32f4xx_hal_msp.c **** 
 214:Core/Src/stm32f4xx_hal_msp.c **** }
 418              		.loc 1 214 1 is_stmt 0 view .LVU93
 419 002c 10BD     		pop	{r4, pc}
 420              	.L31:
 421 002e 00BF     		.align	2
 422              	.L30:
 423 0030 00540040 		.word	1073763328
 424 0034 00380240 		.word	1073887232
 425 0038 00040240 		.word	1073873920
 426              		.cfi_endproc
 427              	.LFE243:
 429              		.section	.text.HAL_SPI_MspInit,"ax",%progbits
 430              		.align	1
 431              		.global	HAL_SPI_MspInit
 432              		.syntax unified
 433              		.thumb
 434              		.thumb_func
ARM GAS  /tmp/ccvcNHR5.s 			page 13


 436              	HAL_SPI_MspInit:
 437              	.LVL19:
 438              	.LFB244:
 215:Core/Src/stm32f4xx_hal_msp.c **** 
 216:Core/Src/stm32f4xx_hal_msp.c **** /**
 217:Core/Src/stm32f4xx_hal_msp.c **** * @brief SPI MSP Initialization
 218:Core/Src/stm32f4xx_hal_msp.c **** * This function configures the hardware resources used in this example
 219:Core/Src/stm32f4xx_hal_msp.c **** * @param hspi: SPI handle pointer
 220:Core/Src/stm32f4xx_hal_msp.c **** * @retval None
 221:Core/Src/stm32f4xx_hal_msp.c **** */
 222:Core/Src/stm32f4xx_hal_msp.c **** void HAL_SPI_MspInit(SPI_HandleTypeDef* hspi)
 223:Core/Src/stm32f4xx_hal_msp.c **** {
 439              		.loc 1 223 1 is_stmt 1 view -0
 440              		.cfi_startproc
 441              		@ args = 0, pretend = 0, frame = 32
 442              		@ frame_needed = 0, uses_anonymous_args = 0
 443              		.loc 1 223 1 is_stmt 0 view .LVU95
 444 0000 00B5     		push	{lr}
 445              	.LCFI12:
 446              		.cfi_def_cfa_offset 4
 447              		.cfi_offset 14, -4
 448 0002 89B0     		sub	sp, sp, #36
 449              	.LCFI13:
 450              		.cfi_def_cfa_offset 40
 224:Core/Src/stm32f4xx_hal_msp.c ****   GPIO_InitTypeDef GPIO_InitStruct = {0};
 451              		.loc 1 224 3 is_stmt 1 view .LVU96
 452              		.loc 1 224 20 is_stmt 0 view .LVU97
 453 0004 0023     		movs	r3, #0
 454 0006 0393     		str	r3, [sp, #12]
 455 0008 0493     		str	r3, [sp, #16]
 456 000a 0593     		str	r3, [sp, #20]
 457 000c 0693     		str	r3, [sp, #24]
 458 000e 0793     		str	r3, [sp, #28]
 225:Core/Src/stm32f4xx_hal_msp.c ****   if(hspi->Instance==SPI1)
 459              		.loc 1 225 3 is_stmt 1 view .LVU98
 460              		.loc 1 225 10 is_stmt 0 view .LVU99
 461 0010 0268     		ldr	r2, [r0]
 462              		.loc 1 225 5 view .LVU100
 463 0012 154B     		ldr	r3, .L36
 464 0014 9A42     		cmp	r2, r3
 465 0016 02D0     		beq	.L35
 466              	.LVL20:
 467              	.L32:
 226:Core/Src/stm32f4xx_hal_msp.c ****   {
 227:Core/Src/stm32f4xx_hal_msp.c ****   /* USER CODE BEGIN SPI1_MspInit 0 */
 228:Core/Src/stm32f4xx_hal_msp.c **** 
 229:Core/Src/stm32f4xx_hal_msp.c ****   /* USER CODE END SPI1_MspInit 0 */
 230:Core/Src/stm32f4xx_hal_msp.c ****     /* Peripheral clock enable */
 231:Core/Src/stm32f4xx_hal_msp.c ****     __HAL_RCC_SPI1_CLK_ENABLE();
 232:Core/Src/stm32f4xx_hal_msp.c **** 
 233:Core/Src/stm32f4xx_hal_msp.c ****     __HAL_RCC_GPIOA_CLK_ENABLE();
 234:Core/Src/stm32f4xx_hal_msp.c ****     /**SPI1 GPIO Configuration
 235:Core/Src/stm32f4xx_hal_msp.c ****     PA5     ------> SPI1_SCK
 236:Core/Src/stm32f4xx_hal_msp.c ****     PA6     ------> SPI1_MISO
 237:Core/Src/stm32f4xx_hal_msp.c ****     PA7     ------> SPI1_MOSI
 238:Core/Src/stm32f4xx_hal_msp.c ****     */
 239:Core/Src/stm32f4xx_hal_msp.c ****     GPIO_InitStruct.Pin = GPIO_PIN_5|GPIO_PIN_6|GPIO_PIN_7;
ARM GAS  /tmp/ccvcNHR5.s 			page 14


 240:Core/Src/stm32f4xx_hal_msp.c ****     GPIO_InitStruct.Mode = GPIO_MODE_AF_PP;
 241:Core/Src/stm32f4xx_hal_msp.c ****     GPIO_InitStruct.Pull = GPIO_NOPULL;
 242:Core/Src/stm32f4xx_hal_msp.c ****     GPIO_InitStruct.Speed = GPIO_SPEED_FREQ_VERY_HIGH;
 243:Core/Src/stm32f4xx_hal_msp.c ****     GPIO_InitStruct.Alternate = GPIO_AF5_SPI1;
 244:Core/Src/stm32f4xx_hal_msp.c ****     HAL_GPIO_Init(GPIOA, &GPIO_InitStruct);
 245:Core/Src/stm32f4xx_hal_msp.c **** 
 246:Core/Src/stm32f4xx_hal_msp.c ****   /* USER CODE BEGIN SPI1_MspInit 1 */
 247:Core/Src/stm32f4xx_hal_msp.c **** 
 248:Core/Src/stm32f4xx_hal_msp.c ****   /* USER CODE END SPI1_MspInit 1 */
 249:Core/Src/stm32f4xx_hal_msp.c **** 
 250:Core/Src/stm32f4xx_hal_msp.c ****   }
 251:Core/Src/stm32f4xx_hal_msp.c **** 
 252:Core/Src/stm32f4xx_hal_msp.c **** }
 468              		.loc 1 252 1 view .LVU101
 469 0018 09B0     		add	sp, sp, #36
 470              	.LCFI14:
 471              		.cfi_remember_state
 472              		.cfi_def_cfa_offset 4
 473              		@ sp needed
 474 001a 5DF804FB 		ldr	pc, [sp], #4
 475              	.LVL21:
 476              	.L35:
 477              	.LCFI15:
 478              		.cfi_restore_state
 231:Core/Src/stm32f4xx_hal_msp.c **** 
 479              		.loc 1 231 5 is_stmt 1 view .LVU102
 480              	.LBB8:
 231:Core/Src/stm32f4xx_hal_msp.c **** 
 481              		.loc 1 231 5 view .LVU103
 482 001e 0021     		movs	r1, #0
 483 0020 0191     		str	r1, [sp, #4]
 231:Core/Src/stm32f4xx_hal_msp.c **** 
 484              		.loc 1 231 5 view .LVU104
 485 0022 03F58433 		add	r3, r3, #67584
 486 0026 5A6C     		ldr	r2, [r3, #68]
 487 0028 42F48052 		orr	r2, r2, #4096
 488 002c 5A64     		str	r2, [r3, #68]
 231:Core/Src/stm32f4xx_hal_msp.c **** 
 489              		.loc 1 231 5 view .LVU105
 490 002e 5A6C     		ldr	r2, [r3, #68]
 491 0030 02F48052 		and	r2, r2, #4096
 492 0034 0192     		str	r2, [sp, #4]
 231:Core/Src/stm32f4xx_hal_msp.c **** 
 493              		.loc 1 231 5 view .LVU106
 494 0036 019A     		ldr	r2, [sp, #4]
 495              	.LBE8:
 231:Core/Src/stm32f4xx_hal_msp.c **** 
 496              		.loc 1 231 5 view .LVU107
 233:Core/Src/stm32f4xx_hal_msp.c ****     /**SPI1 GPIO Configuration
 497              		.loc 1 233 5 view .LVU108
 498              	.LBB9:
 233:Core/Src/stm32f4xx_hal_msp.c ****     /**SPI1 GPIO Configuration
 499              		.loc 1 233 5 view .LVU109
 500 0038 0291     		str	r1, [sp, #8]
 233:Core/Src/stm32f4xx_hal_msp.c ****     /**SPI1 GPIO Configuration
 501              		.loc 1 233 5 view .LVU110
 502 003a 1A6B     		ldr	r2, [r3, #48]
ARM GAS  /tmp/ccvcNHR5.s 			page 15


 503 003c 42F00102 		orr	r2, r2, #1
 504 0040 1A63     		str	r2, [r3, #48]
 233:Core/Src/stm32f4xx_hal_msp.c ****     /**SPI1 GPIO Configuration
 505              		.loc 1 233 5 view .LVU111
 506 0042 1B6B     		ldr	r3, [r3, #48]
 507 0044 03F00103 		and	r3, r3, #1
 508 0048 0293     		str	r3, [sp, #8]
 233:Core/Src/stm32f4xx_hal_msp.c ****     /**SPI1 GPIO Configuration
 509              		.loc 1 233 5 view .LVU112
 510 004a 029B     		ldr	r3, [sp, #8]
 511              	.LBE9:
 233:Core/Src/stm32f4xx_hal_msp.c ****     /**SPI1 GPIO Configuration
 512              		.loc 1 233 5 view .LVU113
 239:Core/Src/stm32f4xx_hal_msp.c ****     GPIO_InitStruct.Mode = GPIO_MODE_AF_PP;
 513              		.loc 1 239 5 view .LVU114
 239:Core/Src/stm32f4xx_hal_msp.c ****     GPIO_InitStruct.Mode = GPIO_MODE_AF_PP;
 514              		.loc 1 239 25 is_stmt 0 view .LVU115
 515 004c E023     		movs	r3, #224
 516 004e 0393     		str	r3, [sp, #12]
 240:Core/Src/stm32f4xx_hal_msp.c ****     GPIO_InitStruct.Pull = GPIO_NOPULL;
 517              		.loc 1 240 5 is_stmt 1 view .LVU116
 240:Core/Src/stm32f4xx_hal_msp.c ****     GPIO_InitStruct.Pull = GPIO_NOPULL;
 518              		.loc 1 240 26 is_stmt 0 view .LVU117
 519 0050 0223     		movs	r3, #2
 520 0052 0493     		str	r3, [sp, #16]
 241:Core/Src/stm32f4xx_hal_msp.c ****     GPIO_InitStruct.Speed = GPIO_SPEED_FREQ_VERY_HIGH;
 521              		.loc 1 241 5 is_stmt 1 view .LVU118
 242:Core/Src/stm32f4xx_hal_msp.c ****     GPIO_InitStruct.Alternate = GPIO_AF5_SPI1;
 522              		.loc 1 242 5 view .LVU119
 242:Core/Src/stm32f4xx_hal_msp.c ****     GPIO_InitStruct.Alternate = GPIO_AF5_SPI1;
 523              		.loc 1 242 27 is_stmt 0 view .LVU120
 524 0054 0323     		movs	r3, #3
 525 0056 0693     		str	r3, [sp, #24]
 243:Core/Src/stm32f4xx_hal_msp.c ****     HAL_GPIO_Init(GPIOA, &GPIO_InitStruct);
 526              		.loc 1 243 5 is_stmt 1 view .LVU121
 243:Core/Src/stm32f4xx_hal_msp.c ****     HAL_GPIO_Init(GPIOA, &GPIO_InitStruct);
 527              		.loc 1 243 31 is_stmt 0 view .LVU122
 528 0058 0523     		movs	r3, #5
 529 005a 0793     		str	r3, [sp, #28]
 244:Core/Src/stm32f4xx_hal_msp.c **** 
 530              		.loc 1 244 5 is_stmt 1 view .LVU123
 531 005c 03A9     		add	r1, sp, #12
 532 005e 0348     		ldr	r0, .L36+4
 533              	.LVL22:
 244:Core/Src/stm32f4xx_hal_msp.c **** 
 534              		.loc 1 244 5 is_stmt 0 view .LVU124
 535 0060 FFF7FEFF 		bl	HAL_GPIO_Init
 536              	.LVL23:
 537              		.loc 1 252 1 view .LVU125
 538 0064 D8E7     		b	.L32
 539              	.L37:
 540 0066 00BF     		.align	2
 541              	.L36:
 542 0068 00300140 		.word	1073819648
 543 006c 00000240 		.word	1073872896
 544              		.cfi_endproc
 545              	.LFE244:
ARM GAS  /tmp/ccvcNHR5.s 			page 16


 547              		.section	.text.HAL_SPI_MspDeInit,"ax",%progbits
 548              		.align	1
 549              		.global	HAL_SPI_MspDeInit
 550              		.syntax unified
 551              		.thumb
 552              		.thumb_func
 554              	HAL_SPI_MspDeInit:
 555              	.LVL24:
 556              	.LFB245:
 253:Core/Src/stm32f4xx_hal_msp.c **** 
 254:Core/Src/stm32f4xx_hal_msp.c **** /**
 255:Core/Src/stm32f4xx_hal_msp.c **** * @brief SPI MSP De-Initialization
 256:Core/Src/stm32f4xx_hal_msp.c **** * This function freeze the hardware resources used in this example
 257:Core/Src/stm32f4xx_hal_msp.c **** * @param hspi: SPI handle pointer
 258:Core/Src/stm32f4xx_hal_msp.c **** * @retval None
 259:Core/Src/stm32f4xx_hal_msp.c **** */
 260:Core/Src/stm32f4xx_hal_msp.c **** void HAL_SPI_MspDeInit(SPI_HandleTypeDef* hspi)
 261:Core/Src/stm32f4xx_hal_msp.c **** {
 557              		.loc 1 261 1 is_stmt 1 view -0
 558              		.cfi_startproc
 559              		@ args = 0, pretend = 0, frame = 0
 560              		@ frame_needed = 0, uses_anonymous_args = 0
 561              		.loc 1 261 1 is_stmt 0 view .LVU127
 562 0000 08B5     		push	{r3, lr}
 563              	.LCFI16:
 564              		.cfi_def_cfa_offset 8
 565              		.cfi_offset 3, -8
 566              		.cfi_offset 14, -4
 262:Core/Src/stm32f4xx_hal_msp.c ****   if(hspi->Instance==SPI1)
 567              		.loc 1 262 3 is_stmt 1 view .LVU128
 568              		.loc 1 262 10 is_stmt 0 view .LVU129
 569 0002 0268     		ldr	r2, [r0]
 570              		.loc 1 262 5 view .LVU130
 571 0004 064B     		ldr	r3, .L42
 572 0006 9A42     		cmp	r2, r3
 573 0008 00D0     		beq	.L41
 574              	.LVL25:
 575              	.L38:
 263:Core/Src/stm32f4xx_hal_msp.c ****   {
 264:Core/Src/stm32f4xx_hal_msp.c ****   /* USER CODE BEGIN SPI1_MspDeInit 0 */
 265:Core/Src/stm32f4xx_hal_msp.c **** 
 266:Core/Src/stm32f4xx_hal_msp.c ****   /* USER CODE END SPI1_MspDeInit 0 */
 267:Core/Src/stm32f4xx_hal_msp.c ****     /* Peripheral clock disable */
 268:Core/Src/stm32f4xx_hal_msp.c ****     __HAL_RCC_SPI1_CLK_DISABLE();
 269:Core/Src/stm32f4xx_hal_msp.c **** 
 270:Core/Src/stm32f4xx_hal_msp.c ****     /**SPI1 GPIO Configuration
 271:Core/Src/stm32f4xx_hal_msp.c ****     PA5     ------> SPI1_SCK
 272:Core/Src/stm32f4xx_hal_msp.c ****     PA6     ------> SPI1_MISO
 273:Core/Src/stm32f4xx_hal_msp.c ****     PA7     ------> SPI1_MOSI
 274:Core/Src/stm32f4xx_hal_msp.c ****     */
 275:Core/Src/stm32f4xx_hal_msp.c ****     HAL_GPIO_DeInit(GPIOA, GPIO_PIN_5|GPIO_PIN_6|GPIO_PIN_7);
 276:Core/Src/stm32f4xx_hal_msp.c **** 
 277:Core/Src/stm32f4xx_hal_msp.c ****   /* USER CODE BEGIN SPI1_MspDeInit 1 */
 278:Core/Src/stm32f4xx_hal_msp.c **** 
 279:Core/Src/stm32f4xx_hal_msp.c ****   /* USER CODE END SPI1_MspDeInit 1 */
 280:Core/Src/stm32f4xx_hal_msp.c ****   }
 281:Core/Src/stm32f4xx_hal_msp.c **** 
ARM GAS  /tmp/ccvcNHR5.s 			page 17


 282:Core/Src/stm32f4xx_hal_msp.c **** }
 576              		.loc 1 282 1 view .LVU131
 577 000a 08BD     		pop	{r3, pc}
 578              	.LVL26:
 579              	.L41:
 268:Core/Src/stm32f4xx_hal_msp.c **** 
 580              		.loc 1 268 5 is_stmt 1 view .LVU132
 581 000c 054A     		ldr	r2, .L42+4
 582 000e 536C     		ldr	r3, [r2, #68]
 583 0010 23F48053 		bic	r3, r3, #4096
 584 0014 5364     		str	r3, [r2, #68]
 275:Core/Src/stm32f4xx_hal_msp.c **** 
 585              		.loc 1 275 5 view .LVU133
 586 0016 E021     		movs	r1, #224
 587 0018 0348     		ldr	r0, .L42+8
 588              	.LVL27:
 275:Core/Src/stm32f4xx_hal_msp.c **** 
 589              		.loc 1 275 5 is_stmt 0 view .LVU134
 590 001a FFF7FEFF 		bl	HAL_GPIO_DeInit
 591              	.LVL28:
 592              		.loc 1 282 1 view .LVU135
 593 001e F4E7     		b	.L38
 594              	.L43:
 595              		.align	2
 596              	.L42:
 597 0020 00300140 		.word	1073819648
 598 0024 00380240 		.word	1073887232
 599 0028 00000240 		.word	1073872896
 600              		.cfi_endproc
 601              	.LFE245:
 603              		.section	.text.HAL_TIM_Base_MspInit,"ax",%progbits
 604              		.align	1
 605              		.global	HAL_TIM_Base_MspInit
 606              		.syntax unified
 607              		.thumb
 608              		.thumb_func
 610              	HAL_TIM_Base_MspInit:
 611              	.LVL29:
 612              	.LFB246:
 283:Core/Src/stm32f4xx_hal_msp.c **** 
 284:Core/Src/stm32f4xx_hal_msp.c **** /**
 285:Core/Src/stm32f4xx_hal_msp.c **** * @brief TIM_Base MSP Initialization
 286:Core/Src/stm32f4xx_hal_msp.c **** * This function configures the hardware resources used in this example
 287:Core/Src/stm32f4xx_hal_msp.c **** * @param htim_base: TIM_Base handle pointer
 288:Core/Src/stm32f4xx_hal_msp.c **** * @retval None
 289:Core/Src/stm32f4xx_hal_msp.c **** */
 290:Core/Src/stm32f4xx_hal_msp.c **** void HAL_TIM_Base_MspInit(TIM_HandleTypeDef* htim_base)
 291:Core/Src/stm32f4xx_hal_msp.c **** {
 613              		.loc 1 291 1 is_stmt 1 view -0
 614              		.cfi_startproc
 615              		@ args = 0, pretend = 0, frame = 24
 616              		@ frame_needed = 0, uses_anonymous_args = 0
 617              		@ link register save eliminated.
 618              		.loc 1 291 1 is_stmt 0 view .LVU137
 619 0000 86B0     		sub	sp, sp, #24
 620              	.LCFI17:
 621              		.cfi_def_cfa_offset 24
ARM GAS  /tmp/ccvcNHR5.s 			page 18


 292:Core/Src/stm32f4xx_hal_msp.c ****   if(htim_base->Instance==TIM1)
 622              		.loc 1 292 3 is_stmt 1 view .LVU138
 623              		.loc 1 292 15 is_stmt 0 view .LVU139
 624 0002 0368     		ldr	r3, [r0]
 625              		.loc 1 292 5 view .LVU140
 626 0004 284A     		ldr	r2, .L55
 627 0006 9342     		cmp	r3, r2
 628 0008 18D0     		beq	.L51
 293:Core/Src/stm32f4xx_hal_msp.c ****   {
 294:Core/Src/stm32f4xx_hal_msp.c ****   /* USER CODE BEGIN TIM1_MspInit 0 */
 295:Core/Src/stm32f4xx_hal_msp.c **** 
 296:Core/Src/stm32f4xx_hal_msp.c ****   /* USER CODE END TIM1_MspInit 0 */
 297:Core/Src/stm32f4xx_hal_msp.c ****     /* Peripheral clock enable */
 298:Core/Src/stm32f4xx_hal_msp.c ****     __HAL_RCC_TIM1_CLK_ENABLE();
 299:Core/Src/stm32f4xx_hal_msp.c ****   /* USER CODE BEGIN TIM1_MspInit 1 */
 300:Core/Src/stm32f4xx_hal_msp.c **** 
 301:Core/Src/stm32f4xx_hal_msp.c ****   /* USER CODE END TIM1_MspInit 1 */
 302:Core/Src/stm32f4xx_hal_msp.c ****   }
 303:Core/Src/stm32f4xx_hal_msp.c ****   else if(htim_base->Instance==TIM2)
 629              		.loc 1 303 8 is_stmt 1 view .LVU141
 630              		.loc 1 303 10 is_stmt 0 view .LVU142
 631 000a B3F1804F 		cmp	r3, #1073741824
 632 000e 23D0     		beq	.L52
 304:Core/Src/stm32f4xx_hal_msp.c ****   {
 305:Core/Src/stm32f4xx_hal_msp.c ****   /* USER CODE BEGIN TIM2_MspInit 0 */
 306:Core/Src/stm32f4xx_hal_msp.c **** 
 307:Core/Src/stm32f4xx_hal_msp.c ****   /* USER CODE END TIM2_MspInit 0 */
 308:Core/Src/stm32f4xx_hal_msp.c ****     /* Peripheral clock enable */
 309:Core/Src/stm32f4xx_hal_msp.c ****     __HAL_RCC_TIM2_CLK_ENABLE();
 310:Core/Src/stm32f4xx_hal_msp.c ****   /* USER CODE BEGIN TIM2_MspInit 1 */
 311:Core/Src/stm32f4xx_hal_msp.c **** 
 312:Core/Src/stm32f4xx_hal_msp.c ****   /* USER CODE END TIM2_MspInit 1 */
 313:Core/Src/stm32f4xx_hal_msp.c ****   }
 314:Core/Src/stm32f4xx_hal_msp.c ****   else if(htim_base->Instance==TIM3)
 633              		.loc 1 314 8 is_stmt 1 view .LVU143
 634              		.loc 1 314 10 is_stmt 0 view .LVU144
 635 0010 264A     		ldr	r2, .L55+4
 636 0012 9342     		cmp	r3, r2
 637 0014 2DD0     		beq	.L53
 315:Core/Src/stm32f4xx_hal_msp.c ****   {
 316:Core/Src/stm32f4xx_hal_msp.c ****   /* USER CODE BEGIN TIM3_MspInit 0 */
 317:Core/Src/stm32f4xx_hal_msp.c **** 
 318:Core/Src/stm32f4xx_hal_msp.c ****   /* USER CODE END TIM3_MspInit 0 */
 319:Core/Src/stm32f4xx_hal_msp.c ****     /* Peripheral clock enable */
 320:Core/Src/stm32f4xx_hal_msp.c ****     __HAL_RCC_TIM3_CLK_ENABLE();
 321:Core/Src/stm32f4xx_hal_msp.c ****   /* USER CODE BEGIN TIM3_MspInit 1 */
 322:Core/Src/stm32f4xx_hal_msp.c **** 
 323:Core/Src/stm32f4xx_hal_msp.c ****   /* USER CODE END TIM3_MspInit 1 */
 324:Core/Src/stm32f4xx_hal_msp.c ****   }
 325:Core/Src/stm32f4xx_hal_msp.c ****   else if(htim_base->Instance==TIM4)
 638              		.loc 1 325 8 is_stmt 1 view .LVU145
 639              		.loc 1 325 10 is_stmt 0 view .LVU146
 640 0016 264A     		ldr	r2, .L55+8
 641 0018 9342     		cmp	r3, r2
 642 001a 37D0     		beq	.L54
 326:Core/Src/stm32f4xx_hal_msp.c ****   {
 327:Core/Src/stm32f4xx_hal_msp.c ****   /* USER CODE BEGIN TIM4_MspInit 0 */
ARM GAS  /tmp/ccvcNHR5.s 			page 19


 328:Core/Src/stm32f4xx_hal_msp.c **** 
 329:Core/Src/stm32f4xx_hal_msp.c ****   /* USER CODE END TIM4_MspInit 0 */
 330:Core/Src/stm32f4xx_hal_msp.c ****     /* Peripheral clock enable */
 331:Core/Src/stm32f4xx_hal_msp.c ****     __HAL_RCC_TIM4_CLK_ENABLE();
 332:Core/Src/stm32f4xx_hal_msp.c ****   /* USER CODE BEGIN TIM4_MspInit 1 */
 333:Core/Src/stm32f4xx_hal_msp.c **** 
 334:Core/Src/stm32f4xx_hal_msp.c ****   /* USER CODE END TIM4_MspInit 1 */
 335:Core/Src/stm32f4xx_hal_msp.c ****   }
 336:Core/Src/stm32f4xx_hal_msp.c ****   else if(htim_base->Instance==TIM8)
 643              		.loc 1 336 8 is_stmt 1 view .LVU147
 644              		.loc 1 336 10 is_stmt 0 view .LVU148
 645 001c 254A     		ldr	r2, .L55+12
 646 001e 9342     		cmp	r3, r2
 647 0020 18D1     		bne	.L44
 337:Core/Src/stm32f4xx_hal_msp.c ****   {
 338:Core/Src/stm32f4xx_hal_msp.c ****   /* USER CODE BEGIN TIM8_MspInit 0 */
 339:Core/Src/stm32f4xx_hal_msp.c **** 
 340:Core/Src/stm32f4xx_hal_msp.c ****   /* USER CODE END TIM8_MspInit 0 */
 341:Core/Src/stm32f4xx_hal_msp.c ****     /* Peripheral clock enable */
 342:Core/Src/stm32f4xx_hal_msp.c ****     __HAL_RCC_TIM8_CLK_ENABLE();
 648              		.loc 1 342 5 is_stmt 1 view .LVU149
 649              	.LBB10:
 650              		.loc 1 342 5 view .LVU150
 651 0022 0023     		movs	r3, #0
 652 0024 0593     		str	r3, [sp, #20]
 653              		.loc 1 342 5 view .LVU151
 654 0026 244B     		ldr	r3, .L55+16
 655 0028 5A6C     		ldr	r2, [r3, #68]
 656 002a 42F00202 		orr	r2, r2, #2
 657 002e 5A64     		str	r2, [r3, #68]
 658              		.loc 1 342 5 view .LVU152
 659 0030 5B6C     		ldr	r3, [r3, #68]
 660 0032 03F00203 		and	r3, r3, #2
 661 0036 0593     		str	r3, [sp, #20]
 662              		.loc 1 342 5 view .LVU153
 663 0038 059B     		ldr	r3, [sp, #20]
 664              	.LBE10:
 665              		.loc 1 342 5 view .LVU154
 343:Core/Src/stm32f4xx_hal_msp.c ****   /* USER CODE BEGIN TIM8_MspInit 1 */
 344:Core/Src/stm32f4xx_hal_msp.c **** 
 345:Core/Src/stm32f4xx_hal_msp.c ****   /* USER CODE END TIM8_MspInit 1 */
 346:Core/Src/stm32f4xx_hal_msp.c ****   }
 347:Core/Src/stm32f4xx_hal_msp.c **** 
 348:Core/Src/stm32f4xx_hal_msp.c **** }
 666              		.loc 1 348 1 is_stmt 0 view .LVU155
 667 003a 0BE0     		b	.L44
 668              	.L51:
 298:Core/Src/stm32f4xx_hal_msp.c ****   /* USER CODE BEGIN TIM1_MspInit 1 */
 669              		.loc 1 298 5 is_stmt 1 view .LVU156
 670              	.LBB11:
 298:Core/Src/stm32f4xx_hal_msp.c ****   /* USER CODE BEGIN TIM1_MspInit 1 */
 671              		.loc 1 298 5 view .LVU157
 672 003c 0023     		movs	r3, #0
 673 003e 0193     		str	r3, [sp, #4]
 298:Core/Src/stm32f4xx_hal_msp.c ****   /* USER CODE BEGIN TIM1_MspInit 1 */
 674              		.loc 1 298 5 view .LVU158
 675 0040 1D4B     		ldr	r3, .L55+16
ARM GAS  /tmp/ccvcNHR5.s 			page 20


 676 0042 5A6C     		ldr	r2, [r3, #68]
 677 0044 42F00102 		orr	r2, r2, #1
 678 0048 5A64     		str	r2, [r3, #68]
 298:Core/Src/stm32f4xx_hal_msp.c ****   /* USER CODE BEGIN TIM1_MspInit 1 */
 679              		.loc 1 298 5 view .LVU159
 680 004a 5B6C     		ldr	r3, [r3, #68]
 681 004c 03F00103 		and	r3, r3, #1
 682 0050 0193     		str	r3, [sp, #4]
 298:Core/Src/stm32f4xx_hal_msp.c ****   /* USER CODE BEGIN TIM1_MspInit 1 */
 683              		.loc 1 298 5 view .LVU160
 684 0052 019B     		ldr	r3, [sp, #4]
 685              	.LBE11:
 298:Core/Src/stm32f4xx_hal_msp.c ****   /* USER CODE BEGIN TIM1_MspInit 1 */
 686              		.loc 1 298 5 view .LVU161
 687              	.L44:
 688              		.loc 1 348 1 is_stmt 0 view .LVU162
 689 0054 06B0     		add	sp, sp, #24
 690              	.LCFI18:
 691              		.cfi_remember_state
 692              		.cfi_def_cfa_offset 0
 693              		@ sp needed
 694 0056 7047     		bx	lr
 695              	.L52:
 696              	.LCFI19:
 697              		.cfi_restore_state
 309:Core/Src/stm32f4xx_hal_msp.c ****   /* USER CODE BEGIN TIM2_MspInit 1 */
 698              		.loc 1 309 5 is_stmt 1 view .LVU163
 699              	.LBB12:
 309:Core/Src/stm32f4xx_hal_msp.c ****   /* USER CODE BEGIN TIM2_MspInit 1 */
 700              		.loc 1 309 5 view .LVU164
 701 0058 0023     		movs	r3, #0
 702 005a 0293     		str	r3, [sp, #8]
 309:Core/Src/stm32f4xx_hal_msp.c ****   /* USER CODE BEGIN TIM2_MspInit 1 */
 703              		.loc 1 309 5 view .LVU165
 704 005c 164B     		ldr	r3, .L55+16
 705 005e 1A6C     		ldr	r2, [r3, #64]
 706 0060 42F00102 		orr	r2, r2, #1
 707 0064 1A64     		str	r2, [r3, #64]
 309:Core/Src/stm32f4xx_hal_msp.c ****   /* USER CODE BEGIN TIM2_MspInit 1 */
 708              		.loc 1 309 5 view .LVU166
 709 0066 1B6C     		ldr	r3, [r3, #64]
 710 0068 03F00103 		and	r3, r3, #1
 711 006c 0293     		str	r3, [sp, #8]
 309:Core/Src/stm32f4xx_hal_msp.c ****   /* USER CODE BEGIN TIM2_MspInit 1 */
 712              		.loc 1 309 5 view .LVU167
 713 006e 029B     		ldr	r3, [sp, #8]
 714              	.LBE12:
 309:Core/Src/stm32f4xx_hal_msp.c ****   /* USER CODE BEGIN TIM2_MspInit 1 */
 715              		.loc 1 309 5 view .LVU168
 716 0070 F0E7     		b	.L44
 717              	.L53:
 320:Core/Src/stm32f4xx_hal_msp.c ****   /* USER CODE BEGIN TIM3_MspInit 1 */
 718              		.loc 1 320 5 view .LVU169
 719              	.LBB13:
 320:Core/Src/stm32f4xx_hal_msp.c ****   /* USER CODE BEGIN TIM3_MspInit 1 */
 720              		.loc 1 320 5 view .LVU170
 721 0072 0023     		movs	r3, #0
ARM GAS  /tmp/ccvcNHR5.s 			page 21


 722 0074 0393     		str	r3, [sp, #12]
 320:Core/Src/stm32f4xx_hal_msp.c ****   /* USER CODE BEGIN TIM3_MspInit 1 */
 723              		.loc 1 320 5 view .LVU171
 724 0076 104B     		ldr	r3, .L55+16
 725 0078 1A6C     		ldr	r2, [r3, #64]
 726 007a 42F00202 		orr	r2, r2, #2
 727 007e 1A64     		str	r2, [r3, #64]
 320:Core/Src/stm32f4xx_hal_msp.c ****   /* USER CODE BEGIN TIM3_MspInit 1 */
 728              		.loc 1 320 5 view .LVU172
 729 0080 1B6C     		ldr	r3, [r3, #64]
 730 0082 03F00203 		and	r3, r3, #2
 731 0086 0393     		str	r3, [sp, #12]
 320:Core/Src/stm32f4xx_hal_msp.c ****   /* USER CODE BEGIN TIM3_MspInit 1 */
 732              		.loc 1 320 5 view .LVU173
 733 0088 039B     		ldr	r3, [sp, #12]
 734              	.LBE13:
 320:Core/Src/stm32f4xx_hal_msp.c ****   /* USER CODE BEGIN TIM3_MspInit 1 */
 735              		.loc 1 320 5 view .LVU174
 736 008a E3E7     		b	.L44
 737              	.L54:
 331:Core/Src/stm32f4xx_hal_msp.c ****   /* USER CODE BEGIN TIM4_MspInit 1 */
 738              		.loc 1 331 5 view .LVU175
 739              	.LBB14:
 331:Core/Src/stm32f4xx_hal_msp.c ****   /* USER CODE BEGIN TIM4_MspInit 1 */
 740              		.loc 1 331 5 view .LVU176
 741 008c 0023     		movs	r3, #0
 742 008e 0493     		str	r3, [sp, #16]
 331:Core/Src/stm32f4xx_hal_msp.c ****   /* USER CODE BEGIN TIM4_MspInit 1 */
 743              		.loc 1 331 5 view .LVU177
 744 0090 094B     		ldr	r3, .L55+16
 745 0092 1A6C     		ldr	r2, [r3, #64]
 746 0094 42F00402 		orr	r2, r2, #4
 747 0098 1A64     		str	r2, [r3, #64]
 331:Core/Src/stm32f4xx_hal_msp.c ****   /* USER CODE BEGIN TIM4_MspInit 1 */
 748              		.loc 1 331 5 view .LVU178
 749 009a 1B6C     		ldr	r3, [r3, #64]
 750 009c 03F00403 		and	r3, r3, #4
 751 00a0 0493     		str	r3, [sp, #16]
 331:Core/Src/stm32f4xx_hal_msp.c ****   /* USER CODE BEGIN TIM4_MspInit 1 */
 752              		.loc 1 331 5 view .LVU179
 753 00a2 049B     		ldr	r3, [sp, #16]
 754              	.LBE14:
 331:Core/Src/stm32f4xx_hal_msp.c ****   /* USER CODE BEGIN TIM4_MspInit 1 */
 755              		.loc 1 331 5 view .LVU180
 756 00a4 D6E7     		b	.L44
 757              	.L56:
 758 00a6 00BF     		.align	2
 759              	.L55:
 760 00a8 00000140 		.word	1073807360
 761 00ac 00040040 		.word	1073742848
 762 00b0 00080040 		.word	1073743872
 763 00b4 00040140 		.word	1073808384
 764 00b8 00380240 		.word	1073887232
 765              		.cfi_endproc
 766              	.LFE246:
 768              		.section	.text.HAL_TIM_MspPostInit,"ax",%progbits
 769              		.align	1
ARM GAS  /tmp/ccvcNHR5.s 			page 22


 770              		.global	HAL_TIM_MspPostInit
 771              		.syntax unified
 772              		.thumb
 773              		.thumb_func
 775              	HAL_TIM_MspPostInit:
 776              	.LVL30:
 777              	.LFB247:
 349:Core/Src/stm32f4xx_hal_msp.c **** 
 350:Core/Src/stm32f4xx_hal_msp.c **** void HAL_TIM_MspPostInit(TIM_HandleTypeDef* htim)
 351:Core/Src/stm32f4xx_hal_msp.c **** {
 778              		.loc 1 351 1 view -0
 779              		.cfi_startproc
 780              		@ args = 0, pretend = 0, frame = 56
 781              		@ frame_needed = 0, uses_anonymous_args = 0
 782              		.loc 1 351 1 is_stmt 0 view .LVU182
 783 0000 70B5     		push	{r4, r5, r6, lr}
 784              	.LCFI20:
 785              		.cfi_def_cfa_offset 16
 786              		.cfi_offset 4, -16
 787              		.cfi_offset 5, -12
 788              		.cfi_offset 6, -8
 789              		.cfi_offset 14, -4
 790 0002 8EB0     		sub	sp, sp, #56
 791              	.LCFI21:
 792              		.cfi_def_cfa_offset 72
 352:Core/Src/stm32f4xx_hal_msp.c ****   GPIO_InitTypeDef GPIO_InitStruct = {0};
 793              		.loc 1 352 3 is_stmt 1 view .LVU183
 794              		.loc 1 352 20 is_stmt 0 view .LVU184
 795 0004 0023     		movs	r3, #0
 796 0006 0993     		str	r3, [sp, #36]
 797 0008 0A93     		str	r3, [sp, #40]
 798 000a 0B93     		str	r3, [sp, #44]
 799 000c 0C93     		str	r3, [sp, #48]
 800 000e 0D93     		str	r3, [sp, #52]
 353:Core/Src/stm32f4xx_hal_msp.c ****   if(htim->Instance==TIM1)
 801              		.loc 1 353 3 is_stmt 1 view .LVU185
 802              		.loc 1 353 10 is_stmt 0 view .LVU186
 803 0010 0368     		ldr	r3, [r0]
 804              		.loc 1 353 5 view .LVU187
 805 0012 634A     		ldr	r2, .L69
 806 0014 9342     		cmp	r3, r2
 807 0016 0ED0     		beq	.L64
 354:Core/Src/stm32f4xx_hal_msp.c ****   {
 355:Core/Src/stm32f4xx_hal_msp.c ****   /* USER CODE BEGIN TIM1_MspPostInit 0 */
 356:Core/Src/stm32f4xx_hal_msp.c **** 
 357:Core/Src/stm32f4xx_hal_msp.c ****   /* USER CODE END TIM1_MspPostInit 0 */
 358:Core/Src/stm32f4xx_hal_msp.c ****     __HAL_RCC_GPIOB_CLK_ENABLE();
 359:Core/Src/stm32f4xx_hal_msp.c ****     __HAL_RCC_GPIOA_CLK_ENABLE();
 360:Core/Src/stm32f4xx_hal_msp.c ****     /**TIM1 GPIO Configuration
 361:Core/Src/stm32f4xx_hal_msp.c ****     PB15     ------> TIM1_CH3N
 362:Core/Src/stm32f4xx_hal_msp.c ****     PA8     ------> TIM1_CH1
 363:Core/Src/stm32f4xx_hal_msp.c ****     */
 364:Core/Src/stm32f4xx_hal_msp.c ****     GPIO_InitStruct.Pin = GPIO_PIN_15;
 365:Core/Src/stm32f4xx_hal_msp.c ****     GPIO_InitStruct.Mode = GPIO_MODE_AF_PP;
 366:Core/Src/stm32f4xx_hal_msp.c ****     GPIO_InitStruct.Pull = GPIO_NOPULL;
 367:Core/Src/stm32f4xx_hal_msp.c ****     GPIO_InitStruct.Speed = GPIO_SPEED_FREQ_LOW;
 368:Core/Src/stm32f4xx_hal_msp.c ****     GPIO_InitStruct.Alternate = GPIO_AF1_TIM1;
ARM GAS  /tmp/ccvcNHR5.s 			page 23


 369:Core/Src/stm32f4xx_hal_msp.c ****     HAL_GPIO_Init(GPIOB, &GPIO_InitStruct);
 370:Core/Src/stm32f4xx_hal_msp.c **** 
 371:Core/Src/stm32f4xx_hal_msp.c ****     GPIO_InitStruct.Pin = GPIO_PIN_8;
 372:Core/Src/stm32f4xx_hal_msp.c ****     GPIO_InitStruct.Mode = GPIO_MODE_AF_PP;
 373:Core/Src/stm32f4xx_hal_msp.c ****     GPIO_InitStruct.Pull = GPIO_NOPULL;
 374:Core/Src/stm32f4xx_hal_msp.c ****     GPIO_InitStruct.Speed = GPIO_SPEED_FREQ_LOW;
 375:Core/Src/stm32f4xx_hal_msp.c ****     GPIO_InitStruct.Alternate = GPIO_AF1_TIM1;
 376:Core/Src/stm32f4xx_hal_msp.c ****     HAL_GPIO_Init(GPIOA, &GPIO_InitStruct);
 377:Core/Src/stm32f4xx_hal_msp.c **** 
 378:Core/Src/stm32f4xx_hal_msp.c ****   /* USER CODE BEGIN TIM1_MspPostInit 1 */
 379:Core/Src/stm32f4xx_hal_msp.c **** 
 380:Core/Src/stm32f4xx_hal_msp.c ****   /* USER CODE END TIM1_MspPostInit 1 */
 381:Core/Src/stm32f4xx_hal_msp.c ****   }
 382:Core/Src/stm32f4xx_hal_msp.c ****   else if(htim->Instance==TIM2)
 808              		.loc 1 382 8 is_stmt 1 view .LVU188
 809              		.loc 1 382 10 is_stmt 0 view .LVU189
 810 0018 B3F1804F 		cmp	r3, #1073741824
 811 001c 38D0     		beq	.L65
 383:Core/Src/stm32f4xx_hal_msp.c ****   {
 384:Core/Src/stm32f4xx_hal_msp.c ****   /* USER CODE BEGIN TIM2_MspPostInit 0 */
 385:Core/Src/stm32f4xx_hal_msp.c **** 
 386:Core/Src/stm32f4xx_hal_msp.c ****   /* USER CODE END TIM2_MspPostInit 0 */
 387:Core/Src/stm32f4xx_hal_msp.c **** 
 388:Core/Src/stm32f4xx_hal_msp.c ****     __HAL_RCC_GPIOB_CLK_ENABLE();
 389:Core/Src/stm32f4xx_hal_msp.c ****     __HAL_RCC_GPIOA_CLK_ENABLE();
 390:Core/Src/stm32f4xx_hal_msp.c ****     /**TIM2 GPIO Configuration
 391:Core/Src/stm32f4xx_hal_msp.c ****     PB10     ------> TIM2_CH3
 392:Core/Src/stm32f4xx_hal_msp.c ****     PB11     ------> TIM2_CH4
 393:Core/Src/stm32f4xx_hal_msp.c ****     PA15     ------> TIM2_CH1
 394:Core/Src/stm32f4xx_hal_msp.c ****     */
 395:Core/Src/stm32f4xx_hal_msp.c ****     GPIO_InitStruct.Pin = GPIO_PIN_10|GPIO_PIN_11;
 396:Core/Src/stm32f4xx_hal_msp.c ****     GPIO_InitStruct.Mode = GPIO_MODE_AF_PP;
 397:Core/Src/stm32f4xx_hal_msp.c ****     GPIO_InitStruct.Pull = GPIO_NOPULL;
 398:Core/Src/stm32f4xx_hal_msp.c ****     GPIO_InitStruct.Speed = GPIO_SPEED_FREQ_LOW;
 399:Core/Src/stm32f4xx_hal_msp.c ****     GPIO_InitStruct.Alternate = GPIO_AF1_TIM2;
 400:Core/Src/stm32f4xx_hal_msp.c ****     HAL_GPIO_Init(GPIOB, &GPIO_InitStruct);
 401:Core/Src/stm32f4xx_hal_msp.c **** 
 402:Core/Src/stm32f4xx_hal_msp.c ****     GPIO_InitStruct.Pin = GPIO_PIN_15;
 403:Core/Src/stm32f4xx_hal_msp.c ****     GPIO_InitStruct.Mode = GPIO_MODE_AF_PP;
 404:Core/Src/stm32f4xx_hal_msp.c ****     GPIO_InitStruct.Pull = GPIO_NOPULL;
 405:Core/Src/stm32f4xx_hal_msp.c ****     GPIO_InitStruct.Speed = GPIO_SPEED_FREQ_LOW;
 406:Core/Src/stm32f4xx_hal_msp.c ****     GPIO_InitStruct.Alternate = GPIO_AF1_TIM2;
 407:Core/Src/stm32f4xx_hal_msp.c ****     HAL_GPIO_Init(GPIOA, &GPIO_InitStruct);
 408:Core/Src/stm32f4xx_hal_msp.c **** 
 409:Core/Src/stm32f4xx_hal_msp.c ****   /* USER CODE BEGIN TIM2_MspPostInit 1 */
 410:Core/Src/stm32f4xx_hal_msp.c **** 
 411:Core/Src/stm32f4xx_hal_msp.c ****   /* USER CODE END TIM2_MspPostInit 1 */
 412:Core/Src/stm32f4xx_hal_msp.c ****   }
 413:Core/Src/stm32f4xx_hal_msp.c ****   else if(htim->Instance==TIM3)
 812              		.loc 1 413 8 is_stmt 1 view .LVU190
 813              		.loc 1 413 10 is_stmt 0 view .LVU191
 814 001e 614A     		ldr	r2, .L69+4
 815 0020 9342     		cmp	r3, r2
 816 0022 63D0     		beq	.L66
 414:Core/Src/stm32f4xx_hal_msp.c ****   {
 415:Core/Src/stm32f4xx_hal_msp.c ****   /* USER CODE BEGIN TIM3_MspPostInit 0 */
 416:Core/Src/stm32f4xx_hal_msp.c **** 
ARM GAS  /tmp/ccvcNHR5.s 			page 24


 417:Core/Src/stm32f4xx_hal_msp.c ****   /* USER CODE END TIM3_MspPostInit 0 */
 418:Core/Src/stm32f4xx_hal_msp.c **** 
 419:Core/Src/stm32f4xx_hal_msp.c ****     __HAL_RCC_GPIOB_CLK_ENABLE();
 420:Core/Src/stm32f4xx_hal_msp.c ****     /**TIM3 GPIO Configuration
 421:Core/Src/stm32f4xx_hal_msp.c ****     PB0     ------> TIM3_CH3
 422:Core/Src/stm32f4xx_hal_msp.c ****     PB1     ------> TIM3_CH4
 423:Core/Src/stm32f4xx_hal_msp.c ****     */
 424:Core/Src/stm32f4xx_hal_msp.c ****     GPIO_InitStruct.Pin = GPIO_PIN_0|GPIO_PIN_1;
 425:Core/Src/stm32f4xx_hal_msp.c ****     GPIO_InitStruct.Mode = GPIO_MODE_AF_PP;
 426:Core/Src/stm32f4xx_hal_msp.c ****     GPIO_InitStruct.Pull = GPIO_NOPULL;
 427:Core/Src/stm32f4xx_hal_msp.c ****     GPIO_InitStruct.Speed = GPIO_SPEED_FREQ_LOW;
 428:Core/Src/stm32f4xx_hal_msp.c ****     GPIO_InitStruct.Alternate = GPIO_AF2_TIM3;
 429:Core/Src/stm32f4xx_hal_msp.c ****     HAL_GPIO_Init(GPIOB, &GPIO_InitStruct);
 430:Core/Src/stm32f4xx_hal_msp.c **** 
 431:Core/Src/stm32f4xx_hal_msp.c ****   /* USER CODE BEGIN TIM3_MspPostInit 1 */
 432:Core/Src/stm32f4xx_hal_msp.c **** 
 433:Core/Src/stm32f4xx_hal_msp.c ****   /* USER CODE END TIM3_MspPostInit 1 */
 434:Core/Src/stm32f4xx_hal_msp.c ****   }
 435:Core/Src/stm32f4xx_hal_msp.c ****   else if(htim->Instance==TIM4)
 817              		.loc 1 435 8 is_stmt 1 view .LVU192
 818              		.loc 1 435 10 is_stmt 0 view .LVU193
 819 0024 604A     		ldr	r2, .L69+8
 820 0026 9342     		cmp	r3, r2
 821 0028 76D0     		beq	.L67
 436:Core/Src/stm32f4xx_hal_msp.c ****   {
 437:Core/Src/stm32f4xx_hal_msp.c ****   /* USER CODE BEGIN TIM4_MspPostInit 0 */
 438:Core/Src/stm32f4xx_hal_msp.c **** 
 439:Core/Src/stm32f4xx_hal_msp.c ****   /* USER CODE END TIM4_MspPostInit 0 */
 440:Core/Src/stm32f4xx_hal_msp.c **** 
 441:Core/Src/stm32f4xx_hal_msp.c ****     __HAL_RCC_GPIOB_CLK_ENABLE();
 442:Core/Src/stm32f4xx_hal_msp.c ****     /**TIM4 GPIO Configuration
 443:Core/Src/stm32f4xx_hal_msp.c ****     PB6     ------> TIM4_CH1
 444:Core/Src/stm32f4xx_hal_msp.c ****     PB7     ------> TIM4_CH2
 445:Core/Src/stm32f4xx_hal_msp.c ****     */
 446:Core/Src/stm32f4xx_hal_msp.c ****     GPIO_InitStruct.Pin = GPIO_PIN_6|GPIO_PIN_7;
 447:Core/Src/stm32f4xx_hal_msp.c ****     GPIO_InitStruct.Mode = GPIO_MODE_AF_PP;
 448:Core/Src/stm32f4xx_hal_msp.c ****     GPIO_InitStruct.Pull = GPIO_NOPULL;
 449:Core/Src/stm32f4xx_hal_msp.c ****     GPIO_InitStruct.Speed = GPIO_SPEED_FREQ_LOW;
 450:Core/Src/stm32f4xx_hal_msp.c ****     GPIO_InitStruct.Alternate = GPIO_AF2_TIM4;
 451:Core/Src/stm32f4xx_hal_msp.c ****     HAL_GPIO_Init(GPIOB, &GPIO_InitStruct);
 452:Core/Src/stm32f4xx_hal_msp.c **** 
 453:Core/Src/stm32f4xx_hal_msp.c ****   /* USER CODE BEGIN TIM4_MspPostInit 1 */
 454:Core/Src/stm32f4xx_hal_msp.c **** 
 455:Core/Src/stm32f4xx_hal_msp.c ****   /* USER CODE END TIM4_MspPostInit 1 */
 456:Core/Src/stm32f4xx_hal_msp.c ****   }
 457:Core/Src/stm32f4xx_hal_msp.c ****   else if(htim->Instance==TIM8)
 822              		.loc 1 457 8 is_stmt 1 view .LVU194
 823              		.loc 1 457 10 is_stmt 0 view .LVU195
 824 002a 604A     		ldr	r2, .L69+12
 825 002c 9342     		cmp	r3, r2
 826 002e 00F08980 		beq	.L68
 827              	.LVL31:
 828              	.L57:
 458:Core/Src/stm32f4xx_hal_msp.c ****   {
 459:Core/Src/stm32f4xx_hal_msp.c ****   /* USER CODE BEGIN TIM8_MspPostInit 0 */
 460:Core/Src/stm32f4xx_hal_msp.c **** 
 461:Core/Src/stm32f4xx_hal_msp.c ****   /* USER CODE END TIM8_MspPostInit 0 */
ARM GAS  /tmp/ccvcNHR5.s 			page 25


 462:Core/Src/stm32f4xx_hal_msp.c **** 
 463:Core/Src/stm32f4xx_hal_msp.c ****     __HAL_RCC_GPIOB_CLK_ENABLE();
 464:Core/Src/stm32f4xx_hal_msp.c ****     __HAL_RCC_GPIOC_CLK_ENABLE();
 465:Core/Src/stm32f4xx_hal_msp.c ****     /**TIM8 GPIO Configuration
 466:Core/Src/stm32f4xx_hal_msp.c ****     PB14     ------> TIM8_CH2N
 467:Core/Src/stm32f4xx_hal_msp.c ****     PC8     ------> TIM8_CH3
 468:Core/Src/stm32f4xx_hal_msp.c ****     PC9     ------> TIM8_CH4
 469:Core/Src/stm32f4xx_hal_msp.c ****     */
 470:Core/Src/stm32f4xx_hal_msp.c ****     GPIO_InitStruct.Pin = GPIO_PIN_14;
 471:Core/Src/stm32f4xx_hal_msp.c ****     GPIO_InitStruct.Mode = GPIO_MODE_AF_PP;
 472:Core/Src/stm32f4xx_hal_msp.c ****     GPIO_InitStruct.Pull = GPIO_NOPULL;
 473:Core/Src/stm32f4xx_hal_msp.c ****     GPIO_InitStruct.Speed = GPIO_SPEED_FREQ_LOW;
 474:Core/Src/stm32f4xx_hal_msp.c ****     GPIO_InitStruct.Alternate = GPIO_AF3_TIM8;
 475:Core/Src/stm32f4xx_hal_msp.c ****     HAL_GPIO_Init(GPIOB, &GPIO_InitStruct);
 476:Core/Src/stm32f4xx_hal_msp.c **** 
 477:Core/Src/stm32f4xx_hal_msp.c ****     GPIO_InitStruct.Pin = GPIO_PIN_8|GPIO_PIN_9;
 478:Core/Src/stm32f4xx_hal_msp.c ****     GPIO_InitStruct.Mode = GPIO_MODE_AF_PP;
 479:Core/Src/stm32f4xx_hal_msp.c ****     GPIO_InitStruct.Pull = GPIO_NOPULL;
 480:Core/Src/stm32f4xx_hal_msp.c ****     GPIO_InitStruct.Speed = GPIO_SPEED_FREQ_LOW;
 481:Core/Src/stm32f4xx_hal_msp.c ****     GPIO_InitStruct.Alternate = GPIO_AF3_TIM8;
 482:Core/Src/stm32f4xx_hal_msp.c ****     HAL_GPIO_Init(GPIOC, &GPIO_InitStruct);
 483:Core/Src/stm32f4xx_hal_msp.c **** 
 484:Core/Src/stm32f4xx_hal_msp.c ****   /* USER CODE BEGIN TIM8_MspPostInit 1 */
 485:Core/Src/stm32f4xx_hal_msp.c **** 
 486:Core/Src/stm32f4xx_hal_msp.c ****   /* USER CODE END TIM8_MspPostInit 1 */
 487:Core/Src/stm32f4xx_hal_msp.c ****   }
 488:Core/Src/stm32f4xx_hal_msp.c **** 
 489:Core/Src/stm32f4xx_hal_msp.c **** }
 829              		.loc 1 489 1 view .LVU196
 830 0032 0EB0     		add	sp, sp, #56
 831              	.LCFI22:
 832              		.cfi_remember_state
 833              		.cfi_def_cfa_offset 16
 834              		@ sp needed
 835 0034 70BD     		pop	{r4, r5, r6, pc}
 836              	.LVL32:
 837              	.L64:
 838              	.LCFI23:
 839              		.cfi_restore_state
 358:Core/Src/stm32f4xx_hal_msp.c ****     __HAL_RCC_GPIOA_CLK_ENABLE();
 840              		.loc 1 358 5 is_stmt 1 view .LVU197
 841              	.LBB15:
 358:Core/Src/stm32f4xx_hal_msp.c ****     __HAL_RCC_GPIOA_CLK_ENABLE();
 842              		.loc 1 358 5 view .LVU198
 843 0036 0024     		movs	r4, #0
 844 0038 0194     		str	r4, [sp, #4]
 358:Core/Src/stm32f4xx_hal_msp.c ****     __HAL_RCC_GPIOA_CLK_ENABLE();
 845              		.loc 1 358 5 view .LVU199
 846 003a 5D4B     		ldr	r3, .L69+16
 847 003c 1A6B     		ldr	r2, [r3, #48]
 848 003e 42F00202 		orr	r2, r2, #2
 849 0042 1A63     		str	r2, [r3, #48]
 358:Core/Src/stm32f4xx_hal_msp.c ****     __HAL_RCC_GPIOA_CLK_ENABLE();
 850              		.loc 1 358 5 view .LVU200
 851 0044 1A6B     		ldr	r2, [r3, #48]
 852 0046 02F00202 		and	r2, r2, #2
 853 004a 0192     		str	r2, [sp, #4]
ARM GAS  /tmp/ccvcNHR5.s 			page 26


 358:Core/Src/stm32f4xx_hal_msp.c ****     __HAL_RCC_GPIOA_CLK_ENABLE();
 854              		.loc 1 358 5 view .LVU201
 855 004c 019A     		ldr	r2, [sp, #4]
 856              	.LBE15:
 358:Core/Src/stm32f4xx_hal_msp.c ****     __HAL_RCC_GPIOA_CLK_ENABLE();
 857              		.loc 1 358 5 view .LVU202
 359:Core/Src/stm32f4xx_hal_msp.c ****     /**TIM1 GPIO Configuration
 858              		.loc 1 359 5 view .LVU203
 859              	.LBB16:
 359:Core/Src/stm32f4xx_hal_msp.c ****     /**TIM1 GPIO Configuration
 860              		.loc 1 359 5 view .LVU204
 861 004e 0294     		str	r4, [sp, #8]
 359:Core/Src/stm32f4xx_hal_msp.c ****     /**TIM1 GPIO Configuration
 862              		.loc 1 359 5 view .LVU205
 863 0050 1A6B     		ldr	r2, [r3, #48]
 864 0052 42F00102 		orr	r2, r2, #1
 865 0056 1A63     		str	r2, [r3, #48]
 359:Core/Src/stm32f4xx_hal_msp.c ****     /**TIM1 GPIO Configuration
 866              		.loc 1 359 5 view .LVU206
 867 0058 1B6B     		ldr	r3, [r3, #48]
 868 005a 03F00103 		and	r3, r3, #1
 869 005e 0293     		str	r3, [sp, #8]
 359:Core/Src/stm32f4xx_hal_msp.c ****     /**TIM1 GPIO Configuration
 870              		.loc 1 359 5 view .LVU207
 871 0060 029B     		ldr	r3, [sp, #8]
 872              	.LBE16:
 359:Core/Src/stm32f4xx_hal_msp.c ****     /**TIM1 GPIO Configuration
 873              		.loc 1 359 5 view .LVU208
 364:Core/Src/stm32f4xx_hal_msp.c ****     GPIO_InitStruct.Mode = GPIO_MODE_AF_PP;
 874              		.loc 1 364 5 view .LVU209
 364:Core/Src/stm32f4xx_hal_msp.c ****     GPIO_InitStruct.Mode = GPIO_MODE_AF_PP;
 875              		.loc 1 364 25 is_stmt 0 view .LVU210
 876 0062 4FF40043 		mov	r3, #32768
 877 0066 0993     		str	r3, [sp, #36]
 365:Core/Src/stm32f4xx_hal_msp.c ****     GPIO_InitStruct.Pull = GPIO_NOPULL;
 878              		.loc 1 365 5 is_stmt 1 view .LVU211
 365:Core/Src/stm32f4xx_hal_msp.c ****     GPIO_InitStruct.Pull = GPIO_NOPULL;
 879              		.loc 1 365 26 is_stmt 0 view .LVU212
 880 0068 0226     		movs	r6, #2
 881 006a 0A96     		str	r6, [sp, #40]
 366:Core/Src/stm32f4xx_hal_msp.c ****     GPIO_InitStruct.Speed = GPIO_SPEED_FREQ_LOW;
 882              		.loc 1 366 5 is_stmt 1 view .LVU213
 367:Core/Src/stm32f4xx_hal_msp.c ****     GPIO_InitStruct.Alternate = GPIO_AF1_TIM1;
 883              		.loc 1 367 5 view .LVU214
 368:Core/Src/stm32f4xx_hal_msp.c ****     HAL_GPIO_Init(GPIOB, &GPIO_InitStruct);
 884              		.loc 1 368 5 view .LVU215
 368:Core/Src/stm32f4xx_hal_msp.c ****     HAL_GPIO_Init(GPIOB, &GPIO_InitStruct);
 885              		.loc 1 368 31 is_stmt 0 view .LVU216
 886 006c 0125     		movs	r5, #1
 887 006e 0D95     		str	r5, [sp, #52]
 369:Core/Src/stm32f4xx_hal_msp.c **** 
 888              		.loc 1 369 5 is_stmt 1 view .LVU217
 889 0070 09A9     		add	r1, sp, #36
 890 0072 5048     		ldr	r0, .L69+20
 891              	.LVL33:
 369:Core/Src/stm32f4xx_hal_msp.c **** 
 892              		.loc 1 369 5 is_stmt 0 view .LVU218
ARM GAS  /tmp/ccvcNHR5.s 			page 27


 893 0074 FFF7FEFF 		bl	HAL_GPIO_Init
 894              	.LVL34:
 371:Core/Src/stm32f4xx_hal_msp.c ****     GPIO_InitStruct.Mode = GPIO_MODE_AF_PP;
 895              		.loc 1 371 5 is_stmt 1 view .LVU219
 371:Core/Src/stm32f4xx_hal_msp.c ****     GPIO_InitStruct.Mode = GPIO_MODE_AF_PP;
 896              		.loc 1 371 25 is_stmt 0 view .LVU220
 897 0078 4FF48073 		mov	r3, #256
 898 007c 0993     		str	r3, [sp, #36]
 372:Core/Src/stm32f4xx_hal_msp.c ****     GPIO_InitStruct.Pull = GPIO_NOPULL;
 899              		.loc 1 372 5 is_stmt 1 view .LVU221
 372:Core/Src/stm32f4xx_hal_msp.c ****     GPIO_InitStruct.Pull = GPIO_NOPULL;
 900              		.loc 1 372 26 is_stmt 0 view .LVU222
 901 007e 0A96     		str	r6, [sp, #40]
 373:Core/Src/stm32f4xx_hal_msp.c ****     GPIO_InitStruct.Speed = GPIO_SPEED_FREQ_LOW;
 902              		.loc 1 373 5 is_stmt 1 view .LVU223
 373:Core/Src/stm32f4xx_hal_msp.c ****     GPIO_InitStruct.Speed = GPIO_SPEED_FREQ_LOW;
 903              		.loc 1 373 26 is_stmt 0 view .LVU224
 904 0080 0B94     		str	r4, [sp, #44]
 374:Core/Src/stm32f4xx_hal_msp.c ****     GPIO_InitStruct.Alternate = GPIO_AF1_TIM1;
 905              		.loc 1 374 5 is_stmt 1 view .LVU225
 374:Core/Src/stm32f4xx_hal_msp.c ****     GPIO_InitStruct.Alternate = GPIO_AF1_TIM1;
 906              		.loc 1 374 27 is_stmt 0 view .LVU226
 907 0082 0C94     		str	r4, [sp, #48]
 375:Core/Src/stm32f4xx_hal_msp.c ****     HAL_GPIO_Init(GPIOA, &GPIO_InitStruct);
 908              		.loc 1 375 5 is_stmt 1 view .LVU227
 375:Core/Src/stm32f4xx_hal_msp.c ****     HAL_GPIO_Init(GPIOA, &GPIO_InitStruct);
 909              		.loc 1 375 31 is_stmt 0 view .LVU228
 910 0084 0D95     		str	r5, [sp, #52]
 376:Core/Src/stm32f4xx_hal_msp.c **** 
 911              		.loc 1 376 5 is_stmt 1 view .LVU229
 912 0086 09A9     		add	r1, sp, #36
 913 0088 4B48     		ldr	r0, .L69+24
 914 008a FFF7FEFF 		bl	HAL_GPIO_Init
 915              	.LVL35:
 916 008e D0E7     		b	.L57
 917              	.LVL36:
 918              	.L65:
 388:Core/Src/stm32f4xx_hal_msp.c ****     __HAL_RCC_GPIOA_CLK_ENABLE();
 919              		.loc 1 388 5 view .LVU230
 920              	.LBB17:
 388:Core/Src/stm32f4xx_hal_msp.c ****     __HAL_RCC_GPIOA_CLK_ENABLE();
 921              		.loc 1 388 5 view .LVU231
 922 0090 0024     		movs	r4, #0
 923 0092 0394     		str	r4, [sp, #12]
 388:Core/Src/stm32f4xx_hal_msp.c ****     __HAL_RCC_GPIOA_CLK_ENABLE();
 924              		.loc 1 388 5 view .LVU232
 925 0094 03F50E33 		add	r3, r3, #145408
 926 0098 1A6B     		ldr	r2, [r3, #48]
 927 009a 42F00202 		orr	r2, r2, #2
 928 009e 1A63     		str	r2, [r3, #48]
 388:Core/Src/stm32f4xx_hal_msp.c ****     __HAL_RCC_GPIOA_CLK_ENABLE();
 929              		.loc 1 388 5 view .LVU233
 930 00a0 1A6B     		ldr	r2, [r3, #48]
 931 00a2 02F00202 		and	r2, r2, #2
 932 00a6 0392     		str	r2, [sp, #12]
 388:Core/Src/stm32f4xx_hal_msp.c ****     __HAL_RCC_GPIOA_CLK_ENABLE();
 933              		.loc 1 388 5 view .LVU234
ARM GAS  /tmp/ccvcNHR5.s 			page 28


 934 00a8 039A     		ldr	r2, [sp, #12]
 935              	.LBE17:
 388:Core/Src/stm32f4xx_hal_msp.c ****     __HAL_RCC_GPIOA_CLK_ENABLE();
 936              		.loc 1 388 5 view .LVU235
 389:Core/Src/stm32f4xx_hal_msp.c ****     /**TIM2 GPIO Configuration
 937              		.loc 1 389 5 view .LVU236
 938              	.LBB18:
 389:Core/Src/stm32f4xx_hal_msp.c ****     /**TIM2 GPIO Configuration
 939              		.loc 1 389 5 view .LVU237
 940 00aa 0494     		str	r4, [sp, #16]
 389:Core/Src/stm32f4xx_hal_msp.c ****     /**TIM2 GPIO Configuration
 941              		.loc 1 389 5 view .LVU238
 942 00ac 1A6B     		ldr	r2, [r3, #48]
 943 00ae 42F00102 		orr	r2, r2, #1
 944 00b2 1A63     		str	r2, [r3, #48]
 389:Core/Src/stm32f4xx_hal_msp.c ****     /**TIM2 GPIO Configuration
 945              		.loc 1 389 5 view .LVU239
 946 00b4 1B6B     		ldr	r3, [r3, #48]
 947 00b6 03F00103 		and	r3, r3, #1
 948 00ba 0493     		str	r3, [sp, #16]
 389:Core/Src/stm32f4xx_hal_msp.c ****     /**TIM2 GPIO Configuration
 949              		.loc 1 389 5 view .LVU240
 950 00bc 049B     		ldr	r3, [sp, #16]
 951              	.LBE18:
 389:Core/Src/stm32f4xx_hal_msp.c ****     /**TIM2 GPIO Configuration
 952              		.loc 1 389 5 view .LVU241
 395:Core/Src/stm32f4xx_hal_msp.c ****     GPIO_InitStruct.Mode = GPIO_MODE_AF_PP;
 953              		.loc 1 395 5 view .LVU242
 395:Core/Src/stm32f4xx_hal_msp.c ****     GPIO_InitStruct.Mode = GPIO_MODE_AF_PP;
 954              		.loc 1 395 25 is_stmt 0 view .LVU243
 955 00be 4FF44063 		mov	r3, #3072
 956 00c2 0993     		str	r3, [sp, #36]
 396:Core/Src/stm32f4xx_hal_msp.c ****     GPIO_InitStruct.Pull = GPIO_NOPULL;
 957              		.loc 1 396 5 is_stmt 1 view .LVU244
 396:Core/Src/stm32f4xx_hal_msp.c ****     GPIO_InitStruct.Pull = GPIO_NOPULL;
 958              		.loc 1 396 26 is_stmt 0 view .LVU245
 959 00c4 0226     		movs	r6, #2
 960 00c6 0A96     		str	r6, [sp, #40]
 397:Core/Src/stm32f4xx_hal_msp.c ****     GPIO_InitStruct.Speed = GPIO_SPEED_FREQ_LOW;
 961              		.loc 1 397 5 is_stmt 1 view .LVU246
 398:Core/Src/stm32f4xx_hal_msp.c ****     GPIO_InitStruct.Alternate = GPIO_AF1_TIM2;
 962              		.loc 1 398 5 view .LVU247
 399:Core/Src/stm32f4xx_hal_msp.c ****     HAL_GPIO_Init(GPIOB, &GPIO_InitStruct);
 963              		.loc 1 399 5 view .LVU248
 399:Core/Src/stm32f4xx_hal_msp.c ****     HAL_GPIO_Init(GPIOB, &GPIO_InitStruct);
 964              		.loc 1 399 31 is_stmt 0 view .LVU249
 965 00c8 0125     		movs	r5, #1
 966 00ca 0D95     		str	r5, [sp, #52]
 400:Core/Src/stm32f4xx_hal_msp.c **** 
 967              		.loc 1 400 5 is_stmt 1 view .LVU250
 968 00cc 09A9     		add	r1, sp, #36
 969 00ce 3948     		ldr	r0, .L69+20
 970              	.LVL37:
 400:Core/Src/stm32f4xx_hal_msp.c **** 
 971              		.loc 1 400 5 is_stmt 0 view .LVU251
 972 00d0 FFF7FEFF 		bl	HAL_GPIO_Init
 973              	.LVL38:
ARM GAS  /tmp/ccvcNHR5.s 			page 29


 402:Core/Src/stm32f4xx_hal_msp.c ****     GPIO_InitStruct.Mode = GPIO_MODE_AF_PP;
 974              		.loc 1 402 5 is_stmt 1 view .LVU252
 402:Core/Src/stm32f4xx_hal_msp.c ****     GPIO_InitStruct.Mode = GPIO_MODE_AF_PP;
 975              		.loc 1 402 25 is_stmt 0 view .LVU253
 976 00d4 4FF40043 		mov	r3, #32768
 977 00d8 0993     		str	r3, [sp, #36]
 403:Core/Src/stm32f4xx_hal_msp.c ****     GPIO_InitStruct.Pull = GPIO_NOPULL;
 978              		.loc 1 403 5 is_stmt 1 view .LVU254
 403:Core/Src/stm32f4xx_hal_msp.c ****     GPIO_InitStruct.Pull = GPIO_NOPULL;
 979              		.loc 1 403 26 is_stmt 0 view .LVU255
 980 00da 0A96     		str	r6, [sp, #40]
 404:Core/Src/stm32f4xx_hal_msp.c ****     GPIO_InitStruct.Speed = GPIO_SPEED_FREQ_LOW;
 981              		.loc 1 404 5 is_stmt 1 view .LVU256
 404:Core/Src/stm32f4xx_hal_msp.c ****     GPIO_InitStruct.Speed = GPIO_SPEED_FREQ_LOW;
 982              		.loc 1 404 26 is_stmt 0 view .LVU257
 983 00dc 0B94     		str	r4, [sp, #44]
 405:Core/Src/stm32f4xx_hal_msp.c ****     GPIO_InitStruct.Alternate = GPIO_AF1_TIM2;
 984              		.loc 1 405 5 is_stmt 1 view .LVU258
 405:Core/Src/stm32f4xx_hal_msp.c ****     GPIO_InitStruct.Alternate = GPIO_AF1_TIM2;
 985              		.loc 1 405 27 is_stmt 0 view .LVU259
 986 00de 0C94     		str	r4, [sp, #48]
 406:Core/Src/stm32f4xx_hal_msp.c ****     HAL_GPIO_Init(GPIOA, &GPIO_InitStruct);
 987              		.loc 1 406 5 is_stmt 1 view .LVU260
 406:Core/Src/stm32f4xx_hal_msp.c ****     HAL_GPIO_Init(GPIOA, &GPIO_InitStruct);
 988              		.loc 1 406 31 is_stmt 0 view .LVU261
 989 00e0 0D95     		str	r5, [sp, #52]
 407:Core/Src/stm32f4xx_hal_msp.c **** 
 990              		.loc 1 407 5 is_stmt 1 view .LVU262
 991 00e2 09A9     		add	r1, sp, #36
 992 00e4 3448     		ldr	r0, .L69+24
 993 00e6 FFF7FEFF 		bl	HAL_GPIO_Init
 994              	.LVL39:
 995 00ea A2E7     		b	.L57
 996              	.LVL40:
 997              	.L66:
 419:Core/Src/stm32f4xx_hal_msp.c ****     /**TIM3 GPIO Configuration
 998              		.loc 1 419 5 view .LVU263
 999              	.LBB19:
 419:Core/Src/stm32f4xx_hal_msp.c ****     /**TIM3 GPIO Configuration
 1000              		.loc 1 419 5 view .LVU264
 1001 00ec 0023     		movs	r3, #0
 1002 00ee 0593     		str	r3, [sp, #20]
 419:Core/Src/stm32f4xx_hal_msp.c ****     /**TIM3 GPIO Configuration
 1003              		.loc 1 419 5 view .LVU265
 1004 00f0 2F4B     		ldr	r3, .L69+16
 1005 00f2 1A6B     		ldr	r2, [r3, #48]
 1006 00f4 42F00202 		orr	r2, r2, #2
 1007 00f8 1A63     		str	r2, [r3, #48]
 419:Core/Src/stm32f4xx_hal_msp.c ****     /**TIM3 GPIO Configuration
 1008              		.loc 1 419 5 view .LVU266
 1009 00fa 1B6B     		ldr	r3, [r3, #48]
 1010 00fc 03F00203 		and	r3, r3, #2
 1011 0100 0593     		str	r3, [sp, #20]
 419:Core/Src/stm32f4xx_hal_msp.c ****     /**TIM3 GPIO Configuration
 1012              		.loc 1 419 5 view .LVU267
 1013 0102 059B     		ldr	r3, [sp, #20]
 1014              	.LBE19:
ARM GAS  /tmp/ccvcNHR5.s 			page 30


 419:Core/Src/stm32f4xx_hal_msp.c ****     /**TIM3 GPIO Configuration
 1015              		.loc 1 419 5 view .LVU268
 424:Core/Src/stm32f4xx_hal_msp.c ****     GPIO_InitStruct.Mode = GPIO_MODE_AF_PP;
 1016              		.loc 1 424 5 view .LVU269
 424:Core/Src/stm32f4xx_hal_msp.c ****     GPIO_InitStruct.Mode = GPIO_MODE_AF_PP;
 1017              		.loc 1 424 25 is_stmt 0 view .LVU270
 1018 0104 0323     		movs	r3, #3
 1019 0106 0993     		str	r3, [sp, #36]
 425:Core/Src/stm32f4xx_hal_msp.c ****     GPIO_InitStruct.Pull = GPIO_NOPULL;
 1020              		.loc 1 425 5 is_stmt 1 view .LVU271
 425:Core/Src/stm32f4xx_hal_msp.c ****     GPIO_InitStruct.Pull = GPIO_NOPULL;
 1021              		.loc 1 425 26 is_stmt 0 view .LVU272
 1022 0108 0223     		movs	r3, #2
 1023 010a 0A93     		str	r3, [sp, #40]
 426:Core/Src/stm32f4xx_hal_msp.c ****     GPIO_InitStruct.Speed = GPIO_SPEED_FREQ_LOW;
 1024              		.loc 1 426 5 is_stmt 1 view .LVU273
 427:Core/Src/stm32f4xx_hal_msp.c ****     GPIO_InitStruct.Alternate = GPIO_AF2_TIM3;
 1025              		.loc 1 427 5 view .LVU274
 428:Core/Src/stm32f4xx_hal_msp.c ****     HAL_GPIO_Init(GPIOB, &GPIO_InitStruct);
 1026              		.loc 1 428 5 view .LVU275
 428:Core/Src/stm32f4xx_hal_msp.c ****     HAL_GPIO_Init(GPIOB, &GPIO_InitStruct);
 1027              		.loc 1 428 31 is_stmt 0 view .LVU276
 1028 010c 0D93     		str	r3, [sp, #52]
 429:Core/Src/stm32f4xx_hal_msp.c **** 
 1029              		.loc 1 429 5 is_stmt 1 view .LVU277
 1030 010e 09A9     		add	r1, sp, #36
 1031 0110 2848     		ldr	r0, .L69+20
 1032              	.LVL41:
 429:Core/Src/stm32f4xx_hal_msp.c **** 
 1033              		.loc 1 429 5 is_stmt 0 view .LVU278
 1034 0112 FFF7FEFF 		bl	HAL_GPIO_Init
 1035              	.LVL42:
 1036 0116 8CE7     		b	.L57
 1037              	.LVL43:
 1038              	.L67:
 441:Core/Src/stm32f4xx_hal_msp.c ****     /**TIM4 GPIO Configuration
 1039              		.loc 1 441 5 is_stmt 1 view .LVU279
 1040              	.LBB20:
 441:Core/Src/stm32f4xx_hal_msp.c ****     /**TIM4 GPIO Configuration
 1041              		.loc 1 441 5 view .LVU280
 1042 0118 0023     		movs	r3, #0
 1043 011a 0693     		str	r3, [sp, #24]
 441:Core/Src/stm32f4xx_hal_msp.c ****     /**TIM4 GPIO Configuration
 1044              		.loc 1 441 5 view .LVU281
 1045 011c 244B     		ldr	r3, .L69+16
 1046 011e 1A6B     		ldr	r2, [r3, #48]
 1047 0120 42F00202 		orr	r2, r2, #2
 1048 0124 1A63     		str	r2, [r3, #48]
 441:Core/Src/stm32f4xx_hal_msp.c ****     /**TIM4 GPIO Configuration
 1049              		.loc 1 441 5 view .LVU282
 1050 0126 1B6B     		ldr	r3, [r3, #48]
 1051 0128 03F00203 		and	r3, r3, #2
 1052 012c 0693     		str	r3, [sp, #24]
 441:Core/Src/stm32f4xx_hal_msp.c ****     /**TIM4 GPIO Configuration
 1053              		.loc 1 441 5 view .LVU283
 1054 012e 069B     		ldr	r3, [sp, #24]
 1055              	.LBE20:
ARM GAS  /tmp/ccvcNHR5.s 			page 31


 441:Core/Src/stm32f4xx_hal_msp.c ****     /**TIM4 GPIO Configuration
 1056              		.loc 1 441 5 view .LVU284
 446:Core/Src/stm32f4xx_hal_msp.c ****     GPIO_InitStruct.Mode = GPIO_MODE_AF_PP;
 1057              		.loc 1 446 5 view .LVU285
 446:Core/Src/stm32f4xx_hal_msp.c ****     GPIO_InitStruct.Mode = GPIO_MODE_AF_PP;
 1058              		.loc 1 446 25 is_stmt 0 view .LVU286
 1059 0130 C023     		movs	r3, #192
 1060 0132 0993     		str	r3, [sp, #36]
 447:Core/Src/stm32f4xx_hal_msp.c ****     GPIO_InitStruct.Pull = GPIO_NOPULL;
 1061              		.loc 1 447 5 is_stmt 1 view .LVU287
 447:Core/Src/stm32f4xx_hal_msp.c ****     GPIO_InitStruct.Pull = GPIO_NOPULL;
 1062              		.loc 1 447 26 is_stmt 0 view .LVU288
 1063 0134 0223     		movs	r3, #2
 1064 0136 0A93     		str	r3, [sp, #40]
 448:Core/Src/stm32f4xx_hal_msp.c ****     GPIO_InitStruct.Speed = GPIO_SPEED_FREQ_LOW;
 1065              		.loc 1 448 5 is_stmt 1 view .LVU289
 449:Core/Src/stm32f4xx_hal_msp.c ****     GPIO_InitStruct.Alternate = GPIO_AF2_TIM4;
 1066              		.loc 1 449 5 view .LVU290
 450:Core/Src/stm32f4xx_hal_msp.c ****     HAL_GPIO_Init(GPIOB, &GPIO_InitStruct);
 1067              		.loc 1 450 5 view .LVU291
 450:Core/Src/stm32f4xx_hal_msp.c ****     HAL_GPIO_Init(GPIOB, &GPIO_InitStruct);
 1068              		.loc 1 450 31 is_stmt 0 view .LVU292
 1069 0138 0D93     		str	r3, [sp, #52]
 451:Core/Src/stm32f4xx_hal_msp.c **** 
 1070              		.loc 1 451 5 is_stmt 1 view .LVU293
 1071 013a 09A9     		add	r1, sp, #36
 1072 013c 1D48     		ldr	r0, .L69+20
 1073              	.LVL44:
 451:Core/Src/stm32f4xx_hal_msp.c **** 
 1074              		.loc 1 451 5 is_stmt 0 view .LVU294
 1075 013e FFF7FEFF 		bl	HAL_GPIO_Init
 1076              	.LVL45:
 1077 0142 76E7     		b	.L57
 1078              	.LVL46:
 1079              	.L68:
 463:Core/Src/stm32f4xx_hal_msp.c ****     __HAL_RCC_GPIOC_CLK_ENABLE();
 1080              		.loc 1 463 5 is_stmt 1 view .LVU295
 1081              	.LBB21:
 463:Core/Src/stm32f4xx_hal_msp.c ****     __HAL_RCC_GPIOC_CLK_ENABLE();
 1082              		.loc 1 463 5 view .LVU296
 1083 0144 0024     		movs	r4, #0
 1084 0146 0794     		str	r4, [sp, #28]
 463:Core/Src/stm32f4xx_hal_msp.c ****     __HAL_RCC_GPIOC_CLK_ENABLE();
 1085              		.loc 1 463 5 view .LVU297
 1086 0148 194B     		ldr	r3, .L69+16
 1087 014a 1A6B     		ldr	r2, [r3, #48]
 1088 014c 42F00202 		orr	r2, r2, #2
 1089 0150 1A63     		str	r2, [r3, #48]
 463:Core/Src/stm32f4xx_hal_msp.c ****     __HAL_RCC_GPIOC_CLK_ENABLE();
 1090              		.loc 1 463 5 view .LVU298
 1091 0152 1A6B     		ldr	r2, [r3, #48]
 1092 0154 02F00202 		and	r2, r2, #2
 1093 0158 0792     		str	r2, [sp, #28]
 463:Core/Src/stm32f4xx_hal_msp.c ****     __HAL_RCC_GPIOC_CLK_ENABLE();
 1094              		.loc 1 463 5 view .LVU299
 1095 015a 079A     		ldr	r2, [sp, #28]
 1096              	.LBE21:
ARM GAS  /tmp/ccvcNHR5.s 			page 32


 463:Core/Src/stm32f4xx_hal_msp.c ****     __HAL_RCC_GPIOC_CLK_ENABLE();
 1097              		.loc 1 463 5 view .LVU300
 464:Core/Src/stm32f4xx_hal_msp.c ****     /**TIM8 GPIO Configuration
 1098              		.loc 1 464 5 view .LVU301
 1099              	.LBB22:
 464:Core/Src/stm32f4xx_hal_msp.c ****     /**TIM8 GPIO Configuration
 1100              		.loc 1 464 5 view .LVU302
 1101 015c 0894     		str	r4, [sp, #32]
 464:Core/Src/stm32f4xx_hal_msp.c ****     /**TIM8 GPIO Configuration
 1102              		.loc 1 464 5 view .LVU303
 1103 015e 1A6B     		ldr	r2, [r3, #48]
 1104 0160 42F00402 		orr	r2, r2, #4
 1105 0164 1A63     		str	r2, [r3, #48]
 464:Core/Src/stm32f4xx_hal_msp.c ****     /**TIM8 GPIO Configuration
 1106              		.loc 1 464 5 view .LVU304
 1107 0166 1B6B     		ldr	r3, [r3, #48]
 1108 0168 03F00403 		and	r3, r3, #4
 1109 016c 0893     		str	r3, [sp, #32]
 464:Core/Src/stm32f4xx_hal_msp.c ****     /**TIM8 GPIO Configuration
 1110              		.loc 1 464 5 view .LVU305
 1111 016e 089B     		ldr	r3, [sp, #32]
 1112              	.LBE22:
 464:Core/Src/stm32f4xx_hal_msp.c ****     /**TIM8 GPIO Configuration
 1113              		.loc 1 464 5 view .LVU306
 470:Core/Src/stm32f4xx_hal_msp.c ****     GPIO_InitStruct.Mode = GPIO_MODE_AF_PP;
 1114              		.loc 1 470 5 view .LVU307
 470:Core/Src/stm32f4xx_hal_msp.c ****     GPIO_InitStruct.Mode = GPIO_MODE_AF_PP;
 1115              		.loc 1 470 25 is_stmt 0 view .LVU308
 1116 0170 4FF48043 		mov	r3, #16384
 1117 0174 0993     		str	r3, [sp, #36]
 471:Core/Src/stm32f4xx_hal_msp.c ****     GPIO_InitStruct.Pull = GPIO_NOPULL;
 1118              		.loc 1 471 5 is_stmt 1 view .LVU309
 471:Core/Src/stm32f4xx_hal_msp.c ****     GPIO_InitStruct.Pull = GPIO_NOPULL;
 1119              		.loc 1 471 26 is_stmt 0 view .LVU310
 1120 0176 0226     		movs	r6, #2
 1121 0178 0A96     		str	r6, [sp, #40]
 472:Core/Src/stm32f4xx_hal_msp.c ****     GPIO_InitStruct.Speed = GPIO_SPEED_FREQ_LOW;
 1122              		.loc 1 472 5 is_stmt 1 view .LVU311
 473:Core/Src/stm32f4xx_hal_msp.c ****     GPIO_InitStruct.Alternate = GPIO_AF3_TIM8;
 1123              		.loc 1 473 5 view .LVU312
 474:Core/Src/stm32f4xx_hal_msp.c ****     HAL_GPIO_Init(GPIOB, &GPIO_InitStruct);
 1124              		.loc 1 474 5 view .LVU313
 474:Core/Src/stm32f4xx_hal_msp.c ****     HAL_GPIO_Init(GPIOB, &GPIO_InitStruct);
 1125              		.loc 1 474 31 is_stmt 0 view .LVU314
 1126 017a 0325     		movs	r5, #3
 1127 017c 0D95     		str	r5, [sp, #52]
 475:Core/Src/stm32f4xx_hal_msp.c **** 
 1128              		.loc 1 475 5 is_stmt 1 view .LVU315
 1129 017e 09A9     		add	r1, sp, #36
 1130 0180 0C48     		ldr	r0, .L69+20
 1131              	.LVL47:
 475:Core/Src/stm32f4xx_hal_msp.c **** 
 1132              		.loc 1 475 5 is_stmt 0 view .LVU316
 1133 0182 FFF7FEFF 		bl	HAL_GPIO_Init
 1134              	.LVL48:
 477:Core/Src/stm32f4xx_hal_msp.c ****     GPIO_InitStruct.Mode = GPIO_MODE_AF_PP;
 1135              		.loc 1 477 5 is_stmt 1 view .LVU317
ARM GAS  /tmp/ccvcNHR5.s 			page 33


 477:Core/Src/stm32f4xx_hal_msp.c ****     GPIO_InitStruct.Mode = GPIO_MODE_AF_PP;
 1136              		.loc 1 477 25 is_stmt 0 view .LVU318
 1137 0186 4FF44073 		mov	r3, #768
 1138 018a 0993     		str	r3, [sp, #36]
 478:Core/Src/stm32f4xx_hal_msp.c ****     GPIO_InitStruct.Pull = GPIO_NOPULL;
 1139              		.loc 1 478 5 is_stmt 1 view .LVU319
 478:Core/Src/stm32f4xx_hal_msp.c ****     GPIO_InitStruct.Pull = GPIO_NOPULL;
 1140              		.loc 1 478 26 is_stmt 0 view .LVU320
 1141 018c 0A96     		str	r6, [sp, #40]
 479:Core/Src/stm32f4xx_hal_msp.c ****     GPIO_InitStruct.Speed = GPIO_SPEED_FREQ_LOW;
 1142              		.loc 1 479 5 is_stmt 1 view .LVU321
 479:Core/Src/stm32f4xx_hal_msp.c ****     GPIO_InitStruct.Speed = GPIO_SPEED_FREQ_LOW;
 1143              		.loc 1 479 26 is_stmt 0 view .LVU322
 1144 018e 0B94     		str	r4, [sp, #44]
 480:Core/Src/stm32f4xx_hal_msp.c ****     GPIO_InitStruct.Alternate = GPIO_AF3_TIM8;
 1145              		.loc 1 480 5 is_stmt 1 view .LVU323
 480:Core/Src/stm32f4xx_hal_msp.c ****     GPIO_InitStruct.Alternate = GPIO_AF3_TIM8;
 1146              		.loc 1 480 27 is_stmt 0 view .LVU324
 1147 0190 0C94     		str	r4, [sp, #48]
 481:Core/Src/stm32f4xx_hal_msp.c ****     HAL_GPIO_Init(GPIOC, &GPIO_InitStruct);
 1148              		.loc 1 481 5 is_stmt 1 view .LVU325
 481:Core/Src/stm32f4xx_hal_msp.c ****     HAL_GPIO_Init(GPIOC, &GPIO_InitStruct);
 1149              		.loc 1 481 31 is_stmt 0 view .LVU326
 1150 0192 0D95     		str	r5, [sp, #52]
 482:Core/Src/stm32f4xx_hal_msp.c **** 
 1151              		.loc 1 482 5 is_stmt 1 view .LVU327
 1152 0194 09A9     		add	r1, sp, #36
 1153 0196 0948     		ldr	r0, .L69+28
 1154 0198 FFF7FEFF 		bl	HAL_GPIO_Init
 1155              	.LVL49:
 1156              		.loc 1 489 1 is_stmt 0 view .LVU328
 1157 019c 49E7     		b	.L57
 1158              	.L70:
 1159 019e 00BF     		.align	2
 1160              	.L69:
 1161 01a0 00000140 		.word	1073807360
 1162 01a4 00040040 		.word	1073742848
 1163 01a8 00080040 		.word	1073743872
 1164 01ac 00040140 		.word	1073808384
 1165 01b0 00380240 		.word	1073887232
 1166 01b4 00040240 		.word	1073873920
 1167 01b8 00000240 		.word	1073872896
 1168 01bc 00080240 		.word	1073874944
 1169              		.cfi_endproc
 1170              	.LFE247:
 1172              		.section	.text.HAL_TIM_Base_MspDeInit,"ax",%progbits
 1173              		.align	1
 1174              		.global	HAL_TIM_Base_MspDeInit
 1175              		.syntax unified
 1176              		.thumb
 1177              		.thumb_func
 1179              	HAL_TIM_Base_MspDeInit:
 1180              	.LVL50:
 1181              	.LFB248:
 490:Core/Src/stm32f4xx_hal_msp.c **** /**
 491:Core/Src/stm32f4xx_hal_msp.c **** * @brief TIM_Base MSP De-Initialization
 492:Core/Src/stm32f4xx_hal_msp.c **** * This function freeze the hardware resources used in this example
ARM GAS  /tmp/ccvcNHR5.s 			page 34


 493:Core/Src/stm32f4xx_hal_msp.c **** * @param htim_base: TIM_Base handle pointer
 494:Core/Src/stm32f4xx_hal_msp.c **** * @retval None
 495:Core/Src/stm32f4xx_hal_msp.c **** */
 496:Core/Src/stm32f4xx_hal_msp.c **** void HAL_TIM_Base_MspDeInit(TIM_HandleTypeDef* htim_base)
 497:Core/Src/stm32f4xx_hal_msp.c **** {
 1182              		.loc 1 497 1 is_stmt 1 view -0
 1183              		.cfi_startproc
 1184              		@ args = 0, pretend = 0, frame = 0
 1185              		@ frame_needed = 0, uses_anonymous_args = 0
 1186              		@ link register save eliminated.
 498:Core/Src/stm32f4xx_hal_msp.c ****   if(htim_base->Instance==TIM1)
 1187              		.loc 1 498 3 view .LVU330
 1188              		.loc 1 498 15 is_stmt 0 view .LVU331
 1189 0000 0368     		ldr	r3, [r0]
 1190              		.loc 1 498 5 view .LVU332
 1191 0002 194A     		ldr	r2, .L82
 1192 0004 9342     		cmp	r3, r2
 1193 0006 0CD0     		beq	.L77
 499:Core/Src/stm32f4xx_hal_msp.c ****   {
 500:Core/Src/stm32f4xx_hal_msp.c ****   /* USER CODE BEGIN TIM1_MspDeInit 0 */
 501:Core/Src/stm32f4xx_hal_msp.c **** 
 502:Core/Src/stm32f4xx_hal_msp.c ****   /* USER CODE END TIM1_MspDeInit 0 */
 503:Core/Src/stm32f4xx_hal_msp.c ****     /* Peripheral clock disable */
 504:Core/Src/stm32f4xx_hal_msp.c ****     __HAL_RCC_TIM1_CLK_DISABLE();
 505:Core/Src/stm32f4xx_hal_msp.c ****   /* USER CODE BEGIN TIM1_MspDeInit 1 */
 506:Core/Src/stm32f4xx_hal_msp.c **** 
 507:Core/Src/stm32f4xx_hal_msp.c ****   /* USER CODE END TIM1_MspDeInit 1 */
 508:Core/Src/stm32f4xx_hal_msp.c ****   }
 509:Core/Src/stm32f4xx_hal_msp.c ****   else if(htim_base->Instance==TIM2)
 1194              		.loc 1 509 8 is_stmt 1 view .LVU333
 1195              		.loc 1 509 10 is_stmt 0 view .LVU334
 1196 0008 B3F1804F 		cmp	r3, #1073741824
 1197 000c 10D0     		beq	.L78
 510:Core/Src/stm32f4xx_hal_msp.c ****   {
 511:Core/Src/stm32f4xx_hal_msp.c ****   /* USER CODE BEGIN TIM2_MspDeInit 0 */
 512:Core/Src/stm32f4xx_hal_msp.c **** 
 513:Core/Src/stm32f4xx_hal_msp.c ****   /* USER CODE END TIM2_MspDeInit 0 */
 514:Core/Src/stm32f4xx_hal_msp.c ****     /* Peripheral clock disable */
 515:Core/Src/stm32f4xx_hal_msp.c ****     __HAL_RCC_TIM2_CLK_DISABLE();
 516:Core/Src/stm32f4xx_hal_msp.c ****   /* USER CODE BEGIN TIM2_MspDeInit 1 */
 517:Core/Src/stm32f4xx_hal_msp.c **** 
 518:Core/Src/stm32f4xx_hal_msp.c ****   /* USER CODE END TIM2_MspDeInit 1 */
 519:Core/Src/stm32f4xx_hal_msp.c ****   }
 520:Core/Src/stm32f4xx_hal_msp.c ****   else if(htim_base->Instance==TIM3)
 1198              		.loc 1 520 8 is_stmt 1 view .LVU335
 1199              		.loc 1 520 10 is_stmt 0 view .LVU336
 1200 000e 174A     		ldr	r2, .L82+4
 1201 0010 9342     		cmp	r3, r2
 1202 0012 13D0     		beq	.L79
 521:Core/Src/stm32f4xx_hal_msp.c ****   {
 522:Core/Src/stm32f4xx_hal_msp.c ****   /* USER CODE BEGIN TIM3_MspDeInit 0 */
 523:Core/Src/stm32f4xx_hal_msp.c **** 
 524:Core/Src/stm32f4xx_hal_msp.c ****   /* USER CODE END TIM3_MspDeInit 0 */
 525:Core/Src/stm32f4xx_hal_msp.c ****     /* Peripheral clock disable */
 526:Core/Src/stm32f4xx_hal_msp.c ****     __HAL_RCC_TIM3_CLK_DISABLE();
 527:Core/Src/stm32f4xx_hal_msp.c ****   /* USER CODE BEGIN TIM3_MspDeInit 1 */
 528:Core/Src/stm32f4xx_hal_msp.c **** 
ARM GAS  /tmp/ccvcNHR5.s 			page 35


 529:Core/Src/stm32f4xx_hal_msp.c ****   /* USER CODE END TIM3_MspDeInit 1 */
 530:Core/Src/stm32f4xx_hal_msp.c ****   }
 531:Core/Src/stm32f4xx_hal_msp.c ****   else if(htim_base->Instance==TIM4)
 1203              		.loc 1 531 8 is_stmt 1 view .LVU337
 1204              		.loc 1 531 10 is_stmt 0 view .LVU338
 1205 0014 164A     		ldr	r2, .L82+8
 1206 0016 9342     		cmp	r3, r2
 1207 0018 17D0     		beq	.L80
 532:Core/Src/stm32f4xx_hal_msp.c ****   {
 533:Core/Src/stm32f4xx_hal_msp.c ****   /* USER CODE BEGIN TIM4_MspDeInit 0 */
 534:Core/Src/stm32f4xx_hal_msp.c **** 
 535:Core/Src/stm32f4xx_hal_msp.c ****   /* USER CODE END TIM4_MspDeInit 0 */
 536:Core/Src/stm32f4xx_hal_msp.c ****     /* Peripheral clock disable */
 537:Core/Src/stm32f4xx_hal_msp.c ****     __HAL_RCC_TIM4_CLK_DISABLE();
 538:Core/Src/stm32f4xx_hal_msp.c ****   /* USER CODE BEGIN TIM4_MspDeInit 1 */
 539:Core/Src/stm32f4xx_hal_msp.c **** 
 540:Core/Src/stm32f4xx_hal_msp.c ****   /* USER CODE END TIM4_MspDeInit 1 */
 541:Core/Src/stm32f4xx_hal_msp.c ****   }
 542:Core/Src/stm32f4xx_hal_msp.c ****   else if(htim_base->Instance==TIM8)
 1208              		.loc 1 542 8 is_stmt 1 view .LVU339
 1209              		.loc 1 542 10 is_stmt 0 view .LVU340
 1210 001a 164A     		ldr	r2, .L82+12
 1211 001c 9342     		cmp	r3, r2
 1212 001e 1BD0     		beq	.L81
 1213              	.L71:
 543:Core/Src/stm32f4xx_hal_msp.c ****   {
 544:Core/Src/stm32f4xx_hal_msp.c ****   /* USER CODE BEGIN TIM8_MspDeInit 0 */
 545:Core/Src/stm32f4xx_hal_msp.c **** 
 546:Core/Src/stm32f4xx_hal_msp.c ****   /* USER CODE END TIM8_MspDeInit 0 */
 547:Core/Src/stm32f4xx_hal_msp.c ****     /* Peripheral clock disable */
 548:Core/Src/stm32f4xx_hal_msp.c ****     __HAL_RCC_TIM8_CLK_DISABLE();
 549:Core/Src/stm32f4xx_hal_msp.c ****   /* USER CODE BEGIN TIM8_MspDeInit 1 */
 550:Core/Src/stm32f4xx_hal_msp.c **** 
 551:Core/Src/stm32f4xx_hal_msp.c ****   /* USER CODE END TIM8_MspDeInit 1 */
 552:Core/Src/stm32f4xx_hal_msp.c ****   }
 553:Core/Src/stm32f4xx_hal_msp.c **** 
 554:Core/Src/stm32f4xx_hal_msp.c **** }
 1214              		.loc 1 554 1 view .LVU341
 1215 0020 7047     		bx	lr
 1216              	.L77:
 504:Core/Src/stm32f4xx_hal_msp.c ****   /* USER CODE BEGIN TIM1_MspDeInit 1 */
 1217              		.loc 1 504 5 is_stmt 1 view .LVU342
 1218 0022 02F59C32 		add	r2, r2, #79872
 1219 0026 536C     		ldr	r3, [r2, #68]
 1220 0028 23F00103 		bic	r3, r3, #1
 1221 002c 5364     		str	r3, [r2, #68]
 1222 002e 7047     		bx	lr
 1223              	.L78:
 515:Core/Src/stm32f4xx_hal_msp.c ****   /* USER CODE BEGIN TIM2_MspDeInit 1 */
 1224              		.loc 1 515 5 view .LVU343
 1225 0030 114A     		ldr	r2, .L82+16
 1226 0032 136C     		ldr	r3, [r2, #64]
 1227 0034 23F00103 		bic	r3, r3, #1
 1228 0038 1364     		str	r3, [r2, #64]
 1229 003a 7047     		bx	lr
 1230              	.L79:
 526:Core/Src/stm32f4xx_hal_msp.c ****   /* USER CODE BEGIN TIM3_MspDeInit 1 */
ARM GAS  /tmp/ccvcNHR5.s 			page 36


 1231              		.loc 1 526 5 view .LVU344
 1232 003c 02F50D32 		add	r2, r2, #144384
 1233 0040 136C     		ldr	r3, [r2, #64]
 1234 0042 23F00203 		bic	r3, r3, #2
 1235 0046 1364     		str	r3, [r2, #64]
 1236 0048 7047     		bx	lr
 1237              	.L80:
 537:Core/Src/stm32f4xx_hal_msp.c ****   /* USER CODE BEGIN TIM4_MspDeInit 1 */
 1238              		.loc 1 537 5 view .LVU345
 1239 004a 02F50C32 		add	r2, r2, #143360
 1240 004e 136C     		ldr	r3, [r2, #64]
 1241 0050 23F00403 		bic	r3, r3, #4
 1242 0054 1364     		str	r3, [r2, #64]
 1243 0056 7047     		bx	lr
 1244              	.L81:
 548:Core/Src/stm32f4xx_hal_msp.c ****   /* USER CODE BEGIN TIM8_MspDeInit 1 */
 1245              		.loc 1 548 5 view .LVU346
 1246 0058 02F59A32 		add	r2, r2, #78848
 1247 005c 536C     		ldr	r3, [r2, #68]
 1248 005e 23F00203 		bic	r3, r3, #2
 1249 0062 5364     		str	r3, [r2, #68]
 1250              		.loc 1 554 1 is_stmt 0 view .LVU347
 1251 0064 DCE7     		b	.L71
 1252              	.L83:
 1253 0066 00BF     		.align	2
 1254              	.L82:
 1255 0068 00000140 		.word	1073807360
 1256 006c 00040040 		.word	1073742848
 1257 0070 00080040 		.word	1073743872
 1258 0074 00040140 		.word	1073808384
 1259 0078 00380240 		.word	1073887232
 1260              		.cfi_endproc
 1261              	.LFE248:
 1263              		.section	.text.HAL_UART_MspInit,"ax",%progbits
 1264              		.align	1
 1265              		.global	HAL_UART_MspInit
 1266              		.syntax unified
 1267              		.thumb
 1268              		.thumb_func
 1270              	HAL_UART_MspInit:
 1271              	.LVL51:
 1272              	.LFB249:
 555:Core/Src/stm32f4xx_hal_msp.c **** 
 556:Core/Src/stm32f4xx_hal_msp.c **** /**
 557:Core/Src/stm32f4xx_hal_msp.c **** * @brief UART MSP Initialization
 558:Core/Src/stm32f4xx_hal_msp.c **** * This function configures the hardware resources used in this example
 559:Core/Src/stm32f4xx_hal_msp.c **** * @param huart: UART handle pointer
 560:Core/Src/stm32f4xx_hal_msp.c **** * @retval None
 561:Core/Src/stm32f4xx_hal_msp.c **** */
 562:Core/Src/stm32f4xx_hal_msp.c **** void HAL_UART_MspInit(UART_HandleTypeDef* huart)
 563:Core/Src/stm32f4xx_hal_msp.c **** {
 1273              		.loc 1 563 1 is_stmt 1 view -0
 1274              		.cfi_startproc
 1275              		@ args = 0, pretend = 0, frame = 72
 1276              		@ frame_needed = 0, uses_anonymous_args = 0
 1277              		.loc 1 563 1 is_stmt 0 view .LVU349
 1278 0000 F0B5     		push	{r4, r5, r6, r7, lr}
ARM GAS  /tmp/ccvcNHR5.s 			page 37


 1279              	.LCFI24:
 1280              		.cfi_def_cfa_offset 20
 1281              		.cfi_offset 4, -20
 1282              		.cfi_offset 5, -16
 1283              		.cfi_offset 6, -12
 1284              		.cfi_offset 7, -8
 1285              		.cfi_offset 14, -4
 1286 0002 93B0     		sub	sp, sp, #76
 1287              	.LCFI25:
 1288              		.cfi_def_cfa_offset 96
 564:Core/Src/stm32f4xx_hal_msp.c ****   GPIO_InitTypeDef GPIO_InitStruct = {0};
 1289              		.loc 1 564 3 is_stmt 1 view .LVU350
 1290              		.loc 1 564 20 is_stmt 0 view .LVU351
 1291 0004 0023     		movs	r3, #0
 1292 0006 0D93     		str	r3, [sp, #52]
 1293 0008 0E93     		str	r3, [sp, #56]
 1294 000a 0F93     		str	r3, [sp, #60]
 1295 000c 1093     		str	r3, [sp, #64]
 1296 000e 1193     		str	r3, [sp, #68]
 565:Core/Src/stm32f4xx_hal_msp.c ****   if(huart->Instance==UART4)
 1297              		.loc 1 565 3 is_stmt 1 view .LVU352
 1298              		.loc 1 565 11 is_stmt 0 view .LVU353
 1299 0010 0368     		ldr	r3, [r0]
 1300              		.loc 1 565 5 view .LVU354
 1301 0012 7F4A     		ldr	r2, .L98
 1302 0014 9342     		cmp	r3, r2
 1303 0016 13D0     		beq	.L92
 566:Core/Src/stm32f4xx_hal_msp.c ****   {
 567:Core/Src/stm32f4xx_hal_msp.c ****   /* USER CODE BEGIN UART4_MspInit 0 */
 568:Core/Src/stm32f4xx_hal_msp.c **** 
 569:Core/Src/stm32f4xx_hal_msp.c ****   /* USER CODE END UART4_MspInit 0 */
 570:Core/Src/stm32f4xx_hal_msp.c ****     /* Peripheral clock enable */
 571:Core/Src/stm32f4xx_hal_msp.c ****     __HAL_RCC_UART4_CLK_ENABLE();
 572:Core/Src/stm32f4xx_hal_msp.c **** 
 573:Core/Src/stm32f4xx_hal_msp.c ****     __HAL_RCC_GPIOA_CLK_ENABLE();
 574:Core/Src/stm32f4xx_hal_msp.c ****     /**UART4 GPIO Configuration
 575:Core/Src/stm32f4xx_hal_msp.c ****     PA0-WKUP     ------> UART4_TX
 576:Core/Src/stm32f4xx_hal_msp.c ****     PA1     ------> UART4_RX
 577:Core/Src/stm32f4xx_hal_msp.c ****     */
 578:Core/Src/stm32f4xx_hal_msp.c ****     GPIO_InitStruct.Pin = GPIO_PIN_0|GPIO_PIN_1;
 579:Core/Src/stm32f4xx_hal_msp.c ****     GPIO_InitStruct.Mode = GPIO_MODE_AF_PP;
 580:Core/Src/stm32f4xx_hal_msp.c ****     GPIO_InitStruct.Pull = GPIO_NOPULL;
 581:Core/Src/stm32f4xx_hal_msp.c ****     GPIO_InitStruct.Speed = GPIO_SPEED_FREQ_VERY_HIGH;
 582:Core/Src/stm32f4xx_hal_msp.c ****     GPIO_InitStruct.Alternate = GPIO_AF8_UART4;
 583:Core/Src/stm32f4xx_hal_msp.c ****     HAL_GPIO_Init(GPIOA, &GPIO_InitStruct);
 584:Core/Src/stm32f4xx_hal_msp.c **** 
 585:Core/Src/stm32f4xx_hal_msp.c ****   /* USER CODE BEGIN UART4_MspInit 1 */
 586:Core/Src/stm32f4xx_hal_msp.c **** 
 587:Core/Src/stm32f4xx_hal_msp.c ****   /* USER CODE END UART4_MspInit 1 */
 588:Core/Src/stm32f4xx_hal_msp.c ****   }
 589:Core/Src/stm32f4xx_hal_msp.c ****   else if(huart->Instance==UART5)
 1304              		.loc 1 589 8 is_stmt 1 view .LVU355
 1305              		.loc 1 589 10 is_stmt 0 view .LVU356
 1306 0018 7E4A     		ldr	r2, .L98+4
 1307 001a 9342     		cmp	r3, r2
 1308 001c 32D0     		beq	.L93
 590:Core/Src/stm32f4xx_hal_msp.c ****   {
ARM GAS  /tmp/ccvcNHR5.s 			page 38


 591:Core/Src/stm32f4xx_hal_msp.c ****   /* USER CODE BEGIN UART5_MspInit 0 */
 592:Core/Src/stm32f4xx_hal_msp.c **** 
 593:Core/Src/stm32f4xx_hal_msp.c ****   /* USER CODE END UART5_MspInit 0 */
 594:Core/Src/stm32f4xx_hal_msp.c ****     /* Peripheral clock enable */
 595:Core/Src/stm32f4xx_hal_msp.c ****     __HAL_RCC_UART5_CLK_ENABLE();
 596:Core/Src/stm32f4xx_hal_msp.c **** 
 597:Core/Src/stm32f4xx_hal_msp.c ****     __HAL_RCC_GPIOC_CLK_ENABLE();
 598:Core/Src/stm32f4xx_hal_msp.c ****     __HAL_RCC_GPIOD_CLK_ENABLE();
 599:Core/Src/stm32f4xx_hal_msp.c ****     /**UART5 GPIO Configuration
 600:Core/Src/stm32f4xx_hal_msp.c ****     PC12     ------> UART5_TX
 601:Core/Src/stm32f4xx_hal_msp.c ****     PD2     ------> UART5_RX
 602:Core/Src/stm32f4xx_hal_msp.c ****     */
 603:Core/Src/stm32f4xx_hal_msp.c ****     GPIO_InitStruct.Pin = GPIO_PIN_12;
 604:Core/Src/stm32f4xx_hal_msp.c ****     GPIO_InitStruct.Mode = GPIO_MODE_AF_PP;
 605:Core/Src/stm32f4xx_hal_msp.c ****     GPIO_InitStruct.Pull = GPIO_NOPULL;
 606:Core/Src/stm32f4xx_hal_msp.c ****     GPIO_InitStruct.Speed = GPIO_SPEED_FREQ_VERY_HIGH;
 607:Core/Src/stm32f4xx_hal_msp.c ****     GPIO_InitStruct.Alternate = GPIO_AF8_UART5;
 608:Core/Src/stm32f4xx_hal_msp.c ****     HAL_GPIO_Init(GPIOC, &GPIO_InitStruct);
 609:Core/Src/stm32f4xx_hal_msp.c **** 
 610:Core/Src/stm32f4xx_hal_msp.c ****     GPIO_InitStruct.Pin = GPIO_PIN_2;
 611:Core/Src/stm32f4xx_hal_msp.c ****     GPIO_InitStruct.Mode = GPIO_MODE_AF_PP;
 612:Core/Src/stm32f4xx_hal_msp.c ****     GPIO_InitStruct.Pull = GPIO_NOPULL;
 613:Core/Src/stm32f4xx_hal_msp.c ****     GPIO_InitStruct.Speed = GPIO_SPEED_FREQ_VERY_HIGH;
 614:Core/Src/stm32f4xx_hal_msp.c ****     GPIO_InitStruct.Alternate = GPIO_AF8_UART5;
 615:Core/Src/stm32f4xx_hal_msp.c ****     HAL_GPIO_Init(GPIOD, &GPIO_InitStruct);
 616:Core/Src/stm32f4xx_hal_msp.c **** 
 617:Core/Src/stm32f4xx_hal_msp.c ****   /* USER CODE BEGIN UART5_MspInit 1 */
 618:Core/Src/stm32f4xx_hal_msp.c **** 
 619:Core/Src/stm32f4xx_hal_msp.c ****   /* USER CODE END UART5_MspInit 1 */
 620:Core/Src/stm32f4xx_hal_msp.c ****   }
 621:Core/Src/stm32f4xx_hal_msp.c ****   else if(huart->Instance==USART1)
 1309              		.loc 1 621 8 is_stmt 1 view .LVU357
 1310              		.loc 1 621 10 is_stmt 0 view .LVU358
 1311 001e 7E4A     		ldr	r2, .L98+8
 1312 0020 9342     		cmp	r3, r2
 1313 0022 67D0     		beq	.L94
 622:Core/Src/stm32f4xx_hal_msp.c ****   {
 623:Core/Src/stm32f4xx_hal_msp.c ****   /* USER CODE BEGIN USART1_MspInit 0 */
 624:Core/Src/stm32f4xx_hal_msp.c **** 
 625:Core/Src/stm32f4xx_hal_msp.c ****   /* USER CODE END USART1_MspInit 0 */
 626:Core/Src/stm32f4xx_hal_msp.c ****     /* Peripheral clock enable */
 627:Core/Src/stm32f4xx_hal_msp.c ****     __HAL_RCC_USART1_CLK_ENABLE();
 628:Core/Src/stm32f4xx_hal_msp.c **** 
 629:Core/Src/stm32f4xx_hal_msp.c ****     __HAL_RCC_GPIOA_CLK_ENABLE();
 630:Core/Src/stm32f4xx_hal_msp.c ****     /**USART1 GPIO Configuration
 631:Core/Src/stm32f4xx_hal_msp.c ****     PA9     ------> USART1_TX
 632:Core/Src/stm32f4xx_hal_msp.c ****     PA10     ------> USART1_RX
 633:Core/Src/stm32f4xx_hal_msp.c ****     */
 634:Core/Src/stm32f4xx_hal_msp.c ****     GPIO_InitStruct.Pin = GPIO_PIN_9|GPIO_PIN_10;
 635:Core/Src/stm32f4xx_hal_msp.c ****     GPIO_InitStruct.Mode = GPIO_MODE_AF_PP;
 636:Core/Src/stm32f4xx_hal_msp.c ****     GPIO_InitStruct.Pull = GPIO_NOPULL;
 637:Core/Src/stm32f4xx_hal_msp.c ****     GPIO_InitStruct.Speed = GPIO_SPEED_FREQ_VERY_HIGH;
 638:Core/Src/stm32f4xx_hal_msp.c ****     GPIO_InitStruct.Alternate = GPIO_AF7_USART1;
 639:Core/Src/stm32f4xx_hal_msp.c ****     HAL_GPIO_Init(GPIOA, &GPIO_InitStruct);
 640:Core/Src/stm32f4xx_hal_msp.c **** 
 641:Core/Src/stm32f4xx_hal_msp.c ****   /* USER CODE BEGIN USART1_MspInit 1 */
 642:Core/Src/stm32f4xx_hal_msp.c **** 
ARM GAS  /tmp/ccvcNHR5.s 			page 39


 643:Core/Src/stm32f4xx_hal_msp.c ****   /* USER CODE END USART1_MspInit 1 */
 644:Core/Src/stm32f4xx_hal_msp.c ****   }
 645:Core/Src/stm32f4xx_hal_msp.c ****   else if(huart->Instance==USART2)
 1314              		.loc 1 645 8 is_stmt 1 view .LVU359
 1315              		.loc 1 645 10 is_stmt 0 view .LVU360
 1316 0024 7D4A     		ldr	r2, .L98+12
 1317 0026 9342     		cmp	r3, r2
 1318 0028 00F08880 		beq	.L95
 646:Core/Src/stm32f4xx_hal_msp.c ****   {
 647:Core/Src/stm32f4xx_hal_msp.c ****   /* USER CODE BEGIN USART2_MspInit 0 */
 648:Core/Src/stm32f4xx_hal_msp.c **** 
 649:Core/Src/stm32f4xx_hal_msp.c ****   /* USER CODE END USART2_MspInit 0 */
 650:Core/Src/stm32f4xx_hal_msp.c ****     /* Peripheral clock enable */
 651:Core/Src/stm32f4xx_hal_msp.c ****     __HAL_RCC_USART2_CLK_ENABLE();
 652:Core/Src/stm32f4xx_hal_msp.c **** 
 653:Core/Src/stm32f4xx_hal_msp.c ****     __HAL_RCC_GPIOA_CLK_ENABLE();
 654:Core/Src/stm32f4xx_hal_msp.c ****     /**USART2 GPIO Configuration
 655:Core/Src/stm32f4xx_hal_msp.c ****     PA2     ------> USART2_TX
 656:Core/Src/stm32f4xx_hal_msp.c ****     PA3     ------> USART2_RX
 657:Core/Src/stm32f4xx_hal_msp.c ****     */
 658:Core/Src/stm32f4xx_hal_msp.c ****     GPIO_InitStruct.Pin = GPIO_PIN_2|GPIO_PIN_3;
 659:Core/Src/stm32f4xx_hal_msp.c ****     GPIO_InitStruct.Mode = GPIO_MODE_AF_PP;
 660:Core/Src/stm32f4xx_hal_msp.c ****     GPIO_InitStruct.Pull = GPIO_NOPULL;
 661:Core/Src/stm32f4xx_hal_msp.c ****     GPIO_InitStruct.Speed = GPIO_SPEED_FREQ_VERY_HIGH;
 662:Core/Src/stm32f4xx_hal_msp.c ****     GPIO_InitStruct.Alternate = GPIO_AF7_USART2;
 663:Core/Src/stm32f4xx_hal_msp.c ****     HAL_GPIO_Init(GPIOA, &GPIO_InitStruct);
 664:Core/Src/stm32f4xx_hal_msp.c **** 
 665:Core/Src/stm32f4xx_hal_msp.c ****   /* USER CODE BEGIN USART2_MspInit 1 */
 666:Core/Src/stm32f4xx_hal_msp.c **** 
 667:Core/Src/stm32f4xx_hal_msp.c ****   /* USER CODE END USART2_MspInit 1 */
 668:Core/Src/stm32f4xx_hal_msp.c ****   }
 669:Core/Src/stm32f4xx_hal_msp.c ****   else if(huart->Instance==USART3)
 1319              		.loc 1 669 8 is_stmt 1 view .LVU361
 1320              		.loc 1 669 10 is_stmt 0 view .LVU362
 1321 002c 7C4A     		ldr	r2, .L98+16
 1322 002e 9342     		cmp	r3, r2
 1323 0030 00F0A780 		beq	.L96
 670:Core/Src/stm32f4xx_hal_msp.c ****   {
 671:Core/Src/stm32f4xx_hal_msp.c ****   /* USER CODE BEGIN USART3_MspInit 0 */
 672:Core/Src/stm32f4xx_hal_msp.c **** 
 673:Core/Src/stm32f4xx_hal_msp.c ****   /* USER CODE END USART3_MspInit 0 */
 674:Core/Src/stm32f4xx_hal_msp.c ****     /* Peripheral clock enable */
 675:Core/Src/stm32f4xx_hal_msp.c ****     __HAL_RCC_USART3_CLK_ENABLE();
 676:Core/Src/stm32f4xx_hal_msp.c **** 
 677:Core/Src/stm32f4xx_hal_msp.c ****     __HAL_RCC_GPIOC_CLK_ENABLE();
 678:Core/Src/stm32f4xx_hal_msp.c ****     /**USART3 GPIO Configuration
 679:Core/Src/stm32f4xx_hal_msp.c ****     PC10     ------> USART3_TX
 680:Core/Src/stm32f4xx_hal_msp.c ****     PC11     ------> USART3_RX
 681:Core/Src/stm32f4xx_hal_msp.c ****     */
 682:Core/Src/stm32f4xx_hal_msp.c ****     GPIO_InitStruct.Pin = GPIO_PIN_10|GPIO_PIN_11;
 683:Core/Src/stm32f4xx_hal_msp.c ****     GPIO_InitStruct.Mode = GPIO_MODE_AF_PP;
 684:Core/Src/stm32f4xx_hal_msp.c ****     GPIO_InitStruct.Pull = GPIO_NOPULL;
 685:Core/Src/stm32f4xx_hal_msp.c ****     GPIO_InitStruct.Speed = GPIO_SPEED_FREQ_VERY_HIGH;
 686:Core/Src/stm32f4xx_hal_msp.c ****     GPIO_InitStruct.Alternate = GPIO_AF7_USART3;
 687:Core/Src/stm32f4xx_hal_msp.c ****     HAL_GPIO_Init(GPIOC, &GPIO_InitStruct);
 688:Core/Src/stm32f4xx_hal_msp.c **** 
 689:Core/Src/stm32f4xx_hal_msp.c ****   /* USER CODE BEGIN USART3_MspInit 1 */
ARM GAS  /tmp/ccvcNHR5.s 			page 40


 690:Core/Src/stm32f4xx_hal_msp.c **** 
 691:Core/Src/stm32f4xx_hal_msp.c ****   /* USER CODE END USART3_MspInit 1 */
 692:Core/Src/stm32f4xx_hal_msp.c ****   }
 693:Core/Src/stm32f4xx_hal_msp.c ****   else if(huart->Instance==USART6)
 1324              		.loc 1 693 8 is_stmt 1 view .LVU363
 1325              		.loc 1 693 10 is_stmt 0 view .LVU364
 1326 0034 7B4A     		ldr	r2, .L98+20
 1327 0036 9342     		cmp	r3, r2
 1328 0038 00F0C780 		beq	.L97
 1329              	.LVL52:
 1330              	.L84:
 694:Core/Src/stm32f4xx_hal_msp.c ****   {
 695:Core/Src/stm32f4xx_hal_msp.c ****   /* USER CODE BEGIN USART6_MspInit 0 */
 696:Core/Src/stm32f4xx_hal_msp.c **** 
 697:Core/Src/stm32f4xx_hal_msp.c ****   /* USER CODE END USART6_MspInit 0 */
 698:Core/Src/stm32f4xx_hal_msp.c ****     /* Peripheral clock enable */
 699:Core/Src/stm32f4xx_hal_msp.c ****     __HAL_RCC_USART6_CLK_ENABLE();
 700:Core/Src/stm32f4xx_hal_msp.c **** 
 701:Core/Src/stm32f4xx_hal_msp.c ****     __HAL_RCC_GPIOC_CLK_ENABLE();
 702:Core/Src/stm32f4xx_hal_msp.c ****     /**USART6 GPIO Configuration
 703:Core/Src/stm32f4xx_hal_msp.c ****     PC6     ------> USART6_TX
 704:Core/Src/stm32f4xx_hal_msp.c ****     PC7     ------> USART6_RX
 705:Core/Src/stm32f4xx_hal_msp.c ****     */
 706:Core/Src/stm32f4xx_hal_msp.c ****     GPIO_InitStruct.Pin = GPIO_PIN_6|GPIO_PIN_7;
 707:Core/Src/stm32f4xx_hal_msp.c ****     GPIO_InitStruct.Mode = GPIO_MODE_AF_PP;
 708:Core/Src/stm32f4xx_hal_msp.c ****     GPIO_InitStruct.Pull = GPIO_NOPULL;
 709:Core/Src/stm32f4xx_hal_msp.c ****     GPIO_InitStruct.Speed = GPIO_SPEED_FREQ_VERY_HIGH;
 710:Core/Src/stm32f4xx_hal_msp.c ****     GPIO_InitStruct.Alternate = GPIO_AF8_USART6;
 711:Core/Src/stm32f4xx_hal_msp.c ****     HAL_GPIO_Init(GPIOC, &GPIO_InitStruct);
 712:Core/Src/stm32f4xx_hal_msp.c **** 
 713:Core/Src/stm32f4xx_hal_msp.c ****   /* USER CODE BEGIN USART6_MspInit 1 */
 714:Core/Src/stm32f4xx_hal_msp.c **** 
 715:Core/Src/stm32f4xx_hal_msp.c ****   /* USER CODE END USART6_MspInit 1 */
 716:Core/Src/stm32f4xx_hal_msp.c ****   }
 717:Core/Src/stm32f4xx_hal_msp.c **** 
 718:Core/Src/stm32f4xx_hal_msp.c **** }
 1331              		.loc 1 718 1 view .LVU365
 1332 003c 13B0     		add	sp, sp, #76
 1333              	.LCFI26:
 1334              		.cfi_remember_state
 1335              		.cfi_def_cfa_offset 20
 1336              		@ sp needed
 1337 003e F0BD     		pop	{r4, r5, r6, r7, pc}
 1338              	.LVL53:
 1339              	.L92:
 1340              	.LCFI27:
 1341              		.cfi_restore_state
 571:Core/Src/stm32f4xx_hal_msp.c **** 
 1342              		.loc 1 571 5 is_stmt 1 view .LVU366
 1343              	.LBB23:
 571:Core/Src/stm32f4xx_hal_msp.c **** 
 1344              		.loc 1 571 5 view .LVU367
 1345 0040 0021     		movs	r1, #0
 1346 0042 0091     		str	r1, [sp]
 571:Core/Src/stm32f4xx_hal_msp.c **** 
 1347              		.loc 1 571 5 view .LVU368
 1348 0044 784B     		ldr	r3, .L98+24
ARM GAS  /tmp/ccvcNHR5.s 			page 41


 1349 0046 1A6C     		ldr	r2, [r3, #64]
 1350 0048 42F40022 		orr	r2, r2, #524288
 1351 004c 1A64     		str	r2, [r3, #64]
 571:Core/Src/stm32f4xx_hal_msp.c **** 
 1352              		.loc 1 571 5 view .LVU369
 1353 004e 1A6C     		ldr	r2, [r3, #64]
 1354 0050 02F40022 		and	r2, r2, #524288
 1355 0054 0092     		str	r2, [sp]
 571:Core/Src/stm32f4xx_hal_msp.c **** 
 1356              		.loc 1 571 5 view .LVU370
 1357 0056 009A     		ldr	r2, [sp]
 1358              	.LBE23:
 571:Core/Src/stm32f4xx_hal_msp.c **** 
 1359              		.loc 1 571 5 view .LVU371
 573:Core/Src/stm32f4xx_hal_msp.c ****     /**UART4 GPIO Configuration
 1360              		.loc 1 573 5 view .LVU372
 1361              	.LBB24:
 573:Core/Src/stm32f4xx_hal_msp.c ****     /**UART4 GPIO Configuration
 1362              		.loc 1 573 5 view .LVU373
 1363 0058 0191     		str	r1, [sp, #4]
 573:Core/Src/stm32f4xx_hal_msp.c ****     /**UART4 GPIO Configuration
 1364              		.loc 1 573 5 view .LVU374
 1365 005a 1A6B     		ldr	r2, [r3, #48]
 1366 005c 42F00102 		orr	r2, r2, #1
 1367 0060 1A63     		str	r2, [r3, #48]
 573:Core/Src/stm32f4xx_hal_msp.c ****     /**UART4 GPIO Configuration
 1368              		.loc 1 573 5 view .LVU375
 1369 0062 1B6B     		ldr	r3, [r3, #48]
 1370 0064 03F00103 		and	r3, r3, #1
 1371 0068 0193     		str	r3, [sp, #4]
 573:Core/Src/stm32f4xx_hal_msp.c ****     /**UART4 GPIO Configuration
 1372              		.loc 1 573 5 view .LVU376
 1373 006a 019B     		ldr	r3, [sp, #4]
 1374              	.LBE24:
 573:Core/Src/stm32f4xx_hal_msp.c ****     /**UART4 GPIO Configuration
 1375              		.loc 1 573 5 view .LVU377
 578:Core/Src/stm32f4xx_hal_msp.c ****     GPIO_InitStruct.Mode = GPIO_MODE_AF_PP;
 1376              		.loc 1 578 5 view .LVU378
 578:Core/Src/stm32f4xx_hal_msp.c ****     GPIO_InitStruct.Mode = GPIO_MODE_AF_PP;
 1377              		.loc 1 578 25 is_stmt 0 view .LVU379
 1378 006c 0323     		movs	r3, #3
 1379 006e 0D93     		str	r3, [sp, #52]
 579:Core/Src/stm32f4xx_hal_msp.c ****     GPIO_InitStruct.Pull = GPIO_NOPULL;
 1380              		.loc 1 579 5 is_stmt 1 view .LVU380
 579:Core/Src/stm32f4xx_hal_msp.c ****     GPIO_InitStruct.Pull = GPIO_NOPULL;
 1381              		.loc 1 579 26 is_stmt 0 view .LVU381
 1382 0070 0222     		movs	r2, #2
 1383 0072 0E92     		str	r2, [sp, #56]
 580:Core/Src/stm32f4xx_hal_msp.c ****     GPIO_InitStruct.Speed = GPIO_SPEED_FREQ_VERY_HIGH;
 1384              		.loc 1 580 5 is_stmt 1 view .LVU382
 581:Core/Src/stm32f4xx_hal_msp.c ****     GPIO_InitStruct.Alternate = GPIO_AF8_UART4;
 1385              		.loc 1 581 5 view .LVU383
 581:Core/Src/stm32f4xx_hal_msp.c ****     GPIO_InitStruct.Alternate = GPIO_AF8_UART4;
 1386              		.loc 1 581 27 is_stmt 0 view .LVU384
 1387 0074 1093     		str	r3, [sp, #64]
 582:Core/Src/stm32f4xx_hal_msp.c ****     HAL_GPIO_Init(GPIOA, &GPIO_InitStruct);
 1388              		.loc 1 582 5 is_stmt 1 view .LVU385
ARM GAS  /tmp/ccvcNHR5.s 			page 42


 582:Core/Src/stm32f4xx_hal_msp.c ****     HAL_GPIO_Init(GPIOA, &GPIO_InitStruct);
 1389              		.loc 1 582 31 is_stmt 0 view .LVU386
 1390 0076 0823     		movs	r3, #8
 1391 0078 1193     		str	r3, [sp, #68]
 583:Core/Src/stm32f4xx_hal_msp.c **** 
 1392              		.loc 1 583 5 is_stmt 1 view .LVU387
 1393 007a 0DA9     		add	r1, sp, #52
 1394 007c 6B48     		ldr	r0, .L98+28
 1395              	.LVL54:
 583:Core/Src/stm32f4xx_hal_msp.c **** 
 1396              		.loc 1 583 5 is_stmt 0 view .LVU388
 1397 007e FFF7FEFF 		bl	HAL_GPIO_Init
 1398              	.LVL55:
 1399 0082 DBE7     		b	.L84
 1400              	.LVL56:
 1401              	.L93:
 595:Core/Src/stm32f4xx_hal_msp.c **** 
 1402              		.loc 1 595 5 is_stmt 1 view .LVU389
 1403              	.LBB25:
 595:Core/Src/stm32f4xx_hal_msp.c **** 
 1404              		.loc 1 595 5 view .LVU390
 1405 0084 0024     		movs	r4, #0
 1406 0086 0294     		str	r4, [sp, #8]
 595:Core/Src/stm32f4xx_hal_msp.c **** 
 1407              		.loc 1 595 5 view .LVU391
 1408 0088 674B     		ldr	r3, .L98+24
 1409 008a 1A6C     		ldr	r2, [r3, #64]
 1410 008c 42F48012 		orr	r2, r2, #1048576
 1411 0090 1A64     		str	r2, [r3, #64]
 595:Core/Src/stm32f4xx_hal_msp.c **** 
 1412              		.loc 1 595 5 view .LVU392
 1413 0092 1A6C     		ldr	r2, [r3, #64]
 1414 0094 02F48012 		and	r2, r2, #1048576
 1415 0098 0292     		str	r2, [sp, #8]
 595:Core/Src/stm32f4xx_hal_msp.c **** 
 1416              		.loc 1 595 5 view .LVU393
 1417 009a 029A     		ldr	r2, [sp, #8]
 1418              	.LBE25:
 595:Core/Src/stm32f4xx_hal_msp.c **** 
 1419              		.loc 1 595 5 view .LVU394
 597:Core/Src/stm32f4xx_hal_msp.c ****     __HAL_RCC_GPIOD_CLK_ENABLE();
 1420              		.loc 1 597 5 view .LVU395
 1421              	.LBB26:
 597:Core/Src/stm32f4xx_hal_msp.c ****     __HAL_RCC_GPIOD_CLK_ENABLE();
 1422              		.loc 1 597 5 view .LVU396
 1423 009c 0394     		str	r4, [sp, #12]
 597:Core/Src/stm32f4xx_hal_msp.c ****     __HAL_RCC_GPIOD_CLK_ENABLE();
 1424              		.loc 1 597 5 view .LVU397
 1425 009e 1A6B     		ldr	r2, [r3, #48]
 1426 00a0 42F00402 		orr	r2, r2, #4
 1427 00a4 1A63     		str	r2, [r3, #48]
 597:Core/Src/stm32f4xx_hal_msp.c ****     __HAL_RCC_GPIOD_CLK_ENABLE();
 1428              		.loc 1 597 5 view .LVU398
 1429 00a6 1A6B     		ldr	r2, [r3, #48]
 1430 00a8 02F00402 		and	r2, r2, #4
 1431 00ac 0392     		str	r2, [sp, #12]
 597:Core/Src/stm32f4xx_hal_msp.c ****     __HAL_RCC_GPIOD_CLK_ENABLE();
ARM GAS  /tmp/ccvcNHR5.s 			page 43


 1432              		.loc 1 597 5 view .LVU399
 1433 00ae 039A     		ldr	r2, [sp, #12]
 1434              	.LBE26:
 597:Core/Src/stm32f4xx_hal_msp.c ****     __HAL_RCC_GPIOD_CLK_ENABLE();
 1435              		.loc 1 597 5 view .LVU400
 598:Core/Src/stm32f4xx_hal_msp.c ****     /**UART5 GPIO Configuration
 1436              		.loc 1 598 5 view .LVU401
 1437              	.LBB27:
 598:Core/Src/stm32f4xx_hal_msp.c ****     /**UART5 GPIO Configuration
 1438              		.loc 1 598 5 view .LVU402
 1439 00b0 0494     		str	r4, [sp, #16]
 598:Core/Src/stm32f4xx_hal_msp.c ****     /**UART5 GPIO Configuration
 1440              		.loc 1 598 5 view .LVU403
 1441 00b2 1A6B     		ldr	r2, [r3, #48]
 1442 00b4 42F00802 		orr	r2, r2, #8
 1443 00b8 1A63     		str	r2, [r3, #48]
 598:Core/Src/stm32f4xx_hal_msp.c ****     /**UART5 GPIO Configuration
 1444              		.loc 1 598 5 view .LVU404
 1445 00ba 1B6B     		ldr	r3, [r3, #48]
 1446 00bc 03F00803 		and	r3, r3, #8
 1447 00c0 0493     		str	r3, [sp, #16]
 598:Core/Src/stm32f4xx_hal_msp.c ****     /**UART5 GPIO Configuration
 1448              		.loc 1 598 5 view .LVU405
 1449 00c2 049B     		ldr	r3, [sp, #16]
 1450              	.LBE27:
 598:Core/Src/stm32f4xx_hal_msp.c ****     /**UART5 GPIO Configuration
 1451              		.loc 1 598 5 view .LVU406
 603:Core/Src/stm32f4xx_hal_msp.c ****     GPIO_InitStruct.Mode = GPIO_MODE_AF_PP;
 1452              		.loc 1 603 5 view .LVU407
 603:Core/Src/stm32f4xx_hal_msp.c ****     GPIO_InitStruct.Mode = GPIO_MODE_AF_PP;
 1453              		.loc 1 603 25 is_stmt 0 view .LVU408
 1454 00c4 4FF48053 		mov	r3, #4096
 1455 00c8 0D93     		str	r3, [sp, #52]
 604:Core/Src/stm32f4xx_hal_msp.c ****     GPIO_InitStruct.Pull = GPIO_NOPULL;
 1456              		.loc 1 604 5 is_stmt 1 view .LVU409
 604:Core/Src/stm32f4xx_hal_msp.c ****     GPIO_InitStruct.Pull = GPIO_NOPULL;
 1457              		.loc 1 604 26 is_stmt 0 view .LVU410
 1458 00ca 0227     		movs	r7, #2
 1459 00cc 0E97     		str	r7, [sp, #56]
 605:Core/Src/stm32f4xx_hal_msp.c ****     GPIO_InitStruct.Speed = GPIO_SPEED_FREQ_VERY_HIGH;
 1460              		.loc 1 605 5 is_stmt 1 view .LVU411
 606:Core/Src/stm32f4xx_hal_msp.c ****     GPIO_InitStruct.Alternate = GPIO_AF8_UART5;
 1461              		.loc 1 606 5 view .LVU412
 606:Core/Src/stm32f4xx_hal_msp.c ****     GPIO_InitStruct.Alternate = GPIO_AF8_UART5;
 1462              		.loc 1 606 27 is_stmt 0 view .LVU413
 1463 00ce 0326     		movs	r6, #3
 1464 00d0 1096     		str	r6, [sp, #64]
 607:Core/Src/stm32f4xx_hal_msp.c ****     HAL_GPIO_Init(GPIOC, &GPIO_InitStruct);
 1465              		.loc 1 607 5 is_stmt 1 view .LVU414
 607:Core/Src/stm32f4xx_hal_msp.c ****     HAL_GPIO_Init(GPIOC, &GPIO_InitStruct);
 1466              		.loc 1 607 31 is_stmt 0 view .LVU415
 1467 00d2 0825     		movs	r5, #8
 1468 00d4 1195     		str	r5, [sp, #68]
 608:Core/Src/stm32f4xx_hal_msp.c **** 
 1469              		.loc 1 608 5 is_stmt 1 view .LVU416
 1470 00d6 0DA9     		add	r1, sp, #52
 1471 00d8 5548     		ldr	r0, .L98+32
ARM GAS  /tmp/ccvcNHR5.s 			page 44


 1472              	.LVL57:
 608:Core/Src/stm32f4xx_hal_msp.c **** 
 1473              		.loc 1 608 5 is_stmt 0 view .LVU417
 1474 00da FFF7FEFF 		bl	HAL_GPIO_Init
 1475              	.LVL58:
 610:Core/Src/stm32f4xx_hal_msp.c ****     GPIO_InitStruct.Mode = GPIO_MODE_AF_PP;
 1476              		.loc 1 610 5 is_stmt 1 view .LVU418
 610:Core/Src/stm32f4xx_hal_msp.c ****     GPIO_InitStruct.Mode = GPIO_MODE_AF_PP;
 1477              		.loc 1 610 25 is_stmt 0 view .LVU419
 1478 00de 0423     		movs	r3, #4
 1479 00e0 0D93     		str	r3, [sp, #52]
 611:Core/Src/stm32f4xx_hal_msp.c ****     GPIO_InitStruct.Pull = GPIO_NOPULL;
 1480              		.loc 1 611 5 is_stmt 1 view .LVU420
 611:Core/Src/stm32f4xx_hal_msp.c ****     GPIO_InitStruct.Pull = GPIO_NOPULL;
 1481              		.loc 1 611 26 is_stmt 0 view .LVU421
 1482 00e2 0E97     		str	r7, [sp, #56]
 612:Core/Src/stm32f4xx_hal_msp.c ****     GPIO_InitStruct.Speed = GPIO_SPEED_FREQ_VERY_HIGH;
 1483              		.loc 1 612 5 is_stmt 1 view .LVU422
 612:Core/Src/stm32f4xx_hal_msp.c ****     GPIO_InitStruct.Speed = GPIO_SPEED_FREQ_VERY_HIGH;
 1484              		.loc 1 612 26 is_stmt 0 view .LVU423
 1485 00e4 0F94     		str	r4, [sp, #60]
 613:Core/Src/stm32f4xx_hal_msp.c ****     GPIO_InitStruct.Alternate = GPIO_AF8_UART5;
 1486              		.loc 1 613 5 is_stmt 1 view .LVU424
 613:Core/Src/stm32f4xx_hal_msp.c ****     GPIO_InitStruct.Alternate = GPIO_AF8_UART5;
 1487              		.loc 1 613 27 is_stmt 0 view .LVU425
 1488 00e6 1096     		str	r6, [sp, #64]
 614:Core/Src/stm32f4xx_hal_msp.c ****     HAL_GPIO_Init(GPIOD, &GPIO_InitStruct);
 1489              		.loc 1 614 5 is_stmt 1 view .LVU426
 614:Core/Src/stm32f4xx_hal_msp.c ****     HAL_GPIO_Init(GPIOD, &GPIO_InitStruct);
 1490              		.loc 1 614 31 is_stmt 0 view .LVU427
 1491 00e8 1195     		str	r5, [sp, #68]
 615:Core/Src/stm32f4xx_hal_msp.c **** 
 1492              		.loc 1 615 5 is_stmt 1 view .LVU428
 1493 00ea 0DA9     		add	r1, sp, #52
 1494 00ec 5148     		ldr	r0, .L98+36
 1495 00ee FFF7FEFF 		bl	HAL_GPIO_Init
 1496              	.LVL59:
 1497 00f2 A3E7     		b	.L84
 1498              	.LVL60:
 1499              	.L94:
 627:Core/Src/stm32f4xx_hal_msp.c **** 
 1500              		.loc 1 627 5 view .LVU429
 1501              	.LBB28:
 627:Core/Src/stm32f4xx_hal_msp.c **** 
 1502              		.loc 1 627 5 view .LVU430
 1503 00f4 0021     		movs	r1, #0
 1504 00f6 0591     		str	r1, [sp, #20]
 627:Core/Src/stm32f4xx_hal_msp.c **** 
 1505              		.loc 1 627 5 view .LVU431
 1506 00f8 4B4B     		ldr	r3, .L98+24
 1507 00fa 5A6C     		ldr	r2, [r3, #68]
 1508 00fc 42F01002 		orr	r2, r2, #16
 1509 0100 5A64     		str	r2, [r3, #68]
 627:Core/Src/stm32f4xx_hal_msp.c **** 
 1510              		.loc 1 627 5 view .LVU432
 1511 0102 5A6C     		ldr	r2, [r3, #68]
 1512 0104 02F01002 		and	r2, r2, #16
ARM GAS  /tmp/ccvcNHR5.s 			page 45


 1513 0108 0592     		str	r2, [sp, #20]
 627:Core/Src/stm32f4xx_hal_msp.c **** 
 1514              		.loc 1 627 5 view .LVU433
 1515 010a 059A     		ldr	r2, [sp, #20]
 1516              	.LBE28:
 627:Core/Src/stm32f4xx_hal_msp.c **** 
 1517              		.loc 1 627 5 view .LVU434
 629:Core/Src/stm32f4xx_hal_msp.c ****     /**USART1 GPIO Configuration
 1518              		.loc 1 629 5 view .LVU435
 1519              	.LBB29:
 629:Core/Src/stm32f4xx_hal_msp.c ****     /**USART1 GPIO Configuration
 1520              		.loc 1 629 5 view .LVU436
 1521 010c 0691     		str	r1, [sp, #24]
 629:Core/Src/stm32f4xx_hal_msp.c ****     /**USART1 GPIO Configuration
 1522              		.loc 1 629 5 view .LVU437
 1523 010e 1A6B     		ldr	r2, [r3, #48]
 1524 0110 42F00102 		orr	r2, r2, #1
 1525 0114 1A63     		str	r2, [r3, #48]
 629:Core/Src/stm32f4xx_hal_msp.c ****     /**USART1 GPIO Configuration
 1526              		.loc 1 629 5 view .LVU438
 1527 0116 1B6B     		ldr	r3, [r3, #48]
 1528 0118 03F00103 		and	r3, r3, #1
 1529 011c 0693     		str	r3, [sp, #24]
 629:Core/Src/stm32f4xx_hal_msp.c ****     /**USART1 GPIO Configuration
 1530              		.loc 1 629 5 view .LVU439
 1531 011e 069B     		ldr	r3, [sp, #24]
 1532              	.LBE29:
 629:Core/Src/stm32f4xx_hal_msp.c ****     /**USART1 GPIO Configuration
 1533              		.loc 1 629 5 view .LVU440
 634:Core/Src/stm32f4xx_hal_msp.c ****     GPIO_InitStruct.Mode = GPIO_MODE_AF_PP;
 1534              		.loc 1 634 5 view .LVU441
 634:Core/Src/stm32f4xx_hal_msp.c ****     GPIO_InitStruct.Mode = GPIO_MODE_AF_PP;
 1535              		.loc 1 634 25 is_stmt 0 view .LVU442
 1536 0120 4FF4C063 		mov	r3, #1536
 1537 0124 0D93     		str	r3, [sp, #52]
 635:Core/Src/stm32f4xx_hal_msp.c ****     GPIO_InitStruct.Pull = GPIO_NOPULL;
 1538              		.loc 1 635 5 is_stmt 1 view .LVU443
 635:Core/Src/stm32f4xx_hal_msp.c ****     GPIO_InitStruct.Pull = GPIO_NOPULL;
 1539              		.loc 1 635 26 is_stmt 0 view .LVU444
 1540 0126 0223     		movs	r3, #2
 1541 0128 0E93     		str	r3, [sp, #56]
 636:Core/Src/stm32f4xx_hal_msp.c ****     GPIO_InitStruct.Speed = GPIO_SPEED_FREQ_VERY_HIGH;
 1542              		.loc 1 636 5 is_stmt 1 view .LVU445
 637:Core/Src/stm32f4xx_hal_msp.c ****     GPIO_InitStruct.Alternate = GPIO_AF7_USART1;
 1543              		.loc 1 637 5 view .LVU446
 637:Core/Src/stm32f4xx_hal_msp.c ****     GPIO_InitStruct.Alternate = GPIO_AF7_USART1;
 1544              		.loc 1 637 27 is_stmt 0 view .LVU447
 1545 012a 0323     		movs	r3, #3
 1546 012c 1093     		str	r3, [sp, #64]
 638:Core/Src/stm32f4xx_hal_msp.c ****     HAL_GPIO_Init(GPIOA, &GPIO_InitStruct);
 1547              		.loc 1 638 5 is_stmt 1 view .LVU448
 638:Core/Src/stm32f4xx_hal_msp.c ****     HAL_GPIO_Init(GPIOA, &GPIO_InitStruct);
 1548              		.loc 1 638 31 is_stmt 0 view .LVU449
 1549 012e 0723     		movs	r3, #7
 1550 0130 1193     		str	r3, [sp, #68]
 639:Core/Src/stm32f4xx_hal_msp.c **** 
 1551              		.loc 1 639 5 is_stmt 1 view .LVU450
ARM GAS  /tmp/ccvcNHR5.s 			page 46


 1552 0132 0DA9     		add	r1, sp, #52
 1553 0134 3D48     		ldr	r0, .L98+28
 1554              	.LVL61:
 639:Core/Src/stm32f4xx_hal_msp.c **** 
 1555              		.loc 1 639 5 is_stmt 0 view .LVU451
 1556 0136 FFF7FEFF 		bl	HAL_GPIO_Init
 1557              	.LVL62:
 1558 013a 7FE7     		b	.L84
 1559              	.LVL63:
 1560              	.L95:
 651:Core/Src/stm32f4xx_hal_msp.c **** 
 1561              		.loc 1 651 5 is_stmt 1 view .LVU452
 1562              	.LBB30:
 651:Core/Src/stm32f4xx_hal_msp.c **** 
 1563              		.loc 1 651 5 view .LVU453
 1564 013c 0021     		movs	r1, #0
 1565 013e 0791     		str	r1, [sp, #28]
 651:Core/Src/stm32f4xx_hal_msp.c **** 
 1566              		.loc 1 651 5 view .LVU454
 1567 0140 394B     		ldr	r3, .L98+24
 1568 0142 1A6C     		ldr	r2, [r3, #64]
 1569 0144 42F40032 		orr	r2, r2, #131072
 1570 0148 1A64     		str	r2, [r3, #64]
 651:Core/Src/stm32f4xx_hal_msp.c **** 
 1571              		.loc 1 651 5 view .LVU455
 1572 014a 1A6C     		ldr	r2, [r3, #64]
 1573 014c 02F40032 		and	r2, r2, #131072
 1574 0150 0792     		str	r2, [sp, #28]
 651:Core/Src/stm32f4xx_hal_msp.c **** 
 1575              		.loc 1 651 5 view .LVU456
 1576 0152 079A     		ldr	r2, [sp, #28]
 1577              	.LBE30:
 651:Core/Src/stm32f4xx_hal_msp.c **** 
 1578              		.loc 1 651 5 view .LVU457
 653:Core/Src/stm32f4xx_hal_msp.c ****     /**USART2 GPIO Configuration
 1579              		.loc 1 653 5 view .LVU458
 1580              	.LBB31:
 653:Core/Src/stm32f4xx_hal_msp.c ****     /**USART2 GPIO Configuration
 1581              		.loc 1 653 5 view .LVU459
 1582 0154 0891     		str	r1, [sp, #32]
 653:Core/Src/stm32f4xx_hal_msp.c ****     /**USART2 GPIO Configuration
 1583              		.loc 1 653 5 view .LVU460
 1584 0156 1A6B     		ldr	r2, [r3, #48]
 1585 0158 42F00102 		orr	r2, r2, #1
 1586 015c 1A63     		str	r2, [r3, #48]
 653:Core/Src/stm32f4xx_hal_msp.c ****     /**USART2 GPIO Configuration
 1587              		.loc 1 653 5 view .LVU461
 1588 015e 1B6B     		ldr	r3, [r3, #48]
 1589 0160 03F00103 		and	r3, r3, #1
 1590 0164 0893     		str	r3, [sp, #32]
 653:Core/Src/stm32f4xx_hal_msp.c ****     /**USART2 GPIO Configuration
 1591              		.loc 1 653 5 view .LVU462
 1592 0166 089B     		ldr	r3, [sp, #32]
 1593              	.LBE31:
 653:Core/Src/stm32f4xx_hal_msp.c ****     /**USART2 GPIO Configuration
 1594              		.loc 1 653 5 view .LVU463
 658:Core/Src/stm32f4xx_hal_msp.c ****     GPIO_InitStruct.Mode = GPIO_MODE_AF_PP;
ARM GAS  /tmp/ccvcNHR5.s 			page 47


 1595              		.loc 1 658 5 view .LVU464
 658:Core/Src/stm32f4xx_hal_msp.c ****     GPIO_InitStruct.Mode = GPIO_MODE_AF_PP;
 1596              		.loc 1 658 25 is_stmt 0 view .LVU465
 1597 0168 0C23     		movs	r3, #12
 1598 016a 0D93     		str	r3, [sp, #52]
 659:Core/Src/stm32f4xx_hal_msp.c ****     GPIO_InitStruct.Pull = GPIO_NOPULL;
 1599              		.loc 1 659 5 is_stmt 1 view .LVU466
 659:Core/Src/stm32f4xx_hal_msp.c ****     GPIO_InitStruct.Pull = GPIO_NOPULL;
 1600              		.loc 1 659 26 is_stmt 0 view .LVU467
 1601 016c 0223     		movs	r3, #2
 1602 016e 0E93     		str	r3, [sp, #56]
 660:Core/Src/stm32f4xx_hal_msp.c ****     GPIO_InitStruct.Speed = GPIO_SPEED_FREQ_VERY_HIGH;
 1603              		.loc 1 660 5 is_stmt 1 view .LVU468
 661:Core/Src/stm32f4xx_hal_msp.c ****     GPIO_InitStruct.Alternate = GPIO_AF7_USART2;
 1604              		.loc 1 661 5 view .LVU469
 661:Core/Src/stm32f4xx_hal_msp.c ****     GPIO_InitStruct.Alternate = GPIO_AF7_USART2;
 1605              		.loc 1 661 27 is_stmt 0 view .LVU470
 1606 0170 0323     		movs	r3, #3
 1607 0172 1093     		str	r3, [sp, #64]
 662:Core/Src/stm32f4xx_hal_msp.c ****     HAL_GPIO_Init(GPIOA, &GPIO_InitStruct);
 1608              		.loc 1 662 5 is_stmt 1 view .LVU471
 662:Core/Src/stm32f4xx_hal_msp.c ****     HAL_GPIO_Init(GPIOA, &GPIO_InitStruct);
 1609              		.loc 1 662 31 is_stmt 0 view .LVU472
 1610 0174 0723     		movs	r3, #7
 1611 0176 1193     		str	r3, [sp, #68]
 663:Core/Src/stm32f4xx_hal_msp.c **** 
 1612              		.loc 1 663 5 is_stmt 1 view .LVU473
 1613 0178 0DA9     		add	r1, sp, #52
 1614 017a 2C48     		ldr	r0, .L98+28
 1615              	.LVL64:
 663:Core/Src/stm32f4xx_hal_msp.c **** 
 1616              		.loc 1 663 5 is_stmt 0 view .LVU474
 1617 017c FFF7FEFF 		bl	HAL_GPIO_Init
 1618              	.LVL65:
 1619 0180 5CE7     		b	.L84
 1620              	.LVL66:
 1621              	.L96:
 675:Core/Src/stm32f4xx_hal_msp.c **** 
 1622              		.loc 1 675 5 is_stmt 1 view .LVU475
 1623              	.LBB32:
 675:Core/Src/stm32f4xx_hal_msp.c **** 
 1624              		.loc 1 675 5 view .LVU476
 1625 0182 0021     		movs	r1, #0
 1626 0184 0991     		str	r1, [sp, #36]
 675:Core/Src/stm32f4xx_hal_msp.c **** 
 1627              		.loc 1 675 5 view .LVU477
 1628 0186 284B     		ldr	r3, .L98+24
 1629 0188 1A6C     		ldr	r2, [r3, #64]
 1630 018a 42F48022 		orr	r2, r2, #262144
 1631 018e 1A64     		str	r2, [r3, #64]
 675:Core/Src/stm32f4xx_hal_msp.c **** 
 1632              		.loc 1 675 5 view .LVU478
 1633 0190 1A6C     		ldr	r2, [r3, #64]
 1634 0192 02F48022 		and	r2, r2, #262144
 1635 0196 0992     		str	r2, [sp, #36]
 675:Core/Src/stm32f4xx_hal_msp.c **** 
 1636              		.loc 1 675 5 view .LVU479
ARM GAS  /tmp/ccvcNHR5.s 			page 48


 1637 0198 099A     		ldr	r2, [sp, #36]
 1638              	.LBE32:
 675:Core/Src/stm32f4xx_hal_msp.c **** 
 1639              		.loc 1 675 5 view .LVU480
 677:Core/Src/stm32f4xx_hal_msp.c ****     /**USART3 GPIO Configuration
 1640              		.loc 1 677 5 view .LVU481
 1641              	.LBB33:
 677:Core/Src/stm32f4xx_hal_msp.c ****     /**USART3 GPIO Configuration
 1642              		.loc 1 677 5 view .LVU482
 1643 019a 0A91     		str	r1, [sp, #40]
 677:Core/Src/stm32f4xx_hal_msp.c ****     /**USART3 GPIO Configuration
 1644              		.loc 1 677 5 view .LVU483
 1645 019c 1A6B     		ldr	r2, [r3, #48]
 1646 019e 42F00402 		orr	r2, r2, #4
 1647 01a2 1A63     		str	r2, [r3, #48]
 677:Core/Src/stm32f4xx_hal_msp.c ****     /**USART3 GPIO Configuration
 1648              		.loc 1 677 5 view .LVU484
 1649 01a4 1B6B     		ldr	r3, [r3, #48]
 1650 01a6 03F00403 		and	r3, r3, #4
 1651 01aa 0A93     		str	r3, [sp, #40]
 677:Core/Src/stm32f4xx_hal_msp.c ****     /**USART3 GPIO Configuration
 1652              		.loc 1 677 5 view .LVU485
 1653 01ac 0A9B     		ldr	r3, [sp, #40]
 1654              	.LBE33:
 677:Core/Src/stm32f4xx_hal_msp.c ****     /**USART3 GPIO Configuration
 1655              		.loc 1 677 5 view .LVU486
 682:Core/Src/stm32f4xx_hal_msp.c ****     GPIO_InitStruct.Mode = GPIO_MODE_AF_PP;
 1656              		.loc 1 682 5 view .LVU487
 682:Core/Src/stm32f4xx_hal_msp.c ****     GPIO_InitStruct.Mode = GPIO_MODE_AF_PP;
 1657              		.loc 1 682 25 is_stmt 0 view .LVU488
 1658 01ae 4FF44063 		mov	r3, #3072
 1659 01b2 0D93     		str	r3, [sp, #52]
 683:Core/Src/stm32f4xx_hal_msp.c ****     GPIO_InitStruct.Pull = GPIO_NOPULL;
 1660              		.loc 1 683 5 is_stmt 1 view .LVU489
 683:Core/Src/stm32f4xx_hal_msp.c ****     GPIO_InitStruct.Pull = GPIO_NOPULL;
 1661              		.loc 1 683 26 is_stmt 0 view .LVU490
 1662 01b4 0223     		movs	r3, #2
 1663 01b6 0E93     		str	r3, [sp, #56]
 684:Core/Src/stm32f4xx_hal_msp.c ****     GPIO_InitStruct.Speed = GPIO_SPEED_FREQ_VERY_HIGH;
 1664              		.loc 1 684 5 is_stmt 1 view .LVU491
 685:Core/Src/stm32f4xx_hal_msp.c ****     GPIO_InitStruct.Alternate = GPIO_AF7_USART3;
 1665              		.loc 1 685 5 view .LVU492
 685:Core/Src/stm32f4xx_hal_msp.c ****     GPIO_InitStruct.Alternate = GPIO_AF7_USART3;
 1666              		.loc 1 685 27 is_stmt 0 view .LVU493
 1667 01b8 0323     		movs	r3, #3
 1668 01ba 1093     		str	r3, [sp, #64]
 686:Core/Src/stm32f4xx_hal_msp.c ****     HAL_GPIO_Init(GPIOC, &GPIO_InitStruct);
 1669              		.loc 1 686 5 is_stmt 1 view .LVU494
 686:Core/Src/stm32f4xx_hal_msp.c ****     HAL_GPIO_Init(GPIOC, &GPIO_InitStruct);
 1670              		.loc 1 686 31 is_stmt 0 view .LVU495
 1671 01bc 0723     		movs	r3, #7
 1672 01be 1193     		str	r3, [sp, #68]
 687:Core/Src/stm32f4xx_hal_msp.c **** 
 1673              		.loc 1 687 5 is_stmt 1 view .LVU496
 1674 01c0 0DA9     		add	r1, sp, #52
 1675 01c2 1B48     		ldr	r0, .L98+32
 1676              	.LVL67:
ARM GAS  /tmp/ccvcNHR5.s 			page 49


 687:Core/Src/stm32f4xx_hal_msp.c **** 
 1677              		.loc 1 687 5 is_stmt 0 view .LVU497
 1678 01c4 FFF7FEFF 		bl	HAL_GPIO_Init
 1679              	.LVL68:
 1680 01c8 38E7     		b	.L84
 1681              	.LVL69:
 1682              	.L97:
 699:Core/Src/stm32f4xx_hal_msp.c **** 
 1683              		.loc 1 699 5 is_stmt 1 view .LVU498
 1684              	.LBB34:
 699:Core/Src/stm32f4xx_hal_msp.c **** 
 1685              		.loc 1 699 5 view .LVU499
 1686 01ca 0021     		movs	r1, #0
 1687 01cc 0B91     		str	r1, [sp, #44]
 699:Core/Src/stm32f4xx_hal_msp.c **** 
 1688              		.loc 1 699 5 view .LVU500
 1689 01ce 164B     		ldr	r3, .L98+24
 1690 01d0 5A6C     		ldr	r2, [r3, #68]
 1691 01d2 42F02002 		orr	r2, r2, #32
 1692 01d6 5A64     		str	r2, [r3, #68]
 699:Core/Src/stm32f4xx_hal_msp.c **** 
 1693              		.loc 1 699 5 view .LVU501
 1694 01d8 5A6C     		ldr	r2, [r3, #68]
 1695 01da 02F02002 		and	r2, r2, #32
 1696 01de 0B92     		str	r2, [sp, #44]
 699:Core/Src/stm32f4xx_hal_msp.c **** 
 1697              		.loc 1 699 5 view .LVU502
 1698 01e0 0B9A     		ldr	r2, [sp, #44]
 1699              	.LBE34:
 699:Core/Src/stm32f4xx_hal_msp.c **** 
 1700              		.loc 1 699 5 view .LVU503
 701:Core/Src/stm32f4xx_hal_msp.c ****     /**USART6 GPIO Configuration
 1701              		.loc 1 701 5 view .LVU504
 1702              	.LBB35:
 701:Core/Src/stm32f4xx_hal_msp.c ****     /**USART6 GPIO Configuration
 1703              		.loc 1 701 5 view .LVU505
 1704 01e2 0C91     		str	r1, [sp, #48]
 701:Core/Src/stm32f4xx_hal_msp.c ****     /**USART6 GPIO Configuration
 1705              		.loc 1 701 5 view .LVU506
 1706 01e4 1A6B     		ldr	r2, [r3, #48]
 1707 01e6 42F00402 		orr	r2, r2, #4
 1708 01ea 1A63     		str	r2, [r3, #48]
 701:Core/Src/stm32f4xx_hal_msp.c ****     /**USART6 GPIO Configuration
 1709              		.loc 1 701 5 view .LVU507
 1710 01ec 1B6B     		ldr	r3, [r3, #48]
 1711 01ee 03F00403 		and	r3, r3, #4
 1712 01f2 0C93     		str	r3, [sp, #48]
 701:Core/Src/stm32f4xx_hal_msp.c ****     /**USART6 GPIO Configuration
 1713              		.loc 1 701 5 view .LVU508
 1714 01f4 0C9B     		ldr	r3, [sp, #48]
 1715              	.LBE35:
 701:Core/Src/stm32f4xx_hal_msp.c ****     /**USART6 GPIO Configuration
 1716              		.loc 1 701 5 view .LVU509
 706:Core/Src/stm32f4xx_hal_msp.c ****     GPIO_InitStruct.Mode = GPIO_MODE_AF_PP;
 1717              		.loc 1 706 5 view .LVU510
 706:Core/Src/stm32f4xx_hal_msp.c ****     GPIO_InitStruct.Mode = GPIO_MODE_AF_PP;
 1718              		.loc 1 706 25 is_stmt 0 view .LVU511
ARM GAS  /tmp/ccvcNHR5.s 			page 50


 1719 01f6 C023     		movs	r3, #192
 1720 01f8 0D93     		str	r3, [sp, #52]
 707:Core/Src/stm32f4xx_hal_msp.c ****     GPIO_InitStruct.Pull = GPIO_NOPULL;
 1721              		.loc 1 707 5 is_stmt 1 view .LVU512
 707:Core/Src/stm32f4xx_hal_msp.c ****     GPIO_InitStruct.Pull = GPIO_NOPULL;
 1722              		.loc 1 707 26 is_stmt 0 view .LVU513
 1723 01fa 0223     		movs	r3, #2
 1724 01fc 0E93     		str	r3, [sp, #56]
 708:Core/Src/stm32f4xx_hal_msp.c ****     GPIO_InitStruct.Speed = GPIO_SPEED_FREQ_VERY_HIGH;
 1725              		.loc 1 708 5 is_stmt 1 view .LVU514
 709:Core/Src/stm32f4xx_hal_msp.c ****     GPIO_InitStruct.Alternate = GPIO_AF8_USART6;
 1726              		.loc 1 709 5 view .LVU515
 709:Core/Src/stm32f4xx_hal_msp.c ****     GPIO_InitStruct.Alternate = GPIO_AF8_USART6;
 1727              		.loc 1 709 27 is_stmt 0 view .LVU516
 1728 01fe 0323     		movs	r3, #3
 1729 0200 1093     		str	r3, [sp, #64]
 710:Core/Src/stm32f4xx_hal_msp.c ****     HAL_GPIO_Init(GPIOC, &GPIO_InitStruct);
 1730              		.loc 1 710 5 is_stmt 1 view .LVU517
 710:Core/Src/stm32f4xx_hal_msp.c ****     HAL_GPIO_Init(GPIOC, &GPIO_InitStruct);
 1731              		.loc 1 710 31 is_stmt 0 view .LVU518
 1732 0202 0823     		movs	r3, #8
 1733 0204 1193     		str	r3, [sp, #68]
 711:Core/Src/stm32f4xx_hal_msp.c **** 
 1734              		.loc 1 711 5 is_stmt 1 view .LVU519
 1735 0206 0DA9     		add	r1, sp, #52
 1736 0208 0948     		ldr	r0, .L98+32
 1737              	.LVL70:
 711:Core/Src/stm32f4xx_hal_msp.c **** 
 1738              		.loc 1 711 5 is_stmt 0 view .LVU520
 1739 020a FFF7FEFF 		bl	HAL_GPIO_Init
 1740              	.LVL71:
 1741              		.loc 1 718 1 view .LVU521
 1742 020e 15E7     		b	.L84
 1743              	.L99:
 1744              		.align	2
 1745              	.L98:
 1746 0210 004C0040 		.word	1073761280
 1747 0214 00500040 		.word	1073762304
 1748 0218 00100140 		.word	1073811456
 1749 021c 00440040 		.word	1073759232
 1750 0220 00480040 		.word	1073760256
 1751 0224 00140140 		.word	1073812480
 1752 0228 00380240 		.word	1073887232
 1753 022c 00000240 		.word	1073872896
 1754 0230 00080240 		.word	1073874944
 1755 0234 000C0240 		.word	1073875968
 1756              		.cfi_endproc
 1757              	.LFE249:
 1759              		.section	.text.HAL_UART_MspDeInit,"ax",%progbits
 1760              		.align	1
 1761              		.global	HAL_UART_MspDeInit
 1762              		.syntax unified
 1763              		.thumb
 1764              		.thumb_func
 1766              	HAL_UART_MspDeInit:
 1767              	.LVL72:
 1768              	.LFB250:
ARM GAS  /tmp/ccvcNHR5.s 			page 51


 719:Core/Src/stm32f4xx_hal_msp.c **** 
 720:Core/Src/stm32f4xx_hal_msp.c **** /**
 721:Core/Src/stm32f4xx_hal_msp.c **** * @brief UART MSP De-Initialization
 722:Core/Src/stm32f4xx_hal_msp.c **** * This function freeze the hardware resources used in this example
 723:Core/Src/stm32f4xx_hal_msp.c **** * @param huart: UART handle pointer
 724:Core/Src/stm32f4xx_hal_msp.c **** * @retval None
 725:Core/Src/stm32f4xx_hal_msp.c **** */
 726:Core/Src/stm32f4xx_hal_msp.c **** void HAL_UART_MspDeInit(UART_HandleTypeDef* huart)
 727:Core/Src/stm32f4xx_hal_msp.c **** {
 1769              		.loc 1 727 1 is_stmt 1 view -0
 1770              		.cfi_startproc
 1771              		@ args = 0, pretend = 0, frame = 0
 1772              		@ frame_needed = 0, uses_anonymous_args = 0
 1773              		.loc 1 727 1 is_stmt 0 view .LVU523
 1774 0000 08B5     		push	{r3, lr}
 1775              	.LCFI28:
 1776              		.cfi_def_cfa_offset 8
 1777              		.cfi_offset 3, -8
 1778              		.cfi_offset 14, -4
 728:Core/Src/stm32f4xx_hal_msp.c ****   if(huart->Instance==UART4)
 1779              		.loc 1 728 3 is_stmt 1 view .LVU524
 1780              		.loc 1 728 11 is_stmt 0 view .LVU525
 1781 0002 0368     		ldr	r3, [r0]
 1782              		.loc 1 728 5 view .LVU526
 1783 0004 2D4A     		ldr	r2, .L114
 1784 0006 9342     		cmp	r3, r2
 1785 0008 0FD0     		beq	.L108
 729:Core/Src/stm32f4xx_hal_msp.c ****   {
 730:Core/Src/stm32f4xx_hal_msp.c ****   /* USER CODE BEGIN UART4_MspDeInit 0 */
 731:Core/Src/stm32f4xx_hal_msp.c **** 
 732:Core/Src/stm32f4xx_hal_msp.c ****   /* USER CODE END UART4_MspDeInit 0 */
 733:Core/Src/stm32f4xx_hal_msp.c ****     /* Peripheral clock disable */
 734:Core/Src/stm32f4xx_hal_msp.c ****     __HAL_RCC_UART4_CLK_DISABLE();
 735:Core/Src/stm32f4xx_hal_msp.c **** 
 736:Core/Src/stm32f4xx_hal_msp.c ****     /**UART4 GPIO Configuration
 737:Core/Src/stm32f4xx_hal_msp.c ****     PA0-WKUP     ------> UART4_TX
 738:Core/Src/stm32f4xx_hal_msp.c ****     PA1     ------> UART4_RX
 739:Core/Src/stm32f4xx_hal_msp.c ****     */
 740:Core/Src/stm32f4xx_hal_msp.c ****     HAL_GPIO_DeInit(GPIOA, GPIO_PIN_0|GPIO_PIN_1);
 741:Core/Src/stm32f4xx_hal_msp.c **** 
 742:Core/Src/stm32f4xx_hal_msp.c ****   /* USER CODE BEGIN UART4_MspDeInit 1 */
 743:Core/Src/stm32f4xx_hal_msp.c **** 
 744:Core/Src/stm32f4xx_hal_msp.c ****   /* USER CODE END UART4_MspDeInit 1 */
 745:Core/Src/stm32f4xx_hal_msp.c ****   }
 746:Core/Src/stm32f4xx_hal_msp.c ****   else if(huart->Instance==UART5)
 1786              		.loc 1 746 8 is_stmt 1 view .LVU527
 1787              		.loc 1 746 10 is_stmt 0 view .LVU528
 1788 000a 2D4A     		ldr	r2, .L114+4
 1789 000c 9342     		cmp	r3, r2
 1790 000e 17D0     		beq	.L109
 747:Core/Src/stm32f4xx_hal_msp.c ****   {
 748:Core/Src/stm32f4xx_hal_msp.c ****   /* USER CODE BEGIN UART5_MspDeInit 0 */
 749:Core/Src/stm32f4xx_hal_msp.c **** 
 750:Core/Src/stm32f4xx_hal_msp.c ****   /* USER CODE END UART5_MspDeInit 0 */
 751:Core/Src/stm32f4xx_hal_msp.c ****     /* Peripheral clock disable */
 752:Core/Src/stm32f4xx_hal_msp.c ****     __HAL_RCC_UART5_CLK_DISABLE();
 753:Core/Src/stm32f4xx_hal_msp.c **** 
ARM GAS  /tmp/ccvcNHR5.s 			page 52


 754:Core/Src/stm32f4xx_hal_msp.c ****     /**UART5 GPIO Configuration
 755:Core/Src/stm32f4xx_hal_msp.c ****     PC12     ------> UART5_TX
 756:Core/Src/stm32f4xx_hal_msp.c ****     PD2     ------> UART5_RX
 757:Core/Src/stm32f4xx_hal_msp.c ****     */
 758:Core/Src/stm32f4xx_hal_msp.c ****     HAL_GPIO_DeInit(GPIOC, GPIO_PIN_12);
 759:Core/Src/stm32f4xx_hal_msp.c **** 
 760:Core/Src/stm32f4xx_hal_msp.c ****     HAL_GPIO_DeInit(GPIOD, GPIO_PIN_2);
 761:Core/Src/stm32f4xx_hal_msp.c **** 
 762:Core/Src/stm32f4xx_hal_msp.c ****   /* USER CODE BEGIN UART5_MspDeInit 1 */
 763:Core/Src/stm32f4xx_hal_msp.c **** 
 764:Core/Src/stm32f4xx_hal_msp.c ****   /* USER CODE END UART5_MspDeInit 1 */
 765:Core/Src/stm32f4xx_hal_msp.c ****   }
 766:Core/Src/stm32f4xx_hal_msp.c ****   else if(huart->Instance==USART1)
 1791              		.loc 1 766 8 is_stmt 1 view .LVU529
 1792              		.loc 1 766 10 is_stmt 0 view .LVU530
 1793 0010 2C4A     		ldr	r2, .L114+8
 1794 0012 9342     		cmp	r3, r2
 1795 0014 24D0     		beq	.L110
 767:Core/Src/stm32f4xx_hal_msp.c ****   {
 768:Core/Src/stm32f4xx_hal_msp.c ****   /* USER CODE BEGIN USART1_MspDeInit 0 */
 769:Core/Src/stm32f4xx_hal_msp.c **** 
 770:Core/Src/stm32f4xx_hal_msp.c ****   /* USER CODE END USART1_MspDeInit 0 */
 771:Core/Src/stm32f4xx_hal_msp.c ****     /* Peripheral clock disable */
 772:Core/Src/stm32f4xx_hal_msp.c ****     __HAL_RCC_USART1_CLK_DISABLE();
 773:Core/Src/stm32f4xx_hal_msp.c **** 
 774:Core/Src/stm32f4xx_hal_msp.c ****     /**USART1 GPIO Configuration
 775:Core/Src/stm32f4xx_hal_msp.c ****     PA9     ------> USART1_TX
 776:Core/Src/stm32f4xx_hal_msp.c ****     PA10     ------> USART1_RX
 777:Core/Src/stm32f4xx_hal_msp.c ****     */
 778:Core/Src/stm32f4xx_hal_msp.c ****     HAL_GPIO_DeInit(GPIOA, GPIO_PIN_9|GPIO_PIN_10);
 779:Core/Src/stm32f4xx_hal_msp.c **** 
 780:Core/Src/stm32f4xx_hal_msp.c ****   /* USER CODE BEGIN USART1_MspDeInit 1 */
 781:Core/Src/stm32f4xx_hal_msp.c **** 
 782:Core/Src/stm32f4xx_hal_msp.c ****   /* USER CODE END USART1_MspDeInit 1 */
 783:Core/Src/stm32f4xx_hal_msp.c ****   }
 784:Core/Src/stm32f4xx_hal_msp.c ****   else if(huart->Instance==USART2)
 1796              		.loc 1 784 8 is_stmt 1 view .LVU531
 1797              		.loc 1 784 10 is_stmt 0 view .LVU532
 1798 0016 2C4A     		ldr	r2, .L114+12
 1799 0018 9342     		cmp	r3, r2
 1800 001a 2DD0     		beq	.L111
 785:Core/Src/stm32f4xx_hal_msp.c ****   {
 786:Core/Src/stm32f4xx_hal_msp.c ****   /* USER CODE BEGIN USART2_MspDeInit 0 */
 787:Core/Src/stm32f4xx_hal_msp.c **** 
 788:Core/Src/stm32f4xx_hal_msp.c ****   /* USER CODE END USART2_MspDeInit 0 */
 789:Core/Src/stm32f4xx_hal_msp.c ****     /* Peripheral clock disable */
 790:Core/Src/stm32f4xx_hal_msp.c ****     __HAL_RCC_USART2_CLK_DISABLE();
 791:Core/Src/stm32f4xx_hal_msp.c **** 
 792:Core/Src/stm32f4xx_hal_msp.c ****     /**USART2 GPIO Configuration
 793:Core/Src/stm32f4xx_hal_msp.c ****     PA2     ------> USART2_TX
 794:Core/Src/stm32f4xx_hal_msp.c ****     PA3     ------> USART2_RX
 795:Core/Src/stm32f4xx_hal_msp.c ****     */
 796:Core/Src/stm32f4xx_hal_msp.c ****     HAL_GPIO_DeInit(GPIOA, GPIO_PIN_2|GPIO_PIN_3);
 797:Core/Src/stm32f4xx_hal_msp.c **** 
 798:Core/Src/stm32f4xx_hal_msp.c ****   /* USER CODE BEGIN USART2_MspDeInit 1 */
 799:Core/Src/stm32f4xx_hal_msp.c **** 
 800:Core/Src/stm32f4xx_hal_msp.c ****   /* USER CODE END USART2_MspDeInit 1 */
ARM GAS  /tmp/ccvcNHR5.s 			page 53


 801:Core/Src/stm32f4xx_hal_msp.c ****   }
 802:Core/Src/stm32f4xx_hal_msp.c ****   else if(huart->Instance==USART3)
 1801              		.loc 1 802 8 is_stmt 1 view .LVU533
 1802              		.loc 1 802 10 is_stmt 0 view .LVU534
 1803 001c 2B4A     		ldr	r2, .L114+16
 1804 001e 9342     		cmp	r3, r2
 1805 0020 35D0     		beq	.L112
 803:Core/Src/stm32f4xx_hal_msp.c ****   {
 804:Core/Src/stm32f4xx_hal_msp.c ****   /* USER CODE BEGIN USART3_MspDeInit 0 */
 805:Core/Src/stm32f4xx_hal_msp.c **** 
 806:Core/Src/stm32f4xx_hal_msp.c ****   /* USER CODE END USART3_MspDeInit 0 */
 807:Core/Src/stm32f4xx_hal_msp.c ****     /* Peripheral clock disable */
 808:Core/Src/stm32f4xx_hal_msp.c ****     __HAL_RCC_USART3_CLK_DISABLE();
 809:Core/Src/stm32f4xx_hal_msp.c **** 
 810:Core/Src/stm32f4xx_hal_msp.c ****     /**USART3 GPIO Configuration
 811:Core/Src/stm32f4xx_hal_msp.c ****     PC10     ------> USART3_TX
 812:Core/Src/stm32f4xx_hal_msp.c ****     PC11     ------> USART3_RX
 813:Core/Src/stm32f4xx_hal_msp.c ****     */
 814:Core/Src/stm32f4xx_hal_msp.c ****     HAL_GPIO_DeInit(GPIOC, GPIO_PIN_10|GPIO_PIN_11);
 815:Core/Src/stm32f4xx_hal_msp.c **** 
 816:Core/Src/stm32f4xx_hal_msp.c ****   /* USER CODE BEGIN USART3_MspDeInit 1 */
 817:Core/Src/stm32f4xx_hal_msp.c **** 
 818:Core/Src/stm32f4xx_hal_msp.c ****   /* USER CODE END USART3_MspDeInit 1 */
 819:Core/Src/stm32f4xx_hal_msp.c ****   }
 820:Core/Src/stm32f4xx_hal_msp.c ****   else if(huart->Instance==USART6)
 1806              		.loc 1 820 8 is_stmt 1 view .LVU535
 1807              		.loc 1 820 10 is_stmt 0 view .LVU536
 1808 0022 2B4A     		ldr	r2, .L114+20
 1809 0024 9342     		cmp	r3, r2
 1810 0026 3ED0     		beq	.L113
 1811              	.LVL73:
 1812              	.L100:
 821:Core/Src/stm32f4xx_hal_msp.c ****   {
 822:Core/Src/stm32f4xx_hal_msp.c ****   /* USER CODE BEGIN USART6_MspDeInit 0 */
 823:Core/Src/stm32f4xx_hal_msp.c **** 
 824:Core/Src/stm32f4xx_hal_msp.c ****   /* USER CODE END USART6_MspDeInit 0 */
 825:Core/Src/stm32f4xx_hal_msp.c ****     /* Peripheral clock disable */
 826:Core/Src/stm32f4xx_hal_msp.c ****     __HAL_RCC_USART6_CLK_DISABLE();
 827:Core/Src/stm32f4xx_hal_msp.c **** 
 828:Core/Src/stm32f4xx_hal_msp.c ****     /**USART6 GPIO Configuration
 829:Core/Src/stm32f4xx_hal_msp.c ****     PC6     ------> USART6_TX
 830:Core/Src/stm32f4xx_hal_msp.c ****     PC7     ------> USART6_RX
 831:Core/Src/stm32f4xx_hal_msp.c ****     */
 832:Core/Src/stm32f4xx_hal_msp.c ****     HAL_GPIO_DeInit(GPIOC, GPIO_PIN_6|GPIO_PIN_7);
 833:Core/Src/stm32f4xx_hal_msp.c **** 
 834:Core/Src/stm32f4xx_hal_msp.c ****   /* USER CODE BEGIN USART6_MspDeInit 1 */
 835:Core/Src/stm32f4xx_hal_msp.c **** 
 836:Core/Src/stm32f4xx_hal_msp.c ****   /* USER CODE END USART6_MspDeInit 1 */
 837:Core/Src/stm32f4xx_hal_msp.c ****   }
 838:Core/Src/stm32f4xx_hal_msp.c **** 
 839:Core/Src/stm32f4xx_hal_msp.c **** }
 1813              		.loc 1 839 1 view .LVU537
 1814 0028 08BD     		pop	{r3, pc}
 1815              	.LVL74:
 1816              	.L108:
 734:Core/Src/stm32f4xx_hal_msp.c **** 
 1817              		.loc 1 734 5 is_stmt 1 view .LVU538
ARM GAS  /tmp/ccvcNHR5.s 			page 54


 1818 002a 02F5F632 		add	r2, r2, #125952
 1819 002e 136C     		ldr	r3, [r2, #64]
 1820 0030 23F40023 		bic	r3, r3, #524288
 1821 0034 1364     		str	r3, [r2, #64]
 740:Core/Src/stm32f4xx_hal_msp.c **** 
 1822              		.loc 1 740 5 view .LVU539
 1823 0036 0321     		movs	r1, #3
 1824 0038 2648     		ldr	r0, .L114+24
 1825              	.LVL75:
 740:Core/Src/stm32f4xx_hal_msp.c **** 
 1826              		.loc 1 740 5 is_stmt 0 view .LVU540
 1827 003a FFF7FEFF 		bl	HAL_GPIO_DeInit
 1828              	.LVL76:
 1829 003e F3E7     		b	.L100
 1830              	.LVL77:
 1831              	.L109:
 752:Core/Src/stm32f4xx_hal_msp.c **** 
 1832              		.loc 1 752 5 is_stmt 1 view .LVU541
 1833 0040 02F5F432 		add	r2, r2, #124928
 1834 0044 136C     		ldr	r3, [r2, #64]
 1835 0046 23F48013 		bic	r3, r3, #1048576
 1836 004a 1364     		str	r3, [r2, #64]
 758:Core/Src/stm32f4xx_hal_msp.c **** 
 1837              		.loc 1 758 5 view .LVU542
 1838 004c 4FF48051 		mov	r1, #4096
 1839 0050 2148     		ldr	r0, .L114+28
 1840              	.LVL78:
 758:Core/Src/stm32f4xx_hal_msp.c **** 
 1841              		.loc 1 758 5 is_stmt 0 view .LVU543
 1842 0052 FFF7FEFF 		bl	HAL_GPIO_DeInit
 1843              	.LVL79:
 760:Core/Src/stm32f4xx_hal_msp.c **** 
 1844              		.loc 1 760 5 is_stmt 1 view .LVU544
 1845 0056 0421     		movs	r1, #4
 1846 0058 2048     		ldr	r0, .L114+32
 1847 005a FFF7FEFF 		bl	HAL_GPIO_DeInit
 1848              	.LVL80:
 1849 005e E3E7     		b	.L100
 1850              	.LVL81:
 1851              	.L110:
 772:Core/Src/stm32f4xx_hal_msp.c **** 
 1852              		.loc 1 772 5 view .LVU545
 1853 0060 02F59432 		add	r2, r2, #75776
 1854 0064 536C     		ldr	r3, [r2, #68]
 1855 0066 23F01003 		bic	r3, r3, #16
 1856 006a 5364     		str	r3, [r2, #68]
 778:Core/Src/stm32f4xx_hal_msp.c **** 
 1857              		.loc 1 778 5 view .LVU546
 1858 006c 4FF4C061 		mov	r1, #1536
 1859 0070 1848     		ldr	r0, .L114+24
 1860              	.LVL82:
 778:Core/Src/stm32f4xx_hal_msp.c **** 
 1861              		.loc 1 778 5 is_stmt 0 view .LVU547
 1862 0072 FFF7FEFF 		bl	HAL_GPIO_DeInit
 1863              	.LVL83:
 1864 0076 D7E7     		b	.L100
 1865              	.LVL84:
ARM GAS  /tmp/ccvcNHR5.s 			page 55


 1866              	.L111:
 790:Core/Src/stm32f4xx_hal_msp.c **** 
 1867              		.loc 1 790 5 is_stmt 1 view .LVU548
 1868 0078 02F5FA32 		add	r2, r2, #128000
 1869 007c 136C     		ldr	r3, [r2, #64]
 1870 007e 23F40033 		bic	r3, r3, #131072
 1871 0082 1364     		str	r3, [r2, #64]
 796:Core/Src/stm32f4xx_hal_msp.c **** 
 1872              		.loc 1 796 5 view .LVU549
 1873 0084 0C21     		movs	r1, #12
 1874 0086 1348     		ldr	r0, .L114+24
 1875              	.LVL85:
 796:Core/Src/stm32f4xx_hal_msp.c **** 
 1876              		.loc 1 796 5 is_stmt 0 view .LVU550
 1877 0088 FFF7FEFF 		bl	HAL_GPIO_DeInit
 1878              	.LVL86:
 1879 008c CCE7     		b	.L100
 1880              	.LVL87:
 1881              	.L112:
 808:Core/Src/stm32f4xx_hal_msp.c **** 
 1882              		.loc 1 808 5 is_stmt 1 view .LVU551
 1883 008e 02F5F832 		add	r2, r2, #126976
 1884 0092 136C     		ldr	r3, [r2, #64]
 1885 0094 23F48023 		bic	r3, r3, #262144
 1886 0098 1364     		str	r3, [r2, #64]
 814:Core/Src/stm32f4xx_hal_msp.c **** 
 1887              		.loc 1 814 5 view .LVU552
 1888 009a 4FF44061 		mov	r1, #3072
 1889 009e 0E48     		ldr	r0, .L114+28
 1890              	.LVL88:
 814:Core/Src/stm32f4xx_hal_msp.c **** 
 1891              		.loc 1 814 5 is_stmt 0 view .LVU553
 1892 00a0 FFF7FEFF 		bl	HAL_GPIO_DeInit
 1893              	.LVL89:
 1894 00a4 C0E7     		b	.L100
 1895              	.LVL90:
 1896              	.L113:
 826:Core/Src/stm32f4xx_hal_msp.c **** 
 1897              		.loc 1 826 5 is_stmt 1 view .LVU554
 1898 00a6 02F59232 		add	r2, r2, #74752
 1899 00aa 536C     		ldr	r3, [r2, #68]
 1900 00ac 23F02003 		bic	r3, r3, #32
 1901 00b0 5364     		str	r3, [r2, #68]
 832:Core/Src/stm32f4xx_hal_msp.c **** 
 1902              		.loc 1 832 5 view .LVU555
 1903 00b2 C021     		movs	r1, #192
 1904 00b4 0848     		ldr	r0, .L114+28
 1905              	.LVL91:
 832:Core/Src/stm32f4xx_hal_msp.c **** 
 1906              		.loc 1 832 5 is_stmt 0 view .LVU556
 1907 00b6 FFF7FEFF 		bl	HAL_GPIO_DeInit
 1908              	.LVL92:
 1909              		.loc 1 839 1 view .LVU557
 1910 00ba B5E7     		b	.L100
 1911              	.L115:
 1912              		.align	2
 1913              	.L114:
ARM GAS  /tmp/ccvcNHR5.s 			page 56


 1914 00bc 004C0040 		.word	1073761280
 1915 00c0 00500040 		.word	1073762304
 1916 00c4 00100140 		.word	1073811456
 1917 00c8 00440040 		.word	1073759232
 1918 00cc 00480040 		.word	1073760256
 1919 00d0 00140140 		.word	1073812480
 1920 00d4 00000240 		.word	1073872896
 1921 00d8 00080240 		.word	1073874944
 1922 00dc 000C0240 		.word	1073875968
 1923              		.cfi_endproc
 1924              	.LFE250:
 1926              		.text
 1927              	.Letext0:
 1928              		.file 2 "/opt/st/stm32cubeclt_1.17.0/GNU-tools-for-STM32/arm-none-eabi/include/machine/_default_ty
 1929              		.file 3 "/opt/st/stm32cubeclt_1.17.0/GNU-tools-for-STM32/arm-none-eabi/include/sys/_stdint.h"
 1930              		.file 4 "Drivers/CMSIS/Device/ST/STM32F4xx/Include/stm32f405xx.h"
 1931              		.file 5 "Drivers/CMSIS/Device/ST/STM32F4xx/Include/stm32f4xx.h"
 1932              		.file 6 "Drivers/STM32F4xx_HAL_Driver/Inc/stm32f4xx_hal_def.h"
 1933              		.file 7 "Drivers/STM32F4xx_HAL_Driver/Inc/stm32f4xx_hal_gpio.h"
 1934              		.file 8 "Drivers/STM32F4xx_HAL_Driver/Inc/stm32f4xx_hal_dma.h"
 1935              		.file 9 "Drivers/STM32F4xx_HAL_Driver/Inc/stm32f4xx_hal_adc.h"
 1936              		.file 10 "Drivers/STM32F4xx_HAL_Driver/Inc/stm32f4xx_hal_i2c.h"
 1937              		.file 11 "Drivers/STM32F4xx_HAL_Driver/Inc/stm32f4xx_hal_spi.h"
 1938              		.file 12 "Drivers/STM32F4xx_HAL_Driver/Inc/stm32f4xx_hal_tim.h"
 1939              		.file 13 "Drivers/STM32F4xx_HAL_Driver/Inc/stm32f4xx_hal_uart.h"
ARM GAS  /tmp/ccvcNHR5.s 			page 57


DEFINED SYMBOLS
                            *ABS*:00000000 stm32f4xx_hal_msp.c
     /tmp/ccvcNHR5.s:21     .text.HAL_MspInit:00000000 $t
     /tmp/ccvcNHR5.s:27     .text.HAL_MspInit:00000000 HAL_MspInit
     /tmp/ccvcNHR5.s:80     .text.HAL_MspInit:00000034 $d
     /tmp/ccvcNHR5.s:85     .text.HAL_ADC_MspInit:00000000 $t
     /tmp/ccvcNHR5.s:91     .text.HAL_ADC_MspInit:00000000 HAL_ADC_MspInit
     /tmp/ccvcNHR5.s:190    .text.HAL_ADC_MspInit:00000064 $d
     /tmp/ccvcNHR5.s:195    .text.HAL_ADC_MspDeInit:00000000 $t
     /tmp/ccvcNHR5.s:201    .text.HAL_ADC_MspDeInit:00000000 HAL_ADC_MspDeInit
     /tmp/ccvcNHR5.s:244    .text.HAL_ADC_MspDeInit:00000020 $d
     /tmp/ccvcNHR5.s:251    .text.HAL_I2C_MspInit:00000000 $t
     /tmp/ccvcNHR5.s:257    .text.HAL_I2C_MspInit:00000000 HAL_I2C_MspInit
     /tmp/ccvcNHR5.s:365    .text.HAL_I2C_MspInit:00000064 $d
     /tmp/ccvcNHR5.s:372    .text.HAL_I2C_MspDeInit:00000000 $t
     /tmp/ccvcNHR5.s:378    .text.HAL_I2C_MspDeInit:00000000 HAL_I2C_MspDeInit
     /tmp/ccvcNHR5.s:423    .text.HAL_I2C_MspDeInit:00000030 $d
     /tmp/ccvcNHR5.s:430    .text.HAL_SPI_MspInit:00000000 $t
     /tmp/ccvcNHR5.s:436    .text.HAL_SPI_MspInit:00000000 HAL_SPI_MspInit
     /tmp/ccvcNHR5.s:542    .text.HAL_SPI_MspInit:00000068 $d
     /tmp/ccvcNHR5.s:548    .text.HAL_SPI_MspDeInit:00000000 $t
     /tmp/ccvcNHR5.s:554    .text.HAL_SPI_MspDeInit:00000000 HAL_SPI_MspDeInit
     /tmp/ccvcNHR5.s:597    .text.HAL_SPI_MspDeInit:00000020 $d
     /tmp/ccvcNHR5.s:604    .text.HAL_TIM_Base_MspInit:00000000 $t
     /tmp/ccvcNHR5.s:610    .text.HAL_TIM_Base_MspInit:00000000 HAL_TIM_Base_MspInit
     /tmp/ccvcNHR5.s:760    .text.HAL_TIM_Base_MspInit:000000a8 $d
     /tmp/ccvcNHR5.s:769    .text.HAL_TIM_MspPostInit:00000000 $t
     /tmp/ccvcNHR5.s:775    .text.HAL_TIM_MspPostInit:00000000 HAL_TIM_MspPostInit
     /tmp/ccvcNHR5.s:1161   .text.HAL_TIM_MspPostInit:000001a0 $d
     /tmp/ccvcNHR5.s:1173   .text.HAL_TIM_Base_MspDeInit:00000000 $t
     /tmp/ccvcNHR5.s:1179   .text.HAL_TIM_Base_MspDeInit:00000000 HAL_TIM_Base_MspDeInit
     /tmp/ccvcNHR5.s:1255   .text.HAL_TIM_Base_MspDeInit:00000068 $d
     /tmp/ccvcNHR5.s:1264   .text.HAL_UART_MspInit:00000000 $t
     /tmp/ccvcNHR5.s:1270   .text.HAL_UART_MspInit:00000000 HAL_UART_MspInit
     /tmp/ccvcNHR5.s:1746   .text.HAL_UART_MspInit:00000210 $d
     /tmp/ccvcNHR5.s:1760   .text.HAL_UART_MspDeInit:00000000 $t
     /tmp/ccvcNHR5.s:1766   .text.HAL_UART_MspDeInit:00000000 HAL_UART_MspDeInit
     /tmp/ccvcNHR5.s:1914   .text.HAL_UART_MspDeInit:000000bc $d

UNDEFINED SYMBOLS
HAL_GPIO_Init
HAL_GPIO_DeInit
