ARM GAS  /tmp/ccTVPpyD.s 			page 1


   1              		.cpu cortex-m4
   2              		.arch armv7e-m
   3              		.fpu fpv4-sp-d16
   4              		.eabi_attribute 27, 1
   5              		.eabi_attribute 28, 1
   6              		.eabi_attribute 20, 1
   7              		.eabi_attribute 21, 1
   8              		.eabi_attribute 23, 3
   9              		.eabi_attribute 24, 1
  10              		.eabi_attribute 25, 1
  11              		.eabi_attribute 26, 1
  12              		.eabi_attribute 30, 1
  13              		.eabi_attribute 34, 1
  14              		.eabi_attribute 18, 4
  15              		.file	"tim.c"
  16              		.text
  17              	.Ltext0:
  18              		.cfi_sections	.debug_frame
  19              		.file 1 "Core/Src/tim.c"
  20              		.section	.text.HAL_TIM_Base_MspInit,"ax",%progbits
  21              		.align	1
  22              		.global	HAL_TIM_Base_MspInit
  23              		.syntax unified
  24              		.thumb
  25              		.thumb_func
  27              	HAL_TIM_Base_MspInit:
  28              	.LVL0:
  29              	.LFB243:
   1:Core/Src/tim.c **** /* USER CODE BEGIN Header */
   2:Core/Src/tim.c **** /**
   3:Core/Src/tim.c ****   ******************************************************************************
   4:Core/Src/tim.c ****   * @file    tim.c
   5:Core/Src/tim.c ****   * @brief   This file provides code for the configuration
   6:Core/Src/tim.c ****   *          of the TIM instances.
   7:Core/Src/tim.c ****   ******************************************************************************
   8:Core/Src/tim.c ****   * @attention
   9:Core/Src/tim.c ****   *
  10:Core/Src/tim.c ****   * Copyright (c) 2025 STMicroelectronics.
  11:Core/Src/tim.c ****   * All rights reserved.
  12:Core/Src/tim.c ****   *
  13:Core/Src/tim.c ****   * This software is licensed under terms that can be found in the LICENSE file
  14:Core/Src/tim.c ****   * in the root directory of this software component.
  15:Core/Src/tim.c ****   * If no LICENSE file comes with this software, it is provided AS-IS.
  16:Core/Src/tim.c ****   *
  17:Core/Src/tim.c ****   ******************************************************************************
  18:Core/Src/tim.c ****   */
  19:Core/Src/tim.c **** /* USER CODE END Header */
  20:Core/Src/tim.c **** /* Includes ------------------------------------------------------------------*/
  21:Core/Src/tim.c **** #include "tim.h"
  22:Core/Src/tim.c **** 
  23:Core/Src/tim.c **** /* USER CODE BEGIN 0 */
  24:Core/Src/tim.c **** 
  25:Core/Src/tim.c **** /* USER CODE END 0 */
  26:Core/Src/tim.c **** 
  27:Core/Src/tim.c **** TIM_HandleTypeDef htim1;
  28:Core/Src/tim.c **** TIM_HandleTypeDef htim3;
  29:Core/Src/tim.c **** TIM_HandleTypeDef htim4;
ARM GAS  /tmp/ccTVPpyD.s 			page 2


  30:Core/Src/tim.c **** TIM_HandleTypeDef htim8;
  31:Core/Src/tim.c **** 
  32:Core/Src/tim.c **** /* TIM1 init function */
  33:Core/Src/tim.c **** void MX_TIM1_Init(void)
  34:Core/Src/tim.c **** {
  35:Core/Src/tim.c **** 
  36:Core/Src/tim.c ****   /* USER CODE BEGIN TIM1_Init 0 */
  37:Core/Src/tim.c **** 
  38:Core/Src/tim.c ****   /* USER CODE END TIM1_Init 0 */
  39:Core/Src/tim.c **** 
  40:Core/Src/tim.c ****   TIM_ClockConfigTypeDef sClockSourceConfig = {0};
  41:Core/Src/tim.c ****   TIM_MasterConfigTypeDef sMasterConfig = {0};
  42:Core/Src/tim.c ****   TIM_OC_InitTypeDef sConfigOC = {0};
  43:Core/Src/tim.c ****   TIM_BreakDeadTimeConfigTypeDef sBreakDeadTimeConfig = {0};
  44:Core/Src/tim.c **** 
  45:Core/Src/tim.c ****   /* USER CODE BEGIN TIM1_Init 1 */
  46:Core/Src/tim.c **** 
  47:Core/Src/tim.c ****   /* USER CODE END TIM1_Init 1 */
  48:Core/Src/tim.c ****   htim1.Instance = TIM1;
  49:Core/Src/tim.c ****   htim1.Init.Prescaler = 0;
  50:Core/Src/tim.c ****   htim1.Init.CounterMode = TIM_COUNTERMODE_UP;
  51:Core/Src/tim.c ****   htim1.Init.Period = 65535;
  52:Core/Src/tim.c ****   htim1.Init.ClockDivision = TIM_CLOCKDIVISION_DIV1;
  53:Core/Src/tim.c ****   htim1.Init.RepetitionCounter = 0;
  54:Core/Src/tim.c ****   htim1.Init.AutoReloadPreload = TIM_AUTORELOAD_PRELOAD_DISABLE;
  55:Core/Src/tim.c ****   if (HAL_TIM_Base_Init(&htim1) != HAL_OK)
  56:Core/Src/tim.c ****   {
  57:Core/Src/tim.c ****     Error_Handler();
  58:Core/Src/tim.c ****   }
  59:Core/Src/tim.c ****   sClockSourceConfig.ClockSource = TIM_CLOCKSOURCE_INTERNAL;
  60:Core/Src/tim.c ****   if (HAL_TIM_ConfigClockSource(&htim1, &sClockSourceConfig) != HAL_OK)
  61:Core/Src/tim.c ****   {
  62:Core/Src/tim.c ****     Error_Handler();
  63:Core/Src/tim.c ****   }
  64:Core/Src/tim.c ****   if (HAL_TIM_PWM_Init(&htim1) != HAL_OK)
  65:Core/Src/tim.c ****   {
  66:Core/Src/tim.c ****     Error_Handler();
  67:Core/Src/tim.c ****   }
  68:Core/Src/tim.c ****   sMasterConfig.MasterOutputTrigger = TIM_TRGO_RESET;
  69:Core/Src/tim.c ****   sMasterConfig.MasterSlaveMode = TIM_MASTERSLAVEMODE_DISABLE;
  70:Core/Src/tim.c ****   if (HAL_TIMEx_MasterConfigSynchronization(&htim1, &sMasterConfig) != HAL_OK)
  71:Core/Src/tim.c ****   {
  72:Core/Src/tim.c ****     Error_Handler();
  73:Core/Src/tim.c ****   }
  74:Core/Src/tim.c ****   sConfigOC.OCMode = TIM_OCMODE_PWM1;
  75:Core/Src/tim.c ****   sConfigOC.Pulse = 0;
  76:Core/Src/tim.c ****   sConfigOC.OCPolarity = TIM_OCPOLARITY_HIGH;
  77:Core/Src/tim.c ****   sConfigOC.OCNPolarity = TIM_OCNPOLARITY_HIGH;
  78:Core/Src/tim.c ****   sConfigOC.OCFastMode = TIM_OCFAST_DISABLE;
  79:Core/Src/tim.c ****   sConfigOC.OCIdleState = TIM_OCIDLESTATE_RESET;
  80:Core/Src/tim.c ****   sConfigOC.OCNIdleState = TIM_OCNIDLESTATE_RESET;
  81:Core/Src/tim.c ****   if (HAL_TIM_PWM_ConfigChannel(&htim1, &sConfigOC, TIM_CHANNEL_1) != HAL_OK)
  82:Core/Src/tim.c ****   {
  83:Core/Src/tim.c ****     Error_Handler();
  84:Core/Src/tim.c ****   }
  85:Core/Src/tim.c ****   if (HAL_TIM_PWM_ConfigChannel(&htim1, &sConfigOC, TIM_CHANNEL_3) != HAL_OK)
  86:Core/Src/tim.c ****   {
ARM GAS  /tmp/ccTVPpyD.s 			page 3


  87:Core/Src/tim.c ****     Error_Handler();
  88:Core/Src/tim.c ****   }
  89:Core/Src/tim.c ****   sBreakDeadTimeConfig.OffStateRunMode = TIM_OSSR_DISABLE;
  90:Core/Src/tim.c ****   sBreakDeadTimeConfig.OffStateIDLEMode = TIM_OSSI_DISABLE;
  91:Core/Src/tim.c ****   sBreakDeadTimeConfig.LockLevel = TIM_LOCKLEVEL_OFF;
  92:Core/Src/tim.c ****   sBreakDeadTimeConfig.DeadTime = 0;
  93:Core/Src/tim.c ****   sBreakDeadTimeConfig.BreakState = TIM_BREAK_DISABLE;
  94:Core/Src/tim.c ****   sBreakDeadTimeConfig.BreakPolarity = TIM_BREAKPOLARITY_HIGH;
  95:Core/Src/tim.c ****   sBreakDeadTimeConfig.AutomaticOutput = TIM_AUTOMATICOUTPUT_DISABLE;
  96:Core/Src/tim.c ****   if (HAL_TIMEx_ConfigBreakDeadTime(&htim1, &sBreakDeadTimeConfig) != HAL_OK)
  97:Core/Src/tim.c ****   {
  98:Core/Src/tim.c ****     Error_Handler();
  99:Core/Src/tim.c ****   }
 100:Core/Src/tim.c ****   /* USER CODE BEGIN TIM1_Init 2 */
 101:Core/Src/tim.c **** 
 102:Core/Src/tim.c ****   /* USER CODE END TIM1_Init 2 */
 103:Core/Src/tim.c ****   HAL_TIM_MspPostInit(&htim1);
 104:Core/Src/tim.c **** 
 105:Core/Src/tim.c **** }
 106:Core/Src/tim.c **** /* TIM3 init function */
 107:Core/Src/tim.c **** void MX_TIM3_Init(void)
 108:Core/Src/tim.c **** {
 109:Core/Src/tim.c **** 
 110:Core/Src/tim.c ****   /* USER CODE BEGIN TIM3_Init 0 */
 111:Core/Src/tim.c **** 
 112:Core/Src/tim.c ****   /* USER CODE END TIM3_Init 0 */
 113:Core/Src/tim.c **** 
 114:Core/Src/tim.c ****   TIM_ClockConfigTypeDef sClockSourceConfig = {0};
 115:Core/Src/tim.c ****   TIM_MasterConfigTypeDef sMasterConfig = {0};
 116:Core/Src/tim.c ****   TIM_OC_InitTypeDef sConfigOC = {0};
 117:Core/Src/tim.c **** 
 118:Core/Src/tim.c ****   /* USER CODE BEGIN TIM3_Init 1 */
 119:Core/Src/tim.c **** 
 120:Core/Src/tim.c ****   /* USER CODE END TIM3_Init 1 */
 121:Core/Src/tim.c ****   htim3.Instance = TIM3;
 122:Core/Src/tim.c ****   htim3.Init.Prescaler = 0;
 123:Core/Src/tim.c ****   htim3.Init.CounterMode = TIM_COUNTERMODE_UP;
 124:Core/Src/tim.c ****   htim3.Init.Period = 65535;
 125:Core/Src/tim.c ****   htim3.Init.ClockDivision = TIM_CLOCKDIVISION_DIV1;
 126:Core/Src/tim.c ****   htim3.Init.AutoReloadPreload = TIM_AUTORELOAD_PRELOAD_DISABLE;
 127:Core/Src/tim.c ****   if (HAL_TIM_Base_Init(&htim3) != HAL_OK)
 128:Core/Src/tim.c ****   {
 129:Core/Src/tim.c ****     Error_Handler();
 130:Core/Src/tim.c ****   }
 131:Core/Src/tim.c ****   sClockSourceConfig.ClockSource = TIM_CLOCKSOURCE_INTERNAL;
 132:Core/Src/tim.c ****   if (HAL_TIM_ConfigClockSource(&htim3, &sClockSourceConfig) != HAL_OK)
 133:Core/Src/tim.c ****   {
 134:Core/Src/tim.c ****     Error_Handler();
 135:Core/Src/tim.c ****   }
 136:Core/Src/tim.c ****   if (HAL_TIM_PWM_Init(&htim3) != HAL_OK)
 137:Core/Src/tim.c ****   {
 138:Core/Src/tim.c ****     Error_Handler();
 139:Core/Src/tim.c ****   }
 140:Core/Src/tim.c ****   sMasterConfig.MasterOutputTrigger = TIM_TRGO_RESET;
 141:Core/Src/tim.c ****   sMasterConfig.MasterSlaveMode = TIM_MASTERSLAVEMODE_DISABLE;
 142:Core/Src/tim.c ****   if (HAL_TIMEx_MasterConfigSynchronization(&htim3, &sMasterConfig) != HAL_OK)
 143:Core/Src/tim.c ****   {
ARM GAS  /tmp/ccTVPpyD.s 			page 4


 144:Core/Src/tim.c ****     Error_Handler();
 145:Core/Src/tim.c ****   }
 146:Core/Src/tim.c ****   sConfigOC.OCMode = TIM_OCMODE_PWM1;
 147:Core/Src/tim.c ****   sConfigOC.Pulse = 0;
 148:Core/Src/tim.c ****   sConfigOC.OCPolarity = TIM_OCPOLARITY_HIGH;
 149:Core/Src/tim.c ****   sConfigOC.OCFastMode = TIM_OCFAST_DISABLE;
 150:Core/Src/tim.c ****   if (HAL_TIM_PWM_ConfigChannel(&htim3, &sConfigOC, TIM_CHANNEL_3) != HAL_OK)
 151:Core/Src/tim.c ****   {
 152:Core/Src/tim.c ****     Error_Handler();
 153:Core/Src/tim.c ****   }
 154:Core/Src/tim.c ****   if (HAL_TIM_PWM_ConfigChannel(&htim3, &sConfigOC, TIM_CHANNEL_4) != HAL_OK)
 155:Core/Src/tim.c ****   {
 156:Core/Src/tim.c ****     Error_Handler();
 157:Core/Src/tim.c ****   }
 158:Core/Src/tim.c ****   /* USER CODE BEGIN TIM3_Init 2 */
 159:Core/Src/tim.c **** 
 160:Core/Src/tim.c ****   /* USER CODE END TIM3_Init 2 */
 161:Core/Src/tim.c ****   HAL_TIM_MspPostInit(&htim3);
 162:Core/Src/tim.c **** 
 163:Core/Src/tim.c **** }
 164:Core/Src/tim.c **** /* TIM4 init function */
 165:Core/Src/tim.c **** void MX_TIM4_Init(void)
 166:Core/Src/tim.c **** {
 167:Core/Src/tim.c **** 
 168:Core/Src/tim.c ****   /* USER CODE BEGIN TIM4_Init 0 */
 169:Core/Src/tim.c **** 
 170:Core/Src/tim.c ****   /* USER CODE END TIM4_Init 0 */
 171:Core/Src/tim.c **** 
 172:Core/Src/tim.c ****   TIM_ClockConfigTypeDef sClockSourceConfig = {0};
 173:Core/Src/tim.c ****   TIM_MasterConfigTypeDef sMasterConfig = {0};
 174:Core/Src/tim.c ****   TIM_OC_InitTypeDef sConfigOC = {0};
 175:Core/Src/tim.c **** 
 176:Core/Src/tim.c ****   /* USER CODE BEGIN TIM4_Init 1 */
 177:Core/Src/tim.c **** 
 178:Core/Src/tim.c ****   /* USER CODE END TIM4_Init 1 */
 179:Core/Src/tim.c ****   htim4.Instance = TIM4;
 180:Core/Src/tim.c ****   htim4.Init.Prescaler = 0;
 181:Core/Src/tim.c ****   htim4.Init.CounterMode = TIM_COUNTERMODE_UP;
 182:Core/Src/tim.c ****   htim4.Init.Period = 65535;
 183:Core/Src/tim.c ****   htim4.Init.ClockDivision = TIM_CLOCKDIVISION_DIV1;
 184:Core/Src/tim.c ****   htim4.Init.AutoReloadPreload = TIM_AUTORELOAD_PRELOAD_DISABLE;
 185:Core/Src/tim.c ****   if (HAL_TIM_Base_Init(&htim4) != HAL_OK)
 186:Core/Src/tim.c ****   {
 187:Core/Src/tim.c ****     Error_Handler();
 188:Core/Src/tim.c ****   }
 189:Core/Src/tim.c ****   sClockSourceConfig.ClockSource = TIM_CLOCKSOURCE_INTERNAL;
 190:Core/Src/tim.c ****   if (HAL_TIM_ConfigClockSource(&htim4, &sClockSourceConfig) != HAL_OK)
 191:Core/Src/tim.c ****   {
 192:Core/Src/tim.c ****     Error_Handler();
 193:Core/Src/tim.c ****   }
 194:Core/Src/tim.c ****   if (HAL_TIM_PWM_Init(&htim4) != HAL_OK)
 195:Core/Src/tim.c ****   {
 196:Core/Src/tim.c ****     Error_Handler();
 197:Core/Src/tim.c ****   }
 198:Core/Src/tim.c ****   sMasterConfig.MasterOutputTrigger = TIM_TRGO_RESET;
 199:Core/Src/tim.c ****   sMasterConfig.MasterSlaveMode = TIM_MASTERSLAVEMODE_DISABLE;
 200:Core/Src/tim.c ****   if (HAL_TIMEx_MasterConfigSynchronization(&htim4, &sMasterConfig) != HAL_OK)
ARM GAS  /tmp/ccTVPpyD.s 			page 5


 201:Core/Src/tim.c ****   {
 202:Core/Src/tim.c ****     Error_Handler();
 203:Core/Src/tim.c ****   }
 204:Core/Src/tim.c ****   sConfigOC.OCMode = TIM_OCMODE_PWM1;
 205:Core/Src/tim.c ****   sConfigOC.Pulse = 0;
 206:Core/Src/tim.c ****   sConfigOC.OCPolarity = TIM_OCPOLARITY_HIGH;
 207:Core/Src/tim.c ****   sConfigOC.OCFastMode = TIM_OCFAST_DISABLE;
 208:Core/Src/tim.c ****   if (HAL_TIM_PWM_ConfigChannel(&htim4, &sConfigOC, TIM_CHANNEL_1) != HAL_OK)
 209:Core/Src/tim.c ****   {
 210:Core/Src/tim.c ****     Error_Handler();
 211:Core/Src/tim.c ****   }
 212:Core/Src/tim.c ****   if (HAL_TIM_PWM_ConfigChannel(&htim4, &sConfigOC, TIM_CHANNEL_2) != HAL_OK)
 213:Core/Src/tim.c ****   {
 214:Core/Src/tim.c ****     Error_Handler();
 215:Core/Src/tim.c ****   }
 216:Core/Src/tim.c ****   /* USER CODE BEGIN TIM4_Init 2 */
 217:Core/Src/tim.c **** 
 218:Core/Src/tim.c ****   /* USER CODE END TIM4_Init 2 */
 219:Core/Src/tim.c ****   HAL_TIM_MspPostInit(&htim4);
 220:Core/Src/tim.c **** 
 221:Core/Src/tim.c **** }
 222:Core/Src/tim.c **** /* TIM8 init function */
 223:Core/Src/tim.c **** void MX_TIM8_Init(void)
 224:Core/Src/tim.c **** {
 225:Core/Src/tim.c **** 
 226:Core/Src/tim.c ****   /* USER CODE BEGIN TIM8_Init 0 */
 227:Core/Src/tim.c **** 
 228:Core/Src/tim.c ****   /* USER CODE END TIM8_Init 0 */
 229:Core/Src/tim.c **** 
 230:Core/Src/tim.c ****   TIM_ClockConfigTypeDef sClockSourceConfig = {0};
 231:Core/Src/tim.c ****   TIM_MasterConfigTypeDef sMasterConfig = {0};
 232:Core/Src/tim.c ****   TIM_OC_InitTypeDef sConfigOC = {0};
 233:Core/Src/tim.c ****   TIM_BreakDeadTimeConfigTypeDef sBreakDeadTimeConfig = {0};
 234:Core/Src/tim.c **** 
 235:Core/Src/tim.c ****   /* USER CODE BEGIN TIM8_Init 1 */
 236:Core/Src/tim.c **** 
 237:Core/Src/tim.c ****   /* USER CODE END TIM8_Init 1 */
 238:Core/Src/tim.c ****   htim8.Instance = TIM8;
 239:Core/Src/tim.c ****   htim8.Init.Prescaler = 0;
 240:Core/Src/tim.c ****   htim8.Init.CounterMode = TIM_COUNTERMODE_UP;
 241:Core/Src/tim.c ****   htim8.Init.Period = 65535;
 242:Core/Src/tim.c ****   htim8.Init.ClockDivision = TIM_CLOCKDIVISION_DIV1;
 243:Core/Src/tim.c ****   htim8.Init.RepetitionCounter = 0;
 244:Core/Src/tim.c ****   htim8.Init.AutoReloadPreload = TIM_AUTORELOAD_PRELOAD_DISABLE;
 245:Core/Src/tim.c ****   if (HAL_TIM_Base_Init(&htim8) != HAL_OK)
 246:Core/Src/tim.c ****   {
 247:Core/Src/tim.c ****     Error_Handler();
 248:Core/Src/tim.c ****   }
 249:Core/Src/tim.c ****   sClockSourceConfig.ClockSource = TIM_CLOCKSOURCE_INTERNAL;
 250:Core/Src/tim.c ****   if (HAL_TIM_ConfigClockSource(&htim8, &sClockSourceConfig) != HAL_OK)
 251:Core/Src/tim.c ****   {
 252:Core/Src/tim.c ****     Error_Handler();
 253:Core/Src/tim.c ****   }
 254:Core/Src/tim.c ****   if (HAL_TIM_PWM_Init(&htim8) != HAL_OK)
 255:Core/Src/tim.c ****   {
 256:Core/Src/tim.c ****     Error_Handler();
 257:Core/Src/tim.c ****   }
ARM GAS  /tmp/ccTVPpyD.s 			page 6


 258:Core/Src/tim.c ****   sMasterConfig.MasterOutputTrigger = TIM_TRGO_RESET;
 259:Core/Src/tim.c ****   sMasterConfig.MasterSlaveMode = TIM_MASTERSLAVEMODE_DISABLE;
 260:Core/Src/tim.c ****   if (HAL_TIMEx_MasterConfigSynchronization(&htim8, &sMasterConfig) != HAL_OK)
 261:Core/Src/tim.c ****   {
 262:Core/Src/tim.c ****     Error_Handler();
 263:Core/Src/tim.c ****   }
 264:Core/Src/tim.c ****   sConfigOC.OCMode = TIM_OCMODE_PWM1;
 265:Core/Src/tim.c ****   sConfigOC.Pulse = 0;
 266:Core/Src/tim.c ****   sConfigOC.OCPolarity = TIM_OCPOLARITY_HIGH;
 267:Core/Src/tim.c ****   sConfigOC.OCNPolarity = TIM_OCNPOLARITY_HIGH;
 268:Core/Src/tim.c ****   sConfigOC.OCFastMode = TIM_OCFAST_DISABLE;
 269:Core/Src/tim.c ****   sConfigOC.OCIdleState = TIM_OCIDLESTATE_RESET;
 270:Core/Src/tim.c ****   sConfigOC.OCNIdleState = TIM_OCNIDLESTATE_RESET;
 271:Core/Src/tim.c ****   if (HAL_TIM_PWM_ConfigChannel(&htim8, &sConfigOC, TIM_CHANNEL_2) != HAL_OK)
 272:Core/Src/tim.c ****   {
 273:Core/Src/tim.c ****     Error_Handler();
 274:Core/Src/tim.c ****   }
 275:Core/Src/tim.c ****   if (HAL_TIM_PWM_ConfigChannel(&htim8, &sConfigOC, TIM_CHANNEL_3) != HAL_OK)
 276:Core/Src/tim.c ****   {
 277:Core/Src/tim.c ****     Error_Handler();
 278:Core/Src/tim.c ****   }
 279:Core/Src/tim.c ****   if (HAL_TIM_PWM_ConfigChannel(&htim8, &sConfigOC, TIM_CHANNEL_4) != HAL_OK)
 280:Core/Src/tim.c ****   {
 281:Core/Src/tim.c ****     Error_Handler();
 282:Core/Src/tim.c ****   }
 283:Core/Src/tim.c ****   sBreakDeadTimeConfig.OffStateRunMode = TIM_OSSR_DISABLE;
 284:Core/Src/tim.c ****   sBreakDeadTimeConfig.OffStateIDLEMode = TIM_OSSI_DISABLE;
 285:Core/Src/tim.c ****   sBreakDeadTimeConfig.LockLevel = TIM_LOCKLEVEL_OFF;
 286:Core/Src/tim.c ****   sBreakDeadTimeConfig.DeadTime = 0;
 287:Core/Src/tim.c ****   sBreakDeadTimeConfig.BreakState = TIM_BREAK_DISABLE;
 288:Core/Src/tim.c ****   sBreakDeadTimeConfig.BreakPolarity = TIM_BREAKPOLARITY_HIGH;
 289:Core/Src/tim.c ****   sBreakDeadTimeConfig.AutomaticOutput = TIM_AUTOMATICOUTPUT_DISABLE;
 290:Core/Src/tim.c ****   if (HAL_TIMEx_ConfigBreakDeadTime(&htim8, &sBreakDeadTimeConfig) != HAL_OK)
 291:Core/Src/tim.c ****   {
 292:Core/Src/tim.c ****     Error_Handler();
 293:Core/Src/tim.c ****   }
 294:Core/Src/tim.c ****   /* USER CODE BEGIN TIM8_Init 2 */
 295:Core/Src/tim.c **** 
 296:Core/Src/tim.c ****   /* USER CODE END TIM8_Init 2 */
 297:Core/Src/tim.c ****   HAL_TIM_MspPostInit(&htim8);
 298:Core/Src/tim.c **** 
 299:Core/Src/tim.c **** }
 300:Core/Src/tim.c **** 
 301:Core/Src/tim.c **** void HAL_TIM_Base_MspInit(TIM_HandleTypeDef* tim_baseHandle)
 302:Core/Src/tim.c **** {
  30              		.loc 1 302 1 view -0
  31              		.cfi_startproc
  32              		@ args = 0, pretend = 0, frame = 16
  33              		@ frame_needed = 0, uses_anonymous_args = 0
  34              		.loc 1 302 1 is_stmt 0 view .LVU1
  35 0000 00B5     		push	{lr}
  36              	.LCFI0:
  37              		.cfi_def_cfa_offset 4
  38              		.cfi_offset 14, -4
  39 0002 85B0     		sub	sp, sp, #20
  40              	.LCFI1:
  41              		.cfi_def_cfa_offset 24
ARM GAS  /tmp/ccTVPpyD.s 			page 7


 303:Core/Src/tim.c **** 
 304:Core/Src/tim.c ****   if(tim_baseHandle->Instance==TIM1)
  42              		.loc 1 304 3 is_stmt 1 view .LVU2
  43              		.loc 1 304 20 is_stmt 0 view .LVU3
  44 0004 0368     		ldr	r3, [r0]
  45              		.loc 1 304 5 view .LVU4
  46 0006 244A     		ldr	r2, .L10
  47 0008 9342     		cmp	r3, r2
  48 000a 1CD0     		beq	.L7
 305:Core/Src/tim.c ****   {
 306:Core/Src/tim.c ****   /* USER CODE BEGIN TIM1_MspInit 0 */
 307:Core/Src/tim.c **** 
 308:Core/Src/tim.c ****   /* USER CODE END TIM1_MspInit 0 */
 309:Core/Src/tim.c ****     /* TIM1 clock enable */
 310:Core/Src/tim.c ****     __HAL_RCC_TIM1_CLK_ENABLE();
 311:Core/Src/tim.c ****   /* USER CODE BEGIN TIM1_MspInit 1 */
 312:Core/Src/tim.c **** 
 313:Core/Src/tim.c ****   /* USER CODE END TIM1_MspInit 1 */
 314:Core/Src/tim.c ****   }
 315:Core/Src/tim.c ****   else if(tim_baseHandle->Instance==TIM3)
  49              		.loc 1 315 8 is_stmt 1 view .LVU5
  50              		.loc 1 315 10 is_stmt 0 view .LVU6
  51 000c 234A     		ldr	r2, .L10+4
  52 000e 9342     		cmp	r3, r2
  53 0010 28D0     		beq	.L8
 316:Core/Src/tim.c ****   {
 317:Core/Src/tim.c ****   /* USER CODE BEGIN TIM3_MspInit 0 */
 318:Core/Src/tim.c **** 
 319:Core/Src/tim.c ****   /* USER CODE END TIM3_MspInit 0 */
 320:Core/Src/tim.c ****     /* TIM3 clock enable */
 321:Core/Src/tim.c ****     __HAL_RCC_TIM3_CLK_ENABLE();
 322:Core/Src/tim.c ****   /* USER CODE BEGIN TIM3_MspInit 1 */
 323:Core/Src/tim.c **** 
 324:Core/Src/tim.c ****   /* USER CODE END TIM3_MspInit 1 */
 325:Core/Src/tim.c ****   }
 326:Core/Src/tim.c ****   else if(tim_baseHandle->Instance==TIM4)
  54              		.loc 1 326 8 is_stmt 1 view .LVU7
  55              		.loc 1 326 10 is_stmt 0 view .LVU8
  56 0012 234A     		ldr	r2, .L10+8
  57 0014 9342     		cmp	r3, r2
  58 0016 32D0     		beq	.L9
 327:Core/Src/tim.c ****   {
 328:Core/Src/tim.c ****   /* USER CODE BEGIN TIM4_MspInit 0 */
 329:Core/Src/tim.c **** 
 330:Core/Src/tim.c ****   /* USER CODE END TIM4_MspInit 0 */
 331:Core/Src/tim.c ****     /* TIM4 clock enable */
 332:Core/Src/tim.c ****     __HAL_RCC_TIM4_CLK_ENABLE();
 333:Core/Src/tim.c ****   /* USER CODE BEGIN TIM4_MspInit 1 */
 334:Core/Src/tim.c **** 
 335:Core/Src/tim.c ****   /* USER CODE END TIM4_MspInit 1 */
 336:Core/Src/tim.c ****   }
 337:Core/Src/tim.c ****   else if(tim_baseHandle->Instance==TIM8)
  59              		.loc 1 337 8 is_stmt 1 view .LVU9
  60              		.loc 1 337 10 is_stmt 0 view .LVU10
  61 0018 224A     		ldr	r2, .L10+12
  62 001a 9342     		cmp	r3, r2
  63 001c 1FD1     		bne	.L1
ARM GAS  /tmp/ccTVPpyD.s 			page 8


 338:Core/Src/tim.c ****   {
 339:Core/Src/tim.c ****   /* USER CODE BEGIN TIM8_MspInit 0 */
 340:Core/Src/tim.c **** 
 341:Core/Src/tim.c ****   /* USER CODE END TIM8_MspInit 0 */
 342:Core/Src/tim.c ****     /* TIM8 clock enable */
 343:Core/Src/tim.c ****     __HAL_RCC_TIM8_CLK_ENABLE();
  64              		.loc 1 343 5 is_stmt 1 view .LVU11
  65              	.LBB2:
  66              		.loc 1 343 5 view .LVU12
  67 001e 0022     		movs	r2, #0
  68 0020 0392     		str	r2, [sp, #12]
  69              		.loc 1 343 5 view .LVU13
  70 0022 214B     		ldr	r3, .L10+16
  71 0024 596C     		ldr	r1, [r3, #68]
  72 0026 41F00201 		orr	r1, r1, #2
  73 002a 5964     		str	r1, [r3, #68]
  74              		.loc 1 343 5 view .LVU14
  75 002c 5B6C     		ldr	r3, [r3, #68]
  76 002e 03F00203 		and	r3, r3, #2
  77 0032 0393     		str	r3, [sp, #12]
  78              		.loc 1 343 5 view .LVU15
  79 0034 039B     		ldr	r3, [sp, #12]
  80              	.LBE2:
  81              		.loc 1 343 5 view .LVU16
 344:Core/Src/tim.c **** 
 345:Core/Src/tim.c ****     /* TIM8 interrupt Init */
 346:Core/Src/tim.c ****     HAL_NVIC_SetPriority(TIM8_TRG_COM_TIM14_IRQn, 5, 0);
  82              		.loc 1 346 5 view .LVU17
  83 0036 0521     		movs	r1, #5
  84 0038 2D20     		movs	r0, #45
  85              	.LVL1:
  86              		.loc 1 346 5 is_stmt 0 view .LVU18
  87 003a FFF7FEFF 		bl	HAL_NVIC_SetPriority
  88              	.LVL2:
 347:Core/Src/tim.c ****     HAL_NVIC_EnableIRQ(TIM8_TRG_COM_TIM14_IRQn);
  89              		.loc 1 347 5 is_stmt 1 view .LVU19
  90 003e 2D20     		movs	r0, #45
  91 0040 FFF7FEFF 		bl	HAL_NVIC_EnableIRQ
  92              	.LVL3:
 348:Core/Src/tim.c ****   /* USER CODE BEGIN TIM8_MspInit 1 */
 349:Core/Src/tim.c **** 
 350:Core/Src/tim.c ****   /* USER CODE END TIM8_MspInit 1 */
 351:Core/Src/tim.c ****   }
 352:Core/Src/tim.c **** }
  93              		.loc 1 352 1 is_stmt 0 view .LVU20
  94 0044 0BE0     		b	.L1
  95              	.LVL4:
  96              	.L7:
 310:Core/Src/tim.c ****   /* USER CODE BEGIN TIM1_MspInit 1 */
  97              		.loc 1 310 5 is_stmt 1 view .LVU21
  98              	.LBB3:
 310:Core/Src/tim.c ****   /* USER CODE BEGIN TIM1_MspInit 1 */
  99              		.loc 1 310 5 view .LVU22
 100 0046 0023     		movs	r3, #0
 101 0048 0093     		str	r3, [sp]
 310:Core/Src/tim.c ****   /* USER CODE BEGIN TIM1_MspInit 1 */
 102              		.loc 1 310 5 view .LVU23
ARM GAS  /tmp/ccTVPpyD.s 			page 9


 103 004a 174B     		ldr	r3, .L10+16
 104 004c 5A6C     		ldr	r2, [r3, #68]
 105 004e 42F00102 		orr	r2, r2, #1
 106 0052 5A64     		str	r2, [r3, #68]
 310:Core/Src/tim.c ****   /* USER CODE BEGIN TIM1_MspInit 1 */
 107              		.loc 1 310 5 view .LVU24
 108 0054 5B6C     		ldr	r3, [r3, #68]
 109 0056 03F00103 		and	r3, r3, #1
 110 005a 0093     		str	r3, [sp]
 310:Core/Src/tim.c ****   /* USER CODE BEGIN TIM1_MspInit 1 */
 111              		.loc 1 310 5 view .LVU25
 112 005c 009B     		ldr	r3, [sp]
 113              	.LBE3:
 310:Core/Src/tim.c ****   /* USER CODE BEGIN TIM1_MspInit 1 */
 114              		.loc 1 310 5 view .LVU26
 115              	.LVL5:
 116              	.L1:
 117              		.loc 1 352 1 is_stmt 0 view .LVU27
 118 005e 05B0     		add	sp, sp, #20
 119              	.LCFI2:
 120              		.cfi_remember_state
 121              		.cfi_def_cfa_offset 4
 122              		@ sp needed
 123 0060 5DF804FB 		ldr	pc, [sp], #4
 124              	.LVL6:
 125              	.L8:
 126              	.LCFI3:
 127              		.cfi_restore_state
 321:Core/Src/tim.c ****   /* USER CODE BEGIN TIM3_MspInit 1 */
 128              		.loc 1 321 5 is_stmt 1 view .LVU28
 129              	.LBB4:
 321:Core/Src/tim.c ****   /* USER CODE BEGIN TIM3_MspInit 1 */
 130              		.loc 1 321 5 view .LVU29
 131 0064 0023     		movs	r3, #0
 132 0066 0193     		str	r3, [sp, #4]
 321:Core/Src/tim.c ****   /* USER CODE BEGIN TIM3_MspInit 1 */
 133              		.loc 1 321 5 view .LVU30
 134 0068 0F4B     		ldr	r3, .L10+16
 135 006a 1A6C     		ldr	r2, [r3, #64]
 136 006c 42F00202 		orr	r2, r2, #2
 137 0070 1A64     		str	r2, [r3, #64]
 321:Core/Src/tim.c ****   /* USER CODE BEGIN TIM3_MspInit 1 */
 138              		.loc 1 321 5 view .LVU31
 139 0072 1B6C     		ldr	r3, [r3, #64]
 140 0074 03F00203 		and	r3, r3, #2
 141 0078 0193     		str	r3, [sp, #4]
 321:Core/Src/tim.c ****   /* USER CODE BEGIN TIM3_MspInit 1 */
 142              		.loc 1 321 5 view .LVU32
 143 007a 019B     		ldr	r3, [sp, #4]
 144              	.LBE4:
 321:Core/Src/tim.c ****   /* USER CODE BEGIN TIM3_MspInit 1 */
 145              		.loc 1 321 5 view .LVU33
 146 007c EFE7     		b	.L1
 147              	.L9:
 332:Core/Src/tim.c ****   /* USER CODE BEGIN TIM4_MspInit 1 */
 148              		.loc 1 332 5 view .LVU34
 149              	.LBB5:
ARM GAS  /tmp/ccTVPpyD.s 			page 10


 332:Core/Src/tim.c ****   /* USER CODE BEGIN TIM4_MspInit 1 */
 150              		.loc 1 332 5 view .LVU35
 151 007e 0023     		movs	r3, #0
 152 0080 0293     		str	r3, [sp, #8]
 332:Core/Src/tim.c ****   /* USER CODE BEGIN TIM4_MspInit 1 */
 153              		.loc 1 332 5 view .LVU36
 154 0082 094B     		ldr	r3, .L10+16
 155 0084 1A6C     		ldr	r2, [r3, #64]
 156 0086 42F00402 		orr	r2, r2, #4
 157 008a 1A64     		str	r2, [r3, #64]
 332:Core/Src/tim.c ****   /* USER CODE BEGIN TIM4_MspInit 1 */
 158              		.loc 1 332 5 view .LVU37
 159 008c 1B6C     		ldr	r3, [r3, #64]
 160 008e 03F00403 		and	r3, r3, #4
 161 0092 0293     		str	r3, [sp, #8]
 332:Core/Src/tim.c ****   /* USER CODE BEGIN TIM4_MspInit 1 */
 162              		.loc 1 332 5 view .LVU38
 163 0094 029B     		ldr	r3, [sp, #8]
 164              	.LBE5:
 332:Core/Src/tim.c ****   /* USER CODE BEGIN TIM4_MspInit 1 */
 165              		.loc 1 332 5 view .LVU39
 166 0096 E2E7     		b	.L1
 167              	.L11:
 168              		.align	2
 169              	.L10:
 170 0098 00000140 		.word	1073807360
 171 009c 00040040 		.word	1073742848
 172 00a0 00080040 		.word	1073743872
 173 00a4 00040140 		.word	1073808384
 174 00a8 00380240 		.word	1073887232
 175              		.cfi_endproc
 176              	.LFE243:
 178              		.section	.text.HAL_TIM_MspPostInit,"ax",%progbits
 179              		.align	1
 180              		.global	HAL_TIM_MspPostInit
 181              		.syntax unified
 182              		.thumb
 183              		.thumb_func
 185              	HAL_TIM_MspPostInit:
 186              	.LVL7:
 187              	.LFB244:
 353:Core/Src/tim.c **** void HAL_TIM_MspPostInit(TIM_HandleTypeDef* timHandle)
 354:Core/Src/tim.c **** {
 188              		.loc 1 354 1 view -0
 189              		.cfi_startproc
 190              		@ args = 0, pretend = 0, frame = 48
 191              		@ frame_needed = 0, uses_anonymous_args = 0
 192              		.loc 1 354 1 is_stmt 0 view .LVU41
 193 0000 70B5     		push	{r4, r5, r6, lr}
 194              	.LCFI4:
 195              		.cfi_def_cfa_offset 16
 196              		.cfi_offset 4, -16
 197              		.cfi_offset 5, -12
 198              		.cfi_offset 6, -8
 199              		.cfi_offset 14, -4
 200 0002 8CB0     		sub	sp, sp, #48
 201              	.LCFI5:
ARM GAS  /tmp/ccTVPpyD.s 			page 11


 202              		.cfi_def_cfa_offset 64
 355:Core/Src/tim.c **** 
 356:Core/Src/tim.c ****   GPIO_InitTypeDef GPIO_InitStruct = {0};
 203              		.loc 1 356 3 is_stmt 1 view .LVU42
 204              		.loc 1 356 20 is_stmt 0 view .LVU43
 205 0004 0023     		movs	r3, #0
 206 0006 0793     		str	r3, [sp, #28]
 207 0008 0893     		str	r3, [sp, #32]
 208 000a 0993     		str	r3, [sp, #36]
 209 000c 0A93     		str	r3, [sp, #40]
 210 000e 0B93     		str	r3, [sp, #44]
 357:Core/Src/tim.c ****   if(timHandle->Instance==TIM1)
 211              		.loc 1 357 3 is_stmt 1 view .LVU44
 212              		.loc 1 357 15 is_stmt 0 view .LVU45
 213 0010 0368     		ldr	r3, [r0]
 214              		.loc 1 357 5 view .LVU46
 215 0012 4A4A     		ldr	r2, .L22
 216 0014 9342     		cmp	r3, r2
 217 0016 0AD0     		beq	.L18
 358:Core/Src/tim.c ****   {
 359:Core/Src/tim.c ****   /* USER CODE BEGIN TIM1_MspPostInit 0 */
 360:Core/Src/tim.c **** 
 361:Core/Src/tim.c ****   /* USER CODE END TIM1_MspPostInit 0 */
 362:Core/Src/tim.c ****     __HAL_RCC_GPIOB_CLK_ENABLE();
 363:Core/Src/tim.c ****     __HAL_RCC_GPIOA_CLK_ENABLE();
 364:Core/Src/tim.c ****     /**TIM1 GPIO Configuration
 365:Core/Src/tim.c ****     PB15     ------> TIM1_CH3N
 366:Core/Src/tim.c ****     PA8     ------> TIM1_CH1
 367:Core/Src/tim.c ****     */
 368:Core/Src/tim.c ****     GPIO_InitStruct.Pin = GPIO_PIN_15;
 369:Core/Src/tim.c ****     GPIO_InitStruct.Mode = GPIO_MODE_AF_PP;
 370:Core/Src/tim.c ****     GPIO_InitStruct.Pull = GPIO_NOPULL;
 371:Core/Src/tim.c ****     GPIO_InitStruct.Speed = GPIO_SPEED_FREQ_LOW;
 372:Core/Src/tim.c ****     GPIO_InitStruct.Alternate = GPIO_AF1_TIM1;
 373:Core/Src/tim.c ****     HAL_GPIO_Init(GPIOB, &GPIO_InitStruct);
 374:Core/Src/tim.c **** 
 375:Core/Src/tim.c ****     GPIO_InitStruct.Pin = GPIO_PIN_8;
 376:Core/Src/tim.c ****     GPIO_InitStruct.Mode = GPIO_MODE_AF_PP;
 377:Core/Src/tim.c ****     GPIO_InitStruct.Pull = GPIO_NOPULL;
 378:Core/Src/tim.c ****     GPIO_InitStruct.Speed = GPIO_SPEED_FREQ_LOW;
 379:Core/Src/tim.c ****     GPIO_InitStruct.Alternate = GPIO_AF1_TIM1;
 380:Core/Src/tim.c ****     HAL_GPIO_Init(GPIOA, &GPIO_InitStruct);
 381:Core/Src/tim.c **** 
 382:Core/Src/tim.c ****   /* USER CODE BEGIN TIM1_MspPostInit 1 */
 383:Core/Src/tim.c **** 
 384:Core/Src/tim.c ****   /* USER CODE END TIM1_MspPostInit 1 */
 385:Core/Src/tim.c ****   }
 386:Core/Src/tim.c ****   else if(timHandle->Instance==TIM3)
 218              		.loc 1 386 8 is_stmt 1 view .LVU47
 219              		.loc 1 386 10 is_stmt 0 view .LVU48
 220 0018 494A     		ldr	r2, .L22+4
 221 001a 9342     		cmp	r3, r2
 222 001c 34D0     		beq	.L19
 387:Core/Src/tim.c ****   {
 388:Core/Src/tim.c ****   /* USER CODE BEGIN TIM3_MspPostInit 0 */
 389:Core/Src/tim.c **** 
 390:Core/Src/tim.c ****   /* USER CODE END TIM3_MspPostInit 0 */
ARM GAS  /tmp/ccTVPpyD.s 			page 12


 391:Core/Src/tim.c **** 
 392:Core/Src/tim.c ****     __HAL_RCC_GPIOB_CLK_ENABLE();
 393:Core/Src/tim.c ****     /**TIM3 GPIO Configuration
 394:Core/Src/tim.c ****     PB0     ------> TIM3_CH3
 395:Core/Src/tim.c ****     PB1     ------> TIM3_CH4
 396:Core/Src/tim.c ****     */
 397:Core/Src/tim.c ****     GPIO_InitStruct.Pin = GPIO_PIN_0|GPIO_PIN_1;
 398:Core/Src/tim.c ****     GPIO_InitStruct.Mode = GPIO_MODE_AF_PP;
 399:Core/Src/tim.c ****     GPIO_InitStruct.Pull = GPIO_NOPULL;
 400:Core/Src/tim.c ****     GPIO_InitStruct.Speed = GPIO_SPEED_FREQ_LOW;
 401:Core/Src/tim.c ****     GPIO_InitStruct.Alternate = GPIO_AF2_TIM3;
 402:Core/Src/tim.c ****     HAL_GPIO_Init(GPIOB, &GPIO_InitStruct);
 403:Core/Src/tim.c **** 
 404:Core/Src/tim.c ****   /* USER CODE BEGIN TIM3_MspPostInit 1 */
 405:Core/Src/tim.c **** 
 406:Core/Src/tim.c ****   /* USER CODE END TIM3_MspPostInit 1 */
 407:Core/Src/tim.c ****   }
 408:Core/Src/tim.c ****   else if(timHandle->Instance==TIM4)
 223              		.loc 1 408 8 is_stmt 1 view .LVU49
 224              		.loc 1 408 10 is_stmt 0 view .LVU50
 225 001e 494A     		ldr	r2, .L22+8
 226 0020 9342     		cmp	r3, r2
 227 0022 47D0     		beq	.L20
 409:Core/Src/tim.c ****   {
 410:Core/Src/tim.c ****   /* USER CODE BEGIN TIM4_MspPostInit 0 */
 411:Core/Src/tim.c **** 
 412:Core/Src/tim.c ****   /* USER CODE END TIM4_MspPostInit 0 */
 413:Core/Src/tim.c **** 
 414:Core/Src/tim.c ****     __HAL_RCC_GPIOB_CLK_ENABLE();
 415:Core/Src/tim.c ****     /**TIM4 GPIO Configuration
 416:Core/Src/tim.c ****     PB6     ------> TIM4_CH1
 417:Core/Src/tim.c ****     PB7     ------> TIM4_CH2
 418:Core/Src/tim.c ****     */
 419:Core/Src/tim.c ****     GPIO_InitStruct.Pin = GPIO_PIN_6|GPIO_PIN_7;
 420:Core/Src/tim.c ****     GPIO_InitStruct.Mode = GPIO_MODE_AF_PP;
 421:Core/Src/tim.c ****     GPIO_InitStruct.Pull = GPIO_NOPULL;
 422:Core/Src/tim.c ****     GPIO_InitStruct.Speed = GPIO_SPEED_FREQ_LOW;
 423:Core/Src/tim.c ****     GPIO_InitStruct.Alternate = GPIO_AF2_TIM4;
 424:Core/Src/tim.c ****     HAL_GPIO_Init(GPIOB, &GPIO_InitStruct);
 425:Core/Src/tim.c **** 
 426:Core/Src/tim.c ****   /* USER CODE BEGIN TIM4_MspPostInit 1 */
 427:Core/Src/tim.c **** 
 428:Core/Src/tim.c ****   /* USER CODE END TIM4_MspPostInit 1 */
 429:Core/Src/tim.c ****   }
 430:Core/Src/tim.c ****   else if(timHandle->Instance==TIM8)
 228              		.loc 1 430 8 is_stmt 1 view .LVU51
 229              		.loc 1 430 10 is_stmt 0 view .LVU52
 230 0024 484A     		ldr	r2, .L22+12
 231 0026 9342     		cmp	r3, r2
 232 0028 5AD0     		beq	.L21
 233              	.LVL8:
 234              	.L12:
 431:Core/Src/tim.c ****   {
 432:Core/Src/tim.c ****   /* USER CODE BEGIN TIM8_MspPostInit 0 */
 433:Core/Src/tim.c **** 
 434:Core/Src/tim.c ****   /* USER CODE END TIM8_MspPostInit 0 */
 435:Core/Src/tim.c **** 
ARM GAS  /tmp/ccTVPpyD.s 			page 13


 436:Core/Src/tim.c ****     __HAL_RCC_GPIOB_CLK_ENABLE();
 437:Core/Src/tim.c ****     __HAL_RCC_GPIOC_CLK_ENABLE();
 438:Core/Src/tim.c ****     /**TIM8 GPIO Configuration
 439:Core/Src/tim.c ****     PB14     ------> TIM8_CH2N
 440:Core/Src/tim.c ****     PC8     ------> TIM8_CH3
 441:Core/Src/tim.c ****     PC9     ------> TIM8_CH4
 442:Core/Src/tim.c ****     */
 443:Core/Src/tim.c ****     GPIO_InitStruct.Pin = GPIO_PIN_14;
 444:Core/Src/tim.c ****     GPIO_InitStruct.Mode = GPIO_MODE_AF_PP;
 445:Core/Src/tim.c ****     GPIO_InitStruct.Pull = GPIO_NOPULL;
 446:Core/Src/tim.c ****     GPIO_InitStruct.Speed = GPIO_SPEED_FREQ_LOW;
 447:Core/Src/tim.c ****     GPIO_InitStruct.Alternate = GPIO_AF3_TIM8;
 448:Core/Src/tim.c ****     HAL_GPIO_Init(GPIOB, &GPIO_InitStruct);
 449:Core/Src/tim.c **** 
 450:Core/Src/tim.c ****     GPIO_InitStruct.Pin = GPIO_PIN_8|GPIO_PIN_9;
 451:Core/Src/tim.c ****     GPIO_InitStruct.Mode = GPIO_MODE_AF_PP;
 452:Core/Src/tim.c ****     GPIO_InitStruct.Pull = GPIO_NOPULL;
 453:Core/Src/tim.c ****     GPIO_InitStruct.Speed = GPIO_SPEED_FREQ_LOW;
 454:Core/Src/tim.c ****     GPIO_InitStruct.Alternate = GPIO_AF3_TIM8;
 455:Core/Src/tim.c ****     HAL_GPIO_Init(GPIOC, &GPIO_InitStruct);
 456:Core/Src/tim.c **** 
 457:Core/Src/tim.c ****   /* USER CODE BEGIN TIM8_MspPostInit 1 */
 458:Core/Src/tim.c **** 
 459:Core/Src/tim.c ****   /* USER CODE END TIM8_MspPostInit 1 */
 460:Core/Src/tim.c ****   }
 461:Core/Src/tim.c **** 
 462:Core/Src/tim.c **** }
 235              		.loc 1 462 1 view .LVU53
 236 002a 0CB0     		add	sp, sp, #48
 237              	.LCFI6:
 238              		.cfi_remember_state
 239              		.cfi_def_cfa_offset 16
 240              		@ sp needed
 241 002c 70BD     		pop	{r4, r5, r6, pc}
 242              	.LVL9:
 243              	.L18:
 244              	.LCFI7:
 245              		.cfi_restore_state
 362:Core/Src/tim.c ****     __HAL_RCC_GPIOA_CLK_ENABLE();
 246              		.loc 1 362 5 is_stmt 1 view .LVU54
 247              	.LBB6:
 362:Core/Src/tim.c ****     __HAL_RCC_GPIOA_CLK_ENABLE();
 248              		.loc 1 362 5 view .LVU55
 249 002e 0024     		movs	r4, #0
 250 0030 0194     		str	r4, [sp, #4]
 362:Core/Src/tim.c ****     __HAL_RCC_GPIOA_CLK_ENABLE();
 251              		.loc 1 362 5 view .LVU56
 252 0032 464B     		ldr	r3, .L22+16
 253 0034 1A6B     		ldr	r2, [r3, #48]
 254 0036 42F00202 		orr	r2, r2, #2
 255 003a 1A63     		str	r2, [r3, #48]
 362:Core/Src/tim.c ****     __HAL_RCC_GPIOA_CLK_ENABLE();
 256              		.loc 1 362 5 view .LVU57
 257 003c 1A6B     		ldr	r2, [r3, #48]
 258 003e 02F00202 		and	r2, r2, #2
 259 0042 0192     		str	r2, [sp, #4]
 362:Core/Src/tim.c ****     __HAL_RCC_GPIOA_CLK_ENABLE();
ARM GAS  /tmp/ccTVPpyD.s 			page 14


 260              		.loc 1 362 5 view .LVU58
 261 0044 019A     		ldr	r2, [sp, #4]
 262              	.LBE6:
 362:Core/Src/tim.c ****     __HAL_RCC_GPIOA_CLK_ENABLE();
 263              		.loc 1 362 5 view .LVU59
 363:Core/Src/tim.c ****     /**TIM1 GPIO Configuration
 264              		.loc 1 363 5 view .LVU60
 265              	.LBB7:
 363:Core/Src/tim.c ****     /**TIM1 GPIO Configuration
 266              		.loc 1 363 5 view .LVU61
 267 0046 0294     		str	r4, [sp, #8]
 363:Core/Src/tim.c ****     /**TIM1 GPIO Configuration
 268              		.loc 1 363 5 view .LVU62
 269 0048 1A6B     		ldr	r2, [r3, #48]
 270 004a 42F00102 		orr	r2, r2, #1
 271 004e 1A63     		str	r2, [r3, #48]
 363:Core/Src/tim.c ****     /**TIM1 GPIO Configuration
 272              		.loc 1 363 5 view .LVU63
 273 0050 1B6B     		ldr	r3, [r3, #48]
 274 0052 03F00103 		and	r3, r3, #1
 275 0056 0293     		str	r3, [sp, #8]
 363:Core/Src/tim.c ****     /**TIM1 GPIO Configuration
 276              		.loc 1 363 5 view .LVU64
 277 0058 029B     		ldr	r3, [sp, #8]
 278              	.LBE7:
 363:Core/Src/tim.c ****     /**TIM1 GPIO Configuration
 279              		.loc 1 363 5 view .LVU65
 368:Core/Src/tim.c ****     GPIO_InitStruct.Mode = GPIO_MODE_AF_PP;
 280              		.loc 1 368 5 view .LVU66
 368:Core/Src/tim.c ****     GPIO_InitStruct.Mode = GPIO_MODE_AF_PP;
 281              		.loc 1 368 25 is_stmt 0 view .LVU67
 282 005a 4FF40043 		mov	r3, #32768
 283 005e 0793     		str	r3, [sp, #28]
 369:Core/Src/tim.c ****     GPIO_InitStruct.Pull = GPIO_NOPULL;
 284              		.loc 1 369 5 is_stmt 1 view .LVU68
 369:Core/Src/tim.c ****     GPIO_InitStruct.Pull = GPIO_NOPULL;
 285              		.loc 1 369 26 is_stmt 0 view .LVU69
 286 0060 0226     		movs	r6, #2
 287 0062 0896     		str	r6, [sp, #32]
 370:Core/Src/tim.c ****     GPIO_InitStruct.Speed = GPIO_SPEED_FREQ_LOW;
 288              		.loc 1 370 5 is_stmt 1 view .LVU70
 371:Core/Src/tim.c ****     GPIO_InitStruct.Alternate = GPIO_AF1_TIM1;
 289              		.loc 1 371 5 view .LVU71
 372:Core/Src/tim.c ****     HAL_GPIO_Init(GPIOB, &GPIO_InitStruct);
 290              		.loc 1 372 5 view .LVU72
 372:Core/Src/tim.c ****     HAL_GPIO_Init(GPIOB, &GPIO_InitStruct);
 291              		.loc 1 372 31 is_stmt 0 view .LVU73
 292 0064 0125     		movs	r5, #1
 293 0066 0B95     		str	r5, [sp, #44]
 373:Core/Src/tim.c **** 
 294              		.loc 1 373 5 is_stmt 1 view .LVU74
 295 0068 07A9     		add	r1, sp, #28
 296 006a 3948     		ldr	r0, .L22+20
 297              	.LVL10:
 373:Core/Src/tim.c **** 
 298              		.loc 1 373 5 is_stmt 0 view .LVU75
 299 006c FFF7FEFF 		bl	HAL_GPIO_Init
ARM GAS  /tmp/ccTVPpyD.s 			page 15


 300              	.LVL11:
 375:Core/Src/tim.c ****     GPIO_InitStruct.Mode = GPIO_MODE_AF_PP;
 301              		.loc 1 375 5 is_stmt 1 view .LVU76
 375:Core/Src/tim.c ****     GPIO_InitStruct.Mode = GPIO_MODE_AF_PP;
 302              		.loc 1 375 25 is_stmt 0 view .LVU77
 303 0070 4FF48073 		mov	r3, #256
 304 0074 0793     		str	r3, [sp, #28]
 376:Core/Src/tim.c ****     GPIO_InitStruct.Pull = GPIO_NOPULL;
 305              		.loc 1 376 5 is_stmt 1 view .LVU78
 376:Core/Src/tim.c ****     GPIO_InitStruct.Pull = GPIO_NOPULL;
 306              		.loc 1 376 26 is_stmt 0 view .LVU79
 307 0076 0896     		str	r6, [sp, #32]
 377:Core/Src/tim.c ****     GPIO_InitStruct.Speed = GPIO_SPEED_FREQ_LOW;
 308              		.loc 1 377 5 is_stmt 1 view .LVU80
 377:Core/Src/tim.c ****     GPIO_InitStruct.Speed = GPIO_SPEED_FREQ_LOW;
 309              		.loc 1 377 26 is_stmt 0 view .LVU81
 310 0078 0994     		str	r4, [sp, #36]
 378:Core/Src/tim.c ****     GPIO_InitStruct.Alternate = GPIO_AF1_TIM1;
 311              		.loc 1 378 5 is_stmt 1 view .LVU82
 378:Core/Src/tim.c ****     GPIO_InitStruct.Alternate = GPIO_AF1_TIM1;
 312              		.loc 1 378 27 is_stmt 0 view .LVU83
 313 007a 0A94     		str	r4, [sp, #40]
 379:Core/Src/tim.c ****     HAL_GPIO_Init(GPIOA, &GPIO_InitStruct);
 314              		.loc 1 379 5 is_stmt 1 view .LVU84
 379:Core/Src/tim.c ****     HAL_GPIO_Init(GPIOA, &GPIO_InitStruct);
 315              		.loc 1 379 31 is_stmt 0 view .LVU85
 316 007c 0B95     		str	r5, [sp, #44]
 380:Core/Src/tim.c **** 
 317              		.loc 1 380 5 is_stmt 1 view .LVU86
 318 007e 07A9     		add	r1, sp, #28
 319 0080 3448     		ldr	r0, .L22+24
 320 0082 FFF7FEFF 		bl	HAL_GPIO_Init
 321              	.LVL12:
 322 0086 D0E7     		b	.L12
 323              	.LVL13:
 324              	.L19:
 392:Core/Src/tim.c ****     /**TIM3 GPIO Configuration
 325              		.loc 1 392 5 view .LVU87
 326              	.LBB8:
 392:Core/Src/tim.c ****     /**TIM3 GPIO Configuration
 327              		.loc 1 392 5 view .LVU88
 328 0088 0023     		movs	r3, #0
 329 008a 0393     		str	r3, [sp, #12]
 392:Core/Src/tim.c ****     /**TIM3 GPIO Configuration
 330              		.loc 1 392 5 view .LVU89
 331 008c 2F4B     		ldr	r3, .L22+16
 332 008e 1A6B     		ldr	r2, [r3, #48]
 333 0090 42F00202 		orr	r2, r2, #2
 334 0094 1A63     		str	r2, [r3, #48]
 392:Core/Src/tim.c ****     /**TIM3 GPIO Configuration
 335              		.loc 1 392 5 view .LVU90
 336 0096 1B6B     		ldr	r3, [r3, #48]
 337 0098 03F00203 		and	r3, r3, #2
 338 009c 0393     		str	r3, [sp, #12]
 392:Core/Src/tim.c ****     /**TIM3 GPIO Configuration
 339              		.loc 1 392 5 view .LVU91
 340 009e 039B     		ldr	r3, [sp, #12]
ARM GAS  /tmp/ccTVPpyD.s 			page 16


 341              	.LBE8:
 392:Core/Src/tim.c ****     /**TIM3 GPIO Configuration
 342              		.loc 1 392 5 view .LVU92
 397:Core/Src/tim.c ****     GPIO_InitStruct.Mode = GPIO_MODE_AF_PP;
 343              		.loc 1 397 5 view .LVU93
 397:Core/Src/tim.c ****     GPIO_InitStruct.Mode = GPIO_MODE_AF_PP;
 344              		.loc 1 397 25 is_stmt 0 view .LVU94
 345 00a0 0323     		movs	r3, #3
 346 00a2 0793     		str	r3, [sp, #28]
 398:Core/Src/tim.c ****     GPIO_InitStruct.Pull = GPIO_NOPULL;
 347              		.loc 1 398 5 is_stmt 1 view .LVU95
 398:Core/Src/tim.c ****     GPIO_InitStruct.Pull = GPIO_NOPULL;
 348              		.loc 1 398 26 is_stmt 0 view .LVU96
 349 00a4 0223     		movs	r3, #2
 350 00a6 0893     		str	r3, [sp, #32]
 399:Core/Src/tim.c ****     GPIO_InitStruct.Speed = GPIO_SPEED_FREQ_LOW;
 351              		.loc 1 399 5 is_stmt 1 view .LVU97
 400:Core/Src/tim.c ****     GPIO_InitStruct.Alternate = GPIO_AF2_TIM3;
 352              		.loc 1 400 5 view .LVU98
 401:Core/Src/tim.c ****     HAL_GPIO_Init(GPIOB, &GPIO_InitStruct);
 353              		.loc 1 401 5 view .LVU99
 401:Core/Src/tim.c ****     HAL_GPIO_Init(GPIOB, &GPIO_InitStruct);
 354              		.loc 1 401 31 is_stmt 0 view .LVU100
 355 00a8 0B93     		str	r3, [sp, #44]
 402:Core/Src/tim.c **** 
 356              		.loc 1 402 5 is_stmt 1 view .LVU101
 357 00aa 07A9     		add	r1, sp, #28
 358 00ac 2848     		ldr	r0, .L22+20
 359              	.LVL14:
 402:Core/Src/tim.c **** 
 360              		.loc 1 402 5 is_stmt 0 view .LVU102
 361 00ae FFF7FEFF 		bl	HAL_GPIO_Init
 362              	.LVL15:
 363 00b2 BAE7     		b	.L12
 364              	.LVL16:
 365              	.L20:
 414:Core/Src/tim.c ****     /**TIM4 GPIO Configuration
 366              		.loc 1 414 5 is_stmt 1 view .LVU103
 367              	.LBB9:
 414:Core/Src/tim.c ****     /**TIM4 GPIO Configuration
 368              		.loc 1 414 5 view .LVU104
 369 00b4 0023     		movs	r3, #0
 370 00b6 0493     		str	r3, [sp, #16]
 414:Core/Src/tim.c ****     /**TIM4 GPIO Configuration
 371              		.loc 1 414 5 view .LVU105
 372 00b8 244B     		ldr	r3, .L22+16
 373 00ba 1A6B     		ldr	r2, [r3, #48]
 374 00bc 42F00202 		orr	r2, r2, #2
 375 00c0 1A63     		str	r2, [r3, #48]
 414:Core/Src/tim.c ****     /**TIM4 GPIO Configuration
 376              		.loc 1 414 5 view .LVU106
 377 00c2 1B6B     		ldr	r3, [r3, #48]
 378 00c4 03F00203 		and	r3, r3, #2
 379 00c8 0493     		str	r3, [sp, #16]
 414:Core/Src/tim.c ****     /**TIM4 GPIO Configuration
 380              		.loc 1 414 5 view .LVU107
 381 00ca 049B     		ldr	r3, [sp, #16]
ARM GAS  /tmp/ccTVPpyD.s 			page 17


 382              	.LBE9:
 414:Core/Src/tim.c ****     /**TIM4 GPIO Configuration
 383              		.loc 1 414 5 view .LVU108
 419:Core/Src/tim.c ****     GPIO_InitStruct.Mode = GPIO_MODE_AF_PP;
 384              		.loc 1 419 5 view .LVU109
 419:Core/Src/tim.c ****     GPIO_InitStruct.Mode = GPIO_MODE_AF_PP;
 385              		.loc 1 419 25 is_stmt 0 view .LVU110
 386 00cc C023     		movs	r3, #192
 387 00ce 0793     		str	r3, [sp, #28]
 420:Core/Src/tim.c ****     GPIO_InitStruct.Pull = GPIO_NOPULL;
 388              		.loc 1 420 5 is_stmt 1 view .LVU111
 420:Core/Src/tim.c ****     GPIO_InitStruct.Pull = GPIO_NOPULL;
 389              		.loc 1 420 26 is_stmt 0 view .LVU112
 390 00d0 0223     		movs	r3, #2
 391 00d2 0893     		str	r3, [sp, #32]
 421:Core/Src/tim.c ****     GPIO_InitStruct.Speed = GPIO_SPEED_FREQ_LOW;
 392              		.loc 1 421 5 is_stmt 1 view .LVU113
 422:Core/Src/tim.c ****     GPIO_InitStruct.Alternate = GPIO_AF2_TIM4;
 393              		.loc 1 422 5 view .LVU114
 423:Core/Src/tim.c ****     HAL_GPIO_Init(GPIOB, &GPIO_InitStruct);
 394              		.loc 1 423 5 view .LVU115
 423:Core/Src/tim.c ****     HAL_GPIO_Init(GPIOB, &GPIO_InitStruct);
 395              		.loc 1 423 31 is_stmt 0 view .LVU116
 396 00d4 0B93     		str	r3, [sp, #44]
 424:Core/Src/tim.c **** 
 397              		.loc 1 424 5 is_stmt 1 view .LVU117
 398 00d6 07A9     		add	r1, sp, #28
 399 00d8 1D48     		ldr	r0, .L22+20
 400              	.LVL17:
 424:Core/Src/tim.c **** 
 401              		.loc 1 424 5 is_stmt 0 view .LVU118
 402 00da FFF7FEFF 		bl	HAL_GPIO_Init
 403              	.LVL18:
 404 00de A4E7     		b	.L12
 405              	.LVL19:
 406              	.L21:
 436:Core/Src/tim.c ****     __HAL_RCC_GPIOC_CLK_ENABLE();
 407              		.loc 1 436 5 is_stmt 1 view .LVU119
 408              	.LBB10:
 436:Core/Src/tim.c ****     __HAL_RCC_GPIOC_CLK_ENABLE();
 409              		.loc 1 436 5 view .LVU120
 410 00e0 0024     		movs	r4, #0
 411 00e2 0594     		str	r4, [sp, #20]
 436:Core/Src/tim.c ****     __HAL_RCC_GPIOC_CLK_ENABLE();
 412              		.loc 1 436 5 view .LVU121
 413 00e4 194B     		ldr	r3, .L22+16
 414 00e6 1A6B     		ldr	r2, [r3, #48]
 415 00e8 42F00202 		orr	r2, r2, #2
 416 00ec 1A63     		str	r2, [r3, #48]
 436:Core/Src/tim.c ****     __HAL_RCC_GPIOC_CLK_ENABLE();
 417              		.loc 1 436 5 view .LVU122
 418 00ee 1A6B     		ldr	r2, [r3, #48]
 419 00f0 02F00202 		and	r2, r2, #2
 420 00f4 0592     		str	r2, [sp, #20]
 436:Core/Src/tim.c ****     __HAL_RCC_GPIOC_CLK_ENABLE();
 421              		.loc 1 436 5 view .LVU123
 422 00f6 059A     		ldr	r2, [sp, #20]
ARM GAS  /tmp/ccTVPpyD.s 			page 18


 423              	.LBE10:
 436:Core/Src/tim.c ****     __HAL_RCC_GPIOC_CLK_ENABLE();
 424              		.loc 1 436 5 view .LVU124
 437:Core/Src/tim.c ****     /**TIM8 GPIO Configuration
 425              		.loc 1 437 5 view .LVU125
 426              	.LBB11:
 437:Core/Src/tim.c ****     /**TIM8 GPIO Configuration
 427              		.loc 1 437 5 view .LVU126
 428 00f8 0694     		str	r4, [sp, #24]
 437:Core/Src/tim.c ****     /**TIM8 GPIO Configuration
 429              		.loc 1 437 5 view .LVU127
 430 00fa 1A6B     		ldr	r2, [r3, #48]
 431 00fc 42F00402 		orr	r2, r2, #4
 432 0100 1A63     		str	r2, [r3, #48]
 437:Core/Src/tim.c ****     /**TIM8 GPIO Configuration
 433              		.loc 1 437 5 view .LVU128
 434 0102 1B6B     		ldr	r3, [r3, #48]
 435 0104 03F00403 		and	r3, r3, #4
 436 0108 0693     		str	r3, [sp, #24]
 437:Core/Src/tim.c ****     /**TIM8 GPIO Configuration
 437              		.loc 1 437 5 view .LVU129
 438 010a 069B     		ldr	r3, [sp, #24]
 439              	.LBE11:
 437:Core/Src/tim.c ****     /**TIM8 GPIO Configuration
 440              		.loc 1 437 5 view .LVU130
 443:Core/Src/tim.c ****     GPIO_InitStruct.Mode = GPIO_MODE_AF_PP;
 441              		.loc 1 443 5 view .LVU131
 443:Core/Src/tim.c ****     GPIO_InitStruct.Mode = GPIO_MODE_AF_PP;
 442              		.loc 1 443 25 is_stmt 0 view .LVU132
 443 010c 4FF48043 		mov	r3, #16384
 444 0110 0793     		str	r3, [sp, #28]
 444:Core/Src/tim.c ****     GPIO_InitStruct.Pull = GPIO_NOPULL;
 445              		.loc 1 444 5 is_stmt 1 view .LVU133
 444:Core/Src/tim.c ****     GPIO_InitStruct.Pull = GPIO_NOPULL;
 446              		.loc 1 444 26 is_stmt 0 view .LVU134
 447 0112 0226     		movs	r6, #2
 448 0114 0896     		str	r6, [sp, #32]
 445:Core/Src/tim.c ****     GPIO_InitStruct.Speed = GPIO_SPEED_FREQ_LOW;
 449              		.loc 1 445 5 is_stmt 1 view .LVU135
 446:Core/Src/tim.c ****     GPIO_InitStruct.Alternate = GPIO_AF3_TIM8;
 450              		.loc 1 446 5 view .LVU136
 447:Core/Src/tim.c ****     HAL_GPIO_Init(GPIOB, &GPIO_InitStruct);
 451              		.loc 1 447 5 view .LVU137
 447:Core/Src/tim.c ****     HAL_GPIO_Init(GPIOB, &GPIO_InitStruct);
 452              		.loc 1 447 31 is_stmt 0 view .LVU138
 453 0116 0325     		movs	r5, #3
 454 0118 0B95     		str	r5, [sp, #44]
 448:Core/Src/tim.c **** 
 455              		.loc 1 448 5 is_stmt 1 view .LVU139
 456 011a 07A9     		add	r1, sp, #28
 457 011c 0C48     		ldr	r0, .L22+20
 458              	.LVL20:
 448:Core/Src/tim.c **** 
 459              		.loc 1 448 5 is_stmt 0 view .LVU140
 460 011e FFF7FEFF 		bl	HAL_GPIO_Init
 461              	.LVL21:
 450:Core/Src/tim.c ****     GPIO_InitStruct.Mode = GPIO_MODE_AF_PP;
ARM GAS  /tmp/ccTVPpyD.s 			page 19


 462              		.loc 1 450 5 is_stmt 1 view .LVU141
 450:Core/Src/tim.c ****     GPIO_InitStruct.Mode = GPIO_MODE_AF_PP;
 463              		.loc 1 450 25 is_stmt 0 view .LVU142
 464 0122 4FF44073 		mov	r3, #768
 465 0126 0793     		str	r3, [sp, #28]
 451:Core/Src/tim.c ****     GPIO_InitStruct.Pull = GPIO_NOPULL;
 466              		.loc 1 451 5 is_stmt 1 view .LVU143
 451:Core/Src/tim.c ****     GPIO_InitStruct.Pull = GPIO_NOPULL;
 467              		.loc 1 451 26 is_stmt 0 view .LVU144
 468 0128 0896     		str	r6, [sp, #32]
 452:Core/Src/tim.c ****     GPIO_InitStruct.Speed = GPIO_SPEED_FREQ_LOW;
 469              		.loc 1 452 5 is_stmt 1 view .LVU145
 452:Core/Src/tim.c ****     GPIO_InitStruct.Speed = GPIO_SPEED_FREQ_LOW;
 470              		.loc 1 452 26 is_stmt 0 view .LVU146
 471 012a 0994     		str	r4, [sp, #36]
 453:Core/Src/tim.c ****     GPIO_InitStruct.Alternate = GPIO_AF3_TIM8;
 472              		.loc 1 453 5 is_stmt 1 view .LVU147
 453:Core/Src/tim.c ****     GPIO_InitStruct.Alternate = GPIO_AF3_TIM8;
 473              		.loc 1 453 27 is_stmt 0 view .LVU148
 474 012c 0A94     		str	r4, [sp, #40]
 454:Core/Src/tim.c ****     HAL_GPIO_Init(GPIOC, &GPIO_InitStruct);
 475              		.loc 1 454 5 is_stmt 1 view .LVU149
 454:Core/Src/tim.c ****     HAL_GPIO_Init(GPIOC, &GPIO_InitStruct);
 476              		.loc 1 454 31 is_stmt 0 view .LVU150
 477 012e 0B95     		str	r5, [sp, #44]
 455:Core/Src/tim.c **** 
 478              		.loc 1 455 5 is_stmt 1 view .LVU151
 479 0130 07A9     		add	r1, sp, #28
 480 0132 0948     		ldr	r0, .L22+28
 481 0134 FFF7FEFF 		bl	HAL_GPIO_Init
 482              	.LVL22:
 483              		.loc 1 462 1 is_stmt 0 view .LVU152
 484 0138 77E7     		b	.L12
 485              	.L23:
 486 013a 00BF     		.align	2
 487              	.L22:
 488 013c 00000140 		.word	1073807360
 489 0140 00040040 		.word	1073742848
 490 0144 00080040 		.word	1073743872
 491 0148 00040140 		.word	1073808384
 492 014c 00380240 		.word	1073887232
 493 0150 00040240 		.word	1073873920
 494 0154 00000240 		.word	1073872896
 495 0158 00080240 		.word	1073874944
 496              		.cfi_endproc
 497              	.LFE244:
 499              		.section	.text.MX_TIM1_Init,"ax",%progbits
 500              		.align	1
 501              		.global	MX_TIM1_Init
 502              		.syntax unified
 503              		.thumb
 504              		.thumb_func
 506              	MX_TIM1_Init:
 507              	.LFB239:
  34:Core/Src/tim.c **** 
 508              		.loc 1 34 1 is_stmt 1 view -0
 509              		.cfi_startproc
ARM GAS  /tmp/ccTVPpyD.s 			page 20


 510              		@ args = 0, pretend = 0, frame = 88
 511              		@ frame_needed = 0, uses_anonymous_args = 0
 512 0000 10B5     		push	{r4, lr}
 513              	.LCFI8:
 514              		.cfi_def_cfa_offset 8
 515              		.cfi_offset 4, -8
 516              		.cfi_offset 14, -4
 517 0002 96B0     		sub	sp, sp, #88
 518              	.LCFI9:
 519              		.cfi_def_cfa_offset 96
  40:Core/Src/tim.c ****   TIM_MasterConfigTypeDef sMasterConfig = {0};
 520              		.loc 1 40 3 view .LVU154
  40:Core/Src/tim.c ****   TIM_MasterConfigTypeDef sMasterConfig = {0};
 521              		.loc 1 40 26 is_stmt 0 view .LVU155
 522 0004 0024     		movs	r4, #0
 523 0006 1294     		str	r4, [sp, #72]
 524 0008 1394     		str	r4, [sp, #76]
 525 000a 1494     		str	r4, [sp, #80]
 526 000c 1594     		str	r4, [sp, #84]
  41:Core/Src/tim.c ****   TIM_OC_InitTypeDef sConfigOC = {0};
 527              		.loc 1 41 3 is_stmt 1 view .LVU156
  41:Core/Src/tim.c ****   TIM_OC_InitTypeDef sConfigOC = {0};
 528              		.loc 1 41 27 is_stmt 0 view .LVU157
 529 000e 1094     		str	r4, [sp, #64]
 530 0010 1194     		str	r4, [sp, #68]
  42:Core/Src/tim.c ****   TIM_BreakDeadTimeConfigTypeDef sBreakDeadTimeConfig = {0};
 531              		.loc 1 42 3 is_stmt 1 view .LVU158
  42:Core/Src/tim.c ****   TIM_BreakDeadTimeConfigTypeDef sBreakDeadTimeConfig = {0};
 532              		.loc 1 42 22 is_stmt 0 view .LVU159
 533 0012 0994     		str	r4, [sp, #36]
 534 0014 0A94     		str	r4, [sp, #40]
 535 0016 0B94     		str	r4, [sp, #44]
 536 0018 0C94     		str	r4, [sp, #48]
 537 001a 0D94     		str	r4, [sp, #52]
 538 001c 0E94     		str	r4, [sp, #56]
 539 001e 0F94     		str	r4, [sp, #60]
  43:Core/Src/tim.c **** 
 540              		.loc 1 43 3 is_stmt 1 view .LVU160
  43:Core/Src/tim.c **** 
 541              		.loc 1 43 34 is_stmt 0 view .LVU161
 542 0020 2022     		movs	r2, #32
 543 0022 2146     		mov	r1, r4
 544 0024 01A8     		add	r0, sp, #4
 545 0026 FFF7FEFF 		bl	memset
 546              	.LVL23:
  48:Core/Src/tim.c ****   htim1.Init.Prescaler = 0;
 547              		.loc 1 48 3 is_stmt 1 view .LVU162
  48:Core/Src/tim.c ****   htim1.Init.Prescaler = 0;
 548              		.loc 1 48 18 is_stmt 0 view .LVU163
 549 002a 3148     		ldr	r0, .L40
 550 002c 314B     		ldr	r3, .L40+4
 551 002e 0360     		str	r3, [r0]
  49:Core/Src/tim.c ****   htim1.Init.CounterMode = TIM_COUNTERMODE_UP;
 552              		.loc 1 49 3 is_stmt 1 view .LVU164
  49:Core/Src/tim.c ****   htim1.Init.CounterMode = TIM_COUNTERMODE_UP;
 553              		.loc 1 49 24 is_stmt 0 view .LVU165
 554 0030 4460     		str	r4, [r0, #4]
ARM GAS  /tmp/ccTVPpyD.s 			page 21


  50:Core/Src/tim.c ****   htim1.Init.Period = 65535;
 555              		.loc 1 50 3 is_stmt 1 view .LVU166
  50:Core/Src/tim.c ****   htim1.Init.Period = 65535;
 556              		.loc 1 50 26 is_stmt 0 view .LVU167
 557 0032 8460     		str	r4, [r0, #8]
  51:Core/Src/tim.c ****   htim1.Init.ClockDivision = TIM_CLOCKDIVISION_DIV1;
 558              		.loc 1 51 3 is_stmt 1 view .LVU168
  51:Core/Src/tim.c ****   htim1.Init.ClockDivision = TIM_CLOCKDIVISION_DIV1;
 559              		.loc 1 51 21 is_stmt 0 view .LVU169
 560 0034 4FF6FF73 		movw	r3, #65535
 561 0038 C360     		str	r3, [r0, #12]
  52:Core/Src/tim.c ****   htim1.Init.RepetitionCounter = 0;
 562              		.loc 1 52 3 is_stmt 1 view .LVU170
  52:Core/Src/tim.c ****   htim1.Init.RepetitionCounter = 0;
 563              		.loc 1 52 28 is_stmt 0 view .LVU171
 564 003a 0461     		str	r4, [r0, #16]
  53:Core/Src/tim.c ****   htim1.Init.AutoReloadPreload = TIM_AUTORELOAD_PRELOAD_DISABLE;
 565              		.loc 1 53 3 is_stmt 1 view .LVU172
  53:Core/Src/tim.c ****   htim1.Init.AutoReloadPreload = TIM_AUTORELOAD_PRELOAD_DISABLE;
 566              		.loc 1 53 32 is_stmt 0 view .LVU173
 567 003c 4461     		str	r4, [r0, #20]
  54:Core/Src/tim.c ****   if (HAL_TIM_Base_Init(&htim1) != HAL_OK)
 568              		.loc 1 54 3 is_stmt 1 view .LVU174
  54:Core/Src/tim.c ****   if (HAL_TIM_Base_Init(&htim1) != HAL_OK)
 569              		.loc 1 54 32 is_stmt 0 view .LVU175
 570 003e 8461     		str	r4, [r0, #24]
  55:Core/Src/tim.c ****   {
 571              		.loc 1 55 3 is_stmt 1 view .LVU176
  55:Core/Src/tim.c ****   {
 572              		.loc 1 55 7 is_stmt 0 view .LVU177
 573 0040 FFF7FEFF 		bl	HAL_TIM_Base_Init
 574              	.LVL24:
  55:Core/Src/tim.c ****   {
 575              		.loc 1 55 6 view .LVU178
 576 0044 0028     		cmp	r0, #0
 577 0046 3ED1     		bne	.L33
 578              	.L25:
  59:Core/Src/tim.c ****   if (HAL_TIM_ConfigClockSource(&htim1, &sClockSourceConfig) != HAL_OK)
 579              		.loc 1 59 3 is_stmt 1 view .LVU179
  59:Core/Src/tim.c ****   if (HAL_TIM_ConfigClockSource(&htim1, &sClockSourceConfig) != HAL_OK)
 580              		.loc 1 59 34 is_stmt 0 view .LVU180
 581 0048 4FF48053 		mov	r3, #4096
 582 004c 1293     		str	r3, [sp, #72]
  60:Core/Src/tim.c ****   {
 583              		.loc 1 60 3 is_stmt 1 view .LVU181
  60:Core/Src/tim.c ****   {
 584              		.loc 1 60 7 is_stmt 0 view .LVU182
 585 004e 12A9     		add	r1, sp, #72
 586 0050 2748     		ldr	r0, .L40
 587 0052 FFF7FEFF 		bl	HAL_TIM_ConfigClockSource
 588              	.LVL25:
  60:Core/Src/tim.c ****   {
 589              		.loc 1 60 6 view .LVU183
 590 0056 0028     		cmp	r0, #0
 591 0058 38D1     		bne	.L34
 592              	.L26:
  64:Core/Src/tim.c ****   {
ARM GAS  /tmp/ccTVPpyD.s 			page 22


 593              		.loc 1 64 3 is_stmt 1 view .LVU184
  64:Core/Src/tim.c ****   {
 594              		.loc 1 64 7 is_stmt 0 view .LVU185
 595 005a 2548     		ldr	r0, .L40
 596 005c FFF7FEFF 		bl	HAL_TIM_PWM_Init
 597              	.LVL26:
  64:Core/Src/tim.c ****   {
 598              		.loc 1 64 6 view .LVU186
 599 0060 0028     		cmp	r0, #0
 600 0062 36D1     		bne	.L35
 601              	.L27:
  68:Core/Src/tim.c ****   sMasterConfig.MasterSlaveMode = TIM_MASTERSLAVEMODE_DISABLE;
 602              		.loc 1 68 3 is_stmt 1 view .LVU187
  68:Core/Src/tim.c ****   sMasterConfig.MasterSlaveMode = TIM_MASTERSLAVEMODE_DISABLE;
 603              		.loc 1 68 37 is_stmt 0 view .LVU188
 604 0064 0023     		movs	r3, #0
 605 0066 1093     		str	r3, [sp, #64]
  69:Core/Src/tim.c ****   if (HAL_TIMEx_MasterConfigSynchronization(&htim1, &sMasterConfig) != HAL_OK)
 606              		.loc 1 69 3 is_stmt 1 view .LVU189
  69:Core/Src/tim.c ****   if (HAL_TIMEx_MasterConfigSynchronization(&htim1, &sMasterConfig) != HAL_OK)
 607              		.loc 1 69 33 is_stmt 0 view .LVU190
 608 0068 1193     		str	r3, [sp, #68]
  70:Core/Src/tim.c ****   {
 609              		.loc 1 70 3 is_stmt 1 view .LVU191
  70:Core/Src/tim.c ****   {
 610              		.loc 1 70 7 is_stmt 0 view .LVU192
 611 006a 10A9     		add	r1, sp, #64
 612 006c 2048     		ldr	r0, .L40
 613 006e FFF7FEFF 		bl	HAL_TIMEx_MasterConfigSynchronization
 614              	.LVL27:
  70:Core/Src/tim.c ****   {
 615              		.loc 1 70 6 view .LVU193
 616 0072 0028     		cmp	r0, #0
 617 0074 30D1     		bne	.L36
 618              	.L28:
  74:Core/Src/tim.c ****   sConfigOC.Pulse = 0;
 619              		.loc 1 74 3 is_stmt 1 view .LVU194
  74:Core/Src/tim.c ****   sConfigOC.Pulse = 0;
 620              		.loc 1 74 20 is_stmt 0 view .LVU195
 621 0076 6023     		movs	r3, #96
 622 0078 0993     		str	r3, [sp, #36]
  75:Core/Src/tim.c ****   sConfigOC.OCPolarity = TIM_OCPOLARITY_HIGH;
 623              		.loc 1 75 3 is_stmt 1 view .LVU196
  75:Core/Src/tim.c ****   sConfigOC.OCPolarity = TIM_OCPOLARITY_HIGH;
 624              		.loc 1 75 19 is_stmt 0 view .LVU197
 625 007a 0022     		movs	r2, #0
 626 007c 0A92     		str	r2, [sp, #40]
  76:Core/Src/tim.c ****   sConfigOC.OCNPolarity = TIM_OCNPOLARITY_HIGH;
 627              		.loc 1 76 3 is_stmt 1 view .LVU198
  76:Core/Src/tim.c ****   sConfigOC.OCNPolarity = TIM_OCNPOLARITY_HIGH;
 628              		.loc 1 76 24 is_stmt 0 view .LVU199
 629 007e 0B92     		str	r2, [sp, #44]
  77:Core/Src/tim.c ****   sConfigOC.OCFastMode = TIM_OCFAST_DISABLE;
 630              		.loc 1 77 3 is_stmt 1 view .LVU200
  77:Core/Src/tim.c ****   sConfigOC.OCFastMode = TIM_OCFAST_DISABLE;
 631              		.loc 1 77 25 is_stmt 0 view .LVU201
 632 0080 0C92     		str	r2, [sp, #48]
ARM GAS  /tmp/ccTVPpyD.s 			page 23


  78:Core/Src/tim.c ****   sConfigOC.OCIdleState = TIM_OCIDLESTATE_RESET;
 633              		.loc 1 78 3 is_stmt 1 view .LVU202
  78:Core/Src/tim.c ****   sConfigOC.OCIdleState = TIM_OCIDLESTATE_RESET;
 634              		.loc 1 78 24 is_stmt 0 view .LVU203
 635 0082 0D92     		str	r2, [sp, #52]
  79:Core/Src/tim.c ****   sConfigOC.OCNIdleState = TIM_OCNIDLESTATE_RESET;
 636              		.loc 1 79 3 is_stmt 1 view .LVU204
  79:Core/Src/tim.c ****   sConfigOC.OCNIdleState = TIM_OCNIDLESTATE_RESET;
 637              		.loc 1 79 25 is_stmt 0 view .LVU205
 638 0084 0E92     		str	r2, [sp, #56]
  80:Core/Src/tim.c ****   if (HAL_TIM_PWM_ConfigChannel(&htim1, &sConfigOC, TIM_CHANNEL_1) != HAL_OK)
 639              		.loc 1 80 3 is_stmt 1 view .LVU206
  80:Core/Src/tim.c ****   if (HAL_TIM_PWM_ConfigChannel(&htim1, &sConfigOC, TIM_CHANNEL_1) != HAL_OK)
 640              		.loc 1 80 26 is_stmt 0 view .LVU207
 641 0086 0F92     		str	r2, [sp, #60]
  81:Core/Src/tim.c ****   {
 642              		.loc 1 81 3 is_stmt 1 view .LVU208
  81:Core/Src/tim.c ****   {
 643              		.loc 1 81 7 is_stmt 0 view .LVU209
 644 0088 09A9     		add	r1, sp, #36
 645 008a 1948     		ldr	r0, .L40
 646 008c FFF7FEFF 		bl	HAL_TIM_PWM_ConfigChannel
 647              	.LVL28:
  81:Core/Src/tim.c ****   {
 648              		.loc 1 81 6 view .LVU210
 649 0090 28BB     		cbnz	r0, .L37
 650              	.L29:
  85:Core/Src/tim.c ****   {
 651              		.loc 1 85 3 is_stmt 1 view .LVU211
  85:Core/Src/tim.c ****   {
 652              		.loc 1 85 7 is_stmt 0 view .LVU212
 653 0092 0822     		movs	r2, #8
 654 0094 09A9     		add	r1, sp, #36
 655 0096 1648     		ldr	r0, .L40
 656 0098 FFF7FEFF 		bl	HAL_TIM_PWM_ConfigChannel
 657              	.LVL29:
  85:Core/Src/tim.c ****   {
 658              		.loc 1 85 6 view .LVU213
 659 009c 10BB     		cbnz	r0, .L38
 660              	.L30:
  89:Core/Src/tim.c ****   sBreakDeadTimeConfig.OffStateIDLEMode = TIM_OSSI_DISABLE;
 661              		.loc 1 89 3 is_stmt 1 view .LVU214
  89:Core/Src/tim.c ****   sBreakDeadTimeConfig.OffStateIDLEMode = TIM_OSSI_DISABLE;
 662              		.loc 1 89 40 is_stmt 0 view .LVU215
 663 009e 0023     		movs	r3, #0
 664 00a0 0193     		str	r3, [sp, #4]
  90:Core/Src/tim.c ****   sBreakDeadTimeConfig.LockLevel = TIM_LOCKLEVEL_OFF;
 665              		.loc 1 90 3 is_stmt 1 view .LVU216
  90:Core/Src/tim.c ****   sBreakDeadTimeConfig.LockLevel = TIM_LOCKLEVEL_OFF;
 666              		.loc 1 90 41 is_stmt 0 view .LVU217
 667 00a2 0293     		str	r3, [sp, #8]
  91:Core/Src/tim.c ****   sBreakDeadTimeConfig.DeadTime = 0;
 668              		.loc 1 91 3 is_stmt 1 view .LVU218
  91:Core/Src/tim.c ****   sBreakDeadTimeConfig.DeadTime = 0;
 669              		.loc 1 91 34 is_stmt 0 view .LVU219
 670 00a4 0393     		str	r3, [sp, #12]
  92:Core/Src/tim.c ****   sBreakDeadTimeConfig.BreakState = TIM_BREAK_DISABLE;
ARM GAS  /tmp/ccTVPpyD.s 			page 24


 671              		.loc 1 92 3 is_stmt 1 view .LVU220
  92:Core/Src/tim.c ****   sBreakDeadTimeConfig.BreakState = TIM_BREAK_DISABLE;
 672              		.loc 1 92 33 is_stmt 0 view .LVU221
 673 00a6 0493     		str	r3, [sp, #16]
  93:Core/Src/tim.c ****   sBreakDeadTimeConfig.BreakPolarity = TIM_BREAKPOLARITY_HIGH;
 674              		.loc 1 93 3 is_stmt 1 view .LVU222
  93:Core/Src/tim.c ****   sBreakDeadTimeConfig.BreakPolarity = TIM_BREAKPOLARITY_HIGH;
 675              		.loc 1 93 35 is_stmt 0 view .LVU223
 676 00a8 0593     		str	r3, [sp, #20]
  94:Core/Src/tim.c ****   sBreakDeadTimeConfig.AutomaticOutput = TIM_AUTOMATICOUTPUT_DISABLE;
 677              		.loc 1 94 3 is_stmt 1 view .LVU224
  94:Core/Src/tim.c ****   sBreakDeadTimeConfig.AutomaticOutput = TIM_AUTOMATICOUTPUT_DISABLE;
 678              		.loc 1 94 38 is_stmt 0 view .LVU225
 679 00aa 4FF40052 		mov	r2, #8192
 680 00ae 0692     		str	r2, [sp, #24]
  95:Core/Src/tim.c ****   if (HAL_TIMEx_ConfigBreakDeadTime(&htim1, &sBreakDeadTimeConfig) != HAL_OK)
 681              		.loc 1 95 3 is_stmt 1 view .LVU226
  95:Core/Src/tim.c ****   if (HAL_TIMEx_ConfigBreakDeadTime(&htim1, &sBreakDeadTimeConfig) != HAL_OK)
 682              		.loc 1 95 40 is_stmt 0 view .LVU227
 683 00b0 0893     		str	r3, [sp, #32]
  96:Core/Src/tim.c ****   {
 684              		.loc 1 96 3 is_stmt 1 view .LVU228
  96:Core/Src/tim.c ****   {
 685              		.loc 1 96 7 is_stmt 0 view .LVU229
 686 00b2 01A9     		add	r1, sp, #4
 687 00b4 0E48     		ldr	r0, .L40
 688 00b6 FFF7FEFF 		bl	HAL_TIMEx_ConfigBreakDeadTime
 689              	.LVL30:
  96:Core/Src/tim.c ****   {
 690              		.loc 1 96 6 view .LVU230
 691 00ba B0B9     		cbnz	r0, .L39
 692              	.L31:
 103:Core/Src/tim.c **** 
 693              		.loc 1 103 3 is_stmt 1 view .LVU231
 694 00bc 0C48     		ldr	r0, .L40
 695 00be FFF7FEFF 		bl	HAL_TIM_MspPostInit
 696              	.LVL31:
 105:Core/Src/tim.c **** /* TIM3 init function */
 697              		.loc 1 105 1 is_stmt 0 view .LVU232
 698 00c2 16B0     		add	sp, sp, #88
 699              	.LCFI10:
 700              		.cfi_remember_state
 701              		.cfi_def_cfa_offset 8
 702              		@ sp needed
 703 00c4 10BD     		pop	{r4, pc}
 704              	.L33:
 705              	.LCFI11:
 706              		.cfi_restore_state
  57:Core/Src/tim.c ****   }
 707              		.loc 1 57 5 is_stmt 1 view .LVU233
 708 00c6 FFF7FEFF 		bl	Error_Handler
 709              	.LVL32:
 710 00ca BDE7     		b	.L25
 711              	.L34:
  62:Core/Src/tim.c ****   }
 712              		.loc 1 62 5 view .LVU234
 713 00cc FFF7FEFF 		bl	Error_Handler
ARM GAS  /tmp/ccTVPpyD.s 			page 25


 714              	.LVL33:
 715 00d0 C3E7     		b	.L26
 716              	.L35:
  66:Core/Src/tim.c ****   }
 717              		.loc 1 66 5 view .LVU235
 718 00d2 FFF7FEFF 		bl	Error_Handler
 719              	.LVL34:
 720 00d6 C5E7     		b	.L27
 721              	.L36:
  72:Core/Src/tim.c ****   }
 722              		.loc 1 72 5 view .LVU236
 723 00d8 FFF7FEFF 		bl	Error_Handler
 724              	.LVL35:
 725 00dc CBE7     		b	.L28
 726              	.L37:
  83:Core/Src/tim.c ****   }
 727              		.loc 1 83 5 view .LVU237
 728 00de FFF7FEFF 		bl	Error_Handler
 729              	.LVL36:
 730 00e2 D6E7     		b	.L29
 731              	.L38:
  87:Core/Src/tim.c ****   }
 732              		.loc 1 87 5 view .LVU238
 733 00e4 FFF7FEFF 		bl	Error_Handler
 734              	.LVL37:
 735 00e8 D9E7     		b	.L30
 736              	.L39:
  98:Core/Src/tim.c ****   }
 737              		.loc 1 98 5 view .LVU239
 738 00ea FFF7FEFF 		bl	Error_Handler
 739              	.LVL38:
 740 00ee E5E7     		b	.L31
 741              	.L41:
 742              		.align	2
 743              	.L40:
 744 00f0 00000000 		.word	htim1
 745 00f4 00000140 		.word	1073807360
 746              		.cfi_endproc
 747              	.LFE239:
 749              		.section	.text.MX_TIM3_Init,"ax",%progbits
 750              		.align	1
 751              		.global	MX_TIM3_Init
 752              		.syntax unified
 753              		.thumb
 754              		.thumb_func
 756              	MX_TIM3_Init:
 757              	.LFB240:
 108:Core/Src/tim.c **** 
 758              		.loc 1 108 1 view -0
 759              		.cfi_startproc
 760              		@ args = 0, pretend = 0, frame = 56
 761              		@ frame_needed = 0, uses_anonymous_args = 0
 762 0000 00B5     		push	{lr}
 763              	.LCFI12:
 764              		.cfi_def_cfa_offset 4
 765              		.cfi_offset 14, -4
 766 0002 8FB0     		sub	sp, sp, #60
ARM GAS  /tmp/ccTVPpyD.s 			page 26


 767              	.LCFI13:
 768              		.cfi_def_cfa_offset 64
 114:Core/Src/tim.c ****   TIM_MasterConfigTypeDef sMasterConfig = {0};
 769              		.loc 1 114 3 view .LVU241
 114:Core/Src/tim.c ****   TIM_MasterConfigTypeDef sMasterConfig = {0};
 770              		.loc 1 114 26 is_stmt 0 view .LVU242
 771 0004 0023     		movs	r3, #0
 772 0006 0A93     		str	r3, [sp, #40]
 773 0008 0B93     		str	r3, [sp, #44]
 774 000a 0C93     		str	r3, [sp, #48]
 775 000c 0D93     		str	r3, [sp, #52]
 115:Core/Src/tim.c ****   TIM_OC_InitTypeDef sConfigOC = {0};
 776              		.loc 1 115 3 is_stmt 1 view .LVU243
 115:Core/Src/tim.c ****   TIM_OC_InitTypeDef sConfigOC = {0};
 777              		.loc 1 115 27 is_stmt 0 view .LVU244
 778 000e 0893     		str	r3, [sp, #32]
 779 0010 0993     		str	r3, [sp, #36]
 116:Core/Src/tim.c **** 
 780              		.loc 1 116 3 is_stmt 1 view .LVU245
 116:Core/Src/tim.c **** 
 781              		.loc 1 116 22 is_stmt 0 view .LVU246
 782 0012 0193     		str	r3, [sp, #4]
 783 0014 0293     		str	r3, [sp, #8]
 784 0016 0393     		str	r3, [sp, #12]
 785 0018 0493     		str	r3, [sp, #16]
 786 001a 0593     		str	r3, [sp, #20]
 787 001c 0693     		str	r3, [sp, #24]
 788 001e 0793     		str	r3, [sp, #28]
 121:Core/Src/tim.c ****   htim3.Init.Prescaler = 0;
 789              		.loc 1 121 3 is_stmt 1 view .LVU247
 121:Core/Src/tim.c ****   htim3.Init.Prescaler = 0;
 790              		.loc 1 121 18 is_stmt 0 view .LVU248
 791 0020 2548     		ldr	r0, .L56
 792 0022 264A     		ldr	r2, .L56+4
 793 0024 0260     		str	r2, [r0]
 122:Core/Src/tim.c ****   htim3.Init.CounterMode = TIM_COUNTERMODE_UP;
 794              		.loc 1 122 3 is_stmt 1 view .LVU249
 122:Core/Src/tim.c ****   htim3.Init.CounterMode = TIM_COUNTERMODE_UP;
 795              		.loc 1 122 24 is_stmt 0 view .LVU250
 796 0026 4360     		str	r3, [r0, #4]
 123:Core/Src/tim.c ****   htim3.Init.Period = 65535;
 797              		.loc 1 123 3 is_stmt 1 view .LVU251
 123:Core/Src/tim.c ****   htim3.Init.Period = 65535;
 798              		.loc 1 123 26 is_stmt 0 view .LVU252
 799 0028 8360     		str	r3, [r0, #8]
 124:Core/Src/tim.c ****   htim3.Init.ClockDivision = TIM_CLOCKDIVISION_DIV1;
 800              		.loc 1 124 3 is_stmt 1 view .LVU253
 124:Core/Src/tim.c ****   htim3.Init.ClockDivision = TIM_CLOCKDIVISION_DIV1;
 801              		.loc 1 124 21 is_stmt 0 view .LVU254
 802 002a 4FF6FF72 		movw	r2, #65535
 803 002e C260     		str	r2, [r0, #12]
 125:Core/Src/tim.c ****   htim3.Init.AutoReloadPreload = TIM_AUTORELOAD_PRELOAD_DISABLE;
 804              		.loc 1 125 3 is_stmt 1 view .LVU255
 125:Core/Src/tim.c ****   htim3.Init.AutoReloadPreload = TIM_AUTORELOAD_PRELOAD_DISABLE;
 805              		.loc 1 125 28 is_stmt 0 view .LVU256
 806 0030 0361     		str	r3, [r0, #16]
 126:Core/Src/tim.c ****   if (HAL_TIM_Base_Init(&htim3) != HAL_OK)
ARM GAS  /tmp/ccTVPpyD.s 			page 27


 807              		.loc 1 126 3 is_stmt 1 view .LVU257
 126:Core/Src/tim.c ****   if (HAL_TIM_Base_Init(&htim3) != HAL_OK)
 808              		.loc 1 126 32 is_stmt 0 view .LVU258
 809 0032 8361     		str	r3, [r0, #24]
 127:Core/Src/tim.c ****   {
 810              		.loc 1 127 3 is_stmt 1 view .LVU259
 127:Core/Src/tim.c ****   {
 811              		.loc 1 127 7 is_stmt 0 view .LVU260
 812 0034 FFF7FEFF 		bl	HAL_TIM_Base_Init
 813              	.LVL39:
 127:Core/Src/tim.c ****   {
 814              		.loc 1 127 6 view .LVU261
 815 0038 58BB     		cbnz	r0, .L50
 816              	.L43:
 131:Core/Src/tim.c ****   if (HAL_TIM_ConfigClockSource(&htim3, &sClockSourceConfig) != HAL_OK)
 817              		.loc 1 131 3 is_stmt 1 view .LVU262
 131:Core/Src/tim.c ****   if (HAL_TIM_ConfigClockSource(&htim3, &sClockSourceConfig) != HAL_OK)
 818              		.loc 1 131 34 is_stmt 0 view .LVU263
 819 003a 4FF48053 		mov	r3, #4096
 820 003e 0A93     		str	r3, [sp, #40]
 132:Core/Src/tim.c ****   {
 821              		.loc 1 132 3 is_stmt 1 view .LVU264
 132:Core/Src/tim.c ****   {
 822              		.loc 1 132 7 is_stmt 0 view .LVU265
 823 0040 0AA9     		add	r1, sp, #40
 824 0042 1D48     		ldr	r0, .L56
 825 0044 FFF7FEFF 		bl	HAL_TIM_ConfigClockSource
 826              	.LVL40:
 132:Core/Src/tim.c ****   {
 827              		.loc 1 132 6 view .LVU266
 828 0048 30BB     		cbnz	r0, .L51
 829              	.L44:
 136:Core/Src/tim.c ****   {
 830              		.loc 1 136 3 is_stmt 1 view .LVU267
 136:Core/Src/tim.c ****   {
 831              		.loc 1 136 7 is_stmt 0 view .LVU268
 832 004a 1B48     		ldr	r0, .L56
 833 004c FFF7FEFF 		bl	HAL_TIM_PWM_Init
 834              	.LVL41:
 136:Core/Src/tim.c ****   {
 835              		.loc 1 136 6 view .LVU269
 836 0050 28BB     		cbnz	r0, .L52
 837              	.L45:
 140:Core/Src/tim.c ****   sMasterConfig.MasterSlaveMode = TIM_MASTERSLAVEMODE_DISABLE;
 838              		.loc 1 140 3 is_stmt 1 view .LVU270
 140:Core/Src/tim.c ****   sMasterConfig.MasterSlaveMode = TIM_MASTERSLAVEMODE_DISABLE;
 839              		.loc 1 140 37 is_stmt 0 view .LVU271
 840 0052 0023     		movs	r3, #0
 841 0054 0893     		str	r3, [sp, #32]
 141:Core/Src/tim.c ****   if (HAL_TIMEx_MasterConfigSynchronization(&htim3, &sMasterConfig) != HAL_OK)
 842              		.loc 1 141 3 is_stmt 1 view .LVU272
 141:Core/Src/tim.c ****   if (HAL_TIMEx_MasterConfigSynchronization(&htim3, &sMasterConfig) != HAL_OK)
 843              		.loc 1 141 33 is_stmt 0 view .LVU273
 844 0056 0993     		str	r3, [sp, #36]
 142:Core/Src/tim.c ****   {
 845              		.loc 1 142 3 is_stmt 1 view .LVU274
 142:Core/Src/tim.c ****   {
ARM GAS  /tmp/ccTVPpyD.s 			page 28


 846              		.loc 1 142 7 is_stmt 0 view .LVU275
 847 0058 08A9     		add	r1, sp, #32
 848 005a 1748     		ldr	r0, .L56
 849 005c FFF7FEFF 		bl	HAL_TIMEx_MasterConfigSynchronization
 850              	.LVL42:
 142:Core/Src/tim.c ****   {
 851              		.loc 1 142 6 view .LVU276
 852 0060 00BB     		cbnz	r0, .L53
 853              	.L46:
 146:Core/Src/tim.c ****   sConfigOC.Pulse = 0;
 854              		.loc 1 146 3 is_stmt 1 view .LVU277
 146:Core/Src/tim.c ****   sConfigOC.Pulse = 0;
 855              		.loc 1 146 20 is_stmt 0 view .LVU278
 856 0062 6023     		movs	r3, #96
 857 0064 0193     		str	r3, [sp, #4]
 147:Core/Src/tim.c ****   sConfigOC.OCPolarity = TIM_OCPOLARITY_HIGH;
 858              		.loc 1 147 3 is_stmt 1 view .LVU279
 147:Core/Src/tim.c ****   sConfigOC.OCPolarity = TIM_OCPOLARITY_HIGH;
 859              		.loc 1 147 19 is_stmt 0 view .LVU280
 860 0066 0023     		movs	r3, #0
 861 0068 0293     		str	r3, [sp, #8]
 148:Core/Src/tim.c ****   sConfigOC.OCFastMode = TIM_OCFAST_DISABLE;
 862              		.loc 1 148 3 is_stmt 1 view .LVU281
 148:Core/Src/tim.c ****   sConfigOC.OCFastMode = TIM_OCFAST_DISABLE;
 863              		.loc 1 148 24 is_stmt 0 view .LVU282
 864 006a 0393     		str	r3, [sp, #12]
 149:Core/Src/tim.c ****   if (HAL_TIM_PWM_ConfigChannel(&htim3, &sConfigOC, TIM_CHANNEL_3) != HAL_OK)
 865              		.loc 1 149 3 is_stmt 1 view .LVU283
 149:Core/Src/tim.c ****   if (HAL_TIM_PWM_ConfigChannel(&htim3, &sConfigOC, TIM_CHANNEL_3) != HAL_OK)
 866              		.loc 1 149 24 is_stmt 0 view .LVU284
 867 006c 0593     		str	r3, [sp, #20]
 150:Core/Src/tim.c ****   {
 868              		.loc 1 150 3 is_stmt 1 view .LVU285
 150:Core/Src/tim.c ****   {
 869              		.loc 1 150 7 is_stmt 0 view .LVU286
 870 006e 0822     		movs	r2, #8
 871 0070 01A9     		add	r1, sp, #4
 872 0072 1148     		ldr	r0, .L56
 873 0074 FFF7FEFF 		bl	HAL_TIM_PWM_ConfigChannel
 874              	.LVL43:
 150:Core/Src/tim.c ****   {
 875              		.loc 1 150 6 view .LVU287
 876 0078 B8B9     		cbnz	r0, .L54
 877              	.L47:
 154:Core/Src/tim.c ****   {
 878              		.loc 1 154 3 is_stmt 1 view .LVU288
 154:Core/Src/tim.c ****   {
 879              		.loc 1 154 7 is_stmt 0 view .LVU289
 880 007a 0C22     		movs	r2, #12
 881 007c 01A9     		add	r1, sp, #4
 882 007e 0E48     		ldr	r0, .L56
 883 0080 FFF7FEFF 		bl	HAL_TIM_PWM_ConfigChannel
 884              	.LVL44:
 154:Core/Src/tim.c ****   {
 885              		.loc 1 154 6 view .LVU290
 886 0084 A0B9     		cbnz	r0, .L55
 887              	.L48:
ARM GAS  /tmp/ccTVPpyD.s 			page 29


 161:Core/Src/tim.c **** 
 888              		.loc 1 161 3 is_stmt 1 view .LVU291
 889 0086 0C48     		ldr	r0, .L56
 890 0088 FFF7FEFF 		bl	HAL_TIM_MspPostInit
 891              	.LVL45:
 163:Core/Src/tim.c **** /* TIM4 init function */
 892              		.loc 1 163 1 is_stmt 0 view .LVU292
 893 008c 0FB0     		add	sp, sp, #60
 894              	.LCFI14:
 895              		.cfi_remember_state
 896              		.cfi_def_cfa_offset 4
 897              		@ sp needed
 898 008e 5DF804FB 		ldr	pc, [sp], #4
 899              	.L50:
 900              	.LCFI15:
 901              		.cfi_restore_state
 129:Core/Src/tim.c ****   }
 902              		.loc 1 129 5 is_stmt 1 view .LVU293
 903 0092 FFF7FEFF 		bl	Error_Handler
 904              	.LVL46:
 905 0096 D0E7     		b	.L43
 906              	.L51:
 134:Core/Src/tim.c ****   }
 907              		.loc 1 134 5 view .LVU294
 908 0098 FFF7FEFF 		bl	Error_Handler
 909              	.LVL47:
 910 009c D5E7     		b	.L44
 911              	.L52:
 138:Core/Src/tim.c ****   }
 912              		.loc 1 138 5 view .LVU295
 913 009e FFF7FEFF 		bl	Error_Handler
 914              	.LVL48:
 915 00a2 D6E7     		b	.L45
 916              	.L53:
 144:Core/Src/tim.c ****   }
 917              		.loc 1 144 5 view .LVU296
 918 00a4 FFF7FEFF 		bl	Error_Handler
 919              	.LVL49:
 920 00a8 DBE7     		b	.L46
 921              	.L54:
 152:Core/Src/tim.c ****   }
 922              		.loc 1 152 5 view .LVU297
 923 00aa FFF7FEFF 		bl	Error_Handler
 924              	.LVL50:
 925 00ae E4E7     		b	.L47
 926              	.L55:
 156:Core/Src/tim.c ****   }
 927              		.loc 1 156 5 view .LVU298
 928 00b0 FFF7FEFF 		bl	Error_Handler
 929              	.LVL51:
 930 00b4 E7E7     		b	.L48
 931              	.L57:
 932 00b6 00BF     		.align	2
 933              	.L56:
 934 00b8 00000000 		.word	htim3
 935 00bc 00040040 		.word	1073742848
 936              		.cfi_endproc
ARM GAS  /tmp/ccTVPpyD.s 			page 30


 937              	.LFE240:
 939              		.section	.text.MX_TIM4_Init,"ax",%progbits
 940              		.align	1
 941              		.global	MX_TIM4_Init
 942              		.syntax unified
 943              		.thumb
 944              		.thumb_func
 946              	MX_TIM4_Init:
 947              	.LFB241:
 166:Core/Src/tim.c **** 
 948              		.loc 1 166 1 view -0
 949              		.cfi_startproc
 950              		@ args = 0, pretend = 0, frame = 56
 951              		@ frame_needed = 0, uses_anonymous_args = 0
 952 0000 00B5     		push	{lr}
 953              	.LCFI16:
 954              		.cfi_def_cfa_offset 4
 955              		.cfi_offset 14, -4
 956 0002 8FB0     		sub	sp, sp, #60
 957              	.LCFI17:
 958              		.cfi_def_cfa_offset 64
 172:Core/Src/tim.c ****   TIM_MasterConfigTypeDef sMasterConfig = {0};
 959              		.loc 1 172 3 view .LVU300
 172:Core/Src/tim.c ****   TIM_MasterConfigTypeDef sMasterConfig = {0};
 960              		.loc 1 172 26 is_stmt 0 view .LVU301
 961 0004 0023     		movs	r3, #0
 962 0006 0A93     		str	r3, [sp, #40]
 963 0008 0B93     		str	r3, [sp, #44]
 964 000a 0C93     		str	r3, [sp, #48]
 965 000c 0D93     		str	r3, [sp, #52]
 173:Core/Src/tim.c ****   TIM_OC_InitTypeDef sConfigOC = {0};
 966              		.loc 1 173 3 is_stmt 1 view .LVU302
 173:Core/Src/tim.c ****   TIM_OC_InitTypeDef sConfigOC = {0};
 967              		.loc 1 173 27 is_stmt 0 view .LVU303
 968 000e 0893     		str	r3, [sp, #32]
 969 0010 0993     		str	r3, [sp, #36]
 174:Core/Src/tim.c **** 
 970              		.loc 1 174 3 is_stmt 1 view .LVU304
 174:Core/Src/tim.c **** 
 971              		.loc 1 174 22 is_stmt 0 view .LVU305
 972 0012 0193     		str	r3, [sp, #4]
 973 0014 0293     		str	r3, [sp, #8]
 974 0016 0393     		str	r3, [sp, #12]
 975 0018 0493     		str	r3, [sp, #16]
 976 001a 0593     		str	r3, [sp, #20]
 977 001c 0693     		str	r3, [sp, #24]
 978 001e 0793     		str	r3, [sp, #28]
 179:Core/Src/tim.c ****   htim4.Init.Prescaler = 0;
 979              		.loc 1 179 3 is_stmt 1 view .LVU306
 179:Core/Src/tim.c ****   htim4.Init.Prescaler = 0;
 980              		.loc 1 179 18 is_stmt 0 view .LVU307
 981 0020 2548     		ldr	r0, .L72
 982 0022 264A     		ldr	r2, .L72+4
 983 0024 0260     		str	r2, [r0]
 180:Core/Src/tim.c ****   htim4.Init.CounterMode = TIM_COUNTERMODE_UP;
 984              		.loc 1 180 3 is_stmt 1 view .LVU308
 180:Core/Src/tim.c ****   htim4.Init.CounterMode = TIM_COUNTERMODE_UP;
ARM GAS  /tmp/ccTVPpyD.s 			page 31


 985              		.loc 1 180 24 is_stmt 0 view .LVU309
 986 0026 4360     		str	r3, [r0, #4]
 181:Core/Src/tim.c ****   htim4.Init.Period = 65535;
 987              		.loc 1 181 3 is_stmt 1 view .LVU310
 181:Core/Src/tim.c ****   htim4.Init.Period = 65535;
 988              		.loc 1 181 26 is_stmt 0 view .LVU311
 989 0028 8360     		str	r3, [r0, #8]
 182:Core/Src/tim.c ****   htim4.Init.ClockDivision = TIM_CLOCKDIVISION_DIV1;
 990              		.loc 1 182 3 is_stmt 1 view .LVU312
 182:Core/Src/tim.c ****   htim4.Init.ClockDivision = TIM_CLOCKDIVISION_DIV1;
 991              		.loc 1 182 21 is_stmt 0 view .LVU313
 992 002a 4FF6FF72 		movw	r2, #65535
 993 002e C260     		str	r2, [r0, #12]
 183:Core/Src/tim.c ****   htim4.Init.AutoReloadPreload = TIM_AUTORELOAD_PRELOAD_DISABLE;
 994              		.loc 1 183 3 is_stmt 1 view .LVU314
 183:Core/Src/tim.c ****   htim4.Init.AutoReloadPreload = TIM_AUTORELOAD_PRELOAD_DISABLE;
 995              		.loc 1 183 28 is_stmt 0 view .LVU315
 996 0030 0361     		str	r3, [r0, #16]
 184:Core/Src/tim.c ****   if (HAL_TIM_Base_Init(&htim4) != HAL_OK)
 997              		.loc 1 184 3 is_stmt 1 view .LVU316
 184:Core/Src/tim.c ****   if (HAL_TIM_Base_Init(&htim4) != HAL_OK)
 998              		.loc 1 184 32 is_stmt 0 view .LVU317
 999 0032 8361     		str	r3, [r0, #24]
 185:Core/Src/tim.c ****   {
 1000              		.loc 1 185 3 is_stmt 1 view .LVU318
 185:Core/Src/tim.c ****   {
 1001              		.loc 1 185 7 is_stmt 0 view .LVU319
 1002 0034 FFF7FEFF 		bl	HAL_TIM_Base_Init
 1003              	.LVL52:
 185:Core/Src/tim.c ****   {
 1004              		.loc 1 185 6 view .LVU320
 1005 0038 58BB     		cbnz	r0, .L66
 1006              	.L59:
 189:Core/Src/tim.c ****   if (HAL_TIM_ConfigClockSource(&htim4, &sClockSourceConfig) != HAL_OK)
 1007              		.loc 1 189 3 is_stmt 1 view .LVU321
 189:Core/Src/tim.c ****   if (HAL_TIM_ConfigClockSource(&htim4, &sClockSourceConfig) != HAL_OK)
 1008              		.loc 1 189 34 is_stmt 0 view .LVU322
 1009 003a 4FF48053 		mov	r3, #4096
 1010 003e 0A93     		str	r3, [sp, #40]
 190:Core/Src/tim.c ****   {
 1011              		.loc 1 190 3 is_stmt 1 view .LVU323
 190:Core/Src/tim.c ****   {
 1012              		.loc 1 190 7 is_stmt 0 view .LVU324
 1013 0040 0AA9     		add	r1, sp, #40
 1014 0042 1D48     		ldr	r0, .L72
 1015 0044 FFF7FEFF 		bl	HAL_TIM_ConfigClockSource
 1016              	.LVL53:
 190:Core/Src/tim.c ****   {
 1017              		.loc 1 190 6 view .LVU325
 1018 0048 30BB     		cbnz	r0, .L67
 1019              	.L60:
 194:Core/Src/tim.c ****   {
 1020              		.loc 1 194 3 is_stmt 1 view .LVU326
 194:Core/Src/tim.c ****   {
 1021              		.loc 1 194 7 is_stmt 0 view .LVU327
 1022 004a 1B48     		ldr	r0, .L72
 1023 004c FFF7FEFF 		bl	HAL_TIM_PWM_Init
ARM GAS  /tmp/ccTVPpyD.s 			page 32


 1024              	.LVL54:
 194:Core/Src/tim.c ****   {
 1025              		.loc 1 194 6 view .LVU328
 1026 0050 28BB     		cbnz	r0, .L68
 1027              	.L61:
 198:Core/Src/tim.c ****   sMasterConfig.MasterSlaveMode = TIM_MASTERSLAVEMODE_DISABLE;
 1028              		.loc 1 198 3 is_stmt 1 view .LVU329
 198:Core/Src/tim.c ****   sMasterConfig.MasterSlaveMode = TIM_MASTERSLAVEMODE_DISABLE;
 1029              		.loc 1 198 37 is_stmt 0 view .LVU330
 1030 0052 0023     		movs	r3, #0
 1031 0054 0893     		str	r3, [sp, #32]
 199:Core/Src/tim.c ****   if (HAL_TIMEx_MasterConfigSynchronization(&htim4, &sMasterConfig) != HAL_OK)
 1032              		.loc 1 199 3 is_stmt 1 view .LVU331
 199:Core/Src/tim.c ****   if (HAL_TIMEx_MasterConfigSynchronization(&htim4, &sMasterConfig) != HAL_OK)
 1033              		.loc 1 199 33 is_stmt 0 view .LVU332
 1034 0056 0993     		str	r3, [sp, #36]
 200:Core/Src/tim.c ****   {
 1035              		.loc 1 200 3 is_stmt 1 view .LVU333
 200:Core/Src/tim.c ****   {
 1036              		.loc 1 200 7 is_stmt 0 view .LVU334
 1037 0058 08A9     		add	r1, sp, #32
 1038 005a 1748     		ldr	r0, .L72
 1039 005c FFF7FEFF 		bl	HAL_TIMEx_MasterConfigSynchronization
 1040              	.LVL55:
 200:Core/Src/tim.c ****   {
 1041              		.loc 1 200 6 view .LVU335
 1042 0060 00BB     		cbnz	r0, .L69
 1043              	.L62:
 204:Core/Src/tim.c ****   sConfigOC.Pulse = 0;
 1044              		.loc 1 204 3 is_stmt 1 view .LVU336
 204:Core/Src/tim.c ****   sConfigOC.Pulse = 0;
 1045              		.loc 1 204 20 is_stmt 0 view .LVU337
 1046 0062 6023     		movs	r3, #96
 1047 0064 0193     		str	r3, [sp, #4]
 205:Core/Src/tim.c ****   sConfigOC.OCPolarity = TIM_OCPOLARITY_HIGH;
 1048              		.loc 1 205 3 is_stmt 1 view .LVU338
 205:Core/Src/tim.c ****   sConfigOC.OCPolarity = TIM_OCPOLARITY_HIGH;
 1049              		.loc 1 205 19 is_stmt 0 view .LVU339
 1050 0066 0022     		movs	r2, #0
 1051 0068 0292     		str	r2, [sp, #8]
 206:Core/Src/tim.c ****   sConfigOC.OCFastMode = TIM_OCFAST_DISABLE;
 1052              		.loc 1 206 3 is_stmt 1 view .LVU340
 206:Core/Src/tim.c ****   sConfigOC.OCFastMode = TIM_OCFAST_DISABLE;
 1053              		.loc 1 206 24 is_stmt 0 view .LVU341
 1054 006a 0392     		str	r2, [sp, #12]
 207:Core/Src/tim.c ****   if (HAL_TIM_PWM_ConfigChannel(&htim4, &sConfigOC, TIM_CHANNEL_1) != HAL_OK)
 1055              		.loc 1 207 3 is_stmt 1 view .LVU342
 207:Core/Src/tim.c ****   if (HAL_TIM_PWM_ConfigChannel(&htim4, &sConfigOC, TIM_CHANNEL_1) != HAL_OK)
 1056              		.loc 1 207 24 is_stmt 0 view .LVU343
 1057 006c 0592     		str	r2, [sp, #20]
 208:Core/Src/tim.c ****   {
 1058              		.loc 1 208 3 is_stmt 1 view .LVU344
 208:Core/Src/tim.c ****   {
 1059              		.loc 1 208 7 is_stmt 0 view .LVU345
 1060 006e 01A9     		add	r1, sp, #4
 1061 0070 1148     		ldr	r0, .L72
 1062 0072 FFF7FEFF 		bl	HAL_TIM_PWM_ConfigChannel
ARM GAS  /tmp/ccTVPpyD.s 			page 33


 1063              	.LVL56:
 208:Core/Src/tim.c ****   {
 1064              		.loc 1 208 6 view .LVU346
 1065 0076 C0B9     		cbnz	r0, .L70
 1066              	.L63:
 212:Core/Src/tim.c ****   {
 1067              		.loc 1 212 3 is_stmt 1 view .LVU347
 212:Core/Src/tim.c ****   {
 1068              		.loc 1 212 7 is_stmt 0 view .LVU348
 1069 0078 0422     		movs	r2, #4
 1070 007a 0DEB0201 		add	r1, sp, r2
 1071 007e 0E48     		ldr	r0, .L72
 1072 0080 FFF7FEFF 		bl	HAL_TIM_PWM_ConfigChannel
 1073              	.LVL57:
 212:Core/Src/tim.c ****   {
 1074              		.loc 1 212 6 view .LVU349
 1075 0084 A0B9     		cbnz	r0, .L71
 1076              	.L64:
 219:Core/Src/tim.c **** 
 1077              		.loc 1 219 3 is_stmt 1 view .LVU350
 1078 0086 0C48     		ldr	r0, .L72
 1079 0088 FFF7FEFF 		bl	HAL_TIM_MspPostInit
 1080              	.LVL58:
 221:Core/Src/tim.c **** /* TIM8 init function */
 1081              		.loc 1 221 1 is_stmt 0 view .LVU351
 1082 008c 0FB0     		add	sp, sp, #60
 1083              	.LCFI18:
 1084              		.cfi_remember_state
 1085              		.cfi_def_cfa_offset 4
 1086              		@ sp needed
 1087 008e 5DF804FB 		ldr	pc, [sp], #4
 1088              	.L66:
 1089              	.LCFI19:
 1090              		.cfi_restore_state
 187:Core/Src/tim.c ****   }
 1091              		.loc 1 187 5 is_stmt 1 view .LVU352
 1092 0092 FFF7FEFF 		bl	Error_Handler
 1093              	.LVL59:
 1094 0096 D0E7     		b	.L59
 1095              	.L67:
 192:Core/Src/tim.c ****   }
 1096              		.loc 1 192 5 view .LVU353
 1097 0098 FFF7FEFF 		bl	Error_Handler
 1098              	.LVL60:
 1099 009c D5E7     		b	.L60
 1100              	.L68:
 196:Core/Src/tim.c ****   }
 1101              		.loc 1 196 5 view .LVU354
 1102 009e FFF7FEFF 		bl	Error_Handler
 1103              	.LVL61:
 1104 00a2 D6E7     		b	.L61
 1105              	.L69:
 202:Core/Src/tim.c ****   }
 1106              		.loc 1 202 5 view .LVU355
 1107 00a4 FFF7FEFF 		bl	Error_Handler
 1108              	.LVL62:
 1109 00a8 DBE7     		b	.L62
ARM GAS  /tmp/ccTVPpyD.s 			page 34


 1110              	.L70:
 210:Core/Src/tim.c ****   }
 1111              		.loc 1 210 5 view .LVU356
 1112 00aa FFF7FEFF 		bl	Error_Handler
 1113              	.LVL63:
 1114 00ae E3E7     		b	.L63
 1115              	.L71:
 214:Core/Src/tim.c ****   }
 1116              		.loc 1 214 5 view .LVU357
 1117 00b0 FFF7FEFF 		bl	Error_Handler
 1118              	.LVL64:
 1119 00b4 E7E7     		b	.L64
 1120              	.L73:
 1121 00b6 00BF     		.align	2
 1122              	.L72:
 1123 00b8 00000000 		.word	htim4
 1124 00bc 00080040 		.word	1073743872
 1125              		.cfi_endproc
 1126              	.LFE241:
 1128              		.section	.text.MX_TIM8_Init,"ax",%progbits
 1129              		.align	1
 1130              		.global	MX_TIM8_Init
 1131              		.syntax unified
 1132              		.thumb
 1133              		.thumb_func
 1135              	MX_TIM8_Init:
 1136              	.LFB242:
 224:Core/Src/tim.c **** 
 1137              		.loc 1 224 1 view -0
 1138              		.cfi_startproc
 1139              		@ args = 0, pretend = 0, frame = 88
 1140              		@ frame_needed = 0, uses_anonymous_args = 0
 1141 0000 10B5     		push	{r4, lr}
 1142              	.LCFI20:
 1143              		.cfi_def_cfa_offset 8
 1144              		.cfi_offset 4, -8
 1145              		.cfi_offset 14, -4
 1146 0002 96B0     		sub	sp, sp, #88
 1147              	.LCFI21:
 1148              		.cfi_def_cfa_offset 96
 230:Core/Src/tim.c ****   TIM_MasterConfigTypeDef sMasterConfig = {0};
 1149              		.loc 1 230 3 view .LVU359
 230:Core/Src/tim.c ****   TIM_MasterConfigTypeDef sMasterConfig = {0};
 1150              		.loc 1 230 26 is_stmt 0 view .LVU360
 1151 0004 0024     		movs	r4, #0
 1152 0006 1294     		str	r4, [sp, #72]
 1153 0008 1394     		str	r4, [sp, #76]
 1154 000a 1494     		str	r4, [sp, #80]
 1155 000c 1594     		str	r4, [sp, #84]
 231:Core/Src/tim.c ****   TIM_OC_InitTypeDef sConfigOC = {0};
 1156              		.loc 1 231 3 is_stmt 1 view .LVU361
 231:Core/Src/tim.c ****   TIM_OC_InitTypeDef sConfigOC = {0};
 1157              		.loc 1 231 27 is_stmt 0 view .LVU362
 1158 000e 1094     		str	r4, [sp, #64]
 1159 0010 1194     		str	r4, [sp, #68]
 232:Core/Src/tim.c ****   TIM_BreakDeadTimeConfigTypeDef sBreakDeadTimeConfig = {0};
 1160              		.loc 1 232 3 is_stmt 1 view .LVU363
ARM GAS  /tmp/ccTVPpyD.s 			page 35


 232:Core/Src/tim.c ****   TIM_BreakDeadTimeConfigTypeDef sBreakDeadTimeConfig = {0};
 1161              		.loc 1 232 22 is_stmt 0 view .LVU364
 1162 0012 0994     		str	r4, [sp, #36]
 1163 0014 0A94     		str	r4, [sp, #40]
 1164 0016 0B94     		str	r4, [sp, #44]
 1165 0018 0C94     		str	r4, [sp, #48]
 1166 001a 0D94     		str	r4, [sp, #52]
 1167 001c 0E94     		str	r4, [sp, #56]
 1168 001e 0F94     		str	r4, [sp, #60]
 233:Core/Src/tim.c **** 
 1169              		.loc 1 233 3 is_stmt 1 view .LVU365
 233:Core/Src/tim.c **** 
 1170              		.loc 1 233 34 is_stmt 0 view .LVU366
 1171 0020 2022     		movs	r2, #32
 1172 0022 2146     		mov	r1, r4
 1173 0024 01A8     		add	r0, sp, #4
 1174 0026 FFF7FEFF 		bl	memset
 1175              	.LVL65:
 238:Core/Src/tim.c ****   htim8.Init.Prescaler = 0;
 1176              		.loc 1 238 3 is_stmt 1 view .LVU367
 238:Core/Src/tim.c ****   htim8.Init.Prescaler = 0;
 1177              		.loc 1 238 18 is_stmt 0 view .LVU368
 1178 002a 3648     		ldr	r0, .L92
 1179 002c 364B     		ldr	r3, .L92+4
 1180 002e 0360     		str	r3, [r0]
 239:Core/Src/tim.c ****   htim8.Init.CounterMode = TIM_COUNTERMODE_UP;
 1181              		.loc 1 239 3 is_stmt 1 view .LVU369
 239:Core/Src/tim.c ****   htim8.Init.CounterMode = TIM_COUNTERMODE_UP;
 1182              		.loc 1 239 24 is_stmt 0 view .LVU370
 1183 0030 4460     		str	r4, [r0, #4]
 240:Core/Src/tim.c ****   htim8.Init.Period = 65535;
 1184              		.loc 1 240 3 is_stmt 1 view .LVU371
 240:Core/Src/tim.c ****   htim8.Init.Period = 65535;
 1185              		.loc 1 240 26 is_stmt 0 view .LVU372
 1186 0032 8460     		str	r4, [r0, #8]
 241:Core/Src/tim.c ****   htim8.Init.ClockDivision = TIM_CLOCKDIVISION_DIV1;
 1187              		.loc 1 241 3 is_stmt 1 view .LVU373
 241:Core/Src/tim.c ****   htim8.Init.ClockDivision = TIM_CLOCKDIVISION_DIV1;
 1188              		.loc 1 241 21 is_stmt 0 view .LVU374
 1189 0034 4FF6FF73 		movw	r3, #65535
 1190 0038 C360     		str	r3, [r0, #12]
 242:Core/Src/tim.c ****   htim8.Init.RepetitionCounter = 0;
 1191              		.loc 1 242 3 is_stmt 1 view .LVU375
 242:Core/Src/tim.c ****   htim8.Init.RepetitionCounter = 0;
 1192              		.loc 1 242 28 is_stmt 0 view .LVU376
 1193 003a 0461     		str	r4, [r0, #16]
 243:Core/Src/tim.c ****   htim8.Init.AutoReloadPreload = TIM_AUTORELOAD_PRELOAD_DISABLE;
 1194              		.loc 1 243 3 is_stmt 1 view .LVU377
 243:Core/Src/tim.c ****   htim8.Init.AutoReloadPreload = TIM_AUTORELOAD_PRELOAD_DISABLE;
 1195              		.loc 1 243 32 is_stmt 0 view .LVU378
 1196 003c 4461     		str	r4, [r0, #20]
 244:Core/Src/tim.c ****   if (HAL_TIM_Base_Init(&htim8) != HAL_OK)
 1197              		.loc 1 244 3 is_stmt 1 view .LVU379
 244:Core/Src/tim.c ****   if (HAL_TIM_Base_Init(&htim8) != HAL_OK)
 1198              		.loc 1 244 32 is_stmt 0 view .LVU380
 1199 003e 8461     		str	r4, [r0, #24]
 245:Core/Src/tim.c ****   {
ARM GAS  /tmp/ccTVPpyD.s 			page 36


 1200              		.loc 1 245 3 is_stmt 1 view .LVU381
 245:Core/Src/tim.c ****   {
 1201              		.loc 1 245 7 is_stmt 0 view .LVU382
 1202 0040 FFF7FEFF 		bl	HAL_TIM_Base_Init
 1203              	.LVL66:
 245:Core/Src/tim.c ****   {
 1204              		.loc 1 245 6 view .LVU383
 1205 0044 0028     		cmp	r0, #0
 1206 0046 45D1     		bne	.L84
 1207              	.L75:
 249:Core/Src/tim.c ****   if (HAL_TIM_ConfigClockSource(&htim8, &sClockSourceConfig) != HAL_OK)
 1208              		.loc 1 249 3 is_stmt 1 view .LVU384
 249:Core/Src/tim.c ****   if (HAL_TIM_ConfigClockSource(&htim8, &sClockSourceConfig) != HAL_OK)
 1209              		.loc 1 249 34 is_stmt 0 view .LVU385
 1210 0048 4FF48053 		mov	r3, #4096
 1211 004c 1293     		str	r3, [sp, #72]
 250:Core/Src/tim.c ****   {
 1212              		.loc 1 250 3 is_stmt 1 view .LVU386
 250:Core/Src/tim.c ****   {
 1213              		.loc 1 250 7 is_stmt 0 view .LVU387
 1214 004e 12A9     		add	r1, sp, #72
 1215 0050 2C48     		ldr	r0, .L92
 1216 0052 FFF7FEFF 		bl	HAL_TIM_ConfigClockSource
 1217              	.LVL67:
 250:Core/Src/tim.c ****   {
 1218              		.loc 1 250 6 view .LVU388
 1219 0056 0028     		cmp	r0, #0
 1220 0058 3FD1     		bne	.L85
 1221              	.L76:
 254:Core/Src/tim.c ****   {
 1222              		.loc 1 254 3 is_stmt 1 view .LVU389
 254:Core/Src/tim.c ****   {
 1223              		.loc 1 254 7 is_stmt 0 view .LVU390
 1224 005a 2A48     		ldr	r0, .L92
 1225 005c FFF7FEFF 		bl	HAL_TIM_PWM_Init
 1226              	.LVL68:
 254:Core/Src/tim.c ****   {
 1227              		.loc 1 254 6 view .LVU391
 1228 0060 0028     		cmp	r0, #0
 1229 0062 3DD1     		bne	.L86
 1230              	.L77:
 258:Core/Src/tim.c ****   sMasterConfig.MasterSlaveMode = TIM_MASTERSLAVEMODE_DISABLE;
 1231              		.loc 1 258 3 is_stmt 1 view .LVU392
 258:Core/Src/tim.c ****   sMasterConfig.MasterSlaveMode = TIM_MASTERSLAVEMODE_DISABLE;
 1232              		.loc 1 258 37 is_stmt 0 view .LVU393
 1233 0064 0023     		movs	r3, #0
 1234 0066 1093     		str	r3, [sp, #64]
 259:Core/Src/tim.c ****   if (HAL_TIMEx_MasterConfigSynchronization(&htim8, &sMasterConfig) != HAL_OK)
 1235              		.loc 1 259 3 is_stmt 1 view .LVU394
 259:Core/Src/tim.c ****   if (HAL_TIMEx_MasterConfigSynchronization(&htim8, &sMasterConfig) != HAL_OK)
 1236              		.loc 1 259 33 is_stmt 0 view .LVU395
 1237 0068 1193     		str	r3, [sp, #68]
 260:Core/Src/tim.c ****   {
 1238              		.loc 1 260 3 is_stmt 1 view .LVU396
 260:Core/Src/tim.c ****   {
 1239              		.loc 1 260 7 is_stmt 0 view .LVU397
 1240 006a 10A9     		add	r1, sp, #64
ARM GAS  /tmp/ccTVPpyD.s 			page 37


 1241 006c 2548     		ldr	r0, .L92
 1242 006e FFF7FEFF 		bl	HAL_TIMEx_MasterConfigSynchronization
 1243              	.LVL69:
 260:Core/Src/tim.c ****   {
 1244              		.loc 1 260 6 view .LVU398
 1245 0072 0028     		cmp	r0, #0
 1246 0074 37D1     		bne	.L87
 1247              	.L78:
 264:Core/Src/tim.c ****   sConfigOC.Pulse = 0;
 1248              		.loc 1 264 3 is_stmt 1 view .LVU399
 264:Core/Src/tim.c ****   sConfigOC.Pulse = 0;
 1249              		.loc 1 264 20 is_stmt 0 view .LVU400
 1250 0076 6023     		movs	r3, #96
 1251 0078 0993     		str	r3, [sp, #36]
 265:Core/Src/tim.c ****   sConfigOC.OCPolarity = TIM_OCPOLARITY_HIGH;
 1252              		.loc 1 265 3 is_stmt 1 view .LVU401
 265:Core/Src/tim.c ****   sConfigOC.OCPolarity = TIM_OCPOLARITY_HIGH;
 1253              		.loc 1 265 19 is_stmt 0 view .LVU402
 1254 007a 0023     		movs	r3, #0
 1255 007c 0A93     		str	r3, [sp, #40]
 266:Core/Src/tim.c ****   sConfigOC.OCNPolarity = TIM_OCNPOLARITY_HIGH;
 1256              		.loc 1 266 3 is_stmt 1 view .LVU403
 266:Core/Src/tim.c ****   sConfigOC.OCNPolarity = TIM_OCNPOLARITY_HIGH;
 1257              		.loc 1 266 24 is_stmt 0 view .LVU404
 1258 007e 0B93     		str	r3, [sp, #44]
 267:Core/Src/tim.c ****   sConfigOC.OCFastMode = TIM_OCFAST_DISABLE;
 1259              		.loc 1 267 3 is_stmt 1 view .LVU405
 267:Core/Src/tim.c ****   sConfigOC.OCFastMode = TIM_OCFAST_DISABLE;
 1260              		.loc 1 267 25 is_stmt 0 view .LVU406
 1261 0080 0C93     		str	r3, [sp, #48]
 268:Core/Src/tim.c ****   sConfigOC.OCIdleState = TIM_OCIDLESTATE_RESET;
 1262              		.loc 1 268 3 is_stmt 1 view .LVU407
 268:Core/Src/tim.c ****   sConfigOC.OCIdleState = TIM_OCIDLESTATE_RESET;
 1263              		.loc 1 268 24 is_stmt 0 view .LVU408
 1264 0082 0D93     		str	r3, [sp, #52]
 269:Core/Src/tim.c ****   sConfigOC.OCNIdleState = TIM_OCNIDLESTATE_RESET;
 1265              		.loc 1 269 3 is_stmt 1 view .LVU409
 269:Core/Src/tim.c ****   sConfigOC.OCNIdleState = TIM_OCNIDLESTATE_RESET;
 1266              		.loc 1 269 25 is_stmt 0 view .LVU410
 1267 0084 0E93     		str	r3, [sp, #56]
 270:Core/Src/tim.c ****   if (HAL_TIM_PWM_ConfigChannel(&htim8, &sConfigOC, TIM_CHANNEL_2) != HAL_OK)
 1268              		.loc 1 270 3 is_stmt 1 view .LVU411
 270:Core/Src/tim.c ****   if (HAL_TIM_PWM_ConfigChannel(&htim8, &sConfigOC, TIM_CHANNEL_2) != HAL_OK)
 1269              		.loc 1 270 26 is_stmt 0 view .LVU412
 1270 0086 0F93     		str	r3, [sp, #60]
 271:Core/Src/tim.c ****   {
 1271              		.loc 1 271 3 is_stmt 1 view .LVU413
 271:Core/Src/tim.c ****   {
 1272              		.loc 1 271 7 is_stmt 0 view .LVU414
 1273 0088 0422     		movs	r2, #4
 1274 008a 09A9     		add	r1, sp, #36
 1275 008c 1D48     		ldr	r0, .L92
 1276 008e FFF7FEFF 		bl	HAL_TIM_PWM_ConfigChannel
 1277              	.LVL70:
 271:Core/Src/tim.c ****   {
 1278              		.loc 1 271 6 view .LVU415
 1279 0092 58BB     		cbnz	r0, .L88
ARM GAS  /tmp/ccTVPpyD.s 			page 38


 1280              	.L79:
 275:Core/Src/tim.c ****   {
 1281              		.loc 1 275 3 is_stmt 1 view .LVU416
 275:Core/Src/tim.c ****   {
 1282              		.loc 1 275 7 is_stmt 0 view .LVU417
 1283 0094 0822     		movs	r2, #8
 1284 0096 09A9     		add	r1, sp, #36
 1285 0098 1A48     		ldr	r0, .L92
 1286 009a FFF7FEFF 		bl	HAL_TIM_PWM_ConfigChannel
 1287              	.LVL71:
 275:Core/Src/tim.c ****   {
 1288              		.loc 1 275 6 view .LVU418
 1289 009e 40BB     		cbnz	r0, .L89
 1290              	.L80:
 279:Core/Src/tim.c ****   {
 1291              		.loc 1 279 3 is_stmt 1 view .LVU419
 279:Core/Src/tim.c ****   {
 1292              		.loc 1 279 7 is_stmt 0 view .LVU420
 1293 00a0 0C22     		movs	r2, #12
 1294 00a2 09A9     		add	r1, sp, #36
 1295 00a4 1748     		ldr	r0, .L92
 1296 00a6 FFF7FEFF 		bl	HAL_TIM_PWM_ConfigChannel
 1297              	.LVL72:
 279:Core/Src/tim.c ****   {
 1298              		.loc 1 279 6 view .LVU421
 1299 00aa 28BB     		cbnz	r0, .L90
 1300              	.L81:
 283:Core/Src/tim.c ****   sBreakDeadTimeConfig.OffStateIDLEMode = TIM_OSSI_DISABLE;
 1301              		.loc 1 283 3 is_stmt 1 view .LVU422
 283:Core/Src/tim.c ****   sBreakDeadTimeConfig.OffStateIDLEMode = TIM_OSSI_DISABLE;
 1302              		.loc 1 283 40 is_stmt 0 view .LVU423
 1303 00ac 0023     		movs	r3, #0
 1304 00ae 0193     		str	r3, [sp, #4]
 284:Core/Src/tim.c ****   sBreakDeadTimeConfig.LockLevel = TIM_LOCKLEVEL_OFF;
 1305              		.loc 1 284 3 is_stmt 1 view .LVU424
 284:Core/Src/tim.c ****   sBreakDeadTimeConfig.LockLevel = TIM_LOCKLEVEL_OFF;
 1306              		.loc 1 284 41 is_stmt 0 view .LVU425
 1307 00b0 0293     		str	r3, [sp, #8]
 285:Core/Src/tim.c ****   sBreakDeadTimeConfig.DeadTime = 0;
 1308              		.loc 1 285 3 is_stmt 1 view .LVU426
 285:Core/Src/tim.c ****   sBreakDeadTimeConfig.DeadTime = 0;
 1309              		.loc 1 285 34 is_stmt 0 view .LVU427
 1310 00b2 0393     		str	r3, [sp, #12]
 286:Core/Src/tim.c ****   sBreakDeadTimeConfig.BreakState = TIM_BREAK_DISABLE;
 1311              		.loc 1 286 3 is_stmt 1 view .LVU428
 286:Core/Src/tim.c ****   sBreakDeadTimeConfig.BreakState = TIM_BREAK_DISABLE;
 1312              		.loc 1 286 33 is_stmt 0 view .LVU429
 1313 00b4 0493     		str	r3, [sp, #16]
 287:Core/Src/tim.c ****   sBreakDeadTimeConfig.BreakPolarity = TIM_BREAKPOLARITY_HIGH;
 1314              		.loc 1 287 3 is_stmt 1 view .LVU430
 287:Core/Src/tim.c ****   sBreakDeadTimeConfig.BreakPolarity = TIM_BREAKPOLARITY_HIGH;
 1315              		.loc 1 287 35 is_stmt 0 view .LVU431
 1316 00b6 0593     		str	r3, [sp, #20]
 288:Core/Src/tim.c ****   sBreakDeadTimeConfig.AutomaticOutput = TIM_AUTOMATICOUTPUT_DISABLE;
 1317              		.loc 1 288 3 is_stmt 1 view .LVU432
 288:Core/Src/tim.c ****   sBreakDeadTimeConfig.AutomaticOutput = TIM_AUTOMATICOUTPUT_DISABLE;
 1318              		.loc 1 288 38 is_stmt 0 view .LVU433
ARM GAS  /tmp/ccTVPpyD.s 			page 39


 1319 00b8 4FF40052 		mov	r2, #8192
 1320 00bc 0692     		str	r2, [sp, #24]
 289:Core/Src/tim.c ****   if (HAL_TIMEx_ConfigBreakDeadTime(&htim8, &sBreakDeadTimeConfig) != HAL_OK)
 1321              		.loc 1 289 3 is_stmt 1 view .LVU434
 289:Core/Src/tim.c ****   if (HAL_TIMEx_ConfigBreakDeadTime(&htim8, &sBreakDeadTimeConfig) != HAL_OK)
 1322              		.loc 1 289 40 is_stmt 0 view .LVU435
 1323 00be 0893     		str	r3, [sp, #32]
 290:Core/Src/tim.c ****   {
 1324              		.loc 1 290 3 is_stmt 1 view .LVU436
 290:Core/Src/tim.c ****   {
 1325              		.loc 1 290 7 is_stmt 0 view .LVU437
 1326 00c0 01A9     		add	r1, sp, #4
 1327 00c2 1048     		ldr	r0, .L92
 1328 00c4 FFF7FEFF 		bl	HAL_TIMEx_ConfigBreakDeadTime
 1329              	.LVL73:
 290:Core/Src/tim.c ****   {
 1330              		.loc 1 290 6 view .LVU438
 1331 00c8 C8B9     		cbnz	r0, .L91
 1332              	.L82:
 297:Core/Src/tim.c **** 
 1333              		.loc 1 297 3 is_stmt 1 view .LVU439
 1334 00ca 0E48     		ldr	r0, .L92
 1335 00cc FFF7FEFF 		bl	HAL_TIM_MspPostInit
 1336              	.LVL74:
 299:Core/Src/tim.c **** 
 1337              		.loc 1 299 1 is_stmt 0 view .LVU440
 1338 00d0 16B0     		add	sp, sp, #88
 1339              	.LCFI22:
 1340              		.cfi_remember_state
 1341              		.cfi_def_cfa_offset 8
 1342              		@ sp needed
 1343 00d2 10BD     		pop	{r4, pc}
 1344              	.L84:
 1345              	.LCFI23:
 1346              		.cfi_restore_state
 247:Core/Src/tim.c ****   }
 1347              		.loc 1 247 5 is_stmt 1 view .LVU441
 1348 00d4 FFF7FEFF 		bl	Error_Handler
 1349              	.LVL75:
 1350 00d8 B6E7     		b	.L75
 1351              	.L85:
 252:Core/Src/tim.c ****   }
 1352              		.loc 1 252 5 view .LVU442
 1353 00da FFF7FEFF 		bl	Error_Handler
 1354              	.LVL76:
 1355 00de BCE7     		b	.L76
 1356              	.L86:
 256:Core/Src/tim.c ****   }
 1357              		.loc 1 256 5 view .LVU443
 1358 00e0 FFF7FEFF 		bl	Error_Handler
 1359              	.LVL77:
 1360 00e4 BEE7     		b	.L77
 1361              	.L87:
 262:Core/Src/tim.c ****   }
 1362              		.loc 1 262 5 view .LVU444
 1363 00e6 FFF7FEFF 		bl	Error_Handler
 1364              	.LVL78:
ARM GAS  /tmp/ccTVPpyD.s 			page 40


 1365 00ea C4E7     		b	.L78
 1366              	.L88:
 273:Core/Src/tim.c ****   }
 1367              		.loc 1 273 5 view .LVU445
 1368 00ec FFF7FEFF 		bl	Error_Handler
 1369              	.LVL79:
 1370 00f0 D0E7     		b	.L79
 1371              	.L89:
 277:Core/Src/tim.c ****   }
 1372              		.loc 1 277 5 view .LVU446
 1373 00f2 FFF7FEFF 		bl	Error_Handler
 1374              	.LVL80:
 1375 00f6 D3E7     		b	.L80
 1376              	.L90:
 281:Core/Src/tim.c ****   }
 1377              		.loc 1 281 5 view .LVU447
 1378 00f8 FFF7FEFF 		bl	Error_Handler
 1379              	.LVL81:
 1380 00fc D6E7     		b	.L81
 1381              	.L91:
 292:Core/Src/tim.c ****   }
 1382              		.loc 1 292 5 view .LVU448
 1383 00fe FFF7FEFF 		bl	Error_Handler
 1384              	.LVL82:
 1385 0102 E2E7     		b	.L82
 1386              	.L93:
 1387              		.align	2
 1388              	.L92:
 1389 0104 00000000 		.word	htim8
 1390 0108 00040140 		.word	1073808384
 1391              		.cfi_endproc
 1392              	.LFE242:
 1394              		.section	.text.HAL_TIM_Base_MspDeInit,"ax",%progbits
 1395              		.align	1
 1396              		.global	HAL_TIM_Base_MspDeInit
 1397              		.syntax unified
 1398              		.thumb
 1399              		.thumb_func
 1401              	HAL_TIM_Base_MspDeInit:
 1402              	.LVL83:
 1403              	.LFB245:
 463:Core/Src/tim.c **** 
 464:Core/Src/tim.c **** void HAL_TIM_Base_MspDeInit(TIM_HandleTypeDef* tim_baseHandle)
 465:Core/Src/tim.c **** {
 1404              		.loc 1 465 1 view -0
 1405              		.cfi_startproc
 1406              		@ args = 0, pretend = 0, frame = 0
 1407              		@ frame_needed = 0, uses_anonymous_args = 0
 1408              		.loc 1 465 1 is_stmt 0 view .LVU450
 1409 0000 08B5     		push	{r3, lr}
 1410              	.LCFI24:
 1411              		.cfi_def_cfa_offset 8
 1412              		.cfi_offset 3, -8
 1413              		.cfi_offset 14, -4
 466:Core/Src/tim.c **** 
 467:Core/Src/tim.c ****   if(tim_baseHandle->Instance==TIM1)
 1414              		.loc 1 467 3 is_stmt 1 view .LVU451
ARM GAS  /tmp/ccTVPpyD.s 			page 41


 1415              		.loc 1 467 20 is_stmt 0 view .LVU452
 1416 0002 0368     		ldr	r3, [r0]
 1417              		.loc 1 467 5 view .LVU453
 1418 0004 154A     		ldr	r2, .L103
 1419 0006 9342     		cmp	r3, r2
 1420 0008 12D0     		beq	.L100
 468:Core/Src/tim.c ****   {
 469:Core/Src/tim.c ****   /* USER CODE BEGIN TIM1_MspDeInit 0 */
 470:Core/Src/tim.c **** 
 471:Core/Src/tim.c ****   /* USER CODE END TIM1_MspDeInit 0 */
 472:Core/Src/tim.c ****     /* Peripheral clock disable */
 473:Core/Src/tim.c ****     __HAL_RCC_TIM1_CLK_DISABLE();
 474:Core/Src/tim.c ****   /* USER CODE BEGIN TIM1_MspDeInit 1 */
 475:Core/Src/tim.c **** 
 476:Core/Src/tim.c ****   /* USER CODE END TIM1_MspDeInit 1 */
 477:Core/Src/tim.c ****   }
 478:Core/Src/tim.c ****   else if(tim_baseHandle->Instance==TIM3)
 1421              		.loc 1 478 8 is_stmt 1 view .LVU454
 1422              		.loc 1 478 10 is_stmt 0 view .LVU455
 1423 000a 154A     		ldr	r2, .L103+4
 1424 000c 9342     		cmp	r3, r2
 1425 000e 16D0     		beq	.L101
 479:Core/Src/tim.c ****   {
 480:Core/Src/tim.c ****   /* USER CODE BEGIN TIM3_MspDeInit 0 */
 481:Core/Src/tim.c **** 
 482:Core/Src/tim.c ****   /* USER CODE END TIM3_MspDeInit 0 */
 483:Core/Src/tim.c ****     /* Peripheral clock disable */
 484:Core/Src/tim.c ****     __HAL_RCC_TIM3_CLK_DISABLE();
 485:Core/Src/tim.c ****   /* USER CODE BEGIN TIM3_MspDeInit 1 */
 486:Core/Src/tim.c **** 
 487:Core/Src/tim.c ****   /* USER CODE END TIM3_MspDeInit 1 */
 488:Core/Src/tim.c ****   }
 489:Core/Src/tim.c ****   else if(tim_baseHandle->Instance==TIM4)
 1426              		.loc 1 489 8 is_stmt 1 view .LVU456
 1427              		.loc 1 489 10 is_stmt 0 view .LVU457
 1428 0010 144A     		ldr	r2, .L103+8
 1429 0012 9342     		cmp	r3, r2
 1430 0014 1AD0     		beq	.L102
 490:Core/Src/tim.c ****   {
 491:Core/Src/tim.c ****   /* USER CODE BEGIN TIM4_MspDeInit 0 */
 492:Core/Src/tim.c **** 
 493:Core/Src/tim.c ****   /* USER CODE END TIM4_MspDeInit 0 */
 494:Core/Src/tim.c ****     /* Peripheral clock disable */
 495:Core/Src/tim.c ****     __HAL_RCC_TIM4_CLK_DISABLE();
 496:Core/Src/tim.c ****   /* USER CODE BEGIN TIM4_MspDeInit 1 */
 497:Core/Src/tim.c **** 
 498:Core/Src/tim.c ****   /* USER CODE END TIM4_MspDeInit 1 */
 499:Core/Src/tim.c ****   }
 500:Core/Src/tim.c ****   else if(tim_baseHandle->Instance==TIM8)
 1431              		.loc 1 500 8 is_stmt 1 view .LVU458
 1432              		.loc 1 500 10 is_stmt 0 view .LVU459
 1433 0016 144A     		ldr	r2, .L103+12
 1434 0018 9342     		cmp	r3, r2
 1435 001a 0FD1     		bne	.L94
 501:Core/Src/tim.c ****   {
 502:Core/Src/tim.c ****   /* USER CODE BEGIN TIM8_MspDeInit 0 */
 503:Core/Src/tim.c **** 
ARM GAS  /tmp/ccTVPpyD.s 			page 42


 504:Core/Src/tim.c ****   /* USER CODE END TIM8_MspDeInit 0 */
 505:Core/Src/tim.c ****     /* Peripheral clock disable */
 506:Core/Src/tim.c ****     __HAL_RCC_TIM8_CLK_DISABLE();
 1436              		.loc 1 506 5 is_stmt 1 view .LVU460
 1437 001c 02F59A32 		add	r2, r2, #78848
 1438 0020 536C     		ldr	r3, [r2, #68]
 1439 0022 23F00203 		bic	r3, r3, #2
 1440 0026 5364     		str	r3, [r2, #68]
 507:Core/Src/tim.c **** 
 508:Core/Src/tim.c ****     /* TIM8 interrupt Deinit */
 509:Core/Src/tim.c ****     HAL_NVIC_DisableIRQ(TIM8_TRG_COM_TIM14_IRQn);
 1441              		.loc 1 509 5 view .LVU461
 1442 0028 2D20     		movs	r0, #45
 1443              	.LVL84:
 1444              		.loc 1 509 5 is_stmt 0 view .LVU462
 1445 002a FFF7FEFF 		bl	HAL_NVIC_DisableIRQ
 1446              	.LVL85:
 510:Core/Src/tim.c ****   /* USER CODE BEGIN TIM8_MspDeInit 1 */
 511:Core/Src/tim.c **** 
 512:Core/Src/tim.c ****   /* USER CODE END TIM8_MspDeInit 1 */
 513:Core/Src/tim.c ****   }
 514:Core/Src/tim.c **** }
 1447              		.loc 1 514 1 view .LVU463
 1448 002e 05E0     		b	.L94
 1449              	.LVL86:
 1450              	.L100:
 473:Core/Src/tim.c ****   /* USER CODE BEGIN TIM1_MspDeInit 1 */
 1451              		.loc 1 473 5 is_stmt 1 view .LVU464
 1452 0030 02F59C32 		add	r2, r2, #79872
 1453 0034 536C     		ldr	r3, [r2, #68]
 1454 0036 23F00103 		bic	r3, r3, #1
 1455 003a 5364     		str	r3, [r2, #68]
 1456              	.LVL87:
 1457              	.L94:
 1458              		.loc 1 514 1 is_stmt 0 view .LVU465
 1459 003c 08BD     		pop	{r3, pc}
 1460              	.LVL88:
 1461              	.L101:
 484:Core/Src/tim.c ****   /* USER CODE BEGIN TIM3_MspDeInit 1 */
 1462              		.loc 1 484 5 is_stmt 1 view .LVU466
 1463 003e 02F50D32 		add	r2, r2, #144384
 1464 0042 136C     		ldr	r3, [r2, #64]
 1465 0044 23F00203 		bic	r3, r3, #2
 1466 0048 1364     		str	r3, [r2, #64]
 1467 004a F7E7     		b	.L94
 1468              	.L102:
 495:Core/Src/tim.c ****   /* USER CODE BEGIN TIM4_MspDeInit 1 */
 1469              		.loc 1 495 5 view .LVU467
 1470 004c 02F50C32 		add	r2, r2, #143360
 1471 0050 136C     		ldr	r3, [r2, #64]
 1472 0052 23F00403 		bic	r3, r3, #4
 1473 0056 1364     		str	r3, [r2, #64]
 1474 0058 F0E7     		b	.L94
 1475              	.L104:
 1476 005a 00BF     		.align	2
 1477              	.L103:
 1478 005c 00000140 		.word	1073807360
ARM GAS  /tmp/ccTVPpyD.s 			page 43


 1479 0060 00040040 		.word	1073742848
 1480 0064 00080040 		.word	1073743872
 1481 0068 00040140 		.word	1073808384
 1482              		.cfi_endproc
 1483              	.LFE245:
 1485              		.global	htim8
 1486              		.section	.bss.htim8,"aw",%nobits
 1487              		.align	2
 1490              	htim8:
 1491 0000 00000000 		.space	72
 1491      00000000 
 1491      00000000 
 1491      00000000 
 1491      00000000 
 1492              		.global	htim4
 1493              		.section	.bss.htim4,"aw",%nobits
 1494              		.align	2
 1497              	htim4:
 1498 0000 00000000 		.space	72
 1498      00000000 
 1498      00000000 
 1498      00000000 
 1498      00000000 
 1499              		.global	htim3
 1500              		.section	.bss.htim3,"aw",%nobits
 1501              		.align	2
 1504              	htim3:
 1505 0000 00000000 		.space	72
 1505      00000000 
 1505      00000000 
 1505      00000000 
 1505      00000000 
 1506              		.global	htim1
 1507              		.section	.bss.htim1,"aw",%nobits
 1508              		.align	2
 1511              	htim1:
 1512 0000 00000000 		.space	72
 1512      00000000 
 1512      00000000 
 1512      00000000 
 1512      00000000 
 1513              		.text
 1514              	.Letext0:
 1515              		.file 2 "Drivers/CMSIS/Device/ST/STM32F4xx/Include/stm32f405xx.h"
 1516              		.file 3 "/opt/st/stm32cubeclt_1.17.0/GNU-tools-for-STM32/arm-none-eabi/include/machine/_default_ty
 1517              		.file 4 "/opt/st/stm32cubeclt_1.17.0/GNU-tools-for-STM32/arm-none-eabi/include/sys/_stdint.h"
 1518              		.file 5 "Drivers/STM32F4xx_HAL_Driver/Inc/stm32f4xx_hal_def.h"
 1519              		.file 6 "Drivers/STM32F4xx_HAL_Driver/Inc/stm32f4xx_hal_gpio.h"
 1520              		.file 7 "Drivers/STM32F4xx_HAL_Driver/Inc/stm32f4xx_hal_dma.h"
 1521              		.file 8 "Drivers/STM32F4xx_HAL_Driver/Inc/stm32f4xx_hal_tim.h"
 1522              		.file 9 "Core/Inc/tim.h"
 1523              		.file 10 "Drivers/STM32F4xx_HAL_Driver/Inc/stm32f4xx_hal_cortex.h"
 1524              		.file 11 "Drivers/STM32F4xx_HAL_Driver/Inc/stm32f4xx_hal_tim_ex.h"
 1525              		.file 12 "Core/Inc/main.h"
 1526              		.file 13 "<built-in>"
ARM GAS  /tmp/ccTVPpyD.s 			page 44


DEFINED SYMBOLS
                            *ABS*:00000000 tim.c
     /tmp/ccTVPpyD.s:21     .text.HAL_TIM_Base_MspInit:00000000 $t
     /tmp/ccTVPpyD.s:27     .text.HAL_TIM_Base_MspInit:00000000 HAL_TIM_Base_MspInit
     /tmp/ccTVPpyD.s:170    .text.HAL_TIM_Base_MspInit:00000098 $d
     /tmp/ccTVPpyD.s:179    .text.HAL_TIM_MspPostInit:00000000 $t
     /tmp/ccTVPpyD.s:185    .text.HAL_TIM_MspPostInit:00000000 HAL_TIM_MspPostInit
     /tmp/ccTVPpyD.s:488    .text.HAL_TIM_MspPostInit:0000013c $d
     /tmp/ccTVPpyD.s:500    .text.MX_TIM1_Init:00000000 $t
     /tmp/ccTVPpyD.s:506    .text.MX_TIM1_Init:00000000 MX_TIM1_Init
     /tmp/ccTVPpyD.s:744    .text.MX_TIM1_Init:000000f0 $d
     /tmp/ccTVPpyD.s:1511   .bss.htim1:00000000 htim1
     /tmp/ccTVPpyD.s:750    .text.MX_TIM3_Init:00000000 $t
     /tmp/ccTVPpyD.s:756    .text.MX_TIM3_Init:00000000 MX_TIM3_Init
     /tmp/ccTVPpyD.s:934    .text.MX_TIM3_Init:000000b8 $d
     /tmp/ccTVPpyD.s:1504   .bss.htim3:00000000 htim3
     /tmp/ccTVPpyD.s:940    .text.MX_TIM4_Init:00000000 $t
     /tmp/ccTVPpyD.s:946    .text.MX_TIM4_Init:00000000 MX_TIM4_Init
     /tmp/ccTVPpyD.s:1123   .text.MX_TIM4_Init:000000b8 $d
     /tmp/ccTVPpyD.s:1497   .bss.htim4:00000000 htim4
     /tmp/ccTVPpyD.s:1129   .text.MX_TIM8_Init:00000000 $t
     /tmp/ccTVPpyD.s:1135   .text.MX_TIM8_Init:00000000 MX_TIM8_Init
     /tmp/ccTVPpyD.s:1389   .text.MX_TIM8_Init:00000104 $d
     /tmp/ccTVPpyD.s:1490   .bss.htim8:00000000 htim8
     /tmp/ccTVPpyD.s:1395   .text.HAL_TIM_Base_MspDeInit:00000000 $t
     /tmp/ccTVPpyD.s:1401   .text.HAL_TIM_Base_MspDeInit:00000000 HAL_TIM_Base_MspDeInit
     /tmp/ccTVPpyD.s:1478   .text.HAL_TIM_Base_MspDeInit:0000005c $d
     /tmp/ccTVPpyD.s:1487   .bss.htim8:00000000 $d
     /tmp/ccTVPpyD.s:1494   .bss.htim4:00000000 $d
     /tmp/ccTVPpyD.s:1501   .bss.htim3:00000000 $d
     /tmp/ccTVPpyD.s:1508   .bss.htim1:00000000 $d

UNDEFINED SYMBOLS
HAL_NVIC_SetPriority
HAL_NVIC_EnableIRQ
HAL_GPIO_Init
memset
HAL_TIM_Base_Init
HAL_TIM_ConfigClockSource
HAL_TIM_PWM_Init
HAL_TIMEx_MasterConfigSynchronization
HAL_TIM_PWM_ConfigChannel
HAL_TIMEx_ConfigBreakDeadTime
Error_Handler
HAL_NVIC_DisableIRQ
