ARM GAS  /tmp/ccNILS8C.s 			page 1


   1              		.cpu cortex-m4
   2              		.arch armv7e-m
   3              		.fpu fpv4-sp-d16
   4              		.eabi_attribute 27, 1
   5              		.eabi_attribute 28, 1
   6              		.eabi_attribute 20, 1
   7              		.eabi_attribute 21, 1
   8              		.eabi_attribute 23, 3
   9              		.eabi_attribute 24, 1
  10              		.eabi_attribute 25, 1
  11              		.eabi_attribute 26, 1
  12              		.eabi_attribute 30, 1
  13              		.eabi_attribute 34, 1
  14              		.eabi_attribute 18, 4
  15              		.file	"timers.c"
  16              		.text
  17              	.Ltext0:
  18              		.cfi_sections	.debug_frame
  19              		.file 1 "Middlewares/Third_Party/FreeRTOS/Source/timers.c"
  20              		.section	.text.prvGetNextExpireTime,"ax",%progbits
  21              		.align	1
  22              		.syntax unified
  23              		.thumb
  24              		.thumb_func
  26              	prvGetNextExpireTime:
  27              	.LVL0:
  28              	.LFB18:
   1:Middlewares/Third_Party/FreeRTOS/Source/timers.c **** /*
   2:Middlewares/Third_Party/FreeRTOS/Source/timers.c ****  * FreeRTOS Kernel V10.3.1
   3:Middlewares/Third_Party/FreeRTOS/Source/timers.c ****  * Copyright (C) 2020 Amazon.com, Inc. or its affiliates.  All Rights Reserved.
   4:Middlewares/Third_Party/FreeRTOS/Source/timers.c ****  *
   5:Middlewares/Third_Party/FreeRTOS/Source/timers.c ****  * Permission is hereby granted, free of charge, to any person obtaining a copy of
   6:Middlewares/Third_Party/FreeRTOS/Source/timers.c ****  * this software and associated documentation files (the "Software"), to deal in
   7:Middlewares/Third_Party/FreeRTOS/Source/timers.c ****  * the Software without restriction, including without limitation the rights to
   8:Middlewares/Third_Party/FreeRTOS/Source/timers.c ****  * use, copy, modify, merge, publish, distribute, sublicense, and/or sell copies of
   9:Middlewares/Third_Party/FreeRTOS/Source/timers.c ****  * the Software, and to permit persons to whom the Software is furnished to do so,
  10:Middlewares/Third_Party/FreeRTOS/Source/timers.c ****  * subject to the following conditions:
  11:Middlewares/Third_Party/FreeRTOS/Source/timers.c ****  *
  12:Middlewares/Third_Party/FreeRTOS/Source/timers.c ****  * The above copyright notice and this permission notice shall be included in all
  13:Middlewares/Third_Party/FreeRTOS/Source/timers.c ****  * copies or substantial portions of the Software.
  14:Middlewares/Third_Party/FreeRTOS/Source/timers.c ****  *
  15:Middlewares/Third_Party/FreeRTOS/Source/timers.c ****  * THE SOFTWARE IS PROVIDED "AS IS", WITHOUT WARRANTY OF ANY KIND, EXPRESS OR
  16:Middlewares/Third_Party/FreeRTOS/Source/timers.c ****  * IMPLIED, INCLUDING BUT NOT LIMITED TO THE WARRANTIES OF MERCHANTABILITY, FITNESS
  17:Middlewares/Third_Party/FreeRTOS/Source/timers.c ****  * FOR A PARTICULAR PURPOSE AND NONINFRINGEMENT. IN NO EVENT SHALL THE AUTHORS OR
  18:Middlewares/Third_Party/FreeRTOS/Source/timers.c ****  * COPYRIGHT HOLDERS BE LIABLE FOR ANY CLAIM, DAMAGES OR OTHER LIABILITY, WHETHER
  19:Middlewares/Third_Party/FreeRTOS/Source/timers.c ****  * IN AN ACTION OF CONTRACT, TORT OR OTHERWISE, ARISING FROM, OUT OF OR IN
  20:Middlewares/Third_Party/FreeRTOS/Source/timers.c ****  * CONNECTION WITH THE SOFTWARE OR THE USE OR OTHER DEALINGS IN THE SOFTWARE.
  21:Middlewares/Third_Party/FreeRTOS/Source/timers.c ****  *
  22:Middlewares/Third_Party/FreeRTOS/Source/timers.c ****  * http://www.FreeRTOS.org
  23:Middlewares/Third_Party/FreeRTOS/Source/timers.c ****  * http://aws.amazon.com/freertos
  24:Middlewares/Third_Party/FreeRTOS/Source/timers.c ****  *
  25:Middlewares/Third_Party/FreeRTOS/Source/timers.c ****  * 1 tab == 4 spaces!
  26:Middlewares/Third_Party/FreeRTOS/Source/timers.c ****  */
  27:Middlewares/Third_Party/FreeRTOS/Source/timers.c **** 
  28:Middlewares/Third_Party/FreeRTOS/Source/timers.c **** /* Standard includes. */
  29:Middlewares/Third_Party/FreeRTOS/Source/timers.c **** #include <stdlib.h>
  30:Middlewares/Third_Party/FreeRTOS/Source/timers.c **** 
ARM GAS  /tmp/ccNILS8C.s 			page 2


  31:Middlewares/Third_Party/FreeRTOS/Source/timers.c **** /* Defining MPU_WRAPPERS_INCLUDED_FROM_API_FILE prevents task.h from redefining
  32:Middlewares/Third_Party/FreeRTOS/Source/timers.c **** all the API functions to use the MPU wrappers.  That should only be done when
  33:Middlewares/Third_Party/FreeRTOS/Source/timers.c **** task.h is included from an application file. */
  34:Middlewares/Third_Party/FreeRTOS/Source/timers.c **** #define MPU_WRAPPERS_INCLUDED_FROM_API_FILE
  35:Middlewares/Third_Party/FreeRTOS/Source/timers.c **** 
  36:Middlewares/Third_Party/FreeRTOS/Source/timers.c **** #include "FreeRTOS.h"
  37:Middlewares/Third_Party/FreeRTOS/Source/timers.c **** #include "task.h"
  38:Middlewares/Third_Party/FreeRTOS/Source/timers.c **** #include "queue.h"
  39:Middlewares/Third_Party/FreeRTOS/Source/timers.c **** #include "timers.h"
  40:Middlewares/Third_Party/FreeRTOS/Source/timers.c **** 
  41:Middlewares/Third_Party/FreeRTOS/Source/timers.c **** #if ( INCLUDE_xTimerPendFunctionCall == 1 ) && ( configUSE_TIMERS == 0 )
  42:Middlewares/Third_Party/FreeRTOS/Source/timers.c **** 	#error configUSE_TIMERS must be set to 1 to make the xTimerPendFunctionCall() function available.
  43:Middlewares/Third_Party/FreeRTOS/Source/timers.c **** #endif
  44:Middlewares/Third_Party/FreeRTOS/Source/timers.c **** 
  45:Middlewares/Third_Party/FreeRTOS/Source/timers.c **** /* Lint e9021, e961 and e750 are suppressed as a MISRA exception justified
  46:Middlewares/Third_Party/FreeRTOS/Source/timers.c **** because the MPU ports require MPU_WRAPPERS_INCLUDED_FROM_API_FILE to be defined
  47:Middlewares/Third_Party/FreeRTOS/Source/timers.c **** for the header files above, but not in this file, in order to generate the
  48:Middlewares/Third_Party/FreeRTOS/Source/timers.c **** correct privileged Vs unprivileged linkage and placement. */
  49:Middlewares/Third_Party/FreeRTOS/Source/timers.c **** #undef MPU_WRAPPERS_INCLUDED_FROM_API_FILE /*lint !e9021 !e961 !e750. */
  50:Middlewares/Third_Party/FreeRTOS/Source/timers.c **** 
  51:Middlewares/Third_Party/FreeRTOS/Source/timers.c **** 
  52:Middlewares/Third_Party/FreeRTOS/Source/timers.c **** /* This entire source file will be skipped if the application is not configured
  53:Middlewares/Third_Party/FreeRTOS/Source/timers.c **** to include software timer functionality.  This #if is closed at the very bottom
  54:Middlewares/Third_Party/FreeRTOS/Source/timers.c **** of this file.  If you want to include software timer functionality then ensure
  55:Middlewares/Third_Party/FreeRTOS/Source/timers.c **** configUSE_TIMERS is set to 1 in FreeRTOSConfig.h. */
  56:Middlewares/Third_Party/FreeRTOS/Source/timers.c **** #if ( configUSE_TIMERS == 1 )
  57:Middlewares/Third_Party/FreeRTOS/Source/timers.c **** 
  58:Middlewares/Third_Party/FreeRTOS/Source/timers.c **** /* Misc definitions. */
  59:Middlewares/Third_Party/FreeRTOS/Source/timers.c **** #define tmrNO_DELAY		( TickType_t ) 0U
  60:Middlewares/Third_Party/FreeRTOS/Source/timers.c **** 
  61:Middlewares/Third_Party/FreeRTOS/Source/timers.c **** /* The name assigned to the timer service task.  This can be overridden by
  62:Middlewares/Third_Party/FreeRTOS/Source/timers.c **** defining trmTIMER_SERVICE_TASK_NAME in FreeRTOSConfig.h. */
  63:Middlewares/Third_Party/FreeRTOS/Source/timers.c **** #ifndef configTIMER_SERVICE_TASK_NAME
  64:Middlewares/Third_Party/FreeRTOS/Source/timers.c **** 	#define configTIMER_SERVICE_TASK_NAME "Tmr Svc"
  65:Middlewares/Third_Party/FreeRTOS/Source/timers.c **** #endif
  66:Middlewares/Third_Party/FreeRTOS/Source/timers.c **** 
  67:Middlewares/Third_Party/FreeRTOS/Source/timers.c **** /* Bit definitions used in the ucStatus member of a timer structure. */
  68:Middlewares/Third_Party/FreeRTOS/Source/timers.c **** #define tmrSTATUS_IS_ACTIVE					( ( uint8_t ) 0x01 )
  69:Middlewares/Third_Party/FreeRTOS/Source/timers.c **** #define tmrSTATUS_IS_STATICALLY_ALLOCATED	( ( uint8_t ) 0x02 )
  70:Middlewares/Third_Party/FreeRTOS/Source/timers.c **** #define tmrSTATUS_IS_AUTORELOAD				( ( uint8_t ) 0x04 )
  71:Middlewares/Third_Party/FreeRTOS/Source/timers.c **** 
  72:Middlewares/Third_Party/FreeRTOS/Source/timers.c **** /* The definition of the timers themselves. */
  73:Middlewares/Third_Party/FreeRTOS/Source/timers.c **** typedef struct tmrTimerControl /* The old naming convention is used to prevent breaking kernel awar
  74:Middlewares/Third_Party/FreeRTOS/Source/timers.c **** {
  75:Middlewares/Third_Party/FreeRTOS/Source/timers.c **** 	const char				*pcTimerName;		/*<< Text name.  This is not used by the kernel, it is included simpl
  76:Middlewares/Third_Party/FreeRTOS/Source/timers.c **** 	ListItem_t				xTimerListItem;		/*<< Standard linked list item as used by all kernel features for e
  77:Middlewares/Third_Party/FreeRTOS/Source/timers.c **** 	TickType_t				xTimerPeriodInTicks;/*<< How quickly and often the timer expires. */
  78:Middlewares/Third_Party/FreeRTOS/Source/timers.c **** 	void 					*pvTimerID;			/*<< An ID to identify the timer.  This allows the timer to be identified 
  79:Middlewares/Third_Party/FreeRTOS/Source/timers.c **** 	TimerCallbackFunction_t	pxCallbackFunction;	/*<< The function that will be called when the timer e
  80:Middlewares/Third_Party/FreeRTOS/Source/timers.c **** 	#if( configUSE_TRACE_FACILITY == 1 )
  81:Middlewares/Third_Party/FreeRTOS/Source/timers.c **** 		UBaseType_t			uxTimerNumber;		/*<< An ID assigned by trace tools such as FreeRTOS+Trace */
  82:Middlewares/Third_Party/FreeRTOS/Source/timers.c **** 	#endif
  83:Middlewares/Third_Party/FreeRTOS/Source/timers.c **** 	uint8_t 				ucStatus;			/*<< Holds bits to say if the timer was statically allocated or not, and i
  84:Middlewares/Third_Party/FreeRTOS/Source/timers.c **** } xTIMER;
  85:Middlewares/Third_Party/FreeRTOS/Source/timers.c **** 
  86:Middlewares/Third_Party/FreeRTOS/Source/timers.c **** /* The old xTIMER name is maintained above then typedefed to the new Timer_t
  87:Middlewares/Third_Party/FreeRTOS/Source/timers.c **** name below to enable the use of older kernel aware debuggers. */
ARM GAS  /tmp/ccNILS8C.s 			page 3


  88:Middlewares/Third_Party/FreeRTOS/Source/timers.c **** typedef xTIMER Timer_t;
  89:Middlewares/Third_Party/FreeRTOS/Source/timers.c **** 
  90:Middlewares/Third_Party/FreeRTOS/Source/timers.c **** /* The definition of messages that can be sent and received on the timer queue.
  91:Middlewares/Third_Party/FreeRTOS/Source/timers.c **** Two types of message can be queued - messages that manipulate a software timer,
  92:Middlewares/Third_Party/FreeRTOS/Source/timers.c **** and messages that request the execution of a non-timer related callback.  The
  93:Middlewares/Third_Party/FreeRTOS/Source/timers.c **** two message types are defined in two separate structures, xTimerParametersType
  94:Middlewares/Third_Party/FreeRTOS/Source/timers.c **** and xCallbackParametersType respectively. */
  95:Middlewares/Third_Party/FreeRTOS/Source/timers.c **** typedef struct tmrTimerParameters
  96:Middlewares/Third_Party/FreeRTOS/Source/timers.c **** {
  97:Middlewares/Third_Party/FreeRTOS/Source/timers.c **** 	TickType_t			xMessageValue;		/*<< An optional value used by a subset of commands, for example, whe
  98:Middlewares/Third_Party/FreeRTOS/Source/timers.c **** 	Timer_t *			pxTimer;			/*<< The timer to which the command will be applied. */
  99:Middlewares/Third_Party/FreeRTOS/Source/timers.c **** } TimerParameter_t;
 100:Middlewares/Third_Party/FreeRTOS/Source/timers.c **** 
 101:Middlewares/Third_Party/FreeRTOS/Source/timers.c **** 
 102:Middlewares/Third_Party/FreeRTOS/Source/timers.c **** typedef struct tmrCallbackParameters
 103:Middlewares/Third_Party/FreeRTOS/Source/timers.c **** {
 104:Middlewares/Third_Party/FreeRTOS/Source/timers.c **** 	PendedFunction_t	pxCallbackFunction;	/* << The callback function to execute. */
 105:Middlewares/Third_Party/FreeRTOS/Source/timers.c **** 	void *pvParameter1;						/* << The value that will be used as the callback functions first paramet
 106:Middlewares/Third_Party/FreeRTOS/Source/timers.c **** 	uint32_t ulParameter2;					/* << The value that will be used as the callback functions second para
 107:Middlewares/Third_Party/FreeRTOS/Source/timers.c **** } CallbackParameters_t;
 108:Middlewares/Third_Party/FreeRTOS/Source/timers.c **** 
 109:Middlewares/Third_Party/FreeRTOS/Source/timers.c **** /* The structure that contains the two message types, along with an identifier
 110:Middlewares/Third_Party/FreeRTOS/Source/timers.c **** that is used to determine which message type is valid. */
 111:Middlewares/Third_Party/FreeRTOS/Source/timers.c **** typedef struct tmrTimerQueueMessage
 112:Middlewares/Third_Party/FreeRTOS/Source/timers.c **** {
 113:Middlewares/Third_Party/FreeRTOS/Source/timers.c **** 	BaseType_t			xMessageID;			/*<< The command being sent to the timer service task. */
 114:Middlewares/Third_Party/FreeRTOS/Source/timers.c **** 	union
 115:Middlewares/Third_Party/FreeRTOS/Source/timers.c **** 	{
 116:Middlewares/Third_Party/FreeRTOS/Source/timers.c **** 		TimerParameter_t xTimerParameters;
 117:Middlewares/Third_Party/FreeRTOS/Source/timers.c **** 
 118:Middlewares/Third_Party/FreeRTOS/Source/timers.c **** 		/* Don't include xCallbackParameters if it is not going to be used as
 119:Middlewares/Third_Party/FreeRTOS/Source/timers.c **** 		it makes the structure (and therefore the timer queue) larger. */
 120:Middlewares/Third_Party/FreeRTOS/Source/timers.c **** 		#if ( INCLUDE_xTimerPendFunctionCall == 1 )
 121:Middlewares/Third_Party/FreeRTOS/Source/timers.c **** 			CallbackParameters_t xCallbackParameters;
 122:Middlewares/Third_Party/FreeRTOS/Source/timers.c **** 		#endif /* INCLUDE_xTimerPendFunctionCall */
 123:Middlewares/Third_Party/FreeRTOS/Source/timers.c **** 	} u;
 124:Middlewares/Third_Party/FreeRTOS/Source/timers.c **** } DaemonTaskMessage_t;
 125:Middlewares/Third_Party/FreeRTOS/Source/timers.c **** 
 126:Middlewares/Third_Party/FreeRTOS/Source/timers.c **** /*lint -save -e956 A manual analysis and inspection has been used to determine
 127:Middlewares/Third_Party/FreeRTOS/Source/timers.c **** which static variables must be declared volatile. */
 128:Middlewares/Third_Party/FreeRTOS/Source/timers.c **** 
 129:Middlewares/Third_Party/FreeRTOS/Source/timers.c **** /* The list in which active timers are stored.  Timers are referenced in expire
 130:Middlewares/Third_Party/FreeRTOS/Source/timers.c **** time order, with the nearest expiry time at the front of the list.  Only the
 131:Middlewares/Third_Party/FreeRTOS/Source/timers.c **** timer service task is allowed to access these lists.
 132:Middlewares/Third_Party/FreeRTOS/Source/timers.c **** xActiveTimerList1 and xActiveTimerList2 could be at function scope but that
 133:Middlewares/Third_Party/FreeRTOS/Source/timers.c **** breaks some kernel aware debuggers, and debuggers that reply on removing the
 134:Middlewares/Third_Party/FreeRTOS/Source/timers.c **** static qualifier. */
 135:Middlewares/Third_Party/FreeRTOS/Source/timers.c **** PRIVILEGED_DATA static List_t xActiveTimerList1;
 136:Middlewares/Third_Party/FreeRTOS/Source/timers.c **** PRIVILEGED_DATA static List_t xActiveTimerList2;
 137:Middlewares/Third_Party/FreeRTOS/Source/timers.c **** PRIVILEGED_DATA static List_t *pxCurrentTimerList;
 138:Middlewares/Third_Party/FreeRTOS/Source/timers.c **** PRIVILEGED_DATA static List_t *pxOverflowTimerList;
 139:Middlewares/Third_Party/FreeRTOS/Source/timers.c **** 
 140:Middlewares/Third_Party/FreeRTOS/Source/timers.c **** /* A queue that is used to send commands to the timer service task. */
 141:Middlewares/Third_Party/FreeRTOS/Source/timers.c **** PRIVILEGED_DATA static QueueHandle_t xTimerQueue = NULL;
 142:Middlewares/Third_Party/FreeRTOS/Source/timers.c **** PRIVILEGED_DATA static TaskHandle_t xTimerTaskHandle = NULL;
 143:Middlewares/Third_Party/FreeRTOS/Source/timers.c **** 
 144:Middlewares/Third_Party/FreeRTOS/Source/timers.c **** /*lint -restore */
ARM GAS  /tmp/ccNILS8C.s 			page 4


 145:Middlewares/Third_Party/FreeRTOS/Source/timers.c **** 
 146:Middlewares/Third_Party/FreeRTOS/Source/timers.c **** /*-----------------------------------------------------------*/
 147:Middlewares/Third_Party/FreeRTOS/Source/timers.c **** 
 148:Middlewares/Third_Party/FreeRTOS/Source/timers.c **** #if( configSUPPORT_STATIC_ALLOCATION == 1 )
 149:Middlewares/Third_Party/FreeRTOS/Source/timers.c **** 
 150:Middlewares/Third_Party/FreeRTOS/Source/timers.c **** 	/* If static allocation is supported then the application must provide the
 151:Middlewares/Third_Party/FreeRTOS/Source/timers.c **** 	following callback function - which enables the application to optionally
 152:Middlewares/Third_Party/FreeRTOS/Source/timers.c **** 	provide the memory that will be used by the timer task as the task's stack
 153:Middlewares/Third_Party/FreeRTOS/Source/timers.c **** 	and TCB. */
 154:Middlewares/Third_Party/FreeRTOS/Source/timers.c **** 	extern void vApplicationGetTimerTaskMemory( StaticTask_t **ppxTimerTaskTCBBuffer, StackType_t **pp
 155:Middlewares/Third_Party/FreeRTOS/Source/timers.c **** 
 156:Middlewares/Third_Party/FreeRTOS/Source/timers.c **** #endif
 157:Middlewares/Third_Party/FreeRTOS/Source/timers.c **** 
 158:Middlewares/Third_Party/FreeRTOS/Source/timers.c **** /*
 159:Middlewares/Third_Party/FreeRTOS/Source/timers.c ****  * Initialise the infrastructure used by the timer service task if it has not
 160:Middlewares/Third_Party/FreeRTOS/Source/timers.c ****  * been initialised already.
 161:Middlewares/Third_Party/FreeRTOS/Source/timers.c ****  */
 162:Middlewares/Third_Party/FreeRTOS/Source/timers.c **** static void prvCheckForValidListAndQueue( void ) PRIVILEGED_FUNCTION;
 163:Middlewares/Third_Party/FreeRTOS/Source/timers.c **** 
 164:Middlewares/Third_Party/FreeRTOS/Source/timers.c **** /*
 165:Middlewares/Third_Party/FreeRTOS/Source/timers.c ****  * The timer service task (daemon).  Timer functionality is controlled by this
 166:Middlewares/Third_Party/FreeRTOS/Source/timers.c ****  * task.  Other tasks communicate with the timer service task using the
 167:Middlewares/Third_Party/FreeRTOS/Source/timers.c ****  * xTimerQueue queue.
 168:Middlewares/Third_Party/FreeRTOS/Source/timers.c ****  */
 169:Middlewares/Third_Party/FreeRTOS/Source/timers.c **** static portTASK_FUNCTION_PROTO( prvTimerTask, pvParameters ) PRIVILEGED_FUNCTION;
 170:Middlewares/Third_Party/FreeRTOS/Source/timers.c **** 
 171:Middlewares/Third_Party/FreeRTOS/Source/timers.c **** /*
 172:Middlewares/Third_Party/FreeRTOS/Source/timers.c ****  * Called by the timer service task to interpret and process a command it
 173:Middlewares/Third_Party/FreeRTOS/Source/timers.c ****  * received on the timer queue.
 174:Middlewares/Third_Party/FreeRTOS/Source/timers.c ****  */
 175:Middlewares/Third_Party/FreeRTOS/Source/timers.c **** static void prvProcessReceivedCommands( void ) PRIVILEGED_FUNCTION;
 176:Middlewares/Third_Party/FreeRTOS/Source/timers.c **** 
 177:Middlewares/Third_Party/FreeRTOS/Source/timers.c **** /*
 178:Middlewares/Third_Party/FreeRTOS/Source/timers.c ****  * Insert the timer into either xActiveTimerList1, or xActiveTimerList2,
 179:Middlewares/Third_Party/FreeRTOS/Source/timers.c ****  * depending on if the expire time causes a timer counter overflow.
 180:Middlewares/Third_Party/FreeRTOS/Source/timers.c ****  */
 181:Middlewares/Third_Party/FreeRTOS/Source/timers.c **** static BaseType_t prvInsertTimerInActiveList( Timer_t * const pxTimer, const TickType_t xNextExpiry
 182:Middlewares/Third_Party/FreeRTOS/Source/timers.c **** 
 183:Middlewares/Third_Party/FreeRTOS/Source/timers.c **** /*
 184:Middlewares/Third_Party/FreeRTOS/Source/timers.c ****  * An active timer has reached its expire time.  Reload the timer if it is an
 185:Middlewares/Third_Party/FreeRTOS/Source/timers.c ****  * auto-reload timer, then call its callback.
 186:Middlewares/Third_Party/FreeRTOS/Source/timers.c ****  */
 187:Middlewares/Third_Party/FreeRTOS/Source/timers.c **** static void prvProcessExpiredTimer( const TickType_t xNextExpireTime, const TickType_t xTimeNow ) P
 188:Middlewares/Third_Party/FreeRTOS/Source/timers.c **** 
 189:Middlewares/Third_Party/FreeRTOS/Source/timers.c **** /*
 190:Middlewares/Third_Party/FreeRTOS/Source/timers.c ****  * The tick count has overflowed.  Switch the timer lists after ensuring the
 191:Middlewares/Third_Party/FreeRTOS/Source/timers.c ****  * current timer list does not still reference some timers.
 192:Middlewares/Third_Party/FreeRTOS/Source/timers.c ****  */
 193:Middlewares/Third_Party/FreeRTOS/Source/timers.c **** static void prvSwitchTimerLists( void ) PRIVILEGED_FUNCTION;
 194:Middlewares/Third_Party/FreeRTOS/Source/timers.c **** 
 195:Middlewares/Third_Party/FreeRTOS/Source/timers.c **** /*
 196:Middlewares/Third_Party/FreeRTOS/Source/timers.c ****  * Obtain the current tick count, setting *pxTimerListsWereSwitched to pdTRUE
 197:Middlewares/Third_Party/FreeRTOS/Source/timers.c ****  * if a tick count overflow occurred since prvSampleTimeNow() was last called.
 198:Middlewares/Third_Party/FreeRTOS/Source/timers.c ****  */
 199:Middlewares/Third_Party/FreeRTOS/Source/timers.c **** static TickType_t prvSampleTimeNow( BaseType_t * const pxTimerListsWereSwitched ) PRIVILEGED_FUNCTI
 200:Middlewares/Third_Party/FreeRTOS/Source/timers.c **** 
 201:Middlewares/Third_Party/FreeRTOS/Source/timers.c **** /*
ARM GAS  /tmp/ccNILS8C.s 			page 5


 202:Middlewares/Third_Party/FreeRTOS/Source/timers.c ****  * If the timer list contains any active timers then return the expire time of
 203:Middlewares/Third_Party/FreeRTOS/Source/timers.c ****  * the timer that will expire first and set *pxListWasEmpty to false.  If the
 204:Middlewares/Third_Party/FreeRTOS/Source/timers.c ****  * timer list does not contain any timers then return 0 and set *pxListWasEmpty
 205:Middlewares/Third_Party/FreeRTOS/Source/timers.c ****  * to pdTRUE.
 206:Middlewares/Third_Party/FreeRTOS/Source/timers.c ****  */
 207:Middlewares/Third_Party/FreeRTOS/Source/timers.c **** static TickType_t prvGetNextExpireTime( BaseType_t * const pxListWasEmpty ) PRIVILEGED_FUNCTION;
 208:Middlewares/Third_Party/FreeRTOS/Source/timers.c **** 
 209:Middlewares/Third_Party/FreeRTOS/Source/timers.c **** /*
 210:Middlewares/Third_Party/FreeRTOS/Source/timers.c ****  * If a timer has expired, process it.  Otherwise, block the timer service task
 211:Middlewares/Third_Party/FreeRTOS/Source/timers.c ****  * until either a timer does expire or a command is received.
 212:Middlewares/Third_Party/FreeRTOS/Source/timers.c ****  */
 213:Middlewares/Third_Party/FreeRTOS/Source/timers.c **** static void prvProcessTimerOrBlockTask( const TickType_t xNextExpireTime, BaseType_t xListWasEmpty 
 214:Middlewares/Third_Party/FreeRTOS/Source/timers.c **** 
 215:Middlewares/Third_Party/FreeRTOS/Source/timers.c **** /*
 216:Middlewares/Third_Party/FreeRTOS/Source/timers.c ****  * Called after a Timer_t structure has been allocated either statically or
 217:Middlewares/Third_Party/FreeRTOS/Source/timers.c ****  * dynamically to fill in the structure's members.
 218:Middlewares/Third_Party/FreeRTOS/Source/timers.c ****  */
 219:Middlewares/Third_Party/FreeRTOS/Source/timers.c **** static void prvInitialiseNewTimer(	const char * const pcTimerName,			/*lint !e971 Unqualified char 
 220:Middlewares/Third_Party/FreeRTOS/Source/timers.c **** 									const TickType_t xTimerPeriodInTicks,
 221:Middlewares/Third_Party/FreeRTOS/Source/timers.c **** 									const UBaseType_t uxAutoReload,
 222:Middlewares/Third_Party/FreeRTOS/Source/timers.c **** 									void * const pvTimerID,
 223:Middlewares/Third_Party/FreeRTOS/Source/timers.c **** 									TimerCallbackFunction_t pxCallbackFunction,
 224:Middlewares/Third_Party/FreeRTOS/Source/timers.c **** 									Timer_t *pxNewTimer ) PRIVILEGED_FUNCTION;
 225:Middlewares/Third_Party/FreeRTOS/Source/timers.c **** /*-----------------------------------------------------------*/
 226:Middlewares/Third_Party/FreeRTOS/Source/timers.c **** 
 227:Middlewares/Third_Party/FreeRTOS/Source/timers.c **** BaseType_t xTimerCreateTimerTask( void )
 228:Middlewares/Third_Party/FreeRTOS/Source/timers.c **** {
 229:Middlewares/Third_Party/FreeRTOS/Source/timers.c **** BaseType_t xReturn = pdFAIL;
 230:Middlewares/Third_Party/FreeRTOS/Source/timers.c **** 
 231:Middlewares/Third_Party/FreeRTOS/Source/timers.c **** 	/* This function is called when the scheduler is started if
 232:Middlewares/Third_Party/FreeRTOS/Source/timers.c **** 	configUSE_TIMERS is set to 1.  Check that the infrastructure used by the
 233:Middlewares/Third_Party/FreeRTOS/Source/timers.c **** 	timer service task has been created/initialised.  If timers have already
 234:Middlewares/Third_Party/FreeRTOS/Source/timers.c **** 	been created then the initialisation will already have been performed. */
 235:Middlewares/Third_Party/FreeRTOS/Source/timers.c **** 	prvCheckForValidListAndQueue();
 236:Middlewares/Third_Party/FreeRTOS/Source/timers.c **** 
 237:Middlewares/Third_Party/FreeRTOS/Source/timers.c **** 	if( xTimerQueue != NULL )
 238:Middlewares/Third_Party/FreeRTOS/Source/timers.c **** 	{
 239:Middlewares/Third_Party/FreeRTOS/Source/timers.c **** 		#if( configSUPPORT_STATIC_ALLOCATION == 1 )
 240:Middlewares/Third_Party/FreeRTOS/Source/timers.c **** 		{
 241:Middlewares/Third_Party/FreeRTOS/Source/timers.c **** 			StaticTask_t *pxTimerTaskTCBBuffer = NULL;
 242:Middlewares/Third_Party/FreeRTOS/Source/timers.c **** 			StackType_t *pxTimerTaskStackBuffer = NULL;
 243:Middlewares/Third_Party/FreeRTOS/Source/timers.c **** 			uint32_t ulTimerTaskStackSize;
 244:Middlewares/Third_Party/FreeRTOS/Source/timers.c **** 
 245:Middlewares/Third_Party/FreeRTOS/Source/timers.c **** 			vApplicationGetTimerTaskMemory( &pxTimerTaskTCBBuffer, &pxTimerTaskStackBuffer, &ulTimerTaskStac
 246:Middlewares/Third_Party/FreeRTOS/Source/timers.c **** 			xTimerTaskHandle = xTaskCreateStatic(	prvTimerTask,
 247:Middlewares/Third_Party/FreeRTOS/Source/timers.c **** 													configTIMER_SERVICE_TASK_NAME,
 248:Middlewares/Third_Party/FreeRTOS/Source/timers.c **** 													ulTimerTaskStackSize,
 249:Middlewares/Third_Party/FreeRTOS/Source/timers.c **** 													NULL,
 250:Middlewares/Third_Party/FreeRTOS/Source/timers.c **** 													( ( UBaseType_t ) configTIMER_TASK_PRIORITY ) | portPRIVILEGE_BIT,
 251:Middlewares/Third_Party/FreeRTOS/Source/timers.c **** 													pxTimerTaskStackBuffer,
 252:Middlewares/Third_Party/FreeRTOS/Source/timers.c **** 													pxTimerTaskTCBBuffer );
 253:Middlewares/Third_Party/FreeRTOS/Source/timers.c **** 
 254:Middlewares/Third_Party/FreeRTOS/Source/timers.c **** 			if( xTimerTaskHandle != NULL )
 255:Middlewares/Third_Party/FreeRTOS/Source/timers.c **** 			{
 256:Middlewares/Third_Party/FreeRTOS/Source/timers.c **** 				xReturn = pdPASS;
 257:Middlewares/Third_Party/FreeRTOS/Source/timers.c **** 			}
 258:Middlewares/Third_Party/FreeRTOS/Source/timers.c **** 		}
ARM GAS  /tmp/ccNILS8C.s 			page 6


 259:Middlewares/Third_Party/FreeRTOS/Source/timers.c **** 		#else
 260:Middlewares/Third_Party/FreeRTOS/Source/timers.c **** 		{
 261:Middlewares/Third_Party/FreeRTOS/Source/timers.c **** 			xReturn = xTaskCreate(	prvTimerTask,
 262:Middlewares/Third_Party/FreeRTOS/Source/timers.c **** 									configTIMER_SERVICE_TASK_NAME,
 263:Middlewares/Third_Party/FreeRTOS/Source/timers.c **** 									configTIMER_TASK_STACK_DEPTH,
 264:Middlewares/Third_Party/FreeRTOS/Source/timers.c **** 									NULL,
 265:Middlewares/Third_Party/FreeRTOS/Source/timers.c **** 									( ( UBaseType_t ) configTIMER_TASK_PRIORITY ) | portPRIVILEGE_BIT,
 266:Middlewares/Third_Party/FreeRTOS/Source/timers.c **** 									&xTimerTaskHandle );
 267:Middlewares/Third_Party/FreeRTOS/Source/timers.c **** 		}
 268:Middlewares/Third_Party/FreeRTOS/Source/timers.c **** 		#endif /* configSUPPORT_STATIC_ALLOCATION */
 269:Middlewares/Third_Party/FreeRTOS/Source/timers.c **** 	}
 270:Middlewares/Third_Party/FreeRTOS/Source/timers.c **** 	else
 271:Middlewares/Third_Party/FreeRTOS/Source/timers.c **** 	{
 272:Middlewares/Third_Party/FreeRTOS/Source/timers.c **** 		mtCOVERAGE_TEST_MARKER();
 273:Middlewares/Third_Party/FreeRTOS/Source/timers.c **** 	}
 274:Middlewares/Third_Party/FreeRTOS/Source/timers.c **** 
 275:Middlewares/Third_Party/FreeRTOS/Source/timers.c **** 	configASSERT( xReturn );
 276:Middlewares/Third_Party/FreeRTOS/Source/timers.c **** 	return xReturn;
 277:Middlewares/Third_Party/FreeRTOS/Source/timers.c **** }
 278:Middlewares/Third_Party/FreeRTOS/Source/timers.c **** /*-----------------------------------------------------------*/
 279:Middlewares/Third_Party/FreeRTOS/Source/timers.c **** 
 280:Middlewares/Third_Party/FreeRTOS/Source/timers.c **** #if( configSUPPORT_DYNAMIC_ALLOCATION == 1 )
 281:Middlewares/Third_Party/FreeRTOS/Source/timers.c **** 
 282:Middlewares/Third_Party/FreeRTOS/Source/timers.c **** 	TimerHandle_t xTimerCreate(	const char * const pcTimerName,			/*lint !e971 Unqualified char types 
 283:Middlewares/Third_Party/FreeRTOS/Source/timers.c **** 								const TickType_t xTimerPeriodInTicks,
 284:Middlewares/Third_Party/FreeRTOS/Source/timers.c **** 								const UBaseType_t uxAutoReload,
 285:Middlewares/Third_Party/FreeRTOS/Source/timers.c **** 								void * const pvTimerID,
 286:Middlewares/Third_Party/FreeRTOS/Source/timers.c **** 								TimerCallbackFunction_t pxCallbackFunction )
 287:Middlewares/Third_Party/FreeRTOS/Source/timers.c **** 	{
 288:Middlewares/Third_Party/FreeRTOS/Source/timers.c **** 	Timer_t *pxNewTimer;
 289:Middlewares/Third_Party/FreeRTOS/Source/timers.c **** 
 290:Middlewares/Third_Party/FreeRTOS/Source/timers.c **** 		pxNewTimer = ( Timer_t * ) pvPortMalloc( sizeof( Timer_t ) ); /*lint !e9087 !e9079 All values ret
 291:Middlewares/Third_Party/FreeRTOS/Source/timers.c **** 
 292:Middlewares/Third_Party/FreeRTOS/Source/timers.c **** 		if( pxNewTimer != NULL )
 293:Middlewares/Third_Party/FreeRTOS/Source/timers.c **** 		{
 294:Middlewares/Third_Party/FreeRTOS/Source/timers.c **** 			/* Status is thus far zero as the timer is not created statically
 295:Middlewares/Third_Party/FreeRTOS/Source/timers.c **** 			and has not been started.  The auto-reload bit may get set in
 296:Middlewares/Third_Party/FreeRTOS/Source/timers.c **** 			prvInitialiseNewTimer. */
 297:Middlewares/Third_Party/FreeRTOS/Source/timers.c **** 			pxNewTimer->ucStatus = 0x00;
 298:Middlewares/Third_Party/FreeRTOS/Source/timers.c **** 			prvInitialiseNewTimer( pcTimerName, xTimerPeriodInTicks, uxAutoReload, pvTimerID, pxCallbackFunc
 299:Middlewares/Third_Party/FreeRTOS/Source/timers.c **** 		}
 300:Middlewares/Third_Party/FreeRTOS/Source/timers.c **** 
 301:Middlewares/Third_Party/FreeRTOS/Source/timers.c **** 		return pxNewTimer;
 302:Middlewares/Third_Party/FreeRTOS/Source/timers.c **** 	}
 303:Middlewares/Third_Party/FreeRTOS/Source/timers.c **** 
 304:Middlewares/Third_Party/FreeRTOS/Source/timers.c **** #endif /* configSUPPORT_DYNAMIC_ALLOCATION */
 305:Middlewares/Third_Party/FreeRTOS/Source/timers.c **** /*-----------------------------------------------------------*/
 306:Middlewares/Third_Party/FreeRTOS/Source/timers.c **** 
 307:Middlewares/Third_Party/FreeRTOS/Source/timers.c **** #if( configSUPPORT_STATIC_ALLOCATION == 1 )
 308:Middlewares/Third_Party/FreeRTOS/Source/timers.c **** 
 309:Middlewares/Third_Party/FreeRTOS/Source/timers.c **** 	TimerHandle_t xTimerCreateStatic(	const char * const pcTimerName,		/*lint !e971 Unqualified char t
 310:Middlewares/Third_Party/FreeRTOS/Source/timers.c **** 										const TickType_t xTimerPeriodInTicks,
 311:Middlewares/Third_Party/FreeRTOS/Source/timers.c **** 										const UBaseType_t uxAutoReload,
 312:Middlewares/Third_Party/FreeRTOS/Source/timers.c **** 										void * const pvTimerID,
 313:Middlewares/Third_Party/FreeRTOS/Source/timers.c **** 										TimerCallbackFunction_t pxCallbackFunction,
 314:Middlewares/Third_Party/FreeRTOS/Source/timers.c **** 										StaticTimer_t *pxTimerBuffer )
 315:Middlewares/Third_Party/FreeRTOS/Source/timers.c **** 	{
ARM GAS  /tmp/ccNILS8C.s 			page 7


 316:Middlewares/Third_Party/FreeRTOS/Source/timers.c **** 	Timer_t *pxNewTimer;
 317:Middlewares/Third_Party/FreeRTOS/Source/timers.c **** 
 318:Middlewares/Third_Party/FreeRTOS/Source/timers.c **** 		#if( configASSERT_DEFINED == 1 )
 319:Middlewares/Third_Party/FreeRTOS/Source/timers.c **** 		{
 320:Middlewares/Third_Party/FreeRTOS/Source/timers.c **** 			/* Sanity check that the size of the structure used to declare a
 321:Middlewares/Third_Party/FreeRTOS/Source/timers.c **** 			variable of type StaticTimer_t equals the size of the real timer
 322:Middlewares/Third_Party/FreeRTOS/Source/timers.c **** 			structure. */
 323:Middlewares/Third_Party/FreeRTOS/Source/timers.c **** 			volatile size_t xSize = sizeof( StaticTimer_t );
 324:Middlewares/Third_Party/FreeRTOS/Source/timers.c **** 			configASSERT( xSize == sizeof( Timer_t ) );
 325:Middlewares/Third_Party/FreeRTOS/Source/timers.c **** 			( void ) xSize; /* Keeps lint quiet when configASSERT() is not defined. */
 326:Middlewares/Third_Party/FreeRTOS/Source/timers.c **** 		}
 327:Middlewares/Third_Party/FreeRTOS/Source/timers.c **** 		#endif /* configASSERT_DEFINED */
 328:Middlewares/Third_Party/FreeRTOS/Source/timers.c **** 
 329:Middlewares/Third_Party/FreeRTOS/Source/timers.c **** 		/* A pointer to a StaticTimer_t structure MUST be provided, use it. */
 330:Middlewares/Third_Party/FreeRTOS/Source/timers.c **** 		configASSERT( pxTimerBuffer );
 331:Middlewares/Third_Party/FreeRTOS/Source/timers.c **** 		pxNewTimer = ( Timer_t * ) pxTimerBuffer; /*lint !e740 !e9087 StaticTimer_t is a pointer to a Tim
 332:Middlewares/Third_Party/FreeRTOS/Source/timers.c **** 
 333:Middlewares/Third_Party/FreeRTOS/Source/timers.c **** 		if( pxNewTimer != NULL )
 334:Middlewares/Third_Party/FreeRTOS/Source/timers.c **** 		{
 335:Middlewares/Third_Party/FreeRTOS/Source/timers.c **** 			/* Timers can be created statically or dynamically so note this
 336:Middlewares/Third_Party/FreeRTOS/Source/timers.c **** 			timer was created statically in case it is later deleted.  The
 337:Middlewares/Third_Party/FreeRTOS/Source/timers.c **** 			auto-reload bit may get set in prvInitialiseNewTimer(). */
 338:Middlewares/Third_Party/FreeRTOS/Source/timers.c **** 			pxNewTimer->ucStatus = tmrSTATUS_IS_STATICALLY_ALLOCATED;
 339:Middlewares/Third_Party/FreeRTOS/Source/timers.c **** 
 340:Middlewares/Third_Party/FreeRTOS/Source/timers.c **** 			prvInitialiseNewTimer( pcTimerName, xTimerPeriodInTicks, uxAutoReload, pvTimerID, pxCallbackFunc
 341:Middlewares/Third_Party/FreeRTOS/Source/timers.c **** 		}
 342:Middlewares/Third_Party/FreeRTOS/Source/timers.c **** 
 343:Middlewares/Third_Party/FreeRTOS/Source/timers.c **** 		return pxNewTimer;
 344:Middlewares/Third_Party/FreeRTOS/Source/timers.c **** 	}
 345:Middlewares/Third_Party/FreeRTOS/Source/timers.c **** 
 346:Middlewares/Third_Party/FreeRTOS/Source/timers.c **** #endif /* configSUPPORT_STATIC_ALLOCATION */
 347:Middlewares/Third_Party/FreeRTOS/Source/timers.c **** /*-----------------------------------------------------------*/
 348:Middlewares/Third_Party/FreeRTOS/Source/timers.c **** 
 349:Middlewares/Third_Party/FreeRTOS/Source/timers.c **** static void prvInitialiseNewTimer(	const char * const pcTimerName,			/*lint !e971 Unqualified char 
 350:Middlewares/Third_Party/FreeRTOS/Source/timers.c **** 									const TickType_t xTimerPeriodInTicks,
 351:Middlewares/Third_Party/FreeRTOS/Source/timers.c **** 									const UBaseType_t uxAutoReload,
 352:Middlewares/Third_Party/FreeRTOS/Source/timers.c **** 									void * const pvTimerID,
 353:Middlewares/Third_Party/FreeRTOS/Source/timers.c **** 									TimerCallbackFunction_t pxCallbackFunction,
 354:Middlewares/Third_Party/FreeRTOS/Source/timers.c **** 									Timer_t *pxNewTimer )
 355:Middlewares/Third_Party/FreeRTOS/Source/timers.c **** {
 356:Middlewares/Third_Party/FreeRTOS/Source/timers.c **** 	/* 0 is not a valid value for xTimerPeriodInTicks. */
 357:Middlewares/Third_Party/FreeRTOS/Source/timers.c **** 	configASSERT( ( xTimerPeriodInTicks > 0 ) );
 358:Middlewares/Third_Party/FreeRTOS/Source/timers.c **** 
 359:Middlewares/Third_Party/FreeRTOS/Source/timers.c **** 	if( pxNewTimer != NULL )
 360:Middlewares/Third_Party/FreeRTOS/Source/timers.c **** 	{
 361:Middlewares/Third_Party/FreeRTOS/Source/timers.c **** 		/* Ensure the infrastructure used by the timer service task has been
 362:Middlewares/Third_Party/FreeRTOS/Source/timers.c **** 		created/initialised. */
 363:Middlewares/Third_Party/FreeRTOS/Source/timers.c **** 		prvCheckForValidListAndQueue();
 364:Middlewares/Third_Party/FreeRTOS/Source/timers.c **** 
 365:Middlewares/Third_Party/FreeRTOS/Source/timers.c **** 		/* Initialise the timer structure members using the function
 366:Middlewares/Third_Party/FreeRTOS/Source/timers.c **** 		parameters. */
 367:Middlewares/Third_Party/FreeRTOS/Source/timers.c **** 		pxNewTimer->pcTimerName = pcTimerName;
 368:Middlewares/Third_Party/FreeRTOS/Source/timers.c **** 		pxNewTimer->xTimerPeriodInTicks = xTimerPeriodInTicks;
 369:Middlewares/Third_Party/FreeRTOS/Source/timers.c **** 		pxNewTimer->pvTimerID = pvTimerID;
 370:Middlewares/Third_Party/FreeRTOS/Source/timers.c **** 		pxNewTimer->pxCallbackFunction = pxCallbackFunction;
 371:Middlewares/Third_Party/FreeRTOS/Source/timers.c **** 		vListInitialiseItem( &( pxNewTimer->xTimerListItem ) );
 372:Middlewares/Third_Party/FreeRTOS/Source/timers.c **** 		if( uxAutoReload != pdFALSE )
ARM GAS  /tmp/ccNILS8C.s 			page 8


 373:Middlewares/Third_Party/FreeRTOS/Source/timers.c **** 		{
 374:Middlewares/Third_Party/FreeRTOS/Source/timers.c **** 			pxNewTimer->ucStatus |= tmrSTATUS_IS_AUTORELOAD;
 375:Middlewares/Third_Party/FreeRTOS/Source/timers.c **** 		}
 376:Middlewares/Third_Party/FreeRTOS/Source/timers.c **** 		traceTIMER_CREATE( pxNewTimer );
 377:Middlewares/Third_Party/FreeRTOS/Source/timers.c **** 	}
 378:Middlewares/Third_Party/FreeRTOS/Source/timers.c **** }
 379:Middlewares/Third_Party/FreeRTOS/Source/timers.c **** /*-----------------------------------------------------------*/
 380:Middlewares/Third_Party/FreeRTOS/Source/timers.c **** 
 381:Middlewares/Third_Party/FreeRTOS/Source/timers.c **** BaseType_t xTimerGenericCommand( TimerHandle_t xTimer, const BaseType_t xCommandID, const TickType_
 382:Middlewares/Third_Party/FreeRTOS/Source/timers.c **** {
 383:Middlewares/Third_Party/FreeRTOS/Source/timers.c **** BaseType_t xReturn = pdFAIL;
 384:Middlewares/Third_Party/FreeRTOS/Source/timers.c **** DaemonTaskMessage_t xMessage;
 385:Middlewares/Third_Party/FreeRTOS/Source/timers.c **** 
 386:Middlewares/Third_Party/FreeRTOS/Source/timers.c **** 	configASSERT( xTimer );
 387:Middlewares/Third_Party/FreeRTOS/Source/timers.c **** 
 388:Middlewares/Third_Party/FreeRTOS/Source/timers.c **** 	/* Send a message to the timer service task to perform a particular action
 389:Middlewares/Third_Party/FreeRTOS/Source/timers.c **** 	on a particular timer definition. */
 390:Middlewares/Third_Party/FreeRTOS/Source/timers.c **** 	if( xTimerQueue != NULL )
 391:Middlewares/Third_Party/FreeRTOS/Source/timers.c **** 	{
 392:Middlewares/Third_Party/FreeRTOS/Source/timers.c **** 		/* Send a command to the timer service task to start the xTimer timer. */
 393:Middlewares/Third_Party/FreeRTOS/Source/timers.c **** 		xMessage.xMessageID = xCommandID;
 394:Middlewares/Third_Party/FreeRTOS/Source/timers.c **** 		xMessage.u.xTimerParameters.xMessageValue = xOptionalValue;
 395:Middlewares/Third_Party/FreeRTOS/Source/timers.c **** 		xMessage.u.xTimerParameters.pxTimer = xTimer;
 396:Middlewares/Third_Party/FreeRTOS/Source/timers.c **** 
 397:Middlewares/Third_Party/FreeRTOS/Source/timers.c **** 		if( xCommandID < tmrFIRST_FROM_ISR_COMMAND )
 398:Middlewares/Third_Party/FreeRTOS/Source/timers.c **** 		{
 399:Middlewares/Third_Party/FreeRTOS/Source/timers.c **** 			if( xTaskGetSchedulerState() == taskSCHEDULER_RUNNING )
 400:Middlewares/Third_Party/FreeRTOS/Source/timers.c **** 			{
 401:Middlewares/Third_Party/FreeRTOS/Source/timers.c **** 				xReturn = xQueueSendToBack( xTimerQueue, &xMessage, xTicksToWait );
 402:Middlewares/Third_Party/FreeRTOS/Source/timers.c **** 			}
 403:Middlewares/Third_Party/FreeRTOS/Source/timers.c **** 			else
 404:Middlewares/Third_Party/FreeRTOS/Source/timers.c **** 			{
 405:Middlewares/Third_Party/FreeRTOS/Source/timers.c **** 				xReturn = xQueueSendToBack( xTimerQueue, &xMessage, tmrNO_DELAY );
 406:Middlewares/Third_Party/FreeRTOS/Source/timers.c **** 			}
 407:Middlewares/Third_Party/FreeRTOS/Source/timers.c **** 		}
 408:Middlewares/Third_Party/FreeRTOS/Source/timers.c **** 		else
 409:Middlewares/Third_Party/FreeRTOS/Source/timers.c **** 		{
 410:Middlewares/Third_Party/FreeRTOS/Source/timers.c **** 			xReturn = xQueueSendToBackFromISR( xTimerQueue, &xMessage, pxHigherPriorityTaskWoken );
 411:Middlewares/Third_Party/FreeRTOS/Source/timers.c **** 		}
 412:Middlewares/Third_Party/FreeRTOS/Source/timers.c **** 
 413:Middlewares/Third_Party/FreeRTOS/Source/timers.c **** 		traceTIMER_COMMAND_SEND( xTimer, xCommandID, xOptionalValue, xReturn );
 414:Middlewares/Third_Party/FreeRTOS/Source/timers.c **** 	}
 415:Middlewares/Third_Party/FreeRTOS/Source/timers.c **** 	else
 416:Middlewares/Third_Party/FreeRTOS/Source/timers.c **** 	{
 417:Middlewares/Third_Party/FreeRTOS/Source/timers.c **** 		mtCOVERAGE_TEST_MARKER();
 418:Middlewares/Third_Party/FreeRTOS/Source/timers.c **** 	}
 419:Middlewares/Third_Party/FreeRTOS/Source/timers.c **** 
 420:Middlewares/Third_Party/FreeRTOS/Source/timers.c **** 	return xReturn;
 421:Middlewares/Third_Party/FreeRTOS/Source/timers.c **** }
 422:Middlewares/Third_Party/FreeRTOS/Source/timers.c **** /*-----------------------------------------------------------*/
 423:Middlewares/Third_Party/FreeRTOS/Source/timers.c **** 
 424:Middlewares/Third_Party/FreeRTOS/Source/timers.c **** TaskHandle_t xTimerGetTimerDaemonTaskHandle( void )
 425:Middlewares/Third_Party/FreeRTOS/Source/timers.c **** {
 426:Middlewares/Third_Party/FreeRTOS/Source/timers.c **** 	/* If xTimerGetTimerDaemonTaskHandle() is called before the scheduler has been
 427:Middlewares/Third_Party/FreeRTOS/Source/timers.c **** 	started, then xTimerTaskHandle will be NULL. */
 428:Middlewares/Third_Party/FreeRTOS/Source/timers.c **** 	configASSERT( ( xTimerTaskHandle != NULL ) );
 429:Middlewares/Third_Party/FreeRTOS/Source/timers.c **** 	return xTimerTaskHandle;
ARM GAS  /tmp/ccNILS8C.s 			page 9


 430:Middlewares/Third_Party/FreeRTOS/Source/timers.c **** }
 431:Middlewares/Third_Party/FreeRTOS/Source/timers.c **** /*-----------------------------------------------------------*/
 432:Middlewares/Third_Party/FreeRTOS/Source/timers.c **** 
 433:Middlewares/Third_Party/FreeRTOS/Source/timers.c **** TickType_t xTimerGetPeriod( TimerHandle_t xTimer )
 434:Middlewares/Third_Party/FreeRTOS/Source/timers.c **** {
 435:Middlewares/Third_Party/FreeRTOS/Source/timers.c **** Timer_t *pxTimer = xTimer;
 436:Middlewares/Third_Party/FreeRTOS/Source/timers.c **** 
 437:Middlewares/Third_Party/FreeRTOS/Source/timers.c **** 	configASSERT( xTimer );
 438:Middlewares/Third_Party/FreeRTOS/Source/timers.c **** 	return pxTimer->xTimerPeriodInTicks;
 439:Middlewares/Third_Party/FreeRTOS/Source/timers.c **** }
 440:Middlewares/Third_Party/FreeRTOS/Source/timers.c **** /*-----------------------------------------------------------*/
 441:Middlewares/Third_Party/FreeRTOS/Source/timers.c **** 
 442:Middlewares/Third_Party/FreeRTOS/Source/timers.c **** void vTimerSetReloadMode( TimerHandle_t xTimer, const UBaseType_t uxAutoReload )
 443:Middlewares/Third_Party/FreeRTOS/Source/timers.c **** {
 444:Middlewares/Third_Party/FreeRTOS/Source/timers.c **** Timer_t * pxTimer =  xTimer;
 445:Middlewares/Third_Party/FreeRTOS/Source/timers.c **** 
 446:Middlewares/Third_Party/FreeRTOS/Source/timers.c **** 	configASSERT( xTimer );
 447:Middlewares/Third_Party/FreeRTOS/Source/timers.c **** 	taskENTER_CRITICAL();
 448:Middlewares/Third_Party/FreeRTOS/Source/timers.c **** 	{
 449:Middlewares/Third_Party/FreeRTOS/Source/timers.c **** 		if( uxAutoReload != pdFALSE )
 450:Middlewares/Third_Party/FreeRTOS/Source/timers.c **** 		{
 451:Middlewares/Third_Party/FreeRTOS/Source/timers.c **** 			pxTimer->ucStatus |= tmrSTATUS_IS_AUTORELOAD;
 452:Middlewares/Third_Party/FreeRTOS/Source/timers.c **** 		}
 453:Middlewares/Third_Party/FreeRTOS/Source/timers.c **** 		else
 454:Middlewares/Third_Party/FreeRTOS/Source/timers.c **** 		{
 455:Middlewares/Third_Party/FreeRTOS/Source/timers.c **** 			pxTimer->ucStatus &= ~tmrSTATUS_IS_AUTORELOAD;
 456:Middlewares/Third_Party/FreeRTOS/Source/timers.c **** 		}
 457:Middlewares/Third_Party/FreeRTOS/Source/timers.c **** 	}
 458:Middlewares/Third_Party/FreeRTOS/Source/timers.c **** 	taskEXIT_CRITICAL();
 459:Middlewares/Third_Party/FreeRTOS/Source/timers.c **** }
 460:Middlewares/Third_Party/FreeRTOS/Source/timers.c **** /*-----------------------------------------------------------*/
 461:Middlewares/Third_Party/FreeRTOS/Source/timers.c **** 
 462:Middlewares/Third_Party/FreeRTOS/Source/timers.c **** UBaseType_t uxTimerGetReloadMode( TimerHandle_t xTimer )
 463:Middlewares/Third_Party/FreeRTOS/Source/timers.c **** {
 464:Middlewares/Third_Party/FreeRTOS/Source/timers.c **** Timer_t * pxTimer =  xTimer;
 465:Middlewares/Third_Party/FreeRTOS/Source/timers.c **** UBaseType_t uxReturn;
 466:Middlewares/Third_Party/FreeRTOS/Source/timers.c **** 
 467:Middlewares/Third_Party/FreeRTOS/Source/timers.c **** 	configASSERT( xTimer );
 468:Middlewares/Third_Party/FreeRTOS/Source/timers.c **** 	taskENTER_CRITICAL();
 469:Middlewares/Third_Party/FreeRTOS/Source/timers.c **** 	{
 470:Middlewares/Third_Party/FreeRTOS/Source/timers.c **** 		if( ( pxTimer->ucStatus & tmrSTATUS_IS_AUTORELOAD ) == 0 )
 471:Middlewares/Third_Party/FreeRTOS/Source/timers.c **** 		{
 472:Middlewares/Third_Party/FreeRTOS/Source/timers.c **** 			/* Not an auto-reload timer. */
 473:Middlewares/Third_Party/FreeRTOS/Source/timers.c **** 			uxReturn = ( UBaseType_t ) pdFALSE;
 474:Middlewares/Third_Party/FreeRTOS/Source/timers.c **** 		}
 475:Middlewares/Third_Party/FreeRTOS/Source/timers.c **** 		else
 476:Middlewares/Third_Party/FreeRTOS/Source/timers.c **** 		{
 477:Middlewares/Third_Party/FreeRTOS/Source/timers.c **** 			/* Is an auto-reload timer. */
 478:Middlewares/Third_Party/FreeRTOS/Source/timers.c **** 			uxReturn = ( UBaseType_t ) pdTRUE;
 479:Middlewares/Third_Party/FreeRTOS/Source/timers.c **** 		}
 480:Middlewares/Third_Party/FreeRTOS/Source/timers.c **** 	}
 481:Middlewares/Third_Party/FreeRTOS/Source/timers.c **** 	taskEXIT_CRITICAL();
 482:Middlewares/Third_Party/FreeRTOS/Source/timers.c **** 
 483:Middlewares/Third_Party/FreeRTOS/Source/timers.c **** 	return uxReturn;
 484:Middlewares/Third_Party/FreeRTOS/Source/timers.c **** }
 485:Middlewares/Third_Party/FreeRTOS/Source/timers.c **** /*-----------------------------------------------------------*/
 486:Middlewares/Third_Party/FreeRTOS/Source/timers.c **** 
ARM GAS  /tmp/ccNILS8C.s 			page 10


 487:Middlewares/Third_Party/FreeRTOS/Source/timers.c **** TickType_t xTimerGetExpiryTime( TimerHandle_t xTimer )
 488:Middlewares/Third_Party/FreeRTOS/Source/timers.c **** {
 489:Middlewares/Third_Party/FreeRTOS/Source/timers.c **** Timer_t * pxTimer =  xTimer;
 490:Middlewares/Third_Party/FreeRTOS/Source/timers.c **** TickType_t xReturn;
 491:Middlewares/Third_Party/FreeRTOS/Source/timers.c **** 
 492:Middlewares/Third_Party/FreeRTOS/Source/timers.c **** 	configASSERT( xTimer );
 493:Middlewares/Third_Party/FreeRTOS/Source/timers.c **** 	xReturn = listGET_LIST_ITEM_VALUE( &( pxTimer->xTimerListItem ) );
 494:Middlewares/Third_Party/FreeRTOS/Source/timers.c **** 	return xReturn;
 495:Middlewares/Third_Party/FreeRTOS/Source/timers.c **** }
 496:Middlewares/Third_Party/FreeRTOS/Source/timers.c **** /*-----------------------------------------------------------*/
 497:Middlewares/Third_Party/FreeRTOS/Source/timers.c **** 
 498:Middlewares/Third_Party/FreeRTOS/Source/timers.c **** const char * pcTimerGetName( TimerHandle_t xTimer ) /*lint !e971 Unqualified char types are allowed
 499:Middlewares/Third_Party/FreeRTOS/Source/timers.c **** {
 500:Middlewares/Third_Party/FreeRTOS/Source/timers.c **** Timer_t *pxTimer = xTimer;
 501:Middlewares/Third_Party/FreeRTOS/Source/timers.c **** 
 502:Middlewares/Third_Party/FreeRTOS/Source/timers.c **** 	configASSERT( xTimer );
 503:Middlewares/Third_Party/FreeRTOS/Source/timers.c **** 	return pxTimer->pcTimerName;
 504:Middlewares/Third_Party/FreeRTOS/Source/timers.c **** }
 505:Middlewares/Third_Party/FreeRTOS/Source/timers.c **** /*-----------------------------------------------------------*/
 506:Middlewares/Third_Party/FreeRTOS/Source/timers.c **** 
 507:Middlewares/Third_Party/FreeRTOS/Source/timers.c **** static void prvProcessExpiredTimer( const TickType_t xNextExpireTime, const TickType_t xTimeNow )
 508:Middlewares/Third_Party/FreeRTOS/Source/timers.c **** {
 509:Middlewares/Third_Party/FreeRTOS/Source/timers.c **** BaseType_t xResult;
 510:Middlewares/Third_Party/FreeRTOS/Source/timers.c **** Timer_t * const pxTimer = ( Timer_t * ) listGET_OWNER_OF_HEAD_ENTRY( pxCurrentTimerList ); /*lint !
 511:Middlewares/Third_Party/FreeRTOS/Source/timers.c **** 
 512:Middlewares/Third_Party/FreeRTOS/Source/timers.c **** 	/* Remove the timer from the list of active timers.  A check has already
 513:Middlewares/Third_Party/FreeRTOS/Source/timers.c **** 	been performed to ensure the list is not empty. */
 514:Middlewares/Third_Party/FreeRTOS/Source/timers.c **** 	( void ) uxListRemove( &( pxTimer->xTimerListItem ) );
 515:Middlewares/Third_Party/FreeRTOS/Source/timers.c **** 	traceTIMER_EXPIRED( pxTimer );
 516:Middlewares/Third_Party/FreeRTOS/Source/timers.c **** 
 517:Middlewares/Third_Party/FreeRTOS/Source/timers.c **** 	/* If the timer is an auto-reload timer then calculate the next
 518:Middlewares/Third_Party/FreeRTOS/Source/timers.c **** 	expiry time and re-insert the timer in the list of active timers. */
 519:Middlewares/Third_Party/FreeRTOS/Source/timers.c **** 	if( ( pxTimer->ucStatus & tmrSTATUS_IS_AUTORELOAD ) != 0 )
 520:Middlewares/Third_Party/FreeRTOS/Source/timers.c **** 	{
 521:Middlewares/Third_Party/FreeRTOS/Source/timers.c **** 		/* The timer is inserted into a list using a time relative to anything
 522:Middlewares/Third_Party/FreeRTOS/Source/timers.c **** 		other than the current time.  It will therefore be inserted into the
 523:Middlewares/Third_Party/FreeRTOS/Source/timers.c **** 		correct list relative to the time this task thinks it is now. */
 524:Middlewares/Third_Party/FreeRTOS/Source/timers.c **** 		if( prvInsertTimerInActiveList( pxTimer, ( xNextExpireTime + pxTimer->xTimerPeriodInTicks ), xTim
 525:Middlewares/Third_Party/FreeRTOS/Source/timers.c **** 		{
 526:Middlewares/Third_Party/FreeRTOS/Source/timers.c **** 			/* The timer expired before it was added to the active timer
 527:Middlewares/Third_Party/FreeRTOS/Source/timers.c **** 			list.  Reload it now.  */
 528:Middlewares/Third_Party/FreeRTOS/Source/timers.c **** 			xResult = xTimerGenericCommand( pxTimer, tmrCOMMAND_START_DONT_TRACE, xNextExpireTime, NULL, tmr
 529:Middlewares/Third_Party/FreeRTOS/Source/timers.c **** 			configASSERT( xResult );
 530:Middlewares/Third_Party/FreeRTOS/Source/timers.c **** 			( void ) xResult;
 531:Middlewares/Third_Party/FreeRTOS/Source/timers.c **** 		}
 532:Middlewares/Third_Party/FreeRTOS/Source/timers.c **** 		else
 533:Middlewares/Third_Party/FreeRTOS/Source/timers.c **** 		{
 534:Middlewares/Third_Party/FreeRTOS/Source/timers.c **** 			mtCOVERAGE_TEST_MARKER();
 535:Middlewares/Third_Party/FreeRTOS/Source/timers.c **** 		}
 536:Middlewares/Third_Party/FreeRTOS/Source/timers.c **** 	}
 537:Middlewares/Third_Party/FreeRTOS/Source/timers.c **** 	else
 538:Middlewares/Third_Party/FreeRTOS/Source/timers.c **** 	{
 539:Middlewares/Third_Party/FreeRTOS/Source/timers.c **** 		pxTimer->ucStatus &= ~tmrSTATUS_IS_ACTIVE;
 540:Middlewares/Third_Party/FreeRTOS/Source/timers.c **** 		mtCOVERAGE_TEST_MARKER();
 541:Middlewares/Third_Party/FreeRTOS/Source/timers.c **** 	}
 542:Middlewares/Third_Party/FreeRTOS/Source/timers.c **** 
 543:Middlewares/Third_Party/FreeRTOS/Source/timers.c **** 	/* Call the timer callback. */
ARM GAS  /tmp/ccNILS8C.s 			page 11


 544:Middlewares/Third_Party/FreeRTOS/Source/timers.c **** 	pxTimer->pxCallbackFunction( ( TimerHandle_t ) pxTimer );
 545:Middlewares/Third_Party/FreeRTOS/Source/timers.c **** }
 546:Middlewares/Third_Party/FreeRTOS/Source/timers.c **** /*-----------------------------------------------------------*/
 547:Middlewares/Third_Party/FreeRTOS/Source/timers.c **** 
 548:Middlewares/Third_Party/FreeRTOS/Source/timers.c **** static portTASK_FUNCTION( prvTimerTask, pvParameters )
 549:Middlewares/Third_Party/FreeRTOS/Source/timers.c **** {
 550:Middlewares/Third_Party/FreeRTOS/Source/timers.c **** TickType_t xNextExpireTime;
 551:Middlewares/Third_Party/FreeRTOS/Source/timers.c **** BaseType_t xListWasEmpty;
 552:Middlewares/Third_Party/FreeRTOS/Source/timers.c **** 
 553:Middlewares/Third_Party/FreeRTOS/Source/timers.c **** 	/* Just to avoid compiler warnings. */
 554:Middlewares/Third_Party/FreeRTOS/Source/timers.c **** 	( void ) pvParameters;
 555:Middlewares/Third_Party/FreeRTOS/Source/timers.c **** 
 556:Middlewares/Third_Party/FreeRTOS/Source/timers.c **** 	#if( configUSE_DAEMON_TASK_STARTUP_HOOK == 1 )
 557:Middlewares/Third_Party/FreeRTOS/Source/timers.c **** 	{
 558:Middlewares/Third_Party/FreeRTOS/Source/timers.c **** 		extern void vApplicationDaemonTaskStartupHook( void );
 559:Middlewares/Third_Party/FreeRTOS/Source/timers.c **** 
 560:Middlewares/Third_Party/FreeRTOS/Source/timers.c **** 		/* Allow the application writer to execute some code in the context of
 561:Middlewares/Third_Party/FreeRTOS/Source/timers.c **** 		this task at the point the task starts executing.  This is useful if the
 562:Middlewares/Third_Party/FreeRTOS/Source/timers.c **** 		application includes initialisation code that would benefit from
 563:Middlewares/Third_Party/FreeRTOS/Source/timers.c **** 		executing after the scheduler has been started. */
 564:Middlewares/Third_Party/FreeRTOS/Source/timers.c **** 		vApplicationDaemonTaskStartupHook();
 565:Middlewares/Third_Party/FreeRTOS/Source/timers.c **** 	}
 566:Middlewares/Third_Party/FreeRTOS/Source/timers.c **** 	#endif /* configUSE_DAEMON_TASK_STARTUP_HOOK */
 567:Middlewares/Third_Party/FreeRTOS/Source/timers.c **** 
 568:Middlewares/Third_Party/FreeRTOS/Source/timers.c **** 	for( ;; )
 569:Middlewares/Third_Party/FreeRTOS/Source/timers.c **** 	{
 570:Middlewares/Third_Party/FreeRTOS/Source/timers.c **** 		/* Query the timers list to see if it contains any timers, and if so,
 571:Middlewares/Third_Party/FreeRTOS/Source/timers.c **** 		obtain the time at which the next timer will expire. */
 572:Middlewares/Third_Party/FreeRTOS/Source/timers.c **** 		xNextExpireTime = prvGetNextExpireTime( &xListWasEmpty );
 573:Middlewares/Third_Party/FreeRTOS/Source/timers.c **** 
 574:Middlewares/Third_Party/FreeRTOS/Source/timers.c **** 		/* If a timer has expired, process it.  Otherwise, block this task
 575:Middlewares/Third_Party/FreeRTOS/Source/timers.c **** 		until either a timer does expire, or a command is received. */
 576:Middlewares/Third_Party/FreeRTOS/Source/timers.c **** 		prvProcessTimerOrBlockTask( xNextExpireTime, xListWasEmpty );
 577:Middlewares/Third_Party/FreeRTOS/Source/timers.c **** 
 578:Middlewares/Third_Party/FreeRTOS/Source/timers.c **** 		/* Empty the command queue. */
 579:Middlewares/Third_Party/FreeRTOS/Source/timers.c **** 		prvProcessReceivedCommands();
 580:Middlewares/Third_Party/FreeRTOS/Source/timers.c **** 	}
 581:Middlewares/Third_Party/FreeRTOS/Source/timers.c **** }
 582:Middlewares/Third_Party/FreeRTOS/Source/timers.c **** /*-----------------------------------------------------------*/
 583:Middlewares/Third_Party/FreeRTOS/Source/timers.c **** 
 584:Middlewares/Third_Party/FreeRTOS/Source/timers.c **** static void prvProcessTimerOrBlockTask( const TickType_t xNextExpireTime, BaseType_t xListWasEmpty 
 585:Middlewares/Third_Party/FreeRTOS/Source/timers.c **** {
 586:Middlewares/Third_Party/FreeRTOS/Source/timers.c **** TickType_t xTimeNow;
 587:Middlewares/Third_Party/FreeRTOS/Source/timers.c **** BaseType_t xTimerListsWereSwitched;
 588:Middlewares/Third_Party/FreeRTOS/Source/timers.c **** 
 589:Middlewares/Third_Party/FreeRTOS/Source/timers.c **** 	vTaskSuspendAll();
 590:Middlewares/Third_Party/FreeRTOS/Source/timers.c **** 	{
 591:Middlewares/Third_Party/FreeRTOS/Source/timers.c **** 		/* Obtain the time now to make an assessment as to whether the timer
 592:Middlewares/Third_Party/FreeRTOS/Source/timers.c **** 		has expired or not.  If obtaining the time causes the lists to switch
 593:Middlewares/Third_Party/FreeRTOS/Source/timers.c **** 		then don't process this timer as any timers that remained in the list
 594:Middlewares/Third_Party/FreeRTOS/Source/timers.c **** 		when the lists were switched will have been processed within the
 595:Middlewares/Third_Party/FreeRTOS/Source/timers.c **** 		prvSampleTimeNow() function. */
 596:Middlewares/Third_Party/FreeRTOS/Source/timers.c **** 		xTimeNow = prvSampleTimeNow( &xTimerListsWereSwitched );
 597:Middlewares/Third_Party/FreeRTOS/Source/timers.c **** 		if( xTimerListsWereSwitched == pdFALSE )
 598:Middlewares/Third_Party/FreeRTOS/Source/timers.c **** 		{
 599:Middlewares/Third_Party/FreeRTOS/Source/timers.c **** 			/* The tick count has not overflowed, has the timer expired? */
 600:Middlewares/Third_Party/FreeRTOS/Source/timers.c **** 			if( ( xListWasEmpty == pdFALSE ) && ( xNextExpireTime <= xTimeNow ) )
ARM GAS  /tmp/ccNILS8C.s 			page 12


 601:Middlewares/Third_Party/FreeRTOS/Source/timers.c **** 			{
 602:Middlewares/Third_Party/FreeRTOS/Source/timers.c **** 				( void ) xTaskResumeAll();
 603:Middlewares/Third_Party/FreeRTOS/Source/timers.c **** 				prvProcessExpiredTimer( xNextExpireTime, xTimeNow );
 604:Middlewares/Third_Party/FreeRTOS/Source/timers.c **** 			}
 605:Middlewares/Third_Party/FreeRTOS/Source/timers.c **** 			else
 606:Middlewares/Third_Party/FreeRTOS/Source/timers.c **** 			{
 607:Middlewares/Third_Party/FreeRTOS/Source/timers.c **** 				/* The tick count has not overflowed, and the next expire
 608:Middlewares/Third_Party/FreeRTOS/Source/timers.c **** 				time has not been reached yet.  This task should therefore
 609:Middlewares/Third_Party/FreeRTOS/Source/timers.c **** 				block to wait for the next expire time or a command to be
 610:Middlewares/Third_Party/FreeRTOS/Source/timers.c **** 				received - whichever comes first.  The following line cannot
 611:Middlewares/Third_Party/FreeRTOS/Source/timers.c **** 				be reached unless xNextExpireTime > xTimeNow, except in the
 612:Middlewares/Third_Party/FreeRTOS/Source/timers.c **** 				case when the current timer list is empty. */
 613:Middlewares/Third_Party/FreeRTOS/Source/timers.c **** 				if( xListWasEmpty != pdFALSE )
 614:Middlewares/Third_Party/FreeRTOS/Source/timers.c **** 				{
 615:Middlewares/Third_Party/FreeRTOS/Source/timers.c **** 					/* The current timer list is empty - is the overflow list
 616:Middlewares/Third_Party/FreeRTOS/Source/timers.c **** 					also empty? */
 617:Middlewares/Third_Party/FreeRTOS/Source/timers.c **** 					xListWasEmpty = listLIST_IS_EMPTY( pxOverflowTimerList );
 618:Middlewares/Third_Party/FreeRTOS/Source/timers.c **** 				}
 619:Middlewares/Third_Party/FreeRTOS/Source/timers.c **** 
 620:Middlewares/Third_Party/FreeRTOS/Source/timers.c **** 				vQueueWaitForMessageRestricted( xTimerQueue, ( xNextExpireTime - xTimeNow ), xListWasEmpty );
 621:Middlewares/Third_Party/FreeRTOS/Source/timers.c **** 
 622:Middlewares/Third_Party/FreeRTOS/Source/timers.c **** 				if( xTaskResumeAll() == pdFALSE )
 623:Middlewares/Third_Party/FreeRTOS/Source/timers.c **** 				{
 624:Middlewares/Third_Party/FreeRTOS/Source/timers.c **** 					/* Yield to wait for either a command to arrive, or the
 625:Middlewares/Third_Party/FreeRTOS/Source/timers.c **** 					block time to expire.  If a command arrived between the
 626:Middlewares/Third_Party/FreeRTOS/Source/timers.c **** 					critical section being exited and this yield then the yield
 627:Middlewares/Third_Party/FreeRTOS/Source/timers.c **** 					will not cause the task to block. */
 628:Middlewares/Third_Party/FreeRTOS/Source/timers.c **** 					portYIELD_WITHIN_API();
 629:Middlewares/Third_Party/FreeRTOS/Source/timers.c **** 				}
 630:Middlewares/Third_Party/FreeRTOS/Source/timers.c **** 				else
 631:Middlewares/Third_Party/FreeRTOS/Source/timers.c **** 				{
 632:Middlewares/Third_Party/FreeRTOS/Source/timers.c **** 					mtCOVERAGE_TEST_MARKER();
 633:Middlewares/Third_Party/FreeRTOS/Source/timers.c **** 				}
 634:Middlewares/Third_Party/FreeRTOS/Source/timers.c **** 			}
 635:Middlewares/Third_Party/FreeRTOS/Source/timers.c **** 		}
 636:Middlewares/Third_Party/FreeRTOS/Source/timers.c **** 		else
 637:Middlewares/Third_Party/FreeRTOS/Source/timers.c **** 		{
 638:Middlewares/Third_Party/FreeRTOS/Source/timers.c **** 			( void ) xTaskResumeAll();
 639:Middlewares/Third_Party/FreeRTOS/Source/timers.c **** 		}
 640:Middlewares/Third_Party/FreeRTOS/Source/timers.c **** 	}
 641:Middlewares/Third_Party/FreeRTOS/Source/timers.c **** }
 642:Middlewares/Third_Party/FreeRTOS/Source/timers.c **** /*-----------------------------------------------------------*/
 643:Middlewares/Third_Party/FreeRTOS/Source/timers.c **** 
 644:Middlewares/Third_Party/FreeRTOS/Source/timers.c **** static TickType_t prvGetNextExpireTime( BaseType_t * const pxListWasEmpty )
 645:Middlewares/Third_Party/FreeRTOS/Source/timers.c **** {
  29              		.loc 1 645 1 view -0
  30              		.cfi_startproc
  31              		@ args = 0, pretend = 0, frame = 0
  32              		@ frame_needed = 0, uses_anonymous_args = 0
  33              		@ link register save eliminated.
 646:Middlewares/Third_Party/FreeRTOS/Source/timers.c **** TickType_t xNextExpireTime;
  34              		.loc 1 646 1 view .LVU1
 647:Middlewares/Third_Party/FreeRTOS/Source/timers.c **** 
 648:Middlewares/Third_Party/FreeRTOS/Source/timers.c **** 	/* Timers are listed in expiry time order, with the head of the list
 649:Middlewares/Third_Party/FreeRTOS/Source/timers.c **** 	referencing the task that will expire first.  Obtain the time at which
 650:Middlewares/Third_Party/FreeRTOS/Source/timers.c **** 	the timer with the nearest expiry time will expire.  If there are no
 651:Middlewares/Third_Party/FreeRTOS/Source/timers.c **** 	active timers then just set the next expire time to 0.  That will cause
ARM GAS  /tmp/ccNILS8C.s 			page 13


 652:Middlewares/Third_Party/FreeRTOS/Source/timers.c **** 	this task to unblock when the tick count overflows, at which point the
 653:Middlewares/Third_Party/FreeRTOS/Source/timers.c **** 	timer lists will be switched and the next expiry time can be
 654:Middlewares/Third_Party/FreeRTOS/Source/timers.c **** 	re-assessed.  */
 655:Middlewares/Third_Party/FreeRTOS/Source/timers.c **** 	*pxListWasEmpty = listLIST_IS_EMPTY( pxCurrentTimerList );
  35              		.loc 1 655 2 view .LVU2
  36              		.loc 1 655 20 is_stmt 0 view .LVU3
  37 0000 064B     		ldr	r3, .L6
  38 0002 1A68     		ldr	r2, [r3]
  39 0004 1368     		ldr	r3, [r2]
  40 0006 2BB9     		cbnz	r3, .L4
  41 0008 0123     		movs	r3, #1
  42              	.L2:
  43              		.loc 1 655 18 discriminator 4 view .LVU4
  44 000a 0360     		str	r3, [r0]
 656:Middlewares/Third_Party/FreeRTOS/Source/timers.c **** 	if( *pxListWasEmpty == pdFALSE )
  45              		.loc 1 656 2 is_stmt 1 discriminator 4 view .LVU5
  46              		.loc 1 656 4 is_stmt 0 discriminator 4 view .LVU6
  47 000c 23B9     		cbnz	r3, .L5
 657:Middlewares/Third_Party/FreeRTOS/Source/timers.c **** 	{
 658:Middlewares/Third_Party/FreeRTOS/Source/timers.c **** 		xNextExpireTime = listGET_ITEM_VALUE_OF_HEAD_ENTRY( pxCurrentTimerList );
  48              		.loc 1 658 3 is_stmt 1 view .LVU7
  49              		.loc 1 658 21 is_stmt 0 view .LVU8
  50 000e D368     		ldr	r3, [r2, #12]
  51              		.loc 1 658 19 view .LVU9
  52 0010 1868     		ldr	r0, [r3]
  53              	.LVL1:
  54              		.loc 1 658 19 view .LVU10
  55 0012 7047     		bx	lr
  56              	.LVL2:
  57              	.L4:
 655:Middlewares/Third_Party/FreeRTOS/Source/timers.c **** 	if( *pxListWasEmpty == pdFALSE )
  58              		.loc 1 655 20 view .LVU11
  59 0014 0023     		movs	r3, #0
  60 0016 F8E7     		b	.L2
  61              	.L5:
 659:Middlewares/Third_Party/FreeRTOS/Source/timers.c **** 	}
 660:Middlewares/Third_Party/FreeRTOS/Source/timers.c **** 	else
 661:Middlewares/Third_Party/FreeRTOS/Source/timers.c **** 	{
 662:Middlewares/Third_Party/FreeRTOS/Source/timers.c **** 		/* Ensure the task unblocks when the tick count rolls over. */
 663:Middlewares/Third_Party/FreeRTOS/Source/timers.c **** 		xNextExpireTime = ( TickType_t ) 0U;
  62              		.loc 1 663 19 view .LVU12
  63 0018 0020     		movs	r0, #0
  64              	.LVL3:
 664:Middlewares/Third_Party/FreeRTOS/Source/timers.c **** 	}
 665:Middlewares/Third_Party/FreeRTOS/Source/timers.c **** 
 666:Middlewares/Third_Party/FreeRTOS/Source/timers.c **** 	return xNextExpireTime;
  65              		.loc 1 666 2 is_stmt 1 view .LVU13
 667:Middlewares/Third_Party/FreeRTOS/Source/timers.c **** }
  66              		.loc 1 667 1 is_stmt 0 view .LVU14
  67 001a 7047     		bx	lr
  68              	.L7:
  69              		.align	2
  70              	.L6:
  71 001c 00000000 		.word	pxCurrentTimerList
  72              		.cfi_endproc
  73              	.LFE18:
  75              		.section	.text.prvInsertTimerInActiveList,"ax",%progbits
ARM GAS  /tmp/ccNILS8C.s 			page 14


  76              		.align	1
  77              		.syntax unified
  78              		.thumb
  79              		.thumb_func
  81              	prvInsertTimerInActiveList:
  82              	.LVL4:
  83              	.LFB20:
 668:Middlewares/Third_Party/FreeRTOS/Source/timers.c **** /*-----------------------------------------------------------*/
 669:Middlewares/Third_Party/FreeRTOS/Source/timers.c **** 
 670:Middlewares/Third_Party/FreeRTOS/Source/timers.c **** static TickType_t prvSampleTimeNow( BaseType_t * const pxTimerListsWereSwitched )
 671:Middlewares/Third_Party/FreeRTOS/Source/timers.c **** {
 672:Middlewares/Third_Party/FreeRTOS/Source/timers.c **** TickType_t xTimeNow;
 673:Middlewares/Third_Party/FreeRTOS/Source/timers.c **** PRIVILEGED_DATA static TickType_t xLastTime = ( TickType_t ) 0U; /*lint !e956 Variable is only acce
 674:Middlewares/Third_Party/FreeRTOS/Source/timers.c **** 
 675:Middlewares/Third_Party/FreeRTOS/Source/timers.c **** 	xTimeNow = xTaskGetTickCount();
 676:Middlewares/Third_Party/FreeRTOS/Source/timers.c **** 
 677:Middlewares/Third_Party/FreeRTOS/Source/timers.c **** 	if( xTimeNow < xLastTime )
 678:Middlewares/Third_Party/FreeRTOS/Source/timers.c **** 	{
 679:Middlewares/Third_Party/FreeRTOS/Source/timers.c **** 		prvSwitchTimerLists();
 680:Middlewares/Third_Party/FreeRTOS/Source/timers.c **** 		*pxTimerListsWereSwitched = pdTRUE;
 681:Middlewares/Third_Party/FreeRTOS/Source/timers.c **** 	}
 682:Middlewares/Third_Party/FreeRTOS/Source/timers.c **** 	else
 683:Middlewares/Third_Party/FreeRTOS/Source/timers.c **** 	{
 684:Middlewares/Third_Party/FreeRTOS/Source/timers.c **** 		*pxTimerListsWereSwitched = pdFALSE;
 685:Middlewares/Third_Party/FreeRTOS/Source/timers.c **** 	}
 686:Middlewares/Third_Party/FreeRTOS/Source/timers.c **** 
 687:Middlewares/Third_Party/FreeRTOS/Source/timers.c **** 	xLastTime = xTimeNow;
 688:Middlewares/Third_Party/FreeRTOS/Source/timers.c **** 
 689:Middlewares/Third_Party/FreeRTOS/Source/timers.c **** 	return xTimeNow;
 690:Middlewares/Third_Party/FreeRTOS/Source/timers.c **** }
 691:Middlewares/Third_Party/FreeRTOS/Source/timers.c **** /*-----------------------------------------------------------*/
 692:Middlewares/Third_Party/FreeRTOS/Source/timers.c **** 
 693:Middlewares/Third_Party/FreeRTOS/Source/timers.c **** static BaseType_t prvInsertTimerInActiveList( Timer_t * const pxTimer, const TickType_t xNextExpiry
 694:Middlewares/Third_Party/FreeRTOS/Source/timers.c **** {
  84              		.loc 1 694 1 is_stmt 1 view -0
  85              		.cfi_startproc
  86              		@ args = 0, pretend = 0, frame = 0
  87              		@ frame_needed = 0, uses_anonymous_args = 0
  88              		.loc 1 694 1 is_stmt 0 view .LVU16
  89 0000 08B5     		push	{r3, lr}
  90              	.LCFI0:
  91              		.cfi_def_cfa_offset 8
  92              		.cfi_offset 3, -8
  93              		.cfi_offset 14, -4
 695:Middlewares/Third_Party/FreeRTOS/Source/timers.c **** BaseType_t xProcessTimerNow = pdFALSE;
  94              		.loc 1 695 1 is_stmt 1 view .LVU17
  95              	.LVL5:
 696:Middlewares/Third_Party/FreeRTOS/Source/timers.c **** 
 697:Middlewares/Third_Party/FreeRTOS/Source/timers.c **** 	listSET_LIST_ITEM_VALUE( &( pxTimer->xTimerListItem ), xNextExpiryTime );
  96              		.loc 1 697 2 view .LVU18
  97 0002 4160     		str	r1, [r0, #4]
 698:Middlewares/Third_Party/FreeRTOS/Source/timers.c **** 	listSET_LIST_ITEM_OWNER( &( pxTimer->xTimerListItem ), pxTimer );
  98              		.loc 1 698 2 view .LVU19
  99 0004 0061     		str	r0, [r0, #16]
 699:Middlewares/Third_Party/FreeRTOS/Source/timers.c **** 
 700:Middlewares/Third_Party/FreeRTOS/Source/timers.c **** 	if( xNextExpiryTime <= xTimeNow )
 100              		.loc 1 700 2 view .LVU20
ARM GAS  /tmp/ccNILS8C.s 			page 15


 101              		.loc 1 700 4 is_stmt 0 view .LVU21
 102 0006 9142     		cmp	r1, r2
 103 0008 0CD8     		bhi	.L9
 701:Middlewares/Third_Party/FreeRTOS/Source/timers.c **** 	{
 702:Middlewares/Third_Party/FreeRTOS/Source/timers.c **** 		/* Has the expiry time elapsed between the command to start/reset a
 703:Middlewares/Third_Party/FreeRTOS/Source/timers.c **** 		timer was issued, and the time the command was processed? */
 704:Middlewares/Third_Party/FreeRTOS/Source/timers.c **** 		if( ( ( TickType_t ) ( xTimeNow - xCommandTime ) ) >= pxTimer->xTimerPeriodInTicks ) /*lint !e961
 104              		.loc 1 704 3 is_stmt 1 view .LVU22
 105              		.loc 1 704 35 is_stmt 0 view .LVU23
 106 000a D21A     		subs	r2, r2, r3
 107              	.LVL6:
 108              		.loc 1 704 64 view .LVU24
 109 000c 8369     		ldr	r3, [r0, #24]
 110              	.LVL7:
 111              		.loc 1 704 5 view .LVU25
 112 000e 9A42     		cmp	r2, r3
 113 0010 01D3     		bcc	.L15
 705:Middlewares/Third_Party/FreeRTOS/Source/timers.c **** 		{
 706:Middlewares/Third_Party/FreeRTOS/Source/timers.c **** 			/* The time between a command being issued and the command being
 707:Middlewares/Third_Party/FreeRTOS/Source/timers.c **** 			processed actually exceeds the timers period.  */
 708:Middlewares/Third_Party/FreeRTOS/Source/timers.c **** 			xProcessTimerNow = pdTRUE;
 114              		.loc 1 708 21 view .LVU26
 115 0012 0120     		movs	r0, #1
 116              	.LVL8:
 117              	.L8:
 709:Middlewares/Third_Party/FreeRTOS/Source/timers.c **** 		}
 710:Middlewares/Third_Party/FreeRTOS/Source/timers.c **** 		else
 711:Middlewares/Third_Party/FreeRTOS/Source/timers.c **** 		{
 712:Middlewares/Third_Party/FreeRTOS/Source/timers.c **** 			vListInsert( pxOverflowTimerList, &( pxTimer->xTimerListItem ) );
 713:Middlewares/Third_Party/FreeRTOS/Source/timers.c **** 		}
 714:Middlewares/Third_Party/FreeRTOS/Source/timers.c **** 	}
 715:Middlewares/Third_Party/FreeRTOS/Source/timers.c **** 	else
 716:Middlewares/Third_Party/FreeRTOS/Source/timers.c **** 	{
 717:Middlewares/Third_Party/FreeRTOS/Source/timers.c **** 		if( ( xTimeNow < xCommandTime ) && ( xNextExpiryTime >= xCommandTime ) )
 718:Middlewares/Third_Party/FreeRTOS/Source/timers.c **** 		{
 719:Middlewares/Third_Party/FreeRTOS/Source/timers.c **** 			/* If, since the command was issued, the tick count has overflowed
 720:Middlewares/Third_Party/FreeRTOS/Source/timers.c **** 			but the expiry time has not, then the timer must have already passed
 721:Middlewares/Third_Party/FreeRTOS/Source/timers.c **** 			its expiry time and should be processed immediately. */
 722:Middlewares/Third_Party/FreeRTOS/Source/timers.c **** 			xProcessTimerNow = pdTRUE;
 723:Middlewares/Third_Party/FreeRTOS/Source/timers.c **** 		}
 724:Middlewares/Third_Party/FreeRTOS/Source/timers.c **** 		else
 725:Middlewares/Third_Party/FreeRTOS/Source/timers.c **** 		{
 726:Middlewares/Third_Party/FreeRTOS/Source/timers.c **** 			vListInsert( pxCurrentTimerList, &( pxTimer->xTimerListItem ) );
 727:Middlewares/Third_Party/FreeRTOS/Source/timers.c **** 		}
 728:Middlewares/Third_Party/FreeRTOS/Source/timers.c **** 	}
 729:Middlewares/Third_Party/FreeRTOS/Source/timers.c **** 
 730:Middlewares/Third_Party/FreeRTOS/Source/timers.c **** 	return xProcessTimerNow;
 731:Middlewares/Third_Party/FreeRTOS/Source/timers.c **** }
 118              		.loc 1 731 1 view .LVU27
 119 0014 08BD     		pop	{r3, pc}
 120              	.LVL9:
 121              	.L15:
 712:Middlewares/Third_Party/FreeRTOS/Source/timers.c **** 		}
 122              		.loc 1 712 4 is_stmt 1 view .LVU28
 123 0016 011D     		adds	r1, r0, #4
 124              	.LVL10:
 712:Middlewares/Third_Party/FreeRTOS/Source/timers.c **** 		}
ARM GAS  /tmp/ccNILS8C.s 			page 16


 125              		.loc 1 712 4 is_stmt 0 view .LVU29
 126 0018 094B     		ldr	r3, .L16
 127 001a 1868     		ldr	r0, [r3]
 128              	.LVL11:
 712:Middlewares/Third_Party/FreeRTOS/Source/timers.c **** 		}
 129              		.loc 1 712 4 view .LVU30
 130 001c FFF7FEFF 		bl	vListInsert
 131              	.LVL12:
 695:Middlewares/Third_Party/FreeRTOS/Source/timers.c **** 
 132              		.loc 1 695 12 view .LVU31
 133 0020 0020     		movs	r0, #0
 134 0022 F7E7     		b	.L8
 135              	.LVL13:
 136              	.L9:
 717:Middlewares/Third_Party/FreeRTOS/Source/timers.c **** 		{
 137              		.loc 1 717 3 is_stmt 1 view .LVU32
 717:Middlewares/Third_Party/FreeRTOS/Source/timers.c **** 		{
 138              		.loc 1 717 5 is_stmt 0 view .LVU33
 139 0024 9A42     		cmp	r2, r3
 140 0026 01D2     		bcs	.L11
 717:Middlewares/Third_Party/FreeRTOS/Source/timers.c **** 		{
 141              		.loc 1 717 35 discriminator 1 view .LVU34
 142 0028 9942     		cmp	r1, r3
 143 002a 06D2     		bcs	.L13
 144              	.L11:
 726:Middlewares/Third_Party/FreeRTOS/Source/timers.c **** 		}
 145              		.loc 1 726 4 is_stmt 1 view .LVU35
 146 002c 011D     		adds	r1, r0, #4
 147              	.LVL14:
 726:Middlewares/Third_Party/FreeRTOS/Source/timers.c **** 		}
 148              		.loc 1 726 4 is_stmt 0 view .LVU36
 149 002e 054B     		ldr	r3, .L16+4
 150              	.LVL15:
 726:Middlewares/Third_Party/FreeRTOS/Source/timers.c **** 		}
 151              		.loc 1 726 4 view .LVU37
 152 0030 1868     		ldr	r0, [r3]
 153              	.LVL16:
 726:Middlewares/Third_Party/FreeRTOS/Source/timers.c **** 		}
 154              		.loc 1 726 4 view .LVU38
 155 0032 FFF7FEFF 		bl	vListInsert
 156              	.LVL17:
 695:Middlewares/Third_Party/FreeRTOS/Source/timers.c **** 
 157              		.loc 1 695 12 view .LVU39
 158 0036 0020     		movs	r0, #0
 159 0038 ECE7     		b	.L8
 160              	.LVL18:
 161              	.L13:
 722:Middlewares/Third_Party/FreeRTOS/Source/timers.c **** 		}
 162              		.loc 1 722 21 view .LVU40
 163 003a 0120     		movs	r0, #1
 164              	.LVL19:
 730:Middlewares/Third_Party/FreeRTOS/Source/timers.c **** }
 165              		.loc 1 730 2 is_stmt 1 view .LVU41
 730:Middlewares/Third_Party/FreeRTOS/Source/timers.c **** }
 166              		.loc 1 730 9 is_stmt 0 view .LVU42
 167 003c EAE7     		b	.L8
 168              	.L17:
ARM GAS  /tmp/ccNILS8C.s 			page 17


 169 003e 00BF     		.align	2
 170              	.L16:
 171 0040 00000000 		.word	pxOverflowTimerList
 172 0044 00000000 		.word	pxCurrentTimerList
 173              		.cfi_endproc
 174              	.LFE20:
 176              		.section	.rodata.prvCheckForValidListAndQueue.str1.4,"aMS",%progbits,1
 177              		.align	2
 178              	.LC0:
 179 0000 546D7251 		.ascii	"TmrQ\000"
 179      00
 180              		.section	.text.prvCheckForValidListAndQueue,"ax",%progbits
 181              		.align	1
 182              		.syntax unified
 183              		.thumb
 184              		.thumb_func
 186              	prvCheckForValidListAndQueue:
 187              	.LFB23:
 732:Middlewares/Third_Party/FreeRTOS/Source/timers.c **** /*-----------------------------------------------------------*/
 733:Middlewares/Third_Party/FreeRTOS/Source/timers.c **** 
 734:Middlewares/Third_Party/FreeRTOS/Source/timers.c **** static void	prvProcessReceivedCommands( void )
 735:Middlewares/Third_Party/FreeRTOS/Source/timers.c **** {
 736:Middlewares/Third_Party/FreeRTOS/Source/timers.c **** DaemonTaskMessage_t xMessage;
 737:Middlewares/Third_Party/FreeRTOS/Source/timers.c **** Timer_t *pxTimer;
 738:Middlewares/Third_Party/FreeRTOS/Source/timers.c **** BaseType_t xTimerListsWereSwitched, xResult;
 739:Middlewares/Third_Party/FreeRTOS/Source/timers.c **** TickType_t xTimeNow;
 740:Middlewares/Third_Party/FreeRTOS/Source/timers.c **** 
 741:Middlewares/Third_Party/FreeRTOS/Source/timers.c **** 	while( xQueueReceive( xTimerQueue, &xMessage, tmrNO_DELAY ) != pdFAIL ) /*lint !e603 xMessage does
 742:Middlewares/Third_Party/FreeRTOS/Source/timers.c **** 	{
 743:Middlewares/Third_Party/FreeRTOS/Source/timers.c **** 		#if ( INCLUDE_xTimerPendFunctionCall == 1 )
 744:Middlewares/Third_Party/FreeRTOS/Source/timers.c **** 		{
 745:Middlewares/Third_Party/FreeRTOS/Source/timers.c **** 			/* Negative commands are pended function calls rather than timer
 746:Middlewares/Third_Party/FreeRTOS/Source/timers.c **** 			commands. */
 747:Middlewares/Third_Party/FreeRTOS/Source/timers.c **** 			if( xMessage.xMessageID < ( BaseType_t ) 0 )
 748:Middlewares/Third_Party/FreeRTOS/Source/timers.c **** 			{
 749:Middlewares/Third_Party/FreeRTOS/Source/timers.c **** 				const CallbackParameters_t * const pxCallback = &( xMessage.u.xCallbackParameters );
 750:Middlewares/Third_Party/FreeRTOS/Source/timers.c **** 
 751:Middlewares/Third_Party/FreeRTOS/Source/timers.c **** 				/* The timer uses the xCallbackParameters member to request a
 752:Middlewares/Third_Party/FreeRTOS/Source/timers.c **** 				callback be executed.  Check the callback is not NULL. */
 753:Middlewares/Third_Party/FreeRTOS/Source/timers.c **** 				configASSERT( pxCallback );
 754:Middlewares/Third_Party/FreeRTOS/Source/timers.c **** 
 755:Middlewares/Third_Party/FreeRTOS/Source/timers.c **** 				/* Call the function. */
 756:Middlewares/Third_Party/FreeRTOS/Source/timers.c **** 				pxCallback->pxCallbackFunction( pxCallback->pvParameter1, pxCallback->ulParameter2 );
 757:Middlewares/Third_Party/FreeRTOS/Source/timers.c **** 			}
 758:Middlewares/Third_Party/FreeRTOS/Source/timers.c **** 			else
 759:Middlewares/Third_Party/FreeRTOS/Source/timers.c **** 			{
 760:Middlewares/Third_Party/FreeRTOS/Source/timers.c **** 				mtCOVERAGE_TEST_MARKER();
 761:Middlewares/Third_Party/FreeRTOS/Source/timers.c **** 			}
 762:Middlewares/Third_Party/FreeRTOS/Source/timers.c **** 		}
 763:Middlewares/Third_Party/FreeRTOS/Source/timers.c **** 		#endif /* INCLUDE_xTimerPendFunctionCall */
 764:Middlewares/Third_Party/FreeRTOS/Source/timers.c **** 
 765:Middlewares/Third_Party/FreeRTOS/Source/timers.c **** 		/* Commands that are positive are timer commands rather than pended
 766:Middlewares/Third_Party/FreeRTOS/Source/timers.c **** 		function calls. */
 767:Middlewares/Third_Party/FreeRTOS/Source/timers.c **** 		if( xMessage.xMessageID >= ( BaseType_t ) 0 )
 768:Middlewares/Third_Party/FreeRTOS/Source/timers.c **** 		{
 769:Middlewares/Third_Party/FreeRTOS/Source/timers.c **** 			/* The messages uses the xTimerParameters member to work on a
 770:Middlewares/Third_Party/FreeRTOS/Source/timers.c **** 			software timer. */
ARM GAS  /tmp/ccNILS8C.s 			page 18


 771:Middlewares/Third_Party/FreeRTOS/Source/timers.c **** 			pxTimer = xMessage.u.xTimerParameters.pxTimer;
 772:Middlewares/Third_Party/FreeRTOS/Source/timers.c **** 
 773:Middlewares/Third_Party/FreeRTOS/Source/timers.c **** 			if( listIS_CONTAINED_WITHIN( NULL, &( pxTimer->xTimerListItem ) ) == pdFALSE ) /*lint !e961. The
 774:Middlewares/Third_Party/FreeRTOS/Source/timers.c **** 			{
 775:Middlewares/Third_Party/FreeRTOS/Source/timers.c **** 				/* The timer is in a list, remove it. */
 776:Middlewares/Third_Party/FreeRTOS/Source/timers.c **** 				( void ) uxListRemove( &( pxTimer->xTimerListItem ) );
 777:Middlewares/Third_Party/FreeRTOS/Source/timers.c **** 			}
 778:Middlewares/Third_Party/FreeRTOS/Source/timers.c **** 			else
 779:Middlewares/Third_Party/FreeRTOS/Source/timers.c **** 			{
 780:Middlewares/Third_Party/FreeRTOS/Source/timers.c **** 				mtCOVERAGE_TEST_MARKER();
 781:Middlewares/Third_Party/FreeRTOS/Source/timers.c **** 			}
 782:Middlewares/Third_Party/FreeRTOS/Source/timers.c **** 
 783:Middlewares/Third_Party/FreeRTOS/Source/timers.c **** 			traceTIMER_COMMAND_RECEIVED( pxTimer, xMessage.xMessageID, xMessage.u.xTimerParameters.xMessageV
 784:Middlewares/Third_Party/FreeRTOS/Source/timers.c **** 
 785:Middlewares/Third_Party/FreeRTOS/Source/timers.c **** 			/* In this case the xTimerListsWereSwitched parameter is not used, but
 786:Middlewares/Third_Party/FreeRTOS/Source/timers.c **** 			it must be present in the function call.  prvSampleTimeNow() must be
 787:Middlewares/Third_Party/FreeRTOS/Source/timers.c **** 			called after the message is received from xTimerQueue so there is no
 788:Middlewares/Third_Party/FreeRTOS/Source/timers.c **** 			possibility of a higher priority task adding a message to the message
 789:Middlewares/Third_Party/FreeRTOS/Source/timers.c **** 			queue with a time that is ahead of the timer daemon task (because it
 790:Middlewares/Third_Party/FreeRTOS/Source/timers.c **** 			pre-empted the timer daemon task after the xTimeNow value was set). */
 791:Middlewares/Third_Party/FreeRTOS/Source/timers.c **** 			xTimeNow = prvSampleTimeNow( &xTimerListsWereSwitched );
 792:Middlewares/Third_Party/FreeRTOS/Source/timers.c **** 
 793:Middlewares/Third_Party/FreeRTOS/Source/timers.c **** 			switch( xMessage.xMessageID )
 794:Middlewares/Third_Party/FreeRTOS/Source/timers.c **** 			{
 795:Middlewares/Third_Party/FreeRTOS/Source/timers.c **** 				case tmrCOMMAND_START :
 796:Middlewares/Third_Party/FreeRTOS/Source/timers.c **** 				case tmrCOMMAND_START_FROM_ISR :
 797:Middlewares/Third_Party/FreeRTOS/Source/timers.c **** 				case tmrCOMMAND_RESET :
 798:Middlewares/Third_Party/FreeRTOS/Source/timers.c **** 				case tmrCOMMAND_RESET_FROM_ISR :
 799:Middlewares/Third_Party/FreeRTOS/Source/timers.c **** 				case tmrCOMMAND_START_DONT_TRACE :
 800:Middlewares/Third_Party/FreeRTOS/Source/timers.c **** 					/* Start or restart a timer. */
 801:Middlewares/Third_Party/FreeRTOS/Source/timers.c **** 					pxTimer->ucStatus |= tmrSTATUS_IS_ACTIVE;
 802:Middlewares/Third_Party/FreeRTOS/Source/timers.c **** 					if( prvInsertTimerInActiveList( pxTimer,  xMessage.u.xTimerParameters.xMessageValue + pxTimer-
 803:Middlewares/Third_Party/FreeRTOS/Source/timers.c **** 					{
 804:Middlewares/Third_Party/FreeRTOS/Source/timers.c **** 						/* The timer expired before it was added to the active
 805:Middlewares/Third_Party/FreeRTOS/Source/timers.c **** 						timer list.  Process it now. */
 806:Middlewares/Third_Party/FreeRTOS/Source/timers.c **** 						pxTimer->pxCallbackFunction( ( TimerHandle_t ) pxTimer );
 807:Middlewares/Third_Party/FreeRTOS/Source/timers.c **** 						traceTIMER_EXPIRED( pxTimer );
 808:Middlewares/Third_Party/FreeRTOS/Source/timers.c **** 
 809:Middlewares/Third_Party/FreeRTOS/Source/timers.c **** 						if( ( pxTimer->ucStatus & tmrSTATUS_IS_AUTORELOAD ) != 0 )
 810:Middlewares/Third_Party/FreeRTOS/Source/timers.c **** 						{
 811:Middlewares/Third_Party/FreeRTOS/Source/timers.c **** 							xResult = xTimerGenericCommand( pxTimer, tmrCOMMAND_START_DONT_TRACE, xMessage.u.xTimerParam
 812:Middlewares/Third_Party/FreeRTOS/Source/timers.c **** 							configASSERT( xResult );
 813:Middlewares/Third_Party/FreeRTOS/Source/timers.c **** 							( void ) xResult;
 814:Middlewares/Third_Party/FreeRTOS/Source/timers.c **** 						}
 815:Middlewares/Third_Party/FreeRTOS/Source/timers.c **** 						else
 816:Middlewares/Third_Party/FreeRTOS/Source/timers.c **** 						{
 817:Middlewares/Third_Party/FreeRTOS/Source/timers.c **** 							mtCOVERAGE_TEST_MARKER();
 818:Middlewares/Third_Party/FreeRTOS/Source/timers.c **** 						}
 819:Middlewares/Third_Party/FreeRTOS/Source/timers.c **** 					}
 820:Middlewares/Third_Party/FreeRTOS/Source/timers.c **** 					else
 821:Middlewares/Third_Party/FreeRTOS/Source/timers.c **** 					{
 822:Middlewares/Third_Party/FreeRTOS/Source/timers.c **** 						mtCOVERAGE_TEST_MARKER();
 823:Middlewares/Third_Party/FreeRTOS/Source/timers.c **** 					}
 824:Middlewares/Third_Party/FreeRTOS/Source/timers.c **** 					break;
 825:Middlewares/Third_Party/FreeRTOS/Source/timers.c **** 
 826:Middlewares/Third_Party/FreeRTOS/Source/timers.c **** 				case tmrCOMMAND_STOP :
 827:Middlewares/Third_Party/FreeRTOS/Source/timers.c **** 				case tmrCOMMAND_STOP_FROM_ISR :
ARM GAS  /tmp/ccNILS8C.s 			page 19


 828:Middlewares/Third_Party/FreeRTOS/Source/timers.c **** 					/* The timer has already been removed from the active list. */
 829:Middlewares/Third_Party/FreeRTOS/Source/timers.c **** 					pxTimer->ucStatus &= ~tmrSTATUS_IS_ACTIVE;
 830:Middlewares/Third_Party/FreeRTOS/Source/timers.c **** 					break;
 831:Middlewares/Third_Party/FreeRTOS/Source/timers.c **** 
 832:Middlewares/Third_Party/FreeRTOS/Source/timers.c **** 				case tmrCOMMAND_CHANGE_PERIOD :
 833:Middlewares/Third_Party/FreeRTOS/Source/timers.c **** 				case tmrCOMMAND_CHANGE_PERIOD_FROM_ISR :
 834:Middlewares/Third_Party/FreeRTOS/Source/timers.c **** 					pxTimer->ucStatus |= tmrSTATUS_IS_ACTIVE;
 835:Middlewares/Third_Party/FreeRTOS/Source/timers.c **** 					pxTimer->xTimerPeriodInTicks = xMessage.u.xTimerParameters.xMessageValue;
 836:Middlewares/Third_Party/FreeRTOS/Source/timers.c **** 					configASSERT( ( pxTimer->xTimerPeriodInTicks > 0 ) );
 837:Middlewares/Third_Party/FreeRTOS/Source/timers.c **** 
 838:Middlewares/Third_Party/FreeRTOS/Source/timers.c **** 					/* The new period does not really have a reference, and can
 839:Middlewares/Third_Party/FreeRTOS/Source/timers.c **** 					be longer or shorter than the old one.  The command time is
 840:Middlewares/Third_Party/FreeRTOS/Source/timers.c **** 					therefore set to the current time, and as the period cannot
 841:Middlewares/Third_Party/FreeRTOS/Source/timers.c **** 					be zero the next expiry time can only be in the future,
 842:Middlewares/Third_Party/FreeRTOS/Source/timers.c **** 					meaning (unlike for the xTimerStart() case above) there is
 843:Middlewares/Third_Party/FreeRTOS/Source/timers.c **** 					no fail case that needs to be handled here. */
 844:Middlewares/Third_Party/FreeRTOS/Source/timers.c **** 					( void ) prvInsertTimerInActiveList( pxTimer, ( xTimeNow + pxTimer->xTimerPeriodInTicks ), xTi
 845:Middlewares/Third_Party/FreeRTOS/Source/timers.c **** 					break;
 846:Middlewares/Third_Party/FreeRTOS/Source/timers.c **** 
 847:Middlewares/Third_Party/FreeRTOS/Source/timers.c **** 				case tmrCOMMAND_DELETE :
 848:Middlewares/Third_Party/FreeRTOS/Source/timers.c **** 					#if ( configSUPPORT_DYNAMIC_ALLOCATION == 1 )
 849:Middlewares/Third_Party/FreeRTOS/Source/timers.c **** 					{
 850:Middlewares/Third_Party/FreeRTOS/Source/timers.c **** 						/* The timer has already been removed from the active list,
 851:Middlewares/Third_Party/FreeRTOS/Source/timers.c **** 						just free up the memory if the memory was dynamically
 852:Middlewares/Third_Party/FreeRTOS/Source/timers.c **** 						allocated. */
 853:Middlewares/Third_Party/FreeRTOS/Source/timers.c **** 						if( ( pxTimer->ucStatus & tmrSTATUS_IS_STATICALLY_ALLOCATED ) == ( uint8_t ) 0 )
 854:Middlewares/Third_Party/FreeRTOS/Source/timers.c **** 						{
 855:Middlewares/Third_Party/FreeRTOS/Source/timers.c **** 							vPortFree( pxTimer );
 856:Middlewares/Third_Party/FreeRTOS/Source/timers.c **** 						}
 857:Middlewares/Third_Party/FreeRTOS/Source/timers.c **** 						else
 858:Middlewares/Third_Party/FreeRTOS/Source/timers.c **** 						{
 859:Middlewares/Third_Party/FreeRTOS/Source/timers.c **** 							pxTimer->ucStatus &= ~tmrSTATUS_IS_ACTIVE;
 860:Middlewares/Third_Party/FreeRTOS/Source/timers.c **** 						}
 861:Middlewares/Third_Party/FreeRTOS/Source/timers.c **** 					}
 862:Middlewares/Third_Party/FreeRTOS/Source/timers.c **** 					#else
 863:Middlewares/Third_Party/FreeRTOS/Source/timers.c **** 					{
 864:Middlewares/Third_Party/FreeRTOS/Source/timers.c **** 						/* If dynamic allocation is not enabled, the memory
 865:Middlewares/Third_Party/FreeRTOS/Source/timers.c **** 						could not have been dynamically allocated. So there is
 866:Middlewares/Third_Party/FreeRTOS/Source/timers.c **** 						no need to free the memory - just mark the timer as
 867:Middlewares/Third_Party/FreeRTOS/Source/timers.c **** 						"not active". */
 868:Middlewares/Third_Party/FreeRTOS/Source/timers.c **** 						pxTimer->ucStatus &= ~tmrSTATUS_IS_ACTIVE;
 869:Middlewares/Third_Party/FreeRTOS/Source/timers.c **** 					}
 870:Middlewares/Third_Party/FreeRTOS/Source/timers.c **** 					#endif /* configSUPPORT_DYNAMIC_ALLOCATION */
 871:Middlewares/Third_Party/FreeRTOS/Source/timers.c **** 					break;
 872:Middlewares/Third_Party/FreeRTOS/Source/timers.c **** 
 873:Middlewares/Third_Party/FreeRTOS/Source/timers.c **** 				default	:
 874:Middlewares/Third_Party/FreeRTOS/Source/timers.c **** 					/* Don't expect to get here. */
 875:Middlewares/Third_Party/FreeRTOS/Source/timers.c **** 					break;
 876:Middlewares/Third_Party/FreeRTOS/Source/timers.c **** 			}
 877:Middlewares/Third_Party/FreeRTOS/Source/timers.c **** 		}
 878:Middlewares/Third_Party/FreeRTOS/Source/timers.c **** 	}
 879:Middlewares/Third_Party/FreeRTOS/Source/timers.c **** }
 880:Middlewares/Third_Party/FreeRTOS/Source/timers.c **** /*-----------------------------------------------------------*/
 881:Middlewares/Third_Party/FreeRTOS/Source/timers.c **** 
 882:Middlewares/Third_Party/FreeRTOS/Source/timers.c **** static void prvSwitchTimerLists( void )
 883:Middlewares/Third_Party/FreeRTOS/Source/timers.c **** {
 884:Middlewares/Third_Party/FreeRTOS/Source/timers.c **** TickType_t xNextExpireTime, xReloadTime;
ARM GAS  /tmp/ccNILS8C.s 			page 20


 885:Middlewares/Third_Party/FreeRTOS/Source/timers.c **** List_t *pxTemp;
 886:Middlewares/Third_Party/FreeRTOS/Source/timers.c **** Timer_t *pxTimer;
 887:Middlewares/Third_Party/FreeRTOS/Source/timers.c **** BaseType_t xResult;
 888:Middlewares/Third_Party/FreeRTOS/Source/timers.c **** 
 889:Middlewares/Third_Party/FreeRTOS/Source/timers.c **** 	/* The tick count has overflowed.  The timer lists must be switched.
 890:Middlewares/Third_Party/FreeRTOS/Source/timers.c **** 	If there are any timers still referenced from the current timer list
 891:Middlewares/Third_Party/FreeRTOS/Source/timers.c **** 	then they must have expired and should be processed before the lists
 892:Middlewares/Third_Party/FreeRTOS/Source/timers.c **** 	are switched. */
 893:Middlewares/Third_Party/FreeRTOS/Source/timers.c **** 	while( listLIST_IS_EMPTY( pxCurrentTimerList ) == pdFALSE )
 894:Middlewares/Third_Party/FreeRTOS/Source/timers.c **** 	{
 895:Middlewares/Third_Party/FreeRTOS/Source/timers.c **** 		xNextExpireTime = listGET_ITEM_VALUE_OF_HEAD_ENTRY( pxCurrentTimerList );
 896:Middlewares/Third_Party/FreeRTOS/Source/timers.c **** 
 897:Middlewares/Third_Party/FreeRTOS/Source/timers.c **** 		/* Remove the timer from the list. */
 898:Middlewares/Third_Party/FreeRTOS/Source/timers.c **** 		pxTimer = ( Timer_t * ) listGET_OWNER_OF_HEAD_ENTRY( pxCurrentTimerList ); /*lint !e9087 !e9079 v
 899:Middlewares/Third_Party/FreeRTOS/Source/timers.c **** 		( void ) uxListRemove( &( pxTimer->xTimerListItem ) );
 900:Middlewares/Third_Party/FreeRTOS/Source/timers.c **** 		traceTIMER_EXPIRED( pxTimer );
 901:Middlewares/Third_Party/FreeRTOS/Source/timers.c **** 
 902:Middlewares/Third_Party/FreeRTOS/Source/timers.c **** 		/* Execute its callback, then send a command to restart the timer if
 903:Middlewares/Third_Party/FreeRTOS/Source/timers.c **** 		it is an auto-reload timer.  It cannot be restarted here as the lists
 904:Middlewares/Third_Party/FreeRTOS/Source/timers.c **** 		have not yet been switched. */
 905:Middlewares/Third_Party/FreeRTOS/Source/timers.c **** 		pxTimer->pxCallbackFunction( ( TimerHandle_t ) pxTimer );
 906:Middlewares/Third_Party/FreeRTOS/Source/timers.c **** 
 907:Middlewares/Third_Party/FreeRTOS/Source/timers.c **** 		if( ( pxTimer->ucStatus & tmrSTATUS_IS_AUTORELOAD ) != 0 )
 908:Middlewares/Third_Party/FreeRTOS/Source/timers.c **** 		{
 909:Middlewares/Third_Party/FreeRTOS/Source/timers.c **** 			/* Calculate the reload value, and if the reload value results in
 910:Middlewares/Third_Party/FreeRTOS/Source/timers.c **** 			the timer going into the same timer list then it has already expired
 911:Middlewares/Third_Party/FreeRTOS/Source/timers.c **** 			and the timer should be re-inserted into the current list so it is
 912:Middlewares/Third_Party/FreeRTOS/Source/timers.c **** 			processed again within this loop.  Otherwise a command should be sent
 913:Middlewares/Third_Party/FreeRTOS/Source/timers.c **** 			to restart the timer to ensure it is only inserted into a list after
 914:Middlewares/Third_Party/FreeRTOS/Source/timers.c **** 			the lists have been swapped. */
 915:Middlewares/Third_Party/FreeRTOS/Source/timers.c **** 			xReloadTime = ( xNextExpireTime + pxTimer->xTimerPeriodInTicks );
 916:Middlewares/Third_Party/FreeRTOS/Source/timers.c **** 			if( xReloadTime > xNextExpireTime )
 917:Middlewares/Third_Party/FreeRTOS/Source/timers.c **** 			{
 918:Middlewares/Third_Party/FreeRTOS/Source/timers.c **** 				listSET_LIST_ITEM_VALUE( &( pxTimer->xTimerListItem ), xReloadTime );
 919:Middlewares/Third_Party/FreeRTOS/Source/timers.c **** 				listSET_LIST_ITEM_OWNER( &( pxTimer->xTimerListItem ), pxTimer );
 920:Middlewares/Third_Party/FreeRTOS/Source/timers.c **** 				vListInsert( pxCurrentTimerList, &( pxTimer->xTimerListItem ) );
 921:Middlewares/Third_Party/FreeRTOS/Source/timers.c **** 			}
 922:Middlewares/Third_Party/FreeRTOS/Source/timers.c **** 			else
 923:Middlewares/Third_Party/FreeRTOS/Source/timers.c **** 			{
 924:Middlewares/Third_Party/FreeRTOS/Source/timers.c **** 				xResult = xTimerGenericCommand( pxTimer, tmrCOMMAND_START_DONT_TRACE, xNextExpireTime, NULL, tm
 925:Middlewares/Third_Party/FreeRTOS/Source/timers.c **** 				configASSERT( xResult );
 926:Middlewares/Third_Party/FreeRTOS/Source/timers.c **** 				( void ) xResult;
 927:Middlewares/Third_Party/FreeRTOS/Source/timers.c **** 			}
 928:Middlewares/Third_Party/FreeRTOS/Source/timers.c **** 		}
 929:Middlewares/Third_Party/FreeRTOS/Source/timers.c **** 		else
 930:Middlewares/Third_Party/FreeRTOS/Source/timers.c **** 		{
 931:Middlewares/Third_Party/FreeRTOS/Source/timers.c **** 			mtCOVERAGE_TEST_MARKER();
 932:Middlewares/Third_Party/FreeRTOS/Source/timers.c **** 		}
 933:Middlewares/Third_Party/FreeRTOS/Source/timers.c **** 	}
 934:Middlewares/Third_Party/FreeRTOS/Source/timers.c **** 
 935:Middlewares/Third_Party/FreeRTOS/Source/timers.c **** 	pxTemp = pxCurrentTimerList;
 936:Middlewares/Third_Party/FreeRTOS/Source/timers.c **** 	pxCurrentTimerList = pxOverflowTimerList;
 937:Middlewares/Third_Party/FreeRTOS/Source/timers.c **** 	pxOverflowTimerList = pxTemp;
 938:Middlewares/Third_Party/FreeRTOS/Source/timers.c **** }
 939:Middlewares/Third_Party/FreeRTOS/Source/timers.c **** /*-----------------------------------------------------------*/
 940:Middlewares/Third_Party/FreeRTOS/Source/timers.c **** 
 941:Middlewares/Third_Party/FreeRTOS/Source/timers.c **** static void prvCheckForValidListAndQueue( void )
ARM GAS  /tmp/ccNILS8C.s 			page 21


 942:Middlewares/Third_Party/FreeRTOS/Source/timers.c **** {
 188              		.loc 1 942 1 is_stmt 1 view -0
 189              		.cfi_startproc
 190              		@ args = 0, pretend = 0, frame = 0
 191              		@ frame_needed = 0, uses_anonymous_args = 0
 192 0000 30B5     		push	{r4, r5, lr}
 193              	.LCFI1:
 194              		.cfi_def_cfa_offset 12
 195              		.cfi_offset 4, -12
 196              		.cfi_offset 5, -8
 197              		.cfi_offset 14, -4
 198 0002 83B0     		sub	sp, sp, #12
 199              	.LCFI2:
 200              		.cfi_def_cfa_offset 24
 943:Middlewares/Third_Party/FreeRTOS/Source/timers.c **** 	/* Check that the list from which active timers are referenced, and the
 944:Middlewares/Third_Party/FreeRTOS/Source/timers.c **** 	queue used to communicate with the timer service, have been
 945:Middlewares/Third_Party/FreeRTOS/Source/timers.c **** 	initialised. */
 946:Middlewares/Third_Party/FreeRTOS/Source/timers.c **** 	taskENTER_CRITICAL();
 201              		.loc 1 946 2 view .LVU44
 202 0004 FFF7FEFF 		bl	vPortEnterCritical
 203              	.LVL20:
 947:Middlewares/Third_Party/FreeRTOS/Source/timers.c **** 	{
 948:Middlewares/Third_Party/FreeRTOS/Source/timers.c **** 		if( xTimerQueue == NULL )
 204              		.loc 1 948 3 view .LVU45
 205              		.loc 1 948 19 is_stmt 0 view .LVU46
 206 0008 114B     		ldr	r3, .L22
 207 000a 1B68     		ldr	r3, [r3]
 208              		.loc 1 948 5 view .LVU47
 209 000c 1BB1     		cbz	r3, .L21
 210              	.L19:
 949:Middlewares/Third_Party/FreeRTOS/Source/timers.c **** 		{
 950:Middlewares/Third_Party/FreeRTOS/Source/timers.c **** 			vListInitialise( &xActiveTimerList1 );
 951:Middlewares/Third_Party/FreeRTOS/Source/timers.c **** 			vListInitialise( &xActiveTimerList2 );
 952:Middlewares/Third_Party/FreeRTOS/Source/timers.c **** 			pxCurrentTimerList = &xActiveTimerList1;
 953:Middlewares/Third_Party/FreeRTOS/Source/timers.c **** 			pxOverflowTimerList = &xActiveTimerList2;
 954:Middlewares/Third_Party/FreeRTOS/Source/timers.c **** 
 955:Middlewares/Third_Party/FreeRTOS/Source/timers.c **** 			#if( configSUPPORT_STATIC_ALLOCATION == 1 )
 956:Middlewares/Third_Party/FreeRTOS/Source/timers.c **** 			{
 957:Middlewares/Third_Party/FreeRTOS/Source/timers.c **** 				/* The timer queue is allocated statically in case
 958:Middlewares/Third_Party/FreeRTOS/Source/timers.c **** 				configSUPPORT_DYNAMIC_ALLOCATION is 0. */
 959:Middlewares/Third_Party/FreeRTOS/Source/timers.c **** 				static StaticQueue_t xStaticTimerQueue; /*lint !e956 Ok to declare in this manner to prevent ad
 960:Middlewares/Third_Party/FreeRTOS/Source/timers.c **** 				static uint8_t ucStaticTimerQueueStorage[ ( size_t ) configTIMER_QUEUE_LENGTH * sizeof( DaemonT
 961:Middlewares/Third_Party/FreeRTOS/Source/timers.c **** 
 962:Middlewares/Third_Party/FreeRTOS/Source/timers.c **** 				xTimerQueue = xQueueCreateStatic( ( UBaseType_t ) configTIMER_QUEUE_LENGTH, ( UBaseType_t ) siz
 963:Middlewares/Third_Party/FreeRTOS/Source/timers.c **** 			}
 964:Middlewares/Third_Party/FreeRTOS/Source/timers.c **** 			#else
 965:Middlewares/Third_Party/FreeRTOS/Source/timers.c **** 			{
 966:Middlewares/Third_Party/FreeRTOS/Source/timers.c **** 				xTimerQueue = xQueueCreate( ( UBaseType_t ) configTIMER_QUEUE_LENGTH, sizeof( DaemonTaskMessage
 967:Middlewares/Third_Party/FreeRTOS/Source/timers.c **** 			}
 968:Middlewares/Third_Party/FreeRTOS/Source/timers.c **** 			#endif
 969:Middlewares/Third_Party/FreeRTOS/Source/timers.c **** 
 970:Middlewares/Third_Party/FreeRTOS/Source/timers.c **** 			#if ( configQUEUE_REGISTRY_SIZE > 0 )
 971:Middlewares/Third_Party/FreeRTOS/Source/timers.c **** 			{
 972:Middlewares/Third_Party/FreeRTOS/Source/timers.c **** 				if( xTimerQueue != NULL )
 973:Middlewares/Third_Party/FreeRTOS/Source/timers.c **** 				{
 974:Middlewares/Third_Party/FreeRTOS/Source/timers.c **** 					vQueueAddToRegistry( xTimerQueue, "TmrQ" );
 975:Middlewares/Third_Party/FreeRTOS/Source/timers.c **** 				}
ARM GAS  /tmp/ccNILS8C.s 			page 22


 976:Middlewares/Third_Party/FreeRTOS/Source/timers.c **** 				else
 977:Middlewares/Third_Party/FreeRTOS/Source/timers.c **** 				{
 978:Middlewares/Third_Party/FreeRTOS/Source/timers.c **** 					mtCOVERAGE_TEST_MARKER();
 979:Middlewares/Third_Party/FreeRTOS/Source/timers.c **** 				}
 980:Middlewares/Third_Party/FreeRTOS/Source/timers.c **** 			}
 981:Middlewares/Third_Party/FreeRTOS/Source/timers.c **** 			#endif /* configQUEUE_REGISTRY_SIZE */
 982:Middlewares/Third_Party/FreeRTOS/Source/timers.c **** 		}
 983:Middlewares/Third_Party/FreeRTOS/Source/timers.c **** 		else
 984:Middlewares/Third_Party/FreeRTOS/Source/timers.c **** 		{
 985:Middlewares/Third_Party/FreeRTOS/Source/timers.c **** 			mtCOVERAGE_TEST_MARKER();
 211              		.loc 1 985 28 is_stmt 1 view .LVU48
 986:Middlewares/Third_Party/FreeRTOS/Source/timers.c **** 		}
 987:Middlewares/Third_Party/FreeRTOS/Source/timers.c **** 	}
 988:Middlewares/Third_Party/FreeRTOS/Source/timers.c **** 	taskEXIT_CRITICAL();
 212              		.loc 1 988 2 view .LVU49
 213 000e FFF7FEFF 		bl	vPortExitCritical
 214              	.LVL21:
 989:Middlewares/Third_Party/FreeRTOS/Source/timers.c **** }
 215              		.loc 1 989 1 is_stmt 0 view .LVU50
 216 0012 03B0     		add	sp, sp, #12
 217              	.LCFI3:
 218              		.cfi_remember_state
 219              		.cfi_def_cfa_offset 12
 220              		@ sp needed
 221 0014 30BD     		pop	{r4, r5, pc}
 222              	.L21:
 223              	.LCFI4:
 224              		.cfi_restore_state
 950:Middlewares/Third_Party/FreeRTOS/Source/timers.c **** 			vListInitialise( &xActiveTimerList2 );
 225              		.loc 1 950 4 is_stmt 1 view .LVU51
 226 0016 0F4D     		ldr	r5, .L22+4
 227 0018 2846     		mov	r0, r5
 228 001a FFF7FEFF 		bl	vListInitialise
 229              	.LVL22:
 951:Middlewares/Third_Party/FreeRTOS/Source/timers.c **** 			pxCurrentTimerList = &xActiveTimerList1;
 230              		.loc 1 951 4 view .LVU52
 231 001e 0E4C     		ldr	r4, .L22+8
 232 0020 2046     		mov	r0, r4
 233 0022 FFF7FEFF 		bl	vListInitialise
 234              	.LVL23:
 952:Middlewares/Third_Party/FreeRTOS/Source/timers.c **** 			pxOverflowTimerList = &xActiveTimerList2;
 235              		.loc 1 952 4 view .LVU53
 952:Middlewares/Third_Party/FreeRTOS/Source/timers.c **** 			pxOverflowTimerList = &xActiveTimerList2;
 236              		.loc 1 952 23 is_stmt 0 view .LVU54
 237 0026 0D4B     		ldr	r3, .L22+12
 238 0028 1D60     		str	r5, [r3]
 953:Middlewares/Third_Party/FreeRTOS/Source/timers.c **** 
 239              		.loc 1 953 4 is_stmt 1 view .LVU55
 953:Middlewares/Third_Party/FreeRTOS/Source/timers.c **** 
 240              		.loc 1 953 24 is_stmt 0 view .LVU56
 241 002a 0D4B     		ldr	r3, .L22+16
 242 002c 1C60     		str	r4, [r3]
 243              	.LBB45:
 959:Middlewares/Third_Party/FreeRTOS/Source/timers.c **** 				static uint8_t ucStaticTimerQueueStorage[ ( size_t ) configTIMER_QUEUE_LENGTH * sizeof( DaemonT
 244              		.loc 1 959 5 is_stmt 1 view .LVU57
 960:Middlewares/Third_Party/FreeRTOS/Source/timers.c **** 
 245              		.loc 1 960 5 view .LVU58
ARM GAS  /tmp/ccNILS8C.s 			page 23


 962:Middlewares/Third_Party/FreeRTOS/Source/timers.c **** 			}
 246              		.loc 1 962 5 view .LVU59
 962:Middlewares/Third_Party/FreeRTOS/Source/timers.c **** 			}
 247              		.loc 1 962 19 is_stmt 0 view .LVU60
 248 002e 0023     		movs	r3, #0
 249 0030 0093     		str	r3, [sp]
 250 0032 0C4B     		ldr	r3, .L22+20
 251 0034 0C4A     		ldr	r2, .L22+24
 252 0036 1021     		movs	r1, #16
 253 0038 0A20     		movs	r0, #10
 254 003a FFF7FEFF 		bl	xQueueGenericCreateStatic
 255              	.LVL24:
 962:Middlewares/Third_Party/FreeRTOS/Source/timers.c **** 			}
 256              		.loc 1 962 17 view .LVU61
 257 003e 044B     		ldr	r3, .L22
 258 0040 1860     		str	r0, [r3]
 259              	.LBE45:
 972:Middlewares/Third_Party/FreeRTOS/Source/timers.c **** 				{
 260              		.loc 1 972 5 is_stmt 1 view .LVU62
 972:Middlewares/Third_Party/FreeRTOS/Source/timers.c **** 				{
 261              		.loc 1 972 7 is_stmt 0 view .LVU63
 262 0042 0028     		cmp	r0, #0
 263 0044 E3D0     		beq	.L19
 974:Middlewares/Third_Party/FreeRTOS/Source/timers.c **** 				}
 264              		.loc 1 974 6 is_stmt 1 view .LVU64
 265 0046 0949     		ldr	r1, .L22+28
 266 0048 FFF7FEFF 		bl	vQueueAddToRegistry
 267              	.LVL25:
 268 004c DFE7     		b	.L19
 269              	.L23:
 270 004e 00BF     		.align	2
 271              	.L22:
 272 0050 00000000 		.word	xTimerQueue
 273 0054 00000000 		.word	xActiveTimerList1
 274 0058 00000000 		.word	xActiveTimerList2
 275 005c 00000000 		.word	pxCurrentTimerList
 276 0060 00000000 		.word	pxOverflowTimerList
 277 0064 00000000 		.word	xStaticTimerQueue.0
 278 0068 00000000 		.word	ucStaticTimerQueueStorage.1
 279 006c 00000000 		.word	.LC0
 280              		.cfi_endproc
 281              	.LFE23:
 283              		.section	.text.prvInitialiseNewTimer,"ax",%progbits
 284              		.align	1
 285              		.syntax unified
 286              		.thumb
 287              		.thumb_func
 289              	prvInitialiseNewTimer:
 290              	.LVL26:
 291              	.LFB7:
 355:Middlewares/Third_Party/FreeRTOS/Source/timers.c **** 	/* 0 is not a valid value for xTimerPeriodInTicks. */
 292              		.loc 1 355 1 view -0
 293              		.cfi_startproc
 294              		@ args = 8, pretend = 0, frame = 0
 295              		@ frame_needed = 0, uses_anonymous_args = 0
 355:Middlewares/Third_Party/FreeRTOS/Source/timers.c **** 	/* 0 is not a valid value for xTimerPeriodInTicks. */
 296              		.loc 1 355 1 is_stmt 0 view .LVU66
ARM GAS  /tmp/ccNILS8C.s 			page 24


 297 0000 2DE9F041 		push	{r4, r5, r6, r7, r8, lr}
 298              	.LCFI5:
 299              		.cfi_def_cfa_offset 24
 300              		.cfi_offset 4, -24
 301              		.cfi_offset 5, -20
 302              		.cfi_offset 6, -16
 303              		.cfi_offset 7, -12
 304              		.cfi_offset 8, -8
 305              		.cfi_offset 14, -4
 306 0004 079F     		ldr	r7, [sp, #28]
 357:Middlewares/Third_Party/FreeRTOS/Source/timers.c **** 
 307              		.loc 1 357 2 is_stmt 1 view .LVU67
 308 0006 41B9     		cbnz	r1, .L25
 357:Middlewares/Third_Party/FreeRTOS/Source/timers.c **** 
 309              		.loc 1 357 2 view .LVU68
 310              	.LBB46:
 311              	.LBI46:
 312              		.file 2 "Middlewares/Third_Party/FreeRTOS/Source/portable/GCC/ARM_CM4F/portmacro.h"
   1:Middlewares/Third_Party/FreeRTOS/Source/portable/GCC/ARM_CM4F/portmacro.h **** /*
   2:Middlewares/Third_Party/FreeRTOS/Source/portable/GCC/ARM_CM4F/portmacro.h ****  * FreeRTOS Kernel V10.3.1
   3:Middlewares/Third_Party/FreeRTOS/Source/portable/GCC/ARM_CM4F/portmacro.h ****  * Copyright (C) 2020 Amazon.com, Inc. or its affiliates.  All Rights Reserved.
   4:Middlewares/Third_Party/FreeRTOS/Source/portable/GCC/ARM_CM4F/portmacro.h ****  *
   5:Middlewares/Third_Party/FreeRTOS/Source/portable/GCC/ARM_CM4F/portmacro.h ****  * Permission is hereby granted, free of charge, to any person obtaining a copy of
   6:Middlewares/Third_Party/FreeRTOS/Source/portable/GCC/ARM_CM4F/portmacro.h ****  * this software and associated documentation files (the "Software"), to deal in
   7:Middlewares/Third_Party/FreeRTOS/Source/portable/GCC/ARM_CM4F/portmacro.h ****  * the Software without restriction, including without limitation the rights to
   8:Middlewares/Third_Party/FreeRTOS/Source/portable/GCC/ARM_CM4F/portmacro.h ****  * use, copy, modify, merge, publish, distribute, sublicense, and/or sell copies of
   9:Middlewares/Third_Party/FreeRTOS/Source/portable/GCC/ARM_CM4F/portmacro.h ****  * the Software, and to permit persons to whom the Software is furnished to do so,
  10:Middlewares/Third_Party/FreeRTOS/Source/portable/GCC/ARM_CM4F/portmacro.h ****  * subject to the following conditions:
  11:Middlewares/Third_Party/FreeRTOS/Source/portable/GCC/ARM_CM4F/portmacro.h ****  *
  12:Middlewares/Third_Party/FreeRTOS/Source/portable/GCC/ARM_CM4F/portmacro.h ****  * The above copyright notice and this permission notice shall be included in all
  13:Middlewares/Third_Party/FreeRTOS/Source/portable/GCC/ARM_CM4F/portmacro.h ****  * copies or substantial portions of the Software.
  14:Middlewares/Third_Party/FreeRTOS/Source/portable/GCC/ARM_CM4F/portmacro.h ****  *
  15:Middlewares/Third_Party/FreeRTOS/Source/portable/GCC/ARM_CM4F/portmacro.h ****  * THE SOFTWARE IS PROVIDED "AS IS", WITHOUT WARRANTY OF ANY KIND, EXPRESS OR
  16:Middlewares/Third_Party/FreeRTOS/Source/portable/GCC/ARM_CM4F/portmacro.h ****  * IMPLIED, INCLUDING BUT NOT LIMITED TO THE WARRANTIES OF MERCHANTABILITY, FITNESS
  17:Middlewares/Third_Party/FreeRTOS/Source/portable/GCC/ARM_CM4F/portmacro.h ****  * FOR A PARTICULAR PURPOSE AND NONINFRINGEMENT. IN NO EVENT SHALL THE AUTHORS OR
  18:Middlewares/Third_Party/FreeRTOS/Source/portable/GCC/ARM_CM4F/portmacro.h ****  * COPYRIGHT HOLDERS BE LIABLE FOR ANY CLAIM, DAMAGES OR OTHER LIABILITY, WHETHER
  19:Middlewares/Third_Party/FreeRTOS/Source/portable/GCC/ARM_CM4F/portmacro.h ****  * IN AN ACTION OF CONTRACT, TORT OR OTHERWISE, ARISING FROM, OUT OF OR IN
  20:Middlewares/Third_Party/FreeRTOS/Source/portable/GCC/ARM_CM4F/portmacro.h ****  * CONNECTION WITH THE SOFTWARE OR THE USE OR OTHER DEALINGS IN THE SOFTWARE.
  21:Middlewares/Third_Party/FreeRTOS/Source/portable/GCC/ARM_CM4F/portmacro.h ****  *
  22:Middlewares/Third_Party/FreeRTOS/Source/portable/GCC/ARM_CM4F/portmacro.h ****  * http://www.FreeRTOS.org
  23:Middlewares/Third_Party/FreeRTOS/Source/portable/GCC/ARM_CM4F/portmacro.h ****  * http://aws.amazon.com/freertos
  24:Middlewares/Third_Party/FreeRTOS/Source/portable/GCC/ARM_CM4F/portmacro.h ****  *
  25:Middlewares/Third_Party/FreeRTOS/Source/portable/GCC/ARM_CM4F/portmacro.h ****  * 1 tab == 4 spaces!
  26:Middlewares/Third_Party/FreeRTOS/Source/portable/GCC/ARM_CM4F/portmacro.h ****  */
  27:Middlewares/Third_Party/FreeRTOS/Source/portable/GCC/ARM_CM4F/portmacro.h **** 
  28:Middlewares/Third_Party/FreeRTOS/Source/portable/GCC/ARM_CM4F/portmacro.h **** 
  29:Middlewares/Third_Party/FreeRTOS/Source/portable/GCC/ARM_CM4F/portmacro.h **** #ifndef PORTMACRO_H
  30:Middlewares/Third_Party/FreeRTOS/Source/portable/GCC/ARM_CM4F/portmacro.h **** #define PORTMACRO_H
  31:Middlewares/Third_Party/FreeRTOS/Source/portable/GCC/ARM_CM4F/portmacro.h **** 
  32:Middlewares/Third_Party/FreeRTOS/Source/portable/GCC/ARM_CM4F/portmacro.h **** #ifdef __cplusplus
  33:Middlewares/Third_Party/FreeRTOS/Source/portable/GCC/ARM_CM4F/portmacro.h **** extern "C" {
  34:Middlewares/Third_Party/FreeRTOS/Source/portable/GCC/ARM_CM4F/portmacro.h **** #endif
  35:Middlewares/Third_Party/FreeRTOS/Source/portable/GCC/ARM_CM4F/portmacro.h **** 
  36:Middlewares/Third_Party/FreeRTOS/Source/portable/GCC/ARM_CM4F/portmacro.h **** /*-----------------------------------------------------------
  37:Middlewares/Third_Party/FreeRTOS/Source/portable/GCC/ARM_CM4F/portmacro.h ****  * Port specific definitions.
  38:Middlewares/Third_Party/FreeRTOS/Source/portable/GCC/ARM_CM4F/portmacro.h ****  *
  39:Middlewares/Third_Party/FreeRTOS/Source/portable/GCC/ARM_CM4F/portmacro.h ****  * The settings in this file configure FreeRTOS correctly for the
ARM GAS  /tmp/ccNILS8C.s 			page 25


  40:Middlewares/Third_Party/FreeRTOS/Source/portable/GCC/ARM_CM4F/portmacro.h ****  * given hardware and compiler.
  41:Middlewares/Third_Party/FreeRTOS/Source/portable/GCC/ARM_CM4F/portmacro.h ****  *
  42:Middlewares/Third_Party/FreeRTOS/Source/portable/GCC/ARM_CM4F/portmacro.h ****  * These settings should not be altered.
  43:Middlewares/Third_Party/FreeRTOS/Source/portable/GCC/ARM_CM4F/portmacro.h ****  *-----------------------------------------------------------
  44:Middlewares/Third_Party/FreeRTOS/Source/portable/GCC/ARM_CM4F/portmacro.h ****  */
  45:Middlewares/Third_Party/FreeRTOS/Source/portable/GCC/ARM_CM4F/portmacro.h **** 
  46:Middlewares/Third_Party/FreeRTOS/Source/portable/GCC/ARM_CM4F/portmacro.h **** /* Type definitions. */
  47:Middlewares/Third_Party/FreeRTOS/Source/portable/GCC/ARM_CM4F/portmacro.h **** #define portCHAR		char
  48:Middlewares/Third_Party/FreeRTOS/Source/portable/GCC/ARM_CM4F/portmacro.h **** #define portFLOAT		float
  49:Middlewares/Third_Party/FreeRTOS/Source/portable/GCC/ARM_CM4F/portmacro.h **** #define portDOUBLE		double
  50:Middlewares/Third_Party/FreeRTOS/Source/portable/GCC/ARM_CM4F/portmacro.h **** #define portLONG		long
  51:Middlewares/Third_Party/FreeRTOS/Source/portable/GCC/ARM_CM4F/portmacro.h **** #define portSHORT		short
  52:Middlewares/Third_Party/FreeRTOS/Source/portable/GCC/ARM_CM4F/portmacro.h **** #define portSTACK_TYPE	uint32_t
  53:Middlewares/Third_Party/FreeRTOS/Source/portable/GCC/ARM_CM4F/portmacro.h **** #define portBASE_TYPE	long
  54:Middlewares/Third_Party/FreeRTOS/Source/portable/GCC/ARM_CM4F/portmacro.h **** 
  55:Middlewares/Third_Party/FreeRTOS/Source/portable/GCC/ARM_CM4F/portmacro.h **** typedef portSTACK_TYPE StackType_t;
  56:Middlewares/Third_Party/FreeRTOS/Source/portable/GCC/ARM_CM4F/portmacro.h **** typedef long BaseType_t;
  57:Middlewares/Third_Party/FreeRTOS/Source/portable/GCC/ARM_CM4F/portmacro.h **** typedef unsigned long UBaseType_t;
  58:Middlewares/Third_Party/FreeRTOS/Source/portable/GCC/ARM_CM4F/portmacro.h **** 
  59:Middlewares/Third_Party/FreeRTOS/Source/portable/GCC/ARM_CM4F/portmacro.h **** #if( configUSE_16_BIT_TICKS == 1 )
  60:Middlewares/Third_Party/FreeRTOS/Source/portable/GCC/ARM_CM4F/portmacro.h **** 	typedef uint16_t TickType_t;
  61:Middlewares/Third_Party/FreeRTOS/Source/portable/GCC/ARM_CM4F/portmacro.h **** 	#define portMAX_DELAY ( TickType_t ) 0xffff
  62:Middlewares/Third_Party/FreeRTOS/Source/portable/GCC/ARM_CM4F/portmacro.h **** #else
  63:Middlewares/Third_Party/FreeRTOS/Source/portable/GCC/ARM_CM4F/portmacro.h **** 	typedef uint32_t TickType_t;
  64:Middlewares/Third_Party/FreeRTOS/Source/portable/GCC/ARM_CM4F/portmacro.h **** 	#define portMAX_DELAY ( TickType_t ) 0xffffffffUL
  65:Middlewares/Third_Party/FreeRTOS/Source/portable/GCC/ARM_CM4F/portmacro.h **** 
  66:Middlewares/Third_Party/FreeRTOS/Source/portable/GCC/ARM_CM4F/portmacro.h **** 	/* 32-bit tick type on a 32-bit architecture, so reads of the tick count do
  67:Middlewares/Third_Party/FreeRTOS/Source/portable/GCC/ARM_CM4F/portmacro.h **** 	not need to be guarded with a critical section. */
  68:Middlewares/Third_Party/FreeRTOS/Source/portable/GCC/ARM_CM4F/portmacro.h **** 	#define portTICK_TYPE_IS_ATOMIC 1
  69:Middlewares/Third_Party/FreeRTOS/Source/portable/GCC/ARM_CM4F/portmacro.h **** #endif
  70:Middlewares/Third_Party/FreeRTOS/Source/portable/GCC/ARM_CM4F/portmacro.h **** /*-----------------------------------------------------------*/
  71:Middlewares/Third_Party/FreeRTOS/Source/portable/GCC/ARM_CM4F/portmacro.h **** 
  72:Middlewares/Third_Party/FreeRTOS/Source/portable/GCC/ARM_CM4F/portmacro.h **** /* Architecture specifics. */
  73:Middlewares/Third_Party/FreeRTOS/Source/portable/GCC/ARM_CM4F/portmacro.h **** #define portSTACK_GROWTH			( -1 )
  74:Middlewares/Third_Party/FreeRTOS/Source/portable/GCC/ARM_CM4F/portmacro.h **** #define portTICK_PERIOD_MS			( ( TickType_t ) 1000 / configTICK_RATE_HZ )
  75:Middlewares/Third_Party/FreeRTOS/Source/portable/GCC/ARM_CM4F/portmacro.h **** #define portBYTE_ALIGNMENT			8
  76:Middlewares/Third_Party/FreeRTOS/Source/portable/GCC/ARM_CM4F/portmacro.h **** /*-----------------------------------------------------------*/
  77:Middlewares/Third_Party/FreeRTOS/Source/portable/GCC/ARM_CM4F/portmacro.h **** 
  78:Middlewares/Third_Party/FreeRTOS/Source/portable/GCC/ARM_CM4F/portmacro.h **** /* Scheduler utilities. */
  79:Middlewares/Third_Party/FreeRTOS/Source/portable/GCC/ARM_CM4F/portmacro.h **** #define portYIELD() 															\
  80:Middlewares/Third_Party/FreeRTOS/Source/portable/GCC/ARM_CM4F/portmacro.h **** {																				\
  81:Middlewares/Third_Party/FreeRTOS/Source/portable/GCC/ARM_CM4F/portmacro.h **** 	/* Set a PendSV to request a context switch. */								\
  82:Middlewares/Third_Party/FreeRTOS/Source/portable/GCC/ARM_CM4F/portmacro.h **** 	portNVIC_INT_CTRL_REG = portNVIC_PENDSVSET_BIT;								\
  83:Middlewares/Third_Party/FreeRTOS/Source/portable/GCC/ARM_CM4F/portmacro.h **** 																				\
  84:Middlewares/Third_Party/FreeRTOS/Source/portable/GCC/ARM_CM4F/portmacro.h **** 	/* Barriers are normally not required but do ensure the code is completely	\
  85:Middlewares/Third_Party/FreeRTOS/Source/portable/GCC/ARM_CM4F/portmacro.h **** 	within the specified behaviour for the architecture. */						\
  86:Middlewares/Third_Party/FreeRTOS/Source/portable/GCC/ARM_CM4F/portmacro.h **** 	__asm volatile( "dsb" ::: "memory" );										\
  87:Middlewares/Third_Party/FreeRTOS/Source/portable/GCC/ARM_CM4F/portmacro.h **** 	__asm volatile( "isb" );													\
  88:Middlewares/Third_Party/FreeRTOS/Source/portable/GCC/ARM_CM4F/portmacro.h **** }
  89:Middlewares/Third_Party/FreeRTOS/Source/portable/GCC/ARM_CM4F/portmacro.h **** 
  90:Middlewares/Third_Party/FreeRTOS/Source/portable/GCC/ARM_CM4F/portmacro.h **** #define portNVIC_INT_CTRL_REG		( * ( ( volatile uint32_t * ) 0xe000ed04 ) )
  91:Middlewares/Third_Party/FreeRTOS/Source/portable/GCC/ARM_CM4F/portmacro.h **** #define portNVIC_PENDSVSET_BIT		( 1UL << 28UL )
  92:Middlewares/Third_Party/FreeRTOS/Source/portable/GCC/ARM_CM4F/portmacro.h **** #define portEND_SWITCHING_ISR( xSwitchRequired ) if( xSwitchRequired != pdFALSE ) portYIELD()
  93:Middlewares/Third_Party/FreeRTOS/Source/portable/GCC/ARM_CM4F/portmacro.h **** #define portYIELD_FROM_ISR( x ) portEND_SWITCHING_ISR( x )
  94:Middlewares/Third_Party/FreeRTOS/Source/portable/GCC/ARM_CM4F/portmacro.h **** /*-----------------------------------------------------------*/
  95:Middlewares/Third_Party/FreeRTOS/Source/portable/GCC/ARM_CM4F/portmacro.h **** 
  96:Middlewares/Third_Party/FreeRTOS/Source/portable/GCC/ARM_CM4F/portmacro.h **** /* Critical section management. */
ARM GAS  /tmp/ccNILS8C.s 			page 26


  97:Middlewares/Third_Party/FreeRTOS/Source/portable/GCC/ARM_CM4F/portmacro.h **** extern void vPortEnterCritical( void );
  98:Middlewares/Third_Party/FreeRTOS/Source/portable/GCC/ARM_CM4F/portmacro.h **** extern void vPortExitCritical( void );
  99:Middlewares/Third_Party/FreeRTOS/Source/portable/GCC/ARM_CM4F/portmacro.h **** #define portSET_INTERRUPT_MASK_FROM_ISR()		ulPortRaiseBASEPRI()
 100:Middlewares/Third_Party/FreeRTOS/Source/portable/GCC/ARM_CM4F/portmacro.h **** #define portCLEAR_INTERRUPT_MASK_FROM_ISR(x)	vPortSetBASEPRI(x)
 101:Middlewares/Third_Party/FreeRTOS/Source/portable/GCC/ARM_CM4F/portmacro.h **** #define portDISABLE_INTERRUPTS()				vPortRaiseBASEPRI()
 102:Middlewares/Third_Party/FreeRTOS/Source/portable/GCC/ARM_CM4F/portmacro.h **** #define portENABLE_INTERRUPTS()					vPortSetBASEPRI(0)
 103:Middlewares/Third_Party/FreeRTOS/Source/portable/GCC/ARM_CM4F/portmacro.h **** #define portENTER_CRITICAL()					vPortEnterCritical()
 104:Middlewares/Third_Party/FreeRTOS/Source/portable/GCC/ARM_CM4F/portmacro.h **** #define portEXIT_CRITICAL()						vPortExitCritical()
 105:Middlewares/Third_Party/FreeRTOS/Source/portable/GCC/ARM_CM4F/portmacro.h **** 
 106:Middlewares/Third_Party/FreeRTOS/Source/portable/GCC/ARM_CM4F/portmacro.h **** /*-----------------------------------------------------------*/
 107:Middlewares/Third_Party/FreeRTOS/Source/portable/GCC/ARM_CM4F/portmacro.h **** 
 108:Middlewares/Third_Party/FreeRTOS/Source/portable/GCC/ARM_CM4F/portmacro.h **** /* Task function macros as described on the FreeRTOS.org WEB site.  These are
 109:Middlewares/Third_Party/FreeRTOS/Source/portable/GCC/ARM_CM4F/portmacro.h **** not necessary for to use this port.  They are defined so the common demo files
 110:Middlewares/Third_Party/FreeRTOS/Source/portable/GCC/ARM_CM4F/portmacro.h **** (which build with all the ports) will build. */
 111:Middlewares/Third_Party/FreeRTOS/Source/portable/GCC/ARM_CM4F/portmacro.h **** #define portTASK_FUNCTION_PROTO( vFunction, pvParameters ) void vFunction( void *pvParameters )
 112:Middlewares/Third_Party/FreeRTOS/Source/portable/GCC/ARM_CM4F/portmacro.h **** #define portTASK_FUNCTION( vFunction, pvParameters ) void vFunction( void *pvParameters )
 113:Middlewares/Third_Party/FreeRTOS/Source/portable/GCC/ARM_CM4F/portmacro.h **** /*-----------------------------------------------------------*/
 114:Middlewares/Third_Party/FreeRTOS/Source/portable/GCC/ARM_CM4F/portmacro.h **** 
 115:Middlewares/Third_Party/FreeRTOS/Source/portable/GCC/ARM_CM4F/portmacro.h **** /* Tickless idle/low power functionality. */
 116:Middlewares/Third_Party/FreeRTOS/Source/portable/GCC/ARM_CM4F/portmacro.h **** #ifndef portSUPPRESS_TICKS_AND_SLEEP
 117:Middlewares/Third_Party/FreeRTOS/Source/portable/GCC/ARM_CM4F/portmacro.h **** 	extern void vPortSuppressTicksAndSleep( TickType_t xExpectedIdleTime );
 118:Middlewares/Third_Party/FreeRTOS/Source/portable/GCC/ARM_CM4F/portmacro.h **** 	#define portSUPPRESS_TICKS_AND_SLEEP( xExpectedIdleTime ) vPortSuppressTicksAndSleep( xExpectedIdl
 119:Middlewares/Third_Party/FreeRTOS/Source/portable/GCC/ARM_CM4F/portmacro.h **** #endif
 120:Middlewares/Third_Party/FreeRTOS/Source/portable/GCC/ARM_CM4F/portmacro.h **** /*-----------------------------------------------------------*/
 121:Middlewares/Third_Party/FreeRTOS/Source/portable/GCC/ARM_CM4F/portmacro.h **** 
 122:Middlewares/Third_Party/FreeRTOS/Source/portable/GCC/ARM_CM4F/portmacro.h **** /* Architecture specific optimisations. */
 123:Middlewares/Third_Party/FreeRTOS/Source/portable/GCC/ARM_CM4F/portmacro.h **** #ifndef configUSE_PORT_OPTIMISED_TASK_SELECTION
 124:Middlewares/Third_Party/FreeRTOS/Source/portable/GCC/ARM_CM4F/portmacro.h **** 	#define configUSE_PORT_OPTIMISED_TASK_SELECTION 1
 125:Middlewares/Third_Party/FreeRTOS/Source/portable/GCC/ARM_CM4F/portmacro.h **** #endif
 126:Middlewares/Third_Party/FreeRTOS/Source/portable/GCC/ARM_CM4F/portmacro.h **** 
 127:Middlewares/Third_Party/FreeRTOS/Source/portable/GCC/ARM_CM4F/portmacro.h **** #if configUSE_PORT_OPTIMISED_TASK_SELECTION == 1
 128:Middlewares/Third_Party/FreeRTOS/Source/portable/GCC/ARM_CM4F/portmacro.h **** 
 129:Middlewares/Third_Party/FreeRTOS/Source/portable/GCC/ARM_CM4F/portmacro.h **** 	/* Generic helper function. */
 130:Middlewares/Third_Party/FreeRTOS/Source/portable/GCC/ARM_CM4F/portmacro.h **** 	__attribute__( ( always_inline ) ) static inline uint8_t ucPortCountLeadingZeros( uint32_t ulBitma
 131:Middlewares/Third_Party/FreeRTOS/Source/portable/GCC/ARM_CM4F/portmacro.h **** 	{
 132:Middlewares/Third_Party/FreeRTOS/Source/portable/GCC/ARM_CM4F/portmacro.h **** 	uint8_t ucReturn;
 133:Middlewares/Third_Party/FreeRTOS/Source/portable/GCC/ARM_CM4F/portmacro.h **** 
 134:Middlewares/Third_Party/FreeRTOS/Source/portable/GCC/ARM_CM4F/portmacro.h **** 		__asm volatile ( "clz %0, %1" : "=r" ( ucReturn ) : "r" ( ulBitmap ) : "memory" );
 135:Middlewares/Third_Party/FreeRTOS/Source/portable/GCC/ARM_CM4F/portmacro.h **** 		return ucReturn;
 136:Middlewares/Third_Party/FreeRTOS/Source/portable/GCC/ARM_CM4F/portmacro.h **** 	}
 137:Middlewares/Third_Party/FreeRTOS/Source/portable/GCC/ARM_CM4F/portmacro.h **** 
 138:Middlewares/Third_Party/FreeRTOS/Source/portable/GCC/ARM_CM4F/portmacro.h **** 	/* Check the configuration. */
 139:Middlewares/Third_Party/FreeRTOS/Source/portable/GCC/ARM_CM4F/portmacro.h **** 	#if( configMAX_PRIORITIES > 32 )
 140:Middlewares/Third_Party/FreeRTOS/Source/portable/GCC/ARM_CM4F/portmacro.h **** 		#error configUSE_PORT_OPTIMISED_TASK_SELECTION can only be set to 1 when configMAX_PRIORITIES is 
 141:Middlewares/Third_Party/FreeRTOS/Source/portable/GCC/ARM_CM4F/portmacro.h **** 	#endif
 142:Middlewares/Third_Party/FreeRTOS/Source/portable/GCC/ARM_CM4F/portmacro.h **** 
 143:Middlewares/Third_Party/FreeRTOS/Source/portable/GCC/ARM_CM4F/portmacro.h **** 	/* Store/clear the ready priorities in a bit map. */
 144:Middlewares/Third_Party/FreeRTOS/Source/portable/GCC/ARM_CM4F/portmacro.h **** 	#define portRECORD_READY_PRIORITY( uxPriority, uxReadyPriorities ) ( uxReadyPriorities ) |= ( 1UL 
 145:Middlewares/Third_Party/FreeRTOS/Source/portable/GCC/ARM_CM4F/portmacro.h **** 	#define portRESET_READY_PRIORITY( uxPriority, uxReadyPriorities ) ( uxReadyPriorities ) &= ~( 1UL 
 146:Middlewares/Third_Party/FreeRTOS/Source/portable/GCC/ARM_CM4F/portmacro.h **** 
 147:Middlewares/Third_Party/FreeRTOS/Source/portable/GCC/ARM_CM4F/portmacro.h **** 	/*-----------------------------------------------------------*/
 148:Middlewares/Third_Party/FreeRTOS/Source/portable/GCC/ARM_CM4F/portmacro.h **** 
 149:Middlewares/Third_Party/FreeRTOS/Source/portable/GCC/ARM_CM4F/portmacro.h **** 	#define portGET_HIGHEST_PRIORITY( uxTopPriority, uxReadyPriorities ) uxTopPriority = ( 31UL - ( ui
 150:Middlewares/Third_Party/FreeRTOS/Source/portable/GCC/ARM_CM4F/portmacro.h **** 
 151:Middlewares/Third_Party/FreeRTOS/Source/portable/GCC/ARM_CM4F/portmacro.h **** #endif /* configUSE_PORT_OPTIMISED_TASK_SELECTION */
 152:Middlewares/Third_Party/FreeRTOS/Source/portable/GCC/ARM_CM4F/portmacro.h **** 
 153:Middlewares/Third_Party/FreeRTOS/Source/portable/GCC/ARM_CM4F/portmacro.h **** /*-----------------------------------------------------------*/
ARM GAS  /tmp/ccNILS8C.s 			page 27


 154:Middlewares/Third_Party/FreeRTOS/Source/portable/GCC/ARM_CM4F/portmacro.h **** 
 155:Middlewares/Third_Party/FreeRTOS/Source/portable/GCC/ARM_CM4F/portmacro.h **** #ifdef configASSERT
 156:Middlewares/Third_Party/FreeRTOS/Source/portable/GCC/ARM_CM4F/portmacro.h **** 	void vPortValidateInterruptPriority( void );
 157:Middlewares/Third_Party/FreeRTOS/Source/portable/GCC/ARM_CM4F/portmacro.h **** 	#define portASSERT_IF_INTERRUPT_PRIORITY_INVALID() 	vPortValidateInterruptPriority()
 158:Middlewares/Third_Party/FreeRTOS/Source/portable/GCC/ARM_CM4F/portmacro.h **** #endif
 159:Middlewares/Third_Party/FreeRTOS/Source/portable/GCC/ARM_CM4F/portmacro.h **** 
 160:Middlewares/Third_Party/FreeRTOS/Source/portable/GCC/ARM_CM4F/portmacro.h **** /* portNOP() is not required by this port. */
 161:Middlewares/Third_Party/FreeRTOS/Source/portable/GCC/ARM_CM4F/portmacro.h **** #define portNOP()
 162:Middlewares/Third_Party/FreeRTOS/Source/portable/GCC/ARM_CM4F/portmacro.h **** 
 163:Middlewares/Third_Party/FreeRTOS/Source/portable/GCC/ARM_CM4F/portmacro.h **** #define portINLINE	__inline
 164:Middlewares/Third_Party/FreeRTOS/Source/portable/GCC/ARM_CM4F/portmacro.h **** 
 165:Middlewares/Third_Party/FreeRTOS/Source/portable/GCC/ARM_CM4F/portmacro.h **** #ifndef portFORCE_INLINE
 166:Middlewares/Third_Party/FreeRTOS/Source/portable/GCC/ARM_CM4F/portmacro.h **** 	#define portFORCE_INLINE inline __attribute__(( always_inline))
 167:Middlewares/Third_Party/FreeRTOS/Source/portable/GCC/ARM_CM4F/portmacro.h **** #endif
 168:Middlewares/Third_Party/FreeRTOS/Source/portable/GCC/ARM_CM4F/portmacro.h **** 
 169:Middlewares/Third_Party/FreeRTOS/Source/portable/GCC/ARM_CM4F/portmacro.h **** portFORCE_INLINE static BaseType_t xPortIsInsideInterrupt( void )
 170:Middlewares/Third_Party/FreeRTOS/Source/portable/GCC/ARM_CM4F/portmacro.h **** {
 171:Middlewares/Third_Party/FreeRTOS/Source/portable/GCC/ARM_CM4F/portmacro.h **** uint32_t ulCurrentInterrupt;
 172:Middlewares/Third_Party/FreeRTOS/Source/portable/GCC/ARM_CM4F/portmacro.h **** BaseType_t xReturn;
 173:Middlewares/Third_Party/FreeRTOS/Source/portable/GCC/ARM_CM4F/portmacro.h **** 
 174:Middlewares/Third_Party/FreeRTOS/Source/portable/GCC/ARM_CM4F/portmacro.h **** 	/* Obtain the number of the currently executing interrupt. */
 175:Middlewares/Third_Party/FreeRTOS/Source/portable/GCC/ARM_CM4F/portmacro.h **** 	__asm volatile( "mrs %0, ipsr" : "=r"( ulCurrentInterrupt ) :: "memory" );
 176:Middlewares/Third_Party/FreeRTOS/Source/portable/GCC/ARM_CM4F/portmacro.h **** 
 177:Middlewares/Third_Party/FreeRTOS/Source/portable/GCC/ARM_CM4F/portmacro.h **** 	if( ulCurrentInterrupt == 0 )
 178:Middlewares/Third_Party/FreeRTOS/Source/portable/GCC/ARM_CM4F/portmacro.h **** 	{
 179:Middlewares/Third_Party/FreeRTOS/Source/portable/GCC/ARM_CM4F/portmacro.h **** 		xReturn = pdFALSE;
 180:Middlewares/Third_Party/FreeRTOS/Source/portable/GCC/ARM_CM4F/portmacro.h **** 	}
 181:Middlewares/Third_Party/FreeRTOS/Source/portable/GCC/ARM_CM4F/portmacro.h **** 	else
 182:Middlewares/Third_Party/FreeRTOS/Source/portable/GCC/ARM_CM4F/portmacro.h **** 	{
 183:Middlewares/Third_Party/FreeRTOS/Source/portable/GCC/ARM_CM4F/portmacro.h **** 		xReturn = pdTRUE;
 184:Middlewares/Third_Party/FreeRTOS/Source/portable/GCC/ARM_CM4F/portmacro.h **** 	}
 185:Middlewares/Third_Party/FreeRTOS/Source/portable/GCC/ARM_CM4F/portmacro.h **** 
 186:Middlewares/Third_Party/FreeRTOS/Source/portable/GCC/ARM_CM4F/portmacro.h **** 	return xReturn;
 187:Middlewares/Third_Party/FreeRTOS/Source/portable/GCC/ARM_CM4F/portmacro.h **** }
 188:Middlewares/Third_Party/FreeRTOS/Source/portable/GCC/ARM_CM4F/portmacro.h **** 
 189:Middlewares/Third_Party/FreeRTOS/Source/portable/GCC/ARM_CM4F/portmacro.h **** /*-----------------------------------------------------------*/
 190:Middlewares/Third_Party/FreeRTOS/Source/portable/GCC/ARM_CM4F/portmacro.h **** 
 191:Middlewares/Third_Party/FreeRTOS/Source/portable/GCC/ARM_CM4F/portmacro.h **** portFORCE_INLINE static void vPortRaiseBASEPRI( void )
 313              		.loc 2 191 30 view .LVU69
 314              	.LBB47:
 192:Middlewares/Third_Party/FreeRTOS/Source/portable/GCC/ARM_CM4F/portmacro.h **** {
 193:Middlewares/Third_Party/FreeRTOS/Source/portable/GCC/ARM_CM4F/portmacro.h **** uint32_t ulNewBASEPRI;
 315              		.loc 2 193 1 view .LVU70
 194:Middlewares/Third_Party/FreeRTOS/Source/portable/GCC/ARM_CM4F/portmacro.h **** 
 195:Middlewares/Third_Party/FreeRTOS/Source/portable/GCC/ARM_CM4F/portmacro.h **** 	__asm volatile
 316              		.loc 2 195 2 view .LVU71
 317              		.syntax unified
 318              	@ 195 "Middlewares/Third_Party/FreeRTOS/Source/portable/GCC/ARM_CM4F/portmacro.h" 1
 319 0008 4FF05003 			mov r3, #80												
 320 000c 83F31188 		msr basepri, r3											
 321 0010 BFF36F8F 		isb														
 322 0014 BFF34F8F 		dsb														
 323              	
 324              	@ 0 "" 2
 325              	.LVL27:
 326              		.thumb
 327              		.syntax unified
ARM GAS  /tmp/ccNILS8C.s 			page 28


 328              	.L26:
 329              		.loc 2 195 2 is_stmt 0 view .LVU72
 330              	.LBE47:
 331              	.LBE46:
 357:Middlewares/Third_Party/FreeRTOS/Source/timers.c **** 
 332              		.loc 1 357 2 is_stmt 1 discriminator 1 view .LVU73
 357:Middlewares/Third_Party/FreeRTOS/Source/timers.c **** 
 333              		.loc 1 357 2 discriminator 1 view .LVU74
 334 0018 FEE7     		b	.L26
 335              	.LVL28:
 336              	.L25:
 357:Middlewares/Third_Party/FreeRTOS/Source/timers.c **** 
 337              		.loc 1 357 2 is_stmt 0 discriminator 1 view .LVU75
 338 001a 0646     		mov	r6, r0
 339 001c 1446     		mov	r4, r2
 340 001e 1D46     		mov	r5, r3
 341 0020 8846     		mov	r8, r1
 357:Middlewares/Third_Party/FreeRTOS/Source/timers.c **** 
 342              		.loc 1 357 45 is_stmt 1 discriminator 2 view .LVU76
 359:Middlewares/Third_Party/FreeRTOS/Source/timers.c **** 	{
 343              		.loc 1 359 2 discriminator 2 view .LVU77
 359:Middlewares/Third_Party/FreeRTOS/Source/timers.c **** 	{
 344              		.loc 1 359 4 is_stmt 0 discriminator 2 view .LVU78
 345 0022 8FB1     		cbz	r7, .L24
 363:Middlewares/Third_Party/FreeRTOS/Source/timers.c **** 
 346              		.loc 1 363 3 is_stmt 1 view .LVU79
 347 0024 FFF7FEFF 		bl	prvCheckForValidListAndQueue
 348              	.LVL29:
 367:Middlewares/Third_Party/FreeRTOS/Source/timers.c **** 		pxNewTimer->xTimerPeriodInTicks = xTimerPeriodInTicks;
 349              		.loc 1 367 3 view .LVU80
 367:Middlewares/Third_Party/FreeRTOS/Source/timers.c **** 		pxNewTimer->xTimerPeriodInTicks = xTimerPeriodInTicks;
 350              		.loc 1 367 27 is_stmt 0 view .LVU81
 351 0028 3E60     		str	r6, [r7]
 368:Middlewares/Third_Party/FreeRTOS/Source/timers.c **** 		pxNewTimer->pvTimerID = pvTimerID;
 352              		.loc 1 368 3 is_stmt 1 view .LVU82
 368:Middlewares/Third_Party/FreeRTOS/Source/timers.c **** 		pxNewTimer->pvTimerID = pvTimerID;
 353              		.loc 1 368 35 is_stmt 0 view .LVU83
 354 002a C7F81880 		str	r8, [r7, #24]
 369:Middlewares/Third_Party/FreeRTOS/Source/timers.c **** 		pxNewTimer->pxCallbackFunction = pxCallbackFunction;
 355              		.loc 1 369 3 is_stmt 1 view .LVU84
 369:Middlewares/Third_Party/FreeRTOS/Source/timers.c **** 		pxNewTimer->pxCallbackFunction = pxCallbackFunction;
 356              		.loc 1 369 25 is_stmt 0 view .LVU85
 357 002e FD61     		str	r5, [r7, #28]
 370:Middlewares/Third_Party/FreeRTOS/Source/timers.c **** 		vListInitialiseItem( &( pxNewTimer->xTimerListItem ) );
 358              		.loc 1 370 3 is_stmt 1 view .LVU86
 370:Middlewares/Third_Party/FreeRTOS/Source/timers.c **** 		vListInitialiseItem( &( pxNewTimer->xTimerListItem ) );
 359              		.loc 1 370 34 is_stmt 0 view .LVU87
 360 0030 069B     		ldr	r3, [sp, #24]
 361 0032 3B62     		str	r3, [r7, #32]
 371:Middlewares/Third_Party/FreeRTOS/Source/timers.c **** 		if( uxAutoReload != pdFALSE )
 362              		.loc 1 371 3 is_stmt 1 view .LVU88
 363 0034 381D     		adds	r0, r7, #4
 364 0036 FFF7FEFF 		bl	vListInitialiseItem
 365              	.LVL30:
 372:Middlewares/Third_Party/FreeRTOS/Source/timers.c **** 		{
 366              		.loc 1 372 3 view .LVU89
 372:Middlewares/Third_Party/FreeRTOS/Source/timers.c **** 		{
ARM GAS  /tmp/ccNILS8C.s 			page 29


 367              		.loc 1 372 5 is_stmt 0 view .LVU90
 368 003a 2CB1     		cbz	r4, .L24
 374:Middlewares/Third_Party/FreeRTOS/Source/timers.c **** 		}
 369              		.loc 1 374 4 is_stmt 1 view .LVU91
 374:Middlewares/Third_Party/FreeRTOS/Source/timers.c **** 		}
 370              		.loc 1 374 14 is_stmt 0 view .LVU92
 371 003c 97F82830 		ldrb	r3, [r7, #40]	@ zero_extendqisi2
 374:Middlewares/Third_Party/FreeRTOS/Source/timers.c **** 		}
 372              		.loc 1 374 25 view .LVU93
 373 0040 43F00403 		orr	r3, r3, #4
 374 0044 87F82830 		strb	r3, [r7, #40]
 376:Middlewares/Third_Party/FreeRTOS/Source/timers.c **** 	}
 375              		.loc 1 376 34 is_stmt 1 view .LVU94
 376              	.L24:
 378:Middlewares/Third_Party/FreeRTOS/Source/timers.c **** /*-----------------------------------------------------------*/
 377              		.loc 1 378 1 is_stmt 0 view .LVU95
 378 0048 BDE8F081 		pop	{r4, r5, r6, r7, r8, pc}
 378:Middlewares/Third_Party/FreeRTOS/Source/timers.c **** /*-----------------------------------------------------------*/
 379              		.loc 1 378 1 view .LVU96
 380              		.cfi_endproc
 381              	.LFE7:
 383              		.section	.rodata.xTimerCreateTimerTask.str1.4,"aMS",%progbits,1
 384              		.align	2
 385              	.LC1:
 386 0000 546D7220 		.ascii	"Tmr Svc\000"
 386      53766300 
 387              		.section	.text.xTimerCreateTimerTask,"ax",%progbits
 388              		.align	1
 389              		.global	xTimerCreateTimerTask
 390              		.syntax unified
 391              		.thumb
 392              		.thumb_func
 394              	xTimerCreateTimerTask:
 395              	.LFB4:
 228:Middlewares/Third_Party/FreeRTOS/Source/timers.c **** BaseType_t xReturn = pdFAIL;
 396              		.loc 1 228 1 is_stmt 1 view -0
 397              		.cfi_startproc
 398              		@ args = 0, pretend = 0, frame = 16
 399              		@ frame_needed = 0, uses_anonymous_args = 0
 400 0000 10B5     		push	{r4, lr}
 401              	.LCFI6:
 402              		.cfi_def_cfa_offset 8
 403              		.cfi_offset 4, -8
 404              		.cfi_offset 14, -4
 405 0002 88B0     		sub	sp, sp, #32
 406              	.LCFI7:
 407              		.cfi_def_cfa_offset 40
 229:Middlewares/Third_Party/FreeRTOS/Source/timers.c **** 
 408              		.loc 1 229 1 view .LVU98
 409              	.LVL31:
 235:Middlewares/Third_Party/FreeRTOS/Source/timers.c **** 
 410              		.loc 1 235 2 view .LVU99
 411 0004 FFF7FEFF 		bl	prvCheckForValidListAndQueue
 412              	.LVL32:
 237:Middlewares/Third_Party/FreeRTOS/Source/timers.c **** 	{
 413              		.loc 1 237 2 view .LVU100
 237:Middlewares/Third_Party/FreeRTOS/Source/timers.c **** 	{
ARM GAS  /tmp/ccNILS8C.s 			page 30


 414              		.loc 1 237 18 is_stmt 0 view .LVU101
 415 0008 124B     		ldr	r3, .L35
 416 000a 1B68     		ldr	r3, [r3]
 237:Middlewares/Third_Party/FreeRTOS/Source/timers.c **** 	{
 417              		.loc 1 237 4 view .LVU102
 418 000c C3B1     		cbz	r3, .L30
 419              	.LBB48:
 241:Middlewares/Third_Party/FreeRTOS/Source/timers.c **** 			StackType_t *pxTimerTaskStackBuffer = NULL;
 420              		.loc 1 241 4 is_stmt 1 view .LVU103
 241:Middlewares/Third_Party/FreeRTOS/Source/timers.c **** 			StackType_t *pxTimerTaskStackBuffer = NULL;
 421              		.loc 1 241 18 is_stmt 0 view .LVU104
 422 000e 0024     		movs	r4, #0
 423 0010 0594     		str	r4, [sp, #20]
 242:Middlewares/Third_Party/FreeRTOS/Source/timers.c **** 			uint32_t ulTimerTaskStackSize;
 424              		.loc 1 242 4 is_stmt 1 view .LVU105
 242:Middlewares/Third_Party/FreeRTOS/Source/timers.c **** 			uint32_t ulTimerTaskStackSize;
 425              		.loc 1 242 17 is_stmt 0 view .LVU106
 426 0012 0694     		str	r4, [sp, #24]
 243:Middlewares/Third_Party/FreeRTOS/Source/timers.c **** 
 427              		.loc 1 243 4 is_stmt 1 view .LVU107
 245:Middlewares/Third_Party/FreeRTOS/Source/timers.c **** 			xTimerTaskHandle = xTaskCreateStatic(	prvTimerTask,
 428              		.loc 1 245 4 view .LVU108
 429 0014 07AA     		add	r2, sp, #28
 430 0016 06A9     		add	r1, sp, #24
 431 0018 05A8     		add	r0, sp, #20
 432 001a FFF7FEFF 		bl	vApplicationGetTimerTaskMemory
 433              	.LVL33:
 246:Middlewares/Third_Party/FreeRTOS/Source/timers.c **** 													configTIMER_SERVICE_TASK_NAME,
 434              		.loc 1 246 4 view .LVU109
 246:Middlewares/Third_Party/FreeRTOS/Source/timers.c **** 													configTIMER_SERVICE_TASK_NAME,
 435              		.loc 1 246 23 is_stmt 0 view .LVU110
 436 001e 059B     		ldr	r3, [sp, #20]
 437 0020 0293     		str	r3, [sp, #8]
 438 0022 069B     		ldr	r3, [sp, #24]
 439 0024 0193     		str	r3, [sp, #4]
 440 0026 0094     		str	r4, [sp]
 441 0028 2346     		mov	r3, r4
 442 002a 079A     		ldr	r2, [sp, #28]
 443 002c 0A49     		ldr	r1, .L35+4
 444 002e 0B48     		ldr	r0, .L35+8
 445 0030 FFF7FEFF 		bl	xTaskCreateStatic
 446              	.LVL34:
 246:Middlewares/Third_Party/FreeRTOS/Source/timers.c **** 													configTIMER_SERVICE_TASK_NAME,
 447              		.loc 1 246 21 view .LVU111
 448 0034 0A4B     		ldr	r3, .L35+12
 449 0036 1860     		str	r0, [r3]
 254:Middlewares/Third_Party/FreeRTOS/Source/timers.c **** 			{
 450              		.loc 1 254 4 is_stmt 1 view .LVU112
 254:Middlewares/Third_Party/FreeRTOS/Source/timers.c **** 			{
 451              		.loc 1 254 6 is_stmt 0 view .LVU113
 452 0038 10B1     		cbz	r0, .L30
 453              	.LBE48:
 277:Middlewares/Third_Party/FreeRTOS/Source/timers.c **** /*-----------------------------------------------------------*/
 454              		.loc 1 277 1 view .LVU114
 455 003a 0120     		movs	r0, #1
 456 003c 08B0     		add	sp, sp, #32
 457              	.LCFI8:
ARM GAS  /tmp/ccNILS8C.s 			page 31


 458              		.cfi_remember_state
 459              		.cfi_def_cfa_offset 8
 460              		@ sp needed
 461 003e 10BD     		pop	{r4, pc}
 462              	.L30:
 463              	.LCFI9:
 464              		.cfi_restore_state
 465              	.LVL35:
 275:Middlewares/Third_Party/FreeRTOS/Source/timers.c **** 	return xReturn;
 466              		.loc 1 275 2 is_stmt 1 view .LVU115
 467              	.LBB49:
 468              	.LBI49:
 191:Middlewares/Third_Party/FreeRTOS/Source/portable/GCC/ARM_CM4F/portmacro.h **** {
 469              		.loc 2 191 30 view .LVU116
 470              	.LBB50:
 193:Middlewares/Third_Party/FreeRTOS/Source/portable/GCC/ARM_CM4F/portmacro.h **** 
 471              		.loc 2 193 1 view .LVU117
 472              		.loc 2 195 2 view .LVU118
 473              		.syntax unified
 474              	@ 195 "Middlewares/Third_Party/FreeRTOS/Source/portable/GCC/ARM_CM4F/portmacro.h" 1
 475 0040 4FF05003 			mov r3, #80												
 476 0044 83F31188 		msr basepri, r3											
 477 0048 BFF36F8F 		isb														
 478 004c BFF34F8F 		dsb														
 479              	
 480              	@ 0 "" 2
 481              	.LVL36:
 482              		.thumb
 483              		.syntax unified
 484              	.L32:
 485              		.loc 2 195 2 is_stmt 0 view .LVU119
 486              	.LBE50:
 487              	.LBE49:
 275:Middlewares/Third_Party/FreeRTOS/Source/timers.c **** 	return xReturn;
 488              		.loc 1 275 2 is_stmt 1 discriminator 1 view .LVU120
 275:Middlewares/Third_Party/FreeRTOS/Source/timers.c **** 	return xReturn;
 489              		.loc 1 275 2 discriminator 1 view .LVU121
 490 0050 FEE7     		b	.L32
 491              	.L36:
 492 0052 00BF     		.align	2
 493              	.L35:
 494 0054 00000000 		.word	xTimerQueue
 495 0058 00000000 		.word	.LC1
 496 005c 00000000 		.word	prvTimerTask
 497 0060 00000000 		.word	xTimerTaskHandle
 498              		.cfi_endproc
 499              	.LFE4:
 501              		.section	.text.xTimerCreate,"ax",%progbits
 502              		.align	1
 503              		.global	xTimerCreate
 504              		.syntax unified
 505              		.thumb
 506              		.thumb_func
 508              	xTimerCreate:
 509              	.LVL37:
 510              	.LFB5:
 287:Middlewares/Third_Party/FreeRTOS/Source/timers.c **** 	Timer_t *pxNewTimer;
ARM GAS  /tmp/ccNILS8C.s 			page 32


 511              		.loc 1 287 2 view -0
 512              		.cfi_startproc
 513              		@ args = 4, pretend = 0, frame = 0
 514              		@ frame_needed = 0, uses_anonymous_args = 0
 287:Middlewares/Third_Party/FreeRTOS/Source/timers.c **** 	Timer_t *pxNewTimer;
 515              		.loc 1 287 2 is_stmt 0 view .LVU123
 516 0000 2DE9F041 		push	{r4, r5, r6, r7, r8, lr}
 517              	.LCFI10:
 518              		.cfi_def_cfa_offset 24
 519              		.cfi_offset 4, -24
 520              		.cfi_offset 5, -20
 521              		.cfi_offset 6, -16
 522              		.cfi_offset 7, -12
 523              		.cfi_offset 8, -8
 524              		.cfi_offset 14, -4
 525 0004 82B0     		sub	sp, sp, #8
 526              	.LCFI11:
 527              		.cfi_def_cfa_offset 32
 528 0006 0446     		mov	r4, r0
 529 0008 8846     		mov	r8, r1
 530 000a 1746     		mov	r7, r2
 531 000c 1D46     		mov	r5, r3
 288:Middlewares/Third_Party/FreeRTOS/Source/timers.c **** 
 532              		.loc 1 288 2 is_stmt 1 view .LVU124
 290:Middlewares/Third_Party/FreeRTOS/Source/timers.c **** 
 533              		.loc 1 290 3 view .LVU125
 290:Middlewares/Third_Party/FreeRTOS/Source/timers.c **** 
 534              		.loc 1 290 30 is_stmt 0 view .LVU126
 535 000e 2C20     		movs	r0, #44
 536              	.LVL38:
 290:Middlewares/Third_Party/FreeRTOS/Source/timers.c **** 
 537              		.loc 1 290 30 view .LVU127
 538 0010 FFF7FEFF 		bl	pvPortMalloc
 539              	.LVL39:
 292:Middlewares/Third_Party/FreeRTOS/Source/timers.c **** 		{
 540              		.loc 1 292 3 is_stmt 1 view .LVU128
 292:Middlewares/Third_Party/FreeRTOS/Source/timers.c **** 		{
 541              		.loc 1 292 5 is_stmt 0 view .LVU129
 542 0014 0646     		mov	r6, r0
 543 0016 58B1     		cbz	r0, .L37
 297:Middlewares/Third_Party/FreeRTOS/Source/timers.c **** 			prvInitialiseNewTimer( pcTimerName, xTimerPeriodInTicks, uxAutoReload, pvTimerID, pxCallbackFunc
 544              		.loc 1 297 4 is_stmt 1 view .LVU130
 297:Middlewares/Third_Party/FreeRTOS/Source/timers.c **** 			prvInitialiseNewTimer( pcTimerName, xTimerPeriodInTicks, uxAutoReload, pvTimerID, pxCallbackFunc
 545              		.loc 1 297 25 is_stmt 0 view .LVU131
 546 0018 0023     		movs	r3, #0
 547 001a 80F82830 		strb	r3, [r0, #40]
 298:Middlewares/Third_Party/FreeRTOS/Source/timers.c **** 		}
 548              		.loc 1 298 4 is_stmt 1 view .LVU132
 549 001e 0190     		str	r0, [sp, #4]
 550 0020 089B     		ldr	r3, [sp, #32]
 551 0022 0093     		str	r3, [sp]
 552 0024 2B46     		mov	r3, r5
 553 0026 3A46     		mov	r2, r7
 554 0028 4146     		mov	r1, r8
 555 002a 2046     		mov	r0, r4
 556              	.LVL40:
 298:Middlewares/Third_Party/FreeRTOS/Source/timers.c **** 		}
ARM GAS  /tmp/ccNILS8C.s 			page 33


 557              		.loc 1 298 4 is_stmt 0 view .LVU133
 558 002c FFF7FEFF 		bl	prvInitialiseNewTimer
 559              	.LVL41:
 301:Middlewares/Third_Party/FreeRTOS/Source/timers.c **** 	}
 560              		.loc 1 301 3 is_stmt 1 view .LVU134
 561              	.L37:
 302:Middlewares/Third_Party/FreeRTOS/Source/timers.c **** 
 562              		.loc 1 302 2 is_stmt 0 view .LVU135
 563 0030 3046     		mov	r0, r6
 564 0032 02B0     		add	sp, sp, #8
 565              	.LCFI12:
 566              		.cfi_def_cfa_offset 24
 567              		@ sp needed
 568 0034 BDE8F081 		pop	{r4, r5, r6, r7, r8, pc}
 302:Middlewares/Third_Party/FreeRTOS/Source/timers.c **** 
 569              		.loc 1 302 2 view .LVU136
 570              		.cfi_endproc
 571              	.LFE5:
 573              		.section	.text.xTimerCreateStatic,"ax",%progbits
 574              		.align	1
 575              		.global	xTimerCreateStatic
 576              		.syntax unified
 577              		.thumb
 578              		.thumb_func
 580              	xTimerCreateStatic:
 581              	.LVL42:
 582              	.LFB6:
 315:Middlewares/Third_Party/FreeRTOS/Source/timers.c **** 	Timer_t *pxNewTimer;
 583              		.loc 1 315 2 is_stmt 1 view -0
 584              		.cfi_startproc
 585              		@ args = 8, pretend = 0, frame = 8
 586              		@ frame_needed = 0, uses_anonymous_args = 0
 315:Middlewares/Third_Party/FreeRTOS/Source/timers.c **** 	Timer_t *pxNewTimer;
 587              		.loc 1 315 2 is_stmt 0 view .LVU138
 588 0000 10B5     		push	{r4, lr}
 589              	.LCFI13:
 590              		.cfi_def_cfa_offset 8
 591              		.cfi_offset 4, -8
 592              		.cfi_offset 14, -4
 593 0002 84B0     		sub	sp, sp, #16
 594              	.LCFI14:
 595              		.cfi_def_cfa_offset 24
 596 0004 8446     		mov	ip, r0
 316:Middlewares/Third_Party/FreeRTOS/Source/timers.c **** 
 597              		.loc 1 316 2 is_stmt 1 view .LVU139
 598              	.LBB51:
 323:Middlewares/Third_Party/FreeRTOS/Source/timers.c **** 			configASSERT( xSize == sizeof( Timer_t ) );
 599              		.loc 1 323 4 view .LVU140
 323:Middlewares/Third_Party/FreeRTOS/Source/timers.c **** 			configASSERT( xSize == sizeof( Timer_t ) );
 600              		.loc 1 323 20 is_stmt 0 view .LVU141
 601 0006 2C20     		movs	r0, #44
 602              	.LVL43:
 323:Middlewares/Third_Party/FreeRTOS/Source/timers.c **** 			configASSERT( xSize == sizeof( Timer_t ) );
 603              		.loc 1 323 20 view .LVU142
 604 0008 0390     		str	r0, [sp, #12]
 324:Middlewares/Third_Party/FreeRTOS/Source/timers.c **** 			( void ) xSize; /* Keeps lint quiet when configASSERT() is not defined. */
 605              		.loc 1 324 4 is_stmt 1 view .LVU143
ARM GAS  /tmp/ccNILS8C.s 			page 34


 606 000a 0398     		ldr	r0, [sp, #12]
 607 000c 2C28     		cmp	r0, #44
 608 000e 08D0     		beq	.L41
 324:Middlewares/Third_Party/FreeRTOS/Source/timers.c **** 			( void ) xSize; /* Keeps lint quiet when configASSERT() is not defined. */
 609              		.loc 1 324 4 view .LVU144
 610              	.LBB52:
 611              	.LBI52:
 191:Middlewares/Third_Party/FreeRTOS/Source/portable/GCC/ARM_CM4F/portmacro.h **** {
 612              		.loc 2 191 30 view .LVU145
 613              	.LBB53:
 193:Middlewares/Third_Party/FreeRTOS/Source/portable/GCC/ARM_CM4F/portmacro.h **** 
 614              		.loc 2 193 1 view .LVU146
 615              		.loc 2 195 2 view .LVU147
 616              		.syntax unified
 617              	@ 195 "Middlewares/Third_Party/FreeRTOS/Source/portable/GCC/ARM_CM4F/portmacro.h" 1
 618 0010 4FF05003 			mov r3, #80												
 619 0014 83F31188 		msr basepri, r3											
 620 0018 BFF36F8F 		isb														
 621 001c BFF34F8F 		dsb														
 622              	
 623              	@ 0 "" 2
 624              	.LVL44:
 625              		.thumb
 626              		.syntax unified
 627              	.L42:
 628              		.loc 2 195 2 is_stmt 0 view .LVU148
 629              	.LBE53:
 630              	.LBE52:
 324:Middlewares/Third_Party/FreeRTOS/Source/timers.c **** 			( void ) xSize; /* Keeps lint quiet when configASSERT() is not defined. */
 631              		.loc 1 324 4 is_stmt 1 discriminator 1 view .LVU149
 324:Middlewares/Third_Party/FreeRTOS/Source/timers.c **** 			( void ) xSize; /* Keeps lint quiet when configASSERT() is not defined. */
 632              		.loc 1 324 4 discriminator 1 view .LVU150
 633 0020 FEE7     		b	.L42
 634              	.LVL45:
 635              	.L41:
 324:Middlewares/Third_Party/FreeRTOS/Source/timers.c **** 			( void ) xSize; /* Keeps lint quiet when configASSERT() is not defined. */
 636              		.loc 1 324 46 discriminator 2 view .LVU151
 325:Middlewares/Third_Party/FreeRTOS/Source/timers.c **** 		}
 637              		.loc 1 325 4 discriminator 2 view .LVU152
 638 0022 0398     		ldr	r0, [sp, #12]
 639              	.LBE51:
 330:Middlewares/Third_Party/FreeRTOS/Source/timers.c **** 		pxNewTimer = ( Timer_t * ) pxTimerBuffer; /*lint !e740 !e9087 StaticTimer_t is a pointer to a Tim
 640              		.loc 1 330 3 discriminator 2 view .LVU153
 641 0024 0798     		ldr	r0, [sp, #28]
 642 0026 60B1     		cbz	r0, .L46
 330:Middlewares/Third_Party/FreeRTOS/Source/timers.c **** 		pxNewTimer = ( Timer_t * ) pxTimerBuffer; /*lint !e740 !e9087 StaticTimer_t is a pointer to a Tim
 643              		.loc 1 330 32 view .LVU154
 331:Middlewares/Third_Party/FreeRTOS/Source/timers.c **** 
 644              		.loc 1 331 3 view .LVU155
 645              	.LVL46:
 333:Middlewares/Third_Party/FreeRTOS/Source/timers.c **** 		{
 646              		.loc 1 333 3 view .LVU156
 338:Middlewares/Third_Party/FreeRTOS/Source/timers.c **** 
 647              		.loc 1 338 4 view .LVU157
 338:Middlewares/Third_Party/FreeRTOS/Source/timers.c **** 
 648              		.loc 1 338 25 is_stmt 0 view .LVU158
 649 0028 0220     		movs	r0, #2
ARM GAS  /tmp/ccNILS8C.s 			page 35


 650              	.LVL47:
 338:Middlewares/Third_Party/FreeRTOS/Source/timers.c **** 
 651              		.loc 1 338 25 view .LVU159
 652 002a 079C     		ldr	r4, [sp, #28]
 653 002c 84F82800 		strb	r0, [r4, #40]
 340:Middlewares/Third_Party/FreeRTOS/Source/timers.c **** 		}
 654              		.loc 1 340 4 is_stmt 1 view .LVU160
 655 0030 0194     		str	r4, [sp, #4]
 656 0032 0698     		ldr	r0, [sp, #24]
 657 0034 0090     		str	r0, [sp]
 658 0036 6046     		mov	r0, ip
 659 0038 FFF7FEFF 		bl	prvInitialiseNewTimer
 660              	.LVL48:
 343:Middlewares/Third_Party/FreeRTOS/Source/timers.c **** 	}
 661              		.loc 1 343 3 view .LVU161
 344:Middlewares/Third_Party/FreeRTOS/Source/timers.c **** 
 662              		.loc 1 344 2 is_stmt 0 view .LVU162
 663 003c 0798     		ldr	r0, [sp, #28]
 664 003e 04B0     		add	sp, sp, #16
 665              	.LCFI15:
 666              		.cfi_remember_state
 667              		.cfi_def_cfa_offset 8
 668              		@ sp needed
 669 0040 10BD     		pop	{r4, pc}
 670              	.LVL49:
 671              	.L46:
 672              	.LCFI16:
 673              		.cfi_restore_state
 330:Middlewares/Third_Party/FreeRTOS/Source/timers.c **** 		pxNewTimer = ( Timer_t * ) pxTimerBuffer; /*lint !e740 !e9087 StaticTimer_t is a pointer to a Tim
 674              		.loc 1 330 3 is_stmt 1 view .LVU163
 675              	.LBB54:
 676              	.LBI54:
 191:Middlewares/Third_Party/FreeRTOS/Source/portable/GCC/ARM_CM4F/portmacro.h **** {
 677              		.loc 2 191 30 view .LVU164
 678              	.LBB55:
 193:Middlewares/Third_Party/FreeRTOS/Source/portable/GCC/ARM_CM4F/portmacro.h **** 
 679              		.loc 2 193 1 view .LVU165
 680              		.loc 2 195 2 view .LVU166
 681              		.syntax unified
 682              	@ 195 "Middlewares/Third_Party/FreeRTOS/Source/portable/GCC/ARM_CM4F/portmacro.h" 1
 683 0042 4FF05003 			mov r3, #80												
 684 0046 83F31188 		msr basepri, r3											
 685 004a BFF36F8F 		isb														
 686 004e BFF34F8F 		dsb														
 687              	
 688              	@ 0 "" 2
 689              	.LVL50:
 690              		.thumb
 691              		.syntax unified
 692              	.L44:
 693              		.loc 2 195 2 is_stmt 0 view .LVU167
 694              	.LBE55:
 695              	.LBE54:
 330:Middlewares/Third_Party/FreeRTOS/Source/timers.c **** 		pxNewTimer = ( Timer_t * ) pxTimerBuffer; /*lint !e740 !e9087 StaticTimer_t is a pointer to a Tim
 696              		.loc 1 330 3 is_stmt 1 discriminator 2 view .LVU168
 330:Middlewares/Third_Party/FreeRTOS/Source/timers.c **** 		pxNewTimer = ( Timer_t * ) pxTimerBuffer; /*lint !e740 !e9087 StaticTimer_t is a pointer to a Tim
 697              		.loc 1 330 3 discriminator 2 view .LVU169
ARM GAS  /tmp/ccNILS8C.s 			page 36


 698 0052 FEE7     		b	.L44
 699              		.cfi_endproc
 700              	.LFE6:
 702              		.section	.text.xTimerGenericCommand,"ax",%progbits
 703              		.align	1
 704              		.global	xTimerGenericCommand
 705              		.syntax unified
 706              		.thumb
 707              		.thumb_func
 709              	xTimerGenericCommand:
 710              	.LVL51:
 711              	.LFB8:
 382:Middlewares/Third_Party/FreeRTOS/Source/timers.c **** BaseType_t xReturn = pdFAIL;
 712              		.loc 1 382 1 view -0
 713              		.cfi_startproc
 714              		@ args = 4, pretend = 0, frame = 16
 715              		@ frame_needed = 0, uses_anonymous_args = 0
 383:Middlewares/Third_Party/FreeRTOS/Source/timers.c **** DaemonTaskMessage_t xMessage;
 716              		.loc 1 383 1 view .LVU171
 384:Middlewares/Third_Party/FreeRTOS/Source/timers.c **** 
 717              		.loc 1 384 1 view .LVU172
 386:Middlewares/Third_Party/FreeRTOS/Source/timers.c **** 
 718              		.loc 1 386 2 view .LVU173
 719 0000 B8B1     		cbz	r0, .L58
 720 0002 9C46     		mov	ip, r3
 721 0004 0346     		mov	r3, r0
 722              	.LVL52:
 386:Middlewares/Third_Party/FreeRTOS/Source/timers.c **** 
 723              		.loc 1 386 24 discriminator 2 view .LVU174
 390:Middlewares/Third_Party/FreeRTOS/Source/timers.c **** 	{
 724              		.loc 1 390 2 discriminator 2 view .LVU175
 390:Middlewares/Third_Party/FreeRTOS/Source/timers.c **** 	{
 725              		.loc 1 390 18 is_stmt 0 discriminator 2 view .LVU176
 726 0006 1848     		ldr	r0, .L60
 727              	.LVL53:
 390:Middlewares/Third_Party/FreeRTOS/Source/timers.c **** 	{
 728              		.loc 1 390 18 discriminator 2 view .LVU177
 729 0008 0068     		ldr	r0, [r0]
 390:Middlewares/Third_Party/FreeRTOS/Source/timers.c **** 	{
 730              		.loc 1 390 4 discriminator 2 view .LVU178
 731 000a 58B3     		cbz	r0, .L53
 382:Middlewares/Third_Party/FreeRTOS/Source/timers.c **** BaseType_t xReturn = pdFAIL;
 732              		.loc 1 382 1 view .LVU179
 733 000c 00B5     		push	{lr}
 734              	.LCFI17:
 735              		.cfi_def_cfa_offset 4
 736              		.cfi_offset 14, -4
 737 000e 85B0     		sub	sp, sp, #20
 738              	.LCFI18:
 739              		.cfi_def_cfa_offset 24
 393:Middlewares/Third_Party/FreeRTOS/Source/timers.c **** 		xMessage.u.xTimerParameters.xMessageValue = xOptionalValue;
 740              		.loc 1 393 3 is_stmt 1 view .LVU180
 393:Middlewares/Third_Party/FreeRTOS/Source/timers.c **** 		xMessage.u.xTimerParameters.xMessageValue = xOptionalValue;
 741              		.loc 1 393 23 is_stmt 0 view .LVU181
 742 0010 0091     		str	r1, [sp]
 394:Middlewares/Third_Party/FreeRTOS/Source/timers.c **** 		xMessage.u.xTimerParameters.pxTimer = xTimer;
 743              		.loc 1 394 3 is_stmt 1 view .LVU182
ARM GAS  /tmp/ccNILS8C.s 			page 37


 394:Middlewares/Third_Party/FreeRTOS/Source/timers.c **** 		xMessage.u.xTimerParameters.pxTimer = xTimer;
 744              		.loc 1 394 45 is_stmt 0 view .LVU183
 745 0012 0192     		str	r2, [sp, #4]
 395:Middlewares/Third_Party/FreeRTOS/Source/timers.c **** 
 746              		.loc 1 395 3 is_stmt 1 view .LVU184
 395:Middlewares/Third_Party/FreeRTOS/Source/timers.c **** 
 747              		.loc 1 395 39 is_stmt 0 view .LVU185
 748 0014 0293     		str	r3, [sp, #8]
 397:Middlewares/Third_Party/FreeRTOS/Source/timers.c **** 		{
 749              		.loc 1 397 3 is_stmt 1 view .LVU186
 397:Middlewares/Third_Party/FreeRTOS/Source/timers.c **** 		{
 750              		.loc 1 397 5 is_stmt 0 view .LVU187
 751 0016 0529     		cmp	r1, #5
 752 0018 1CDC     		bgt	.L51
 399:Middlewares/Third_Party/FreeRTOS/Source/timers.c **** 			{
 753              		.loc 1 399 4 is_stmt 1 view .LVU188
 399:Middlewares/Third_Party/FreeRTOS/Source/timers.c **** 			{
 754              		.loc 1 399 8 is_stmt 0 view .LVU189
 755 001a FFF7FEFF 		bl	xTaskGetSchedulerState
 756              	.LVL54:
 399:Middlewares/Third_Party/FreeRTOS/Source/timers.c **** 			{
 757              		.loc 1 399 6 view .LVU190
 758 001e 0228     		cmp	r0, #2
 759 0020 10D0     		beq	.L59
 405:Middlewares/Third_Party/FreeRTOS/Source/timers.c **** 			}
 760              		.loc 1 405 5 is_stmt 1 view .LVU191
 405:Middlewares/Third_Party/FreeRTOS/Source/timers.c **** 			}
 761              		.loc 1 405 15 is_stmt 0 view .LVU192
 762 0022 0023     		movs	r3, #0
 763 0024 1A46     		mov	r2, r3
 764 0026 6946     		mov	r1, sp
 765 0028 0F48     		ldr	r0, .L60
 766 002a 0068     		ldr	r0, [r0]
 767 002c FFF7FEFF 		bl	xQueueGenericSend
 768              	.LVL55:
 405:Middlewares/Third_Party/FreeRTOS/Source/timers.c **** 			}
 769              		.loc 1 405 15 view .LVU193
 770 0030 15E0     		b	.L47
 771              	.LVL56:
 772              	.L58:
 773              	.LCFI19:
 774              		.cfi_def_cfa_offset 0
 775              		.cfi_restore 14
 386:Middlewares/Third_Party/FreeRTOS/Source/timers.c **** 
 776              		.loc 1 386 2 is_stmt 1 view .LVU194
 777              	.LBB56:
 778              	.LBI56:
 191:Middlewares/Third_Party/FreeRTOS/Source/portable/GCC/ARM_CM4F/portmacro.h **** {
 779              		.loc 2 191 30 view .LVU195
 780              	.LBB57:
 193:Middlewares/Third_Party/FreeRTOS/Source/portable/GCC/ARM_CM4F/portmacro.h **** 
 781              		.loc 2 193 1 view .LVU196
 782              		.loc 2 195 2 view .LVU197
 783              		.syntax unified
 784              	@ 195 "Middlewares/Third_Party/FreeRTOS/Source/portable/GCC/ARM_CM4F/portmacro.h" 1
 785 0032 4FF05003 			mov r3, #80												
 786 0036 83F31188 		msr basepri, r3											
ARM GAS  /tmp/ccNILS8C.s 			page 38


 787 003a BFF36F8F 		isb														
 788 003e BFF34F8F 		dsb														
 789              	
 790              	@ 0 "" 2
 791              	.LVL57:
 792              		.thumb
 793              		.syntax unified
 794              	.L49:
 795              		.loc 2 195 2 is_stmt 0 view .LVU198
 796              	.LBE57:
 797              	.LBE56:
 386:Middlewares/Third_Party/FreeRTOS/Source/timers.c **** 
 798              		.loc 1 386 2 is_stmt 1 discriminator 1 view .LVU199
 386:Middlewares/Third_Party/FreeRTOS/Source/timers.c **** 
 799              		.loc 1 386 2 discriminator 1 view .LVU200
 800 0042 FEE7     		b	.L49
 801              	.LVL58:
 802              	.L59:
 803              	.LCFI20:
 804              		.cfi_def_cfa_offset 24
 805              		.cfi_offset 14, -4
 401:Middlewares/Third_Party/FreeRTOS/Source/timers.c **** 			}
 806              		.loc 1 401 5 view .LVU201
 401:Middlewares/Third_Party/FreeRTOS/Source/timers.c **** 			}
 807              		.loc 1 401 15 is_stmt 0 view .LVU202
 808 0044 0023     		movs	r3, #0
 809 0046 069A     		ldr	r2, [sp, #24]
 810 0048 6946     		mov	r1, sp
 811 004a 0748     		ldr	r0, .L60
 812 004c 0068     		ldr	r0, [r0]
 813 004e FFF7FEFF 		bl	xQueueGenericSend
 814              	.LVL59:
 401:Middlewares/Third_Party/FreeRTOS/Source/timers.c **** 			}
 815              		.loc 1 401 15 view .LVU203
 816 0052 04E0     		b	.L47
 817              	.LVL60:
 818              	.L51:
 410:Middlewares/Third_Party/FreeRTOS/Source/timers.c **** 		}
 819              		.loc 1 410 4 is_stmt 1 view .LVU204
 410:Middlewares/Third_Party/FreeRTOS/Source/timers.c **** 		}
 820              		.loc 1 410 14 is_stmt 0 view .LVU205
 821 0054 0023     		movs	r3, #0
 822              	.LVL61:
 410:Middlewares/Third_Party/FreeRTOS/Source/timers.c **** 		}
 823              		.loc 1 410 14 view .LVU206
 824 0056 6246     		mov	r2, ip
 825              	.LVL62:
 410:Middlewares/Third_Party/FreeRTOS/Source/timers.c **** 		}
 826              		.loc 1 410 14 view .LVU207
 827 0058 6946     		mov	r1, sp
 828              	.LVL63:
 410:Middlewares/Third_Party/FreeRTOS/Source/timers.c **** 		}
 829              		.loc 1 410 14 view .LVU208
 830 005a FFF7FEFF 		bl	xQueueGenericSendFromISR
 831              	.LVL64:
 832              	.L47:
 421:Middlewares/Third_Party/FreeRTOS/Source/timers.c **** /*-----------------------------------------------------------*/
ARM GAS  /tmp/ccNILS8C.s 			page 39


 833              		.loc 1 421 1 view .LVU209
 834 005e 05B0     		add	sp, sp, #20
 835              	.LCFI21:
 836              		.cfi_def_cfa_offset 4
 837              		@ sp needed
 838 0060 5DF804FB 		ldr	pc, [sp], #4
 839              	.LVL65:
 840              	.L53:
 841              	.LCFI22:
 842              		.cfi_def_cfa_offset 0
 843              		.cfi_restore 14
 383:Middlewares/Third_Party/FreeRTOS/Source/timers.c **** DaemonTaskMessage_t xMessage;
 844              		.loc 1 383 12 view .LVU210
 845 0064 0020     		movs	r0, #0
 417:Middlewares/Third_Party/FreeRTOS/Source/timers.c **** 	}
 846              		.loc 1 417 27 is_stmt 1 view .LVU211
 420:Middlewares/Third_Party/FreeRTOS/Source/timers.c **** }
 847              		.loc 1 420 2 view .LVU212
 421:Middlewares/Third_Party/FreeRTOS/Source/timers.c **** /*-----------------------------------------------------------*/
 848              		.loc 1 421 1 is_stmt 0 view .LVU213
 849 0066 7047     		bx	lr
 850              	.L61:
 851              		.align	2
 852              	.L60:
 853 0068 00000000 		.word	xTimerQueue
 854              		.cfi_endproc
 855              	.LFE8:
 857              		.section	.text.prvSwitchTimerLists,"ax",%progbits
 858              		.align	1
 859              		.syntax unified
 860              		.thumb
 861              		.thumb_func
 863              	prvSwitchTimerLists:
 864              	.LFB22:
 883:Middlewares/Third_Party/FreeRTOS/Source/timers.c **** TickType_t xNextExpireTime, xReloadTime;
 865              		.loc 1 883 1 is_stmt 1 view -0
 866              		.cfi_startproc
 867              		@ args = 0, pretend = 0, frame = 0
 868              		@ frame_needed = 0, uses_anonymous_args = 0
 869 0000 70B5     		push	{r4, r5, r6, lr}
 870              	.LCFI23:
 871              		.cfi_def_cfa_offset 16
 872              		.cfi_offset 4, -16
 873              		.cfi_offset 5, -12
 874              		.cfi_offset 6, -8
 875              		.cfi_offset 14, -4
 876 0002 82B0     		sub	sp, sp, #8
 877              	.LCFI24:
 878              		.cfi_def_cfa_offset 24
 884:Middlewares/Third_Party/FreeRTOS/Source/timers.c **** List_t *pxTemp;
 879              		.loc 1 884 1 view .LVU215
 885:Middlewares/Third_Party/FreeRTOS/Source/timers.c **** Timer_t *pxTimer;
 880              		.loc 1 885 1 view .LVU216
 886:Middlewares/Third_Party/FreeRTOS/Source/timers.c **** BaseType_t xResult;
 881              		.loc 1 886 1 view .LVU217
 887:Middlewares/Third_Party/FreeRTOS/Source/timers.c **** 
 882              		.loc 1 887 1 view .LVU218
ARM GAS  /tmp/ccNILS8C.s 			page 40


 893:Middlewares/Third_Party/FreeRTOS/Source/timers.c **** 	{
 883              		.loc 1 893 2 view .LVU219
 884              	.L64:
 931:Middlewares/Third_Party/FreeRTOS/Source/timers.c **** 		}
 885              		.loc 1 931 28 view .LVU220
 893:Middlewares/Third_Party/FreeRTOS/Source/timers.c **** 	{
 886              		.loc 1 893 49 view .LVU221
 893:Middlewares/Third_Party/FreeRTOS/Source/timers.c **** 	{
 887              		.loc 1 893 9 is_stmt 0 view .LVU222
 888 0004 1B4B     		ldr	r3, .L71
 889 0006 1B68     		ldr	r3, [r3]
 890 0008 1A68     		ldr	r2, [r3]
 893:Middlewares/Third_Party/FreeRTOS/Source/timers.c **** 	{
 891              		.loc 1 893 49 view .LVU223
 892 000a 62B3     		cbz	r2, .L70
 895:Middlewares/Third_Party/FreeRTOS/Source/timers.c **** 
 893              		.loc 1 895 3 is_stmt 1 view .LVU224
 895:Middlewares/Third_Party/FreeRTOS/Source/timers.c **** 
 894              		.loc 1 895 21 is_stmt 0 view .LVU225
 895 000c DB68     		ldr	r3, [r3, #12]
 895:Middlewares/Third_Party/FreeRTOS/Source/timers.c **** 
 896              		.loc 1 895 19 view .LVU226
 897 000e 1E68     		ldr	r6, [r3]
 898              	.LVL66:
 898:Middlewares/Third_Party/FreeRTOS/Source/timers.c **** 		( void ) uxListRemove( &( pxTimer->xTimerListItem ) );
 899              		.loc 1 898 3 is_stmt 1 view .LVU227
 898:Middlewares/Third_Party/FreeRTOS/Source/timers.c **** 		( void ) uxListRemove( &( pxTimer->xTimerListItem ) );
 900              		.loc 1 898 11 is_stmt 0 view .LVU228
 901 0010 DC68     		ldr	r4, [r3, #12]
 902              	.LVL67:
 899:Middlewares/Third_Party/FreeRTOS/Source/timers.c **** 		traceTIMER_EXPIRED( pxTimer );
 903              		.loc 1 899 3 is_stmt 1 view .LVU229
 899:Middlewares/Third_Party/FreeRTOS/Source/timers.c **** 		traceTIMER_EXPIRED( pxTimer );
 904              		.loc 1 899 12 is_stmt 0 view .LVU230
 905 0012 251D     		adds	r5, r4, #4
 906 0014 2846     		mov	r0, r5
 907 0016 FFF7FEFF 		bl	uxListRemove
 908              	.LVL68:
 900:Middlewares/Third_Party/FreeRTOS/Source/timers.c **** 
 909              		.loc 1 900 32 is_stmt 1 view .LVU231
 905:Middlewares/Third_Party/FreeRTOS/Source/timers.c **** 
 910              		.loc 1 905 3 view .LVU232
 905:Middlewares/Third_Party/FreeRTOS/Source/timers.c **** 
 911              		.loc 1 905 10 is_stmt 0 view .LVU233
 912 001a 236A     		ldr	r3, [r4, #32]
 905:Middlewares/Third_Party/FreeRTOS/Source/timers.c **** 
 913              		.loc 1 905 3 view .LVU234
 914 001c 2046     		mov	r0, r4
 915 001e 9847     		blx	r3
 916              	.LVL69:
 907:Middlewares/Third_Party/FreeRTOS/Source/timers.c **** 		{
 917              		.loc 1 907 3 is_stmt 1 view .LVU235
 907:Middlewares/Third_Party/FreeRTOS/Source/timers.c **** 		{
 918              		.loc 1 907 16 is_stmt 0 view .LVU236
 919 0020 94F82830 		ldrb	r3, [r4, #40]	@ zero_extendqisi2
 907:Middlewares/Third_Party/FreeRTOS/Source/timers.c **** 		{
 920              		.loc 1 907 5 view .LVU237
ARM GAS  /tmp/ccNILS8C.s 			page 41


 921 0024 13F0040F 		tst	r3, #4
 922 0028 ECD0     		beq	.L64
 915:Middlewares/Third_Party/FreeRTOS/Source/timers.c **** 			if( xReloadTime > xNextExpireTime )
 923              		.loc 1 915 4 is_stmt 1 view .LVU238
 915:Middlewares/Third_Party/FreeRTOS/Source/timers.c **** 			if( xReloadTime > xNextExpireTime )
 924              		.loc 1 915 45 is_stmt 0 view .LVU239
 925 002a A369     		ldr	r3, [r4, #24]
 915:Middlewares/Third_Party/FreeRTOS/Source/timers.c **** 			if( xReloadTime > xNextExpireTime )
 926              		.loc 1 915 16 view .LVU240
 927 002c 3344     		add	r3, r3, r6
 928              	.LVL70:
 916:Middlewares/Third_Party/FreeRTOS/Source/timers.c **** 			{
 929              		.loc 1 916 4 is_stmt 1 view .LVU241
 916:Middlewares/Third_Party/FreeRTOS/Source/timers.c **** 			{
 930              		.loc 1 916 6 is_stmt 0 view .LVU242
 931 002e 9E42     		cmp	r6, r3
 932 0030 07D2     		bcs	.L65
 918:Middlewares/Third_Party/FreeRTOS/Source/timers.c **** 				listSET_LIST_ITEM_OWNER( &( pxTimer->xTimerListItem ), pxTimer );
 933              		.loc 1 918 5 is_stmt 1 view .LVU243
 934 0032 6360     		str	r3, [r4, #4]
 919:Middlewares/Third_Party/FreeRTOS/Source/timers.c **** 				vListInsert( pxCurrentTimerList, &( pxTimer->xTimerListItem ) );
 935              		.loc 1 919 5 view .LVU244
 936 0034 2461     		str	r4, [r4, #16]
 920:Middlewares/Third_Party/FreeRTOS/Source/timers.c **** 			}
 937              		.loc 1 920 5 view .LVU245
 938 0036 2946     		mov	r1, r5
 939 0038 0E4B     		ldr	r3, .L71
 940              	.LVL71:
 920:Middlewares/Third_Party/FreeRTOS/Source/timers.c **** 			}
 941              		.loc 1 920 5 is_stmt 0 view .LVU246
 942 003a 1868     		ldr	r0, [r3]
 943 003c FFF7FEFF 		bl	vListInsert
 944              	.LVL72:
 920:Middlewares/Third_Party/FreeRTOS/Source/timers.c **** 			}
 945              		.loc 1 920 5 view .LVU247
 946 0040 E0E7     		b	.L64
 947              	.LVL73:
 948              	.L65:
 924:Middlewares/Third_Party/FreeRTOS/Source/timers.c **** 				configASSERT( xResult );
 949              		.loc 1 924 5 is_stmt 1 view .LVU248
 924:Middlewares/Third_Party/FreeRTOS/Source/timers.c **** 				configASSERT( xResult );
 950              		.loc 1 924 15 is_stmt 0 view .LVU249
 951 0042 0021     		movs	r1, #0
 952 0044 0091     		str	r1, [sp]
 953 0046 0B46     		mov	r3, r1
 954              	.LVL74:
 924:Middlewares/Third_Party/FreeRTOS/Source/timers.c **** 				configASSERT( xResult );
 955              		.loc 1 924 15 view .LVU250
 956 0048 3246     		mov	r2, r6
 957 004a 2046     		mov	r0, r4
 958 004c FFF7FEFF 		bl	xTimerGenericCommand
 959              	.LVL75:
 925:Middlewares/Third_Party/FreeRTOS/Source/timers.c **** 				( void ) xResult;
 960              		.loc 1 925 5 is_stmt 1 view .LVU251
 961 0050 0028     		cmp	r0, #0
 962 0052 D7D1     		bne	.L64
 925:Middlewares/Third_Party/FreeRTOS/Source/timers.c **** 				( void ) xResult;
ARM GAS  /tmp/ccNILS8C.s 			page 42


 963              		.loc 1 925 5 view .LVU252
 964              	.LBB58:
 965              	.LBI58:
 191:Middlewares/Third_Party/FreeRTOS/Source/portable/GCC/ARM_CM4F/portmacro.h **** {
 966              		.loc 2 191 30 view .LVU253
 967              	.LBB59:
 193:Middlewares/Third_Party/FreeRTOS/Source/portable/GCC/ARM_CM4F/portmacro.h **** 
 968              		.loc 2 193 1 view .LVU254
 969              		.loc 2 195 2 view .LVU255
 970              		.syntax unified
 971              	@ 195 "Middlewares/Third_Party/FreeRTOS/Source/portable/GCC/ARM_CM4F/portmacro.h" 1
 972 0054 4FF05003 			mov r3, #80												
 973 0058 83F31188 		msr basepri, r3											
 974 005c BFF36F8F 		isb														
 975 0060 BFF34F8F 		dsb														
 976              	
 977              	@ 0 "" 2
 978              	.LVL76:
 979              		.thumb
 980              		.syntax unified
 981              	.L67:
 982              		.loc 2 195 2 is_stmt 0 view .LVU256
 983              	.LBE59:
 984              	.LBE58:
 925:Middlewares/Third_Party/FreeRTOS/Source/timers.c **** 				( void ) xResult;
 985              		.loc 1 925 5 is_stmt 1 discriminator 1 view .LVU257
 925:Middlewares/Third_Party/FreeRTOS/Source/timers.c **** 				( void ) xResult;
 986              		.loc 1 925 5 discriminator 1 view .LVU258
 987 0064 FEE7     		b	.L67
 988              	.LVL77:
 989              	.L70:
 935:Middlewares/Third_Party/FreeRTOS/Source/timers.c **** 	pxCurrentTimerList = pxOverflowTimerList;
 990              		.loc 1 935 2 view .LVU259
 936:Middlewares/Third_Party/FreeRTOS/Source/timers.c **** 	pxOverflowTimerList = pxTemp;
 991              		.loc 1 936 2 view .LVU260
 936:Middlewares/Third_Party/FreeRTOS/Source/timers.c **** 	pxOverflowTimerList = pxTemp;
 992              		.loc 1 936 21 is_stmt 0 view .LVU261
 993 0066 044A     		ldr	r2, .L71+4
 994 0068 1068     		ldr	r0, [r2]
 995 006a 0249     		ldr	r1, .L71
 996 006c 0860     		str	r0, [r1]
 937:Middlewares/Third_Party/FreeRTOS/Source/timers.c **** }
 997              		.loc 1 937 2 is_stmt 1 view .LVU262
 937:Middlewares/Third_Party/FreeRTOS/Source/timers.c **** }
 998              		.loc 1 937 22 is_stmt 0 view .LVU263
 999 006e 1360     		str	r3, [r2]
 938:Middlewares/Third_Party/FreeRTOS/Source/timers.c **** /*-----------------------------------------------------------*/
 1000              		.loc 1 938 1 view .LVU264
 1001 0070 02B0     		add	sp, sp, #8
 1002              	.LCFI25:
 1003              		.cfi_def_cfa_offset 16
 1004              		@ sp needed
 1005 0072 70BD     		pop	{r4, r5, r6, pc}
 1006              	.L72:
 1007              		.align	2
 1008              	.L71:
 1009 0074 00000000 		.word	pxCurrentTimerList
ARM GAS  /tmp/ccNILS8C.s 			page 43


 1010 0078 00000000 		.word	pxOverflowTimerList
 1011              		.cfi_endproc
 1012              	.LFE22:
 1014              		.section	.text.prvSampleTimeNow,"ax",%progbits
 1015              		.align	1
 1016              		.syntax unified
 1017              		.thumb
 1018              		.thumb_func
 1020              	prvSampleTimeNow:
 1021              	.LVL78:
 1022              	.LFB19:
 671:Middlewares/Third_Party/FreeRTOS/Source/timers.c **** TickType_t xTimeNow;
 1023              		.loc 1 671 1 is_stmt 1 view -0
 1024              		.cfi_startproc
 1025              		@ args = 0, pretend = 0, frame = 0
 1026              		@ frame_needed = 0, uses_anonymous_args = 0
 671:Middlewares/Third_Party/FreeRTOS/Source/timers.c **** TickType_t xTimeNow;
 1027              		.loc 1 671 1 is_stmt 0 view .LVU266
 1028 0000 38B5     		push	{r3, r4, r5, lr}
 1029              	.LCFI26:
 1030              		.cfi_def_cfa_offset 16
 1031              		.cfi_offset 3, -16
 1032              		.cfi_offset 4, -12
 1033              		.cfi_offset 5, -8
 1034              		.cfi_offset 14, -4
 1035 0002 0546     		mov	r5, r0
 672:Middlewares/Third_Party/FreeRTOS/Source/timers.c **** PRIVILEGED_DATA static TickType_t xLastTime = ( TickType_t ) 0U; /*lint !e956 Variable is only acce
 1036              		.loc 1 672 1 is_stmt 1 view .LVU267
 673:Middlewares/Third_Party/FreeRTOS/Source/timers.c **** 
 1037              		.loc 1 673 17 view .LVU268
 675:Middlewares/Third_Party/FreeRTOS/Source/timers.c **** 
 1038              		.loc 1 675 2 view .LVU269
 675:Middlewares/Third_Party/FreeRTOS/Source/timers.c **** 
 1039              		.loc 1 675 13 is_stmt 0 view .LVU270
 1040 0004 FFF7FEFF 		bl	xTaskGetTickCount
 1041              	.LVL79:
 675:Middlewares/Third_Party/FreeRTOS/Source/timers.c **** 
 1042              		.loc 1 675 13 view .LVU271
 1043 0008 0446     		mov	r4, r0
 1044              	.LVL80:
 677:Middlewares/Third_Party/FreeRTOS/Source/timers.c **** 	{
 1045              		.loc 1 677 2 is_stmt 1 view .LVU272
 677:Middlewares/Third_Party/FreeRTOS/Source/timers.c **** 	{
 1046              		.loc 1 677 15 is_stmt 0 view .LVU273
 1047 000a 074B     		ldr	r3, .L78
 1048 000c 1B68     		ldr	r3, [r3]
 677:Middlewares/Third_Party/FreeRTOS/Source/timers.c **** 	{
 1049              		.loc 1 677 4 view .LVU274
 1050 000e 8342     		cmp	r3, r0
 1051 0010 05D8     		bhi	.L77
 684:Middlewares/Third_Party/FreeRTOS/Source/timers.c **** 	}
 1052              		.loc 1 684 3 is_stmt 1 view .LVU275
 684:Middlewares/Third_Party/FreeRTOS/Source/timers.c **** 	}
 1053              		.loc 1 684 29 is_stmt 0 view .LVU276
 1054 0012 0023     		movs	r3, #0
 1055 0014 2B60     		str	r3, [r5]
 1056              	.LVL81:
ARM GAS  /tmp/ccNILS8C.s 			page 44


 1057              	.L75:
 687:Middlewares/Third_Party/FreeRTOS/Source/timers.c **** 
 1058              		.loc 1 687 2 is_stmt 1 view .LVU277
 687:Middlewares/Third_Party/FreeRTOS/Source/timers.c **** 
 1059              		.loc 1 687 12 is_stmt 0 view .LVU278
 1060 0016 044B     		ldr	r3, .L78
 1061 0018 1C60     		str	r4, [r3]
 689:Middlewares/Third_Party/FreeRTOS/Source/timers.c **** }
 1062              		.loc 1 689 2 is_stmt 1 view .LVU279
 690:Middlewares/Third_Party/FreeRTOS/Source/timers.c **** /*-----------------------------------------------------------*/
 1063              		.loc 1 690 1 is_stmt 0 view .LVU280
 1064 001a 2046     		mov	r0, r4
 1065 001c 38BD     		pop	{r3, r4, r5, pc}
 1066              	.LVL82:
 1067              	.L77:
 679:Middlewares/Third_Party/FreeRTOS/Source/timers.c **** 		*pxTimerListsWereSwitched = pdTRUE;
 1068              		.loc 1 679 3 is_stmt 1 view .LVU281
 1069 001e FFF7FEFF 		bl	prvSwitchTimerLists
 1070              	.LVL83:
 680:Middlewares/Third_Party/FreeRTOS/Source/timers.c **** 	}
 1071              		.loc 1 680 3 view .LVU282
 680:Middlewares/Third_Party/FreeRTOS/Source/timers.c **** 	}
 1072              		.loc 1 680 29 is_stmt 0 view .LVU283
 1073 0022 0123     		movs	r3, #1
 1074 0024 2B60     		str	r3, [r5]
 1075 0026 F6E7     		b	.L75
 1076              	.L79:
 1077              		.align	2
 1078              	.L78:
 1079 0028 00000000 		.word	xLastTime.2
 1080              		.cfi_endproc
 1081              	.LFE19:
 1083              		.section	.text.prvProcessExpiredTimer,"ax",%progbits
 1084              		.align	1
 1085              		.syntax unified
 1086              		.thumb
 1087              		.thumb_func
 1089              	prvProcessExpiredTimer:
 1090              	.LVL84:
 1091              	.LFB15:
 508:Middlewares/Third_Party/FreeRTOS/Source/timers.c **** BaseType_t xResult;
 1092              		.loc 1 508 1 is_stmt 1 view -0
 1093              		.cfi_startproc
 1094              		@ args = 0, pretend = 0, frame = 0
 1095              		@ frame_needed = 0, uses_anonymous_args = 0
 508:Middlewares/Third_Party/FreeRTOS/Source/timers.c **** BaseType_t xResult;
 1096              		.loc 1 508 1 is_stmt 0 view .LVU285
 1097 0000 70B5     		push	{r4, r5, r6, lr}
 1098              	.LCFI27:
 1099              		.cfi_def_cfa_offset 16
 1100              		.cfi_offset 4, -16
 1101              		.cfi_offset 5, -12
 1102              		.cfi_offset 6, -8
 1103              		.cfi_offset 14, -4
 1104 0002 82B0     		sub	sp, sp, #8
 1105              	.LCFI28:
 1106              		.cfi_def_cfa_offset 24
ARM GAS  /tmp/ccNILS8C.s 			page 45


 1107 0004 0646     		mov	r6, r0
 1108 0006 0D46     		mov	r5, r1
 509:Middlewares/Third_Party/FreeRTOS/Source/timers.c **** Timer_t * const pxTimer = ( Timer_t * ) listGET_OWNER_OF_HEAD_ENTRY( pxCurrentTimerList ); /*lint !
 1109              		.loc 1 509 1 is_stmt 1 view .LVU286
 510:Middlewares/Third_Party/FreeRTOS/Source/timers.c **** 
 1110              		.loc 1 510 1 view .LVU287
 510:Middlewares/Third_Party/FreeRTOS/Source/timers.c **** 
 1111              		.loc 1 510 41 is_stmt 0 view .LVU288
 1112 0008 1749     		ldr	r1, .L86
 1113              	.LVL85:
 510:Middlewares/Third_Party/FreeRTOS/Source/timers.c **** 
 1114              		.loc 1 510 41 view .LVU289
 1115 000a 0968     		ldr	r1, [r1]
 1116 000c C968     		ldr	r1, [r1, #12]
 510:Middlewares/Third_Party/FreeRTOS/Source/timers.c **** 
 1117              		.loc 1 510 17 view .LVU290
 1118 000e CC68     		ldr	r4, [r1, #12]
 1119              	.LVL86:
 514:Middlewares/Third_Party/FreeRTOS/Source/timers.c **** 	traceTIMER_EXPIRED( pxTimer );
 1120              		.loc 1 514 2 is_stmt 1 view .LVU291
 514:Middlewares/Third_Party/FreeRTOS/Source/timers.c **** 	traceTIMER_EXPIRED( pxTimer );
 1121              		.loc 1 514 11 is_stmt 0 view .LVU292
 1122 0010 201D     		adds	r0, r4, #4
 1123              	.LVL87:
 514:Middlewares/Third_Party/FreeRTOS/Source/timers.c **** 	traceTIMER_EXPIRED( pxTimer );
 1124              		.loc 1 514 11 view .LVU293
 1125 0012 FFF7FEFF 		bl	uxListRemove
 1126              	.LVL88:
 515:Middlewares/Third_Party/FreeRTOS/Source/timers.c **** 
 1127              		.loc 1 515 31 is_stmt 1 view .LVU294
 519:Middlewares/Third_Party/FreeRTOS/Source/timers.c **** 	{
 1128              		.loc 1 519 2 view .LVU295
 519:Middlewares/Third_Party/FreeRTOS/Source/timers.c **** 	{
 1129              		.loc 1 519 15 is_stmt 0 view .LVU296
 1130 0016 94F828C0 		ldrb	ip, [r4, #40]	@ zero_extendqisi2
 519:Middlewares/Third_Party/FreeRTOS/Source/timers.c **** 	{
 1131              		.loc 1 519 4 view .LVU297
 1132 001a 1CF0040F 		tst	ip, #4
 1133 001e 08D1     		bne	.L85
 539:Middlewares/Third_Party/FreeRTOS/Source/timers.c **** 		mtCOVERAGE_TEST_MARKER();
 1134              		.loc 1 539 3 is_stmt 1 view .LVU298
 539:Middlewares/Third_Party/FreeRTOS/Source/timers.c **** 		mtCOVERAGE_TEST_MARKER();
 1135              		.loc 1 539 21 is_stmt 0 view .LVU299
 1136 0020 2CF0010C 		bic	ip, ip, #1
 1137 0024 84F828C0 		strb	ip, [r4, #40]
 1138              	.L82:
 540:Middlewares/Third_Party/FreeRTOS/Source/timers.c **** 	}
 1139              		.loc 1 540 27 is_stmt 1 view .LVU300
 544:Middlewares/Third_Party/FreeRTOS/Source/timers.c **** }
 1140              		.loc 1 544 2 view .LVU301
 544:Middlewares/Third_Party/FreeRTOS/Source/timers.c **** }
 1141              		.loc 1 544 9 is_stmt 0 view .LVU302
 1142 0028 236A     		ldr	r3, [r4, #32]
 544:Middlewares/Third_Party/FreeRTOS/Source/timers.c **** }
 1143              		.loc 1 544 2 view .LVU303
 1144 002a 2046     		mov	r0, r4
 1145 002c 9847     		blx	r3
ARM GAS  /tmp/ccNILS8C.s 			page 46


 1146              	.LVL89:
 545:Middlewares/Third_Party/FreeRTOS/Source/timers.c **** /*-----------------------------------------------------------*/
 1147              		.loc 1 545 1 view .LVU304
 1148 002e 02B0     		add	sp, sp, #8
 1149              	.LCFI29:
 1150              		.cfi_remember_state
 1151              		.cfi_def_cfa_offset 16
 1152              		@ sp needed
 1153 0030 70BD     		pop	{r4, r5, r6, pc}
 1154              	.LVL90:
 1155              	.L85:
 1156              	.LCFI30:
 1157              		.cfi_restore_state
 524:Middlewares/Third_Party/FreeRTOS/Source/timers.c **** 		{
 1158              		.loc 1 524 3 is_stmt 1 view .LVU305
 524:Middlewares/Third_Party/FreeRTOS/Source/timers.c **** 		{
 1159              		.loc 1 524 71 is_stmt 0 view .LVU306
 1160 0032 A169     		ldr	r1, [r4, #24]
 524:Middlewares/Third_Party/FreeRTOS/Source/timers.c **** 		{
 1161              		.loc 1 524 7 view .LVU307
 1162 0034 3346     		mov	r3, r6
 1163 0036 2A46     		mov	r2, r5
 1164 0038 3144     		add	r1, r1, r6
 1165 003a 2046     		mov	r0, r4
 1166 003c FFF7FEFF 		bl	prvInsertTimerInActiveList
 1167              	.LVL91:
 524:Middlewares/Third_Party/FreeRTOS/Source/timers.c **** 		{
 1168              		.loc 1 524 5 view .LVU308
 1169 0040 0028     		cmp	r0, #0
 1170 0042 F1D0     		beq	.L82
 528:Middlewares/Third_Party/FreeRTOS/Source/timers.c **** 			configASSERT( xResult );
 1171              		.loc 1 528 4 is_stmt 1 view .LVU309
 528:Middlewares/Third_Party/FreeRTOS/Source/timers.c **** 			configASSERT( xResult );
 1172              		.loc 1 528 14 is_stmt 0 view .LVU310
 1173 0044 0021     		movs	r1, #0
 1174 0046 0091     		str	r1, [sp]
 1175 0048 0B46     		mov	r3, r1
 1176 004a 3246     		mov	r2, r6
 1177 004c 2046     		mov	r0, r4
 1178 004e FFF7FEFF 		bl	xTimerGenericCommand
 1179              	.LVL92:
 529:Middlewares/Third_Party/FreeRTOS/Source/timers.c **** 			( void ) xResult;
 1180              		.loc 1 529 4 is_stmt 1 view .LVU311
 1181 0052 0028     		cmp	r0, #0
 1182 0054 E8D1     		bne	.L82
 529:Middlewares/Third_Party/FreeRTOS/Source/timers.c **** 			( void ) xResult;
 1183              		.loc 1 529 4 view .LVU312
 1184              	.LBB60:
 1185              	.LBI60:
 191:Middlewares/Third_Party/FreeRTOS/Source/portable/GCC/ARM_CM4F/portmacro.h **** {
 1186              		.loc 2 191 30 view .LVU313
 1187              	.LBB61:
 193:Middlewares/Third_Party/FreeRTOS/Source/portable/GCC/ARM_CM4F/portmacro.h **** 
 1188              		.loc 2 193 1 view .LVU314
 1189              		.loc 2 195 2 view .LVU315
 1190              		.syntax unified
 1191              	@ 195 "Middlewares/Third_Party/FreeRTOS/Source/portable/GCC/ARM_CM4F/portmacro.h" 1
ARM GAS  /tmp/ccNILS8C.s 			page 47


 1192 0056 4FF05003 			mov r3, #80												
 1193 005a 83F31188 		msr basepri, r3											
 1194 005e BFF36F8F 		isb														
 1195 0062 BFF34F8F 		dsb														
 1196              	
 1197              	@ 0 "" 2
 1198              	.LVL93:
 1199              		.thumb
 1200              		.syntax unified
 1201              	.L83:
 1202              		.loc 2 195 2 is_stmt 0 view .LVU316
 1203              	.LBE61:
 1204              	.LBE60:
 529:Middlewares/Third_Party/FreeRTOS/Source/timers.c **** 			( void ) xResult;
 1205              		.loc 1 529 4 is_stmt 1 discriminator 1 view .LVU317
 529:Middlewares/Third_Party/FreeRTOS/Source/timers.c **** 			( void ) xResult;
 1206              		.loc 1 529 4 discriminator 1 view .LVU318
 1207 0066 FEE7     		b	.L83
 1208              	.L87:
 1209              		.align	2
 1210              	.L86:
 1211 0068 00000000 		.word	pxCurrentTimerList
 1212              		.cfi_endproc
 1213              	.LFE15:
 1215              		.section	.text.prvProcessTimerOrBlockTask,"ax",%progbits
 1216              		.align	1
 1217              		.syntax unified
 1218              		.thumb
 1219              		.thumb_func
 1221              	prvProcessTimerOrBlockTask:
 1222              	.LVL94:
 1223              	.LFB17:
 585:Middlewares/Third_Party/FreeRTOS/Source/timers.c **** TickType_t xTimeNow;
 1224              		.loc 1 585 1 view -0
 1225              		.cfi_startproc
 1226              		@ args = 0, pretend = 0, frame = 8
 1227              		@ frame_needed = 0, uses_anonymous_args = 0
 585:Middlewares/Third_Party/FreeRTOS/Source/timers.c **** TickType_t xTimeNow;
 1228              		.loc 1 585 1 is_stmt 0 view .LVU320
 1229 0000 70B5     		push	{r4, r5, r6, lr}
 1230              	.LCFI31:
 1231              		.cfi_def_cfa_offset 16
 1232              		.cfi_offset 4, -16
 1233              		.cfi_offset 5, -12
 1234              		.cfi_offset 6, -8
 1235              		.cfi_offset 14, -4
 1236 0002 82B0     		sub	sp, sp, #8
 1237              	.LCFI32:
 1238              		.cfi_def_cfa_offset 24
 1239 0004 0646     		mov	r6, r0
 1240 0006 0C46     		mov	r4, r1
 586:Middlewares/Third_Party/FreeRTOS/Source/timers.c **** BaseType_t xTimerListsWereSwitched;
 1241              		.loc 1 586 1 is_stmt 1 view .LVU321
 587:Middlewares/Third_Party/FreeRTOS/Source/timers.c **** 
 1242              		.loc 1 587 1 view .LVU322
 589:Middlewares/Third_Party/FreeRTOS/Source/timers.c **** 	{
 1243              		.loc 1 589 2 view .LVU323
ARM GAS  /tmp/ccNILS8C.s 			page 48


 1244 0008 FFF7FEFF 		bl	vTaskSuspendAll
 1245              	.LVL95:
 596:Middlewares/Third_Party/FreeRTOS/Source/timers.c **** 		if( xTimerListsWereSwitched == pdFALSE )
 1246              		.loc 1 596 3 view .LVU324
 596:Middlewares/Third_Party/FreeRTOS/Source/timers.c **** 		if( xTimerListsWereSwitched == pdFALSE )
 1247              		.loc 1 596 14 is_stmt 0 view .LVU325
 1248 000c 01A8     		add	r0, sp, #4
 1249 000e FFF7FEFF 		bl	prvSampleTimeNow
 1250              	.LVL96:
 597:Middlewares/Third_Party/FreeRTOS/Source/timers.c **** 		{
 1251              		.loc 1 597 3 is_stmt 1 view .LVU326
 597:Middlewares/Third_Party/FreeRTOS/Source/timers.c **** 		{
 1252              		.loc 1 597 31 is_stmt 0 view .LVU327
 1253 0012 019B     		ldr	r3, [sp, #4]
 597:Middlewares/Third_Party/FreeRTOS/Source/timers.c **** 		{
 1254              		.loc 1 597 5 view .LVU328
 1255 0014 33BB     		cbnz	r3, .L89
 1256 0016 0546     		mov	r5, r0
 600:Middlewares/Third_Party/FreeRTOS/Source/timers.c **** 			{
 1257              		.loc 1 600 4 is_stmt 1 view .LVU329
 600:Middlewares/Third_Party/FreeRTOS/Source/timers.c **** 			{
 1258              		.loc 1 600 6 is_stmt 0 view .LVU330
 1259 0018 E4B9     		cbnz	r4, .L90
 600:Middlewares/Third_Party/FreeRTOS/Source/timers.c **** 			{
 1260              		.loc 1 600 37 discriminator 1 view .LVU331
 1261 001a B042     		cmp	r0, r6
 1262 001c 13D2     		bcs	.L95
 1263              	.LVL97:
 1264              	.L91:
 620:Middlewares/Third_Party/FreeRTOS/Source/timers.c **** 
 1265              		.loc 1 620 5 is_stmt 1 view .LVU332
 1266 001e 2246     		mov	r2, r4
 1267 0020 711B     		subs	r1, r6, r5
 1268 0022 124B     		ldr	r3, .L96
 1269 0024 1868     		ldr	r0, [r3]
 1270              	.LVL98:
 620:Middlewares/Third_Party/FreeRTOS/Source/timers.c **** 
 1271              		.loc 1 620 5 is_stmt 0 view .LVU333
 1272 0026 FFF7FEFF 		bl	vQueueWaitForMessageRestricted
 1273              	.LVL99:
 622:Middlewares/Third_Party/FreeRTOS/Source/timers.c **** 				{
 1274              		.loc 1 622 5 is_stmt 1 view .LVU334
 622:Middlewares/Third_Party/FreeRTOS/Source/timers.c **** 				{
 1275              		.loc 1 622 9 is_stmt 0 view .LVU335
 1276 002a FFF7FEFF 		bl	xTaskResumeAll
 1277              	.LVL100:
 622:Middlewares/Third_Party/FreeRTOS/Source/timers.c **** 				{
 1278              		.loc 1 622 7 view .LVU336
 1279 002e D8B9     		cbnz	r0, .L88
 628:Middlewares/Third_Party/FreeRTOS/Source/timers.c **** 				}
 1280              		.loc 1 628 6 is_stmt 1 view .LVU337
 1281 0030 4FF0E023 		mov	r3, #-536813568
 1282 0034 4FF08052 		mov	r2, #268435456
 1283 0038 C3F8042D 		str	r2, [r3, #3332]
 628:Middlewares/Third_Party/FreeRTOS/Source/timers.c **** 				}
 1284              		.loc 1 628 6 view .LVU338
 1285              		.syntax unified
ARM GAS  /tmp/ccNILS8C.s 			page 49


 1286              	@ 628 "Middlewares/Third_Party/FreeRTOS/Source/timers.c" 1
 1287 003c BFF34F8F 		dsb
 1288              	@ 0 "" 2
 628:Middlewares/Third_Party/FreeRTOS/Source/timers.c **** 				}
 1289              		.loc 1 628 6 view .LVU339
 1290              	@ 628 "Middlewares/Third_Party/FreeRTOS/Source/timers.c" 1
 1291 0040 BFF36F8F 		isb
 1292              	@ 0 "" 2
 628:Middlewares/Third_Party/FreeRTOS/Source/timers.c **** 				}
 1293              		.loc 1 628 28 view .LVU340
 1294              		.thumb
 1295              		.syntax unified
 1296 0044 10E0     		b	.L88
 1297              	.LVL101:
 1298              	.L95:
 602:Middlewares/Third_Party/FreeRTOS/Source/timers.c **** 				prvProcessExpiredTimer( xNextExpireTime, xTimeNow );
 1299              		.loc 1 602 5 view .LVU341
 602:Middlewares/Third_Party/FreeRTOS/Source/timers.c **** 				prvProcessExpiredTimer( xNextExpireTime, xTimeNow );
 1300              		.loc 1 602 14 is_stmt 0 view .LVU342
 1301 0046 FFF7FEFF 		bl	xTaskResumeAll
 1302              	.LVL102:
 603:Middlewares/Third_Party/FreeRTOS/Source/timers.c **** 			}
 1303              		.loc 1 603 5 is_stmt 1 view .LVU343
 1304 004a 2946     		mov	r1, r5
 1305 004c 3046     		mov	r0, r6
 1306 004e FFF7FEFF 		bl	prvProcessExpiredTimer
 1307              	.LVL103:
 1308 0052 09E0     		b	.L88
 1309              	.LVL104:
 1310              	.L90:
 617:Middlewares/Third_Party/FreeRTOS/Source/timers.c **** 				}
 1311              		.loc 1 617 6 view .LVU344
 617:Middlewares/Third_Party/FreeRTOS/Source/timers.c **** 				}
 1312              		.loc 1 617 22 is_stmt 0 view .LVU345
 1313 0054 064A     		ldr	r2, .L96+4
 1314 0056 1268     		ldr	r2, [r2]
 1315 0058 1268     		ldr	r2, [r2]
 1316 005a 0AB9     		cbnz	r2, .L93
 1317 005c 0124     		movs	r4, #1
 1318              	.LVL105:
 617:Middlewares/Third_Party/FreeRTOS/Source/timers.c **** 				}
 1319              		.loc 1 617 22 view .LVU346
 1320 005e DEE7     		b	.L91
 1321              	.LVL106:
 1322              	.L93:
 617:Middlewares/Third_Party/FreeRTOS/Source/timers.c **** 				}
 1323              		.loc 1 617 22 view .LVU347
 1324 0060 1C46     		mov	r4, r3
 1325              	.LVL107:
 617:Middlewares/Third_Party/FreeRTOS/Source/timers.c **** 				}
 1326              		.loc 1 617 22 view .LVU348
 1327 0062 DCE7     		b	.L91
 1328              	.LVL108:
 1329              	.L89:
 638:Middlewares/Third_Party/FreeRTOS/Source/timers.c **** 		}
 1330              		.loc 1 638 4 is_stmt 1 view .LVU349
 638:Middlewares/Third_Party/FreeRTOS/Source/timers.c **** 		}
ARM GAS  /tmp/ccNILS8C.s 			page 50


 1331              		.loc 1 638 13 is_stmt 0 view .LVU350
 1332 0064 FFF7FEFF 		bl	xTaskResumeAll
 1333              	.LVL109:
 1334              	.L88:
 641:Middlewares/Third_Party/FreeRTOS/Source/timers.c **** /*-----------------------------------------------------------*/
 1335              		.loc 1 641 1 view .LVU351
 1336 0068 02B0     		add	sp, sp, #8
 1337              	.LCFI33:
 1338              		.cfi_def_cfa_offset 16
 1339              		@ sp needed
 1340 006a 70BD     		pop	{r4, r5, r6, pc}
 1341              	.LVL110:
 1342              	.L97:
 641:Middlewares/Third_Party/FreeRTOS/Source/timers.c **** /*-----------------------------------------------------------*/
 1343              		.loc 1 641 1 view .LVU352
 1344              		.align	2
 1345              	.L96:
 1346 006c 00000000 		.word	xTimerQueue
 1347 0070 00000000 		.word	pxOverflowTimerList
 1348              		.cfi_endproc
 1349              	.LFE17:
 1351              		.section	.text.prvProcessReceivedCommands,"ax",%progbits
 1352              		.align	1
 1353              		.syntax unified
 1354              		.thumb
 1355              		.thumb_func
 1357              	prvProcessReceivedCommands:
 1358              	.LFB21:
 735:Middlewares/Third_Party/FreeRTOS/Source/timers.c **** DaemonTaskMessage_t xMessage;
 1359              		.loc 1 735 1 is_stmt 1 view -0
 1360              		.cfi_startproc
 1361              		@ args = 0, pretend = 0, frame = 24
 1362              		@ frame_needed = 0, uses_anonymous_args = 0
 1363 0000 10B5     		push	{r4, lr}
 1364              	.LCFI34:
 1365              		.cfi_def_cfa_offset 8
 1366              		.cfi_offset 4, -8
 1367              		.cfi_offset 14, -4
 1368 0002 88B0     		sub	sp, sp, #32
 1369              	.LCFI35:
 1370              		.cfi_def_cfa_offset 40
 736:Middlewares/Third_Party/FreeRTOS/Source/timers.c **** Timer_t *pxTimer;
 1371              		.loc 1 736 1 view .LVU354
 737:Middlewares/Third_Party/FreeRTOS/Source/timers.c **** BaseType_t xTimerListsWereSwitched, xResult;
 1372              		.loc 1 737 1 view .LVU355
 738:Middlewares/Third_Party/FreeRTOS/Source/timers.c **** TickType_t xTimeNow;
 1373              		.loc 1 738 1 view .LVU356
 739:Middlewares/Third_Party/FreeRTOS/Source/timers.c **** 
 1374              		.loc 1 739 1 view .LVU357
 741:Middlewares/Third_Party/FreeRTOS/Source/timers.c **** 	{
 1375              		.loc 1 741 2 view .LVU358
 741:Middlewares/Third_Party/FreeRTOS/Source/timers.c **** 	{
 1376              		.loc 1 741 7 is_stmt 0 view .LVU359
 1377 0004 02E0     		b	.L101
 1378              	.L100:
 760:Middlewares/Third_Party/FreeRTOS/Source/timers.c **** 			}
 1379              		.loc 1 760 29 is_stmt 1 view .LVU360
ARM GAS  /tmp/ccNILS8C.s 			page 51


 767:Middlewares/Third_Party/FreeRTOS/Source/timers.c **** 		{
 1380              		.loc 1 767 3 view .LVU361
 767:Middlewares/Third_Party/FreeRTOS/Source/timers.c **** 		{
 1381              		.loc 1 767 15 is_stmt 0 view .LVU362
 1382 0006 049B     		ldr	r3, [sp, #16]
 767:Middlewares/Third_Party/FreeRTOS/Source/timers.c **** 		{
 1383              		.loc 1 767 5 view .LVU363
 1384 0008 002B     		cmp	r3, #0
 1385 000a 0FDA     		bge	.L117
 1386              	.L101:
 741:Middlewares/Third_Party/FreeRTOS/Source/timers.c **** 	{
 1387              		.loc 1 741 62 is_stmt 1 view .LVU364
 741:Middlewares/Third_Party/FreeRTOS/Source/timers.c **** 	{
 1388              		.loc 1 741 9 is_stmt 0 view .LVU365
 1389 000c 0022     		movs	r2, #0
 1390 000e 04A9     		add	r1, sp, #16
 1391 0010 3D4B     		ldr	r3, .L121
 1392 0012 1868     		ldr	r0, [r3]
 1393 0014 FFF7FEFF 		bl	xQueueReceive
 1394              	.LVL111:
 741:Middlewares/Third_Party/FreeRTOS/Source/timers.c **** 	{
 1395              		.loc 1 741 62 view .LVU366
 1396 0018 0028     		cmp	r0, #0
 1397 001a 73D0     		beq	.L118
 747:Middlewares/Third_Party/FreeRTOS/Source/timers.c **** 			{
 1398              		.loc 1 747 4 is_stmt 1 view .LVU367
 747:Middlewares/Third_Party/FreeRTOS/Source/timers.c **** 			{
 1399              		.loc 1 747 16 is_stmt 0 view .LVU368
 1400 001c 049B     		ldr	r3, [sp, #16]
 747:Middlewares/Third_Party/FreeRTOS/Source/timers.c **** 			{
 1401              		.loc 1 747 6 view .LVU369
 1402 001e 002B     		cmp	r3, #0
 1403 0020 F1DA     		bge	.L100
 1404              	.LBB62:
 749:Middlewares/Third_Party/FreeRTOS/Source/timers.c **** 
 1405              		.loc 1 749 5 is_stmt 1 discriminator 2 view .LVU370
 1406              	.LVL112:
 753:Middlewares/Third_Party/FreeRTOS/Source/timers.c **** 
 1407              		.loc 1 753 5 discriminator 2 view .LVU371
 753:Middlewares/Third_Party/FreeRTOS/Source/timers.c **** 
 1408              		.loc 1 753 31 discriminator 2 view .LVU372
 756:Middlewares/Third_Party/FreeRTOS/Source/timers.c **** 			}
 1409              		.loc 1 756 5 discriminator 2 view .LVU373
 1410 0022 0799     		ldr	r1, [sp, #28]
 1411 0024 0698     		ldr	r0, [sp, #24]
 1412 0026 059B     		ldr	r3, [sp, #20]
 1413 0028 9847     		blx	r3
 1414              	.LVL113:
 1415              	.LBE62:
 1416 002a ECE7     		b	.L100
 1417              	.LVL114:
 1418              	.L117:
 771:Middlewares/Third_Party/FreeRTOS/Source/timers.c **** 
 1419              		.loc 1 771 4 view .LVU374
 771:Middlewares/Third_Party/FreeRTOS/Source/timers.c **** 
 1420              		.loc 1 771 12 is_stmt 0 view .LVU375
 1421 002c 069C     		ldr	r4, [sp, #24]
ARM GAS  /tmp/ccNILS8C.s 			page 52


 1422              	.LVL115:
 773:Middlewares/Third_Party/FreeRTOS/Source/timers.c **** 			{
 1423              		.loc 1 773 4 is_stmt 1 view .LVU376
 773:Middlewares/Third_Party/FreeRTOS/Source/timers.c **** 			{
 1424              		.loc 1 773 8 is_stmt 0 view .LVU377
 1425 002e 6369     		ldr	r3, [r4, #20]
 773:Middlewares/Third_Party/FreeRTOS/Source/timers.c **** 			{
 1426              		.loc 1 773 6 view .LVU378
 1427 0030 13B1     		cbz	r3, .L102
 776:Middlewares/Third_Party/FreeRTOS/Source/timers.c **** 			}
 1428              		.loc 1 776 5 is_stmt 1 view .LVU379
 776:Middlewares/Third_Party/FreeRTOS/Source/timers.c **** 			}
 1429              		.loc 1 776 14 is_stmt 0 view .LVU380
 1430 0032 201D     		adds	r0, r4, #4
 1431 0034 FFF7FEFF 		bl	uxListRemove
 1432              	.LVL116:
 1433              	.L102:
 780:Middlewares/Third_Party/FreeRTOS/Source/timers.c **** 			}
 1434              		.loc 1 780 29 is_stmt 1 view .LVU381
 783:Middlewares/Third_Party/FreeRTOS/Source/timers.c **** 
 1435              		.loc 1 783 106 view .LVU382
 791:Middlewares/Third_Party/FreeRTOS/Source/timers.c **** 
 1436              		.loc 1 791 4 view .LVU383
 791:Middlewares/Third_Party/FreeRTOS/Source/timers.c **** 
 1437              		.loc 1 791 15 is_stmt 0 view .LVU384
 1438 0038 03A8     		add	r0, sp, #12
 1439 003a FFF7FEFF 		bl	prvSampleTimeNow
 1440              	.LVL117:
 793:Middlewares/Third_Party/FreeRTOS/Source/timers.c **** 			{
 1441              		.loc 1 793 4 is_stmt 1 view .LVU385
 793:Middlewares/Third_Party/FreeRTOS/Source/timers.c **** 			{
 1442              		.loc 1 793 20 is_stmt 0 view .LVU386
 1443 003e 049B     		ldr	r3, [sp, #16]
 793:Middlewares/Third_Party/FreeRTOS/Source/timers.c **** 			{
 1444              		.loc 1 793 4 view .LVU387
 1445 0040 092B     		cmp	r3, #9
 1446 0042 E3D8     		bhi	.L101
 1447 0044 DFE803F0 		tbb	[pc, r3]
 1448              	.L105:
 1449 0048 05       		.byte	(.L107-.L105)/2
 1450 0049 05       		.byte	(.L107-.L105)/2
 1451 004a 05       		.byte	(.L107-.L105)/2
 1452 004b 30       		.byte	(.L106-.L105)/2
 1453 004c 37       		.byte	(.L104-.L105)/2
 1454 004d 50       		.byte	(.L108-.L105)/2
 1455 004e 05       		.byte	(.L107-.L105)/2
 1456 004f 05       		.byte	(.L107-.L105)/2
 1457 0050 30       		.byte	(.L106-.L105)/2
 1458 0051 37       		.byte	(.L104-.L105)/2
 1459              		.p2align 1
 1460              	.L107:
 801:Middlewares/Third_Party/FreeRTOS/Source/timers.c **** 					if( prvInsertTimerInActiveList( pxTimer,  xMessage.u.xTimerParameters.xMessageValue + pxTimer-
 1461              		.loc 1 801 6 is_stmt 1 view .LVU388
 801:Middlewares/Third_Party/FreeRTOS/Source/timers.c **** 					if( prvInsertTimerInActiveList( pxTimer,  xMessage.u.xTimerParameters.xMessageValue + pxTimer-
 1462              		.loc 1 801 13 is_stmt 0 view .LVU389
 1463 0052 94F82830 		ldrb	r3, [r4, #40]	@ zero_extendqisi2
 801:Middlewares/Third_Party/FreeRTOS/Source/timers.c **** 					if( prvInsertTimerInActiveList( pxTimer,  xMessage.u.xTimerParameters.xMessageValue + pxTimer-
ARM GAS  /tmp/ccNILS8C.s 			page 53


 1464              		.loc 1 801 24 view .LVU390
 1465 0056 43F00103 		orr	r3, r3, #1
 1466 005a 84F82830 		strb	r3, [r4, #40]
 802:Middlewares/Third_Party/FreeRTOS/Source/timers.c **** 					{
 1467              		.loc 1 802 6 is_stmt 1 view .LVU391
 802:Middlewares/Third_Party/FreeRTOS/Source/timers.c **** 					{
 1468              		.loc 1 802 75 is_stmt 0 view .LVU392
 1469 005e 059B     		ldr	r3, [sp, #20]
 802:Middlewares/Third_Party/FreeRTOS/Source/timers.c **** 					{
 1470              		.loc 1 802 99 view .LVU393
 1471 0060 A169     		ldr	r1, [r4, #24]
 802:Middlewares/Third_Party/FreeRTOS/Source/timers.c **** 					{
 1472              		.loc 1 802 10 view .LVU394
 1473 0062 0246     		mov	r2, r0
 1474 0064 1944     		add	r1, r1, r3
 1475 0066 2046     		mov	r0, r4
 1476              	.LVL118:
 802:Middlewares/Third_Party/FreeRTOS/Source/timers.c **** 					{
 1477              		.loc 1 802 10 view .LVU395
 1478 0068 FFF7FEFF 		bl	prvInsertTimerInActiveList
 1479              	.LVL119:
 802:Middlewares/Third_Party/FreeRTOS/Source/timers.c **** 					{
 1480              		.loc 1 802 8 view .LVU396
 1481 006c 0028     		cmp	r0, #0
 1482 006e CDD0     		beq	.L101
 806:Middlewares/Third_Party/FreeRTOS/Source/timers.c **** 						traceTIMER_EXPIRED( pxTimer );
 1483              		.loc 1 806 7 is_stmt 1 view .LVU397
 806:Middlewares/Third_Party/FreeRTOS/Source/timers.c **** 						traceTIMER_EXPIRED( pxTimer );
 1484              		.loc 1 806 14 is_stmt 0 view .LVU398
 1485 0070 236A     		ldr	r3, [r4, #32]
 806:Middlewares/Third_Party/FreeRTOS/Source/timers.c **** 						traceTIMER_EXPIRED( pxTimer );
 1486              		.loc 1 806 7 view .LVU399
 1487 0072 2046     		mov	r0, r4
 1488 0074 9847     		blx	r3
 1489              	.LVL120:
 807:Middlewares/Third_Party/FreeRTOS/Source/timers.c **** 
 1490              		.loc 1 807 36 is_stmt 1 view .LVU400
 809:Middlewares/Third_Party/FreeRTOS/Source/timers.c **** 						{
 1491              		.loc 1 809 7 view .LVU401
 809:Middlewares/Third_Party/FreeRTOS/Source/timers.c **** 						{
 1492              		.loc 1 809 20 is_stmt 0 view .LVU402
 1493 0076 94F82830 		ldrb	r3, [r4, #40]	@ zero_extendqisi2
 809:Middlewares/Third_Party/FreeRTOS/Source/timers.c **** 						{
 1494              		.loc 1 809 9 view .LVU403
 1495 007a 13F0040F 		tst	r3, #4
 1496 007e C5D0     		beq	.L101
 811:Middlewares/Third_Party/FreeRTOS/Source/timers.c **** 							configASSERT( xResult );
 1497              		.loc 1 811 8 is_stmt 1 view .LVU404
 811:Middlewares/Third_Party/FreeRTOS/Source/timers.c **** 							configASSERT( xResult );
 1498              		.loc 1 811 129 is_stmt 0 view .LVU405
 1499 0080 A269     		ldr	r2, [r4, #24]
 811:Middlewares/Third_Party/FreeRTOS/Source/timers.c **** 							configASSERT( xResult );
 1500              		.loc 1 811 18 view .LVU406
 1501 0082 0021     		movs	r1, #0
 1502 0084 0091     		str	r1, [sp]
 1503 0086 0B46     		mov	r3, r1
 1504 0088 0598     		ldr	r0, [sp, #20]
ARM GAS  /tmp/ccNILS8C.s 			page 54


 1505 008a 0244     		add	r2, r2, r0
 1506 008c 2046     		mov	r0, r4
 1507 008e FFF7FEFF 		bl	xTimerGenericCommand
 1508              	.LVL121:
 812:Middlewares/Third_Party/FreeRTOS/Source/timers.c **** 							( void ) xResult;
 1509              		.loc 1 812 8 is_stmt 1 view .LVU407
 1510 0092 0028     		cmp	r0, #0
 1511 0094 BAD1     		bne	.L101
 812:Middlewares/Third_Party/FreeRTOS/Source/timers.c **** 							( void ) xResult;
 1512              		.loc 1 812 8 view .LVU408
 1513              	.LBB63:
 1514              	.LBI63:
 191:Middlewares/Third_Party/FreeRTOS/Source/portable/GCC/ARM_CM4F/portmacro.h **** {
 1515              		.loc 2 191 30 view .LVU409
 1516              	.LBB64:
 193:Middlewares/Third_Party/FreeRTOS/Source/portable/GCC/ARM_CM4F/portmacro.h **** 
 1517              		.loc 2 193 1 view .LVU410
 1518              		.loc 2 195 2 view .LVU411
 1519              		.syntax unified
 1520              	@ 195 "Middlewares/Third_Party/FreeRTOS/Source/portable/GCC/ARM_CM4F/portmacro.h" 1
 1521 0096 4FF05003 			mov r3, #80												
 1522 009a 83F31188 		msr basepri, r3											
 1523 009e BFF36F8F 		isb														
 1524 00a2 BFF34F8F 		dsb														
 1525              	
 1526              	@ 0 "" 2
 1527              	.LVL122:
 1528              		.thumb
 1529              		.syntax unified
 1530              	.L110:
 1531              		.loc 2 195 2 is_stmt 0 view .LVU412
 1532              	.LBE64:
 1533              	.LBE63:
 812:Middlewares/Third_Party/FreeRTOS/Source/timers.c **** 							( void ) xResult;
 1534              		.loc 1 812 8 is_stmt 1 discriminator 2 view .LVU413
 812:Middlewares/Third_Party/FreeRTOS/Source/timers.c **** 							( void ) xResult;
 1535              		.loc 1 812 8 discriminator 2 view .LVU414
 1536 00a6 FEE7     		b	.L110
 1537              	.LVL123:
 1538              	.L106:
 829:Middlewares/Third_Party/FreeRTOS/Source/timers.c **** 					break;
 1539              		.loc 1 829 6 view .LVU415
 829:Middlewares/Third_Party/FreeRTOS/Source/timers.c **** 					break;
 1540              		.loc 1 829 13 is_stmt 0 view .LVU416
 1541 00a8 94F82830 		ldrb	r3, [r4, #40]	@ zero_extendqisi2
 829:Middlewares/Third_Party/FreeRTOS/Source/timers.c **** 					break;
 1542              		.loc 1 829 24 view .LVU417
 1543 00ac 23F00103 		bic	r3, r3, #1
 1544 00b0 84F82830 		strb	r3, [r4, #40]
 830:Middlewares/Third_Party/FreeRTOS/Source/timers.c **** 
 1545              		.loc 1 830 6 is_stmt 1 view .LVU418
 1546 00b4 AAE7     		b	.L101
 1547              	.L104:
 834:Middlewares/Third_Party/FreeRTOS/Source/timers.c **** 					pxTimer->xTimerPeriodInTicks = xMessage.u.xTimerParameters.xMessageValue;
 1548              		.loc 1 834 6 view .LVU419
 834:Middlewares/Third_Party/FreeRTOS/Source/timers.c **** 					pxTimer->xTimerPeriodInTicks = xMessage.u.xTimerParameters.xMessageValue;
 1549              		.loc 1 834 13 is_stmt 0 view .LVU420
ARM GAS  /tmp/ccNILS8C.s 			page 55


 1550 00b6 94F82830 		ldrb	r3, [r4, #40]	@ zero_extendqisi2
 834:Middlewares/Third_Party/FreeRTOS/Source/timers.c **** 					pxTimer->xTimerPeriodInTicks = xMessage.u.xTimerParameters.xMessageValue;
 1551              		.loc 1 834 24 view .LVU421
 1552 00ba 43F00103 		orr	r3, r3, #1
 1553 00be 84F82830 		strb	r3, [r4, #40]
 835:Middlewares/Third_Party/FreeRTOS/Source/timers.c **** 					configASSERT( ( pxTimer->xTimerPeriodInTicks > 0 ) );
 1554              		.loc 1 835 6 is_stmt 1 view .LVU422
 835:Middlewares/Third_Party/FreeRTOS/Source/timers.c **** 					configASSERT( ( pxTimer->xTimerPeriodInTicks > 0 ) );
 1555              		.loc 1 835 64 is_stmt 0 view .LVU423
 1556 00c2 0599     		ldr	r1, [sp, #20]
 835:Middlewares/Third_Party/FreeRTOS/Source/timers.c **** 					configASSERT( ( pxTimer->xTimerPeriodInTicks > 0 ) );
 1557              		.loc 1 835 35 view .LVU424
 1558 00c4 A161     		str	r1, [r4, #24]
 836:Middlewares/Third_Party/FreeRTOS/Source/timers.c **** 
 1559              		.loc 1 836 6 is_stmt 1 view .LVU425
 1560 00c6 31B1     		cbz	r1, .L119
 836:Middlewares/Third_Party/FreeRTOS/Source/timers.c **** 
 1561              		.loc 1 836 58 discriminator 2 view .LVU426
 844:Middlewares/Third_Party/FreeRTOS/Source/timers.c **** 					break;
 1562              		.loc 1 844 6 discriminator 2 view .LVU427
 844:Middlewares/Third_Party/FreeRTOS/Source/timers.c **** 					break;
 1563              		.loc 1 844 15 is_stmt 0 discriminator 2 view .LVU428
 1564 00c8 0346     		mov	r3, r0
 1565 00ca 0246     		mov	r2, r0
 1566 00cc 0144     		add	r1, r1, r0
 1567 00ce 2046     		mov	r0, r4
 1568              	.LVL124:
 844:Middlewares/Third_Party/FreeRTOS/Source/timers.c **** 					break;
 1569              		.loc 1 844 15 discriminator 2 view .LVU429
 1570 00d0 FFF7FEFF 		bl	prvInsertTimerInActiveList
 1571              	.LVL125:
 845:Middlewares/Third_Party/FreeRTOS/Source/timers.c **** 
 1572              		.loc 1 845 6 is_stmt 1 discriminator 2 view .LVU430
 1573 00d4 9AE7     		b	.L101
 1574              	.LVL126:
 1575              	.L119:
 836:Middlewares/Third_Party/FreeRTOS/Source/timers.c **** 
 1576              		.loc 1 836 6 view .LVU431
 1577              	.LBB65:
 1578              	.LBI65:
 191:Middlewares/Third_Party/FreeRTOS/Source/portable/GCC/ARM_CM4F/portmacro.h **** {
 1579              		.loc 2 191 30 view .LVU432
 1580              	.LBB66:
 193:Middlewares/Third_Party/FreeRTOS/Source/portable/GCC/ARM_CM4F/portmacro.h **** 
 1581              		.loc 2 193 1 view .LVU433
 1582              		.loc 2 195 2 view .LVU434
 1583              		.syntax unified
 1584              	@ 195 "Middlewares/Third_Party/FreeRTOS/Source/portable/GCC/ARM_CM4F/portmacro.h" 1
 1585 00d6 4FF05003 			mov r3, #80												
 1586 00da 83F31188 		msr basepri, r3											
 1587 00de BFF36F8F 		isb														
 1588 00e2 BFF34F8F 		dsb														
 1589              	
 1590              	@ 0 "" 2
 1591              	.LVL127:
 1592              		.thumb
 1593              		.syntax unified
ARM GAS  /tmp/ccNILS8C.s 			page 56


 1594              	.L112:
 1595              		.loc 2 195 2 is_stmt 0 view .LVU435
 1596              	.LBE66:
 1597              	.LBE65:
 836:Middlewares/Third_Party/FreeRTOS/Source/timers.c **** 
 1598              		.loc 1 836 6 is_stmt 1 discriminator 5 view .LVU436
 836:Middlewares/Third_Party/FreeRTOS/Source/timers.c **** 
 1599              		.loc 1 836 6 discriminator 5 view .LVU437
 1600 00e6 FEE7     		b	.L112
 1601              	.L108:
 853:Middlewares/Third_Party/FreeRTOS/Source/timers.c **** 						{
 1602              		.loc 1 853 7 view .LVU438
 853:Middlewares/Third_Party/FreeRTOS/Source/timers.c **** 						{
 1603              		.loc 1 853 20 is_stmt 0 view .LVU439
 1604 00e8 94F82830 		ldrb	r3, [r4, #40]	@ zero_extendqisi2
 853:Middlewares/Third_Party/FreeRTOS/Source/timers.c **** 						{
 1605              		.loc 1 853 9 view .LVU440
 1606 00ec 13F0020F 		tst	r3, #2
 1607 00f0 04D0     		beq	.L120
 859:Middlewares/Third_Party/FreeRTOS/Source/timers.c **** 						}
 1608              		.loc 1 859 8 is_stmt 1 view .LVU441
 859:Middlewares/Third_Party/FreeRTOS/Source/timers.c **** 						}
 1609              		.loc 1 859 26 is_stmt 0 view .LVU442
 1610 00f2 23F00103 		bic	r3, r3, #1
 1611 00f6 84F82830 		strb	r3, [r4, #40]
 1612 00fa 87E7     		b	.L101
 1613              	.L120:
 855:Middlewares/Third_Party/FreeRTOS/Source/timers.c **** 						}
 1614              		.loc 1 855 8 is_stmt 1 view .LVU443
 1615 00fc 2046     		mov	r0, r4
 1616              	.LVL128:
 855:Middlewares/Third_Party/FreeRTOS/Source/timers.c **** 						}
 1617              		.loc 1 855 8 is_stmt 0 view .LVU444
 1618 00fe FFF7FEFF 		bl	vPortFree
 1619              	.LVL129:
 1620 0102 83E7     		b	.L101
 1621              	.LVL130:
 1622              	.L118:
 879:Middlewares/Third_Party/FreeRTOS/Source/timers.c **** /*-----------------------------------------------------------*/
 1623              		.loc 1 879 1 view .LVU445
 1624 0104 08B0     		add	sp, sp, #32
 1625              	.LCFI36:
 1626              		.cfi_def_cfa_offset 8
 1627              		@ sp needed
 1628 0106 10BD     		pop	{r4, pc}
 1629              	.L122:
 1630              		.align	2
 1631              	.L121:
 1632 0108 00000000 		.word	xTimerQueue
 1633              		.cfi_endproc
 1634              	.LFE21:
 1636              		.section	.text.prvTimerTask,"ax",%progbits
 1637              		.align	1
 1638              		.syntax unified
 1639              		.thumb
 1640              		.thumb_func
 1642              	prvTimerTask:
ARM GAS  /tmp/ccNILS8C.s 			page 57


 1643              	.LFB16:
 549:Middlewares/Third_Party/FreeRTOS/Source/timers.c **** TickType_t xNextExpireTime;
 1644              		.loc 1 549 1 is_stmt 1 view -0
 1645              		.cfi_startproc
 1646              		@ args = 0, pretend = 0, frame = 8
 1647              		@ frame_needed = 0, uses_anonymous_args = 0
 1648              	.LVL131:
 549:Middlewares/Third_Party/FreeRTOS/Source/timers.c **** TickType_t xNextExpireTime;
 1649              		.loc 1 549 1 is_stmt 0 view .LVU447
 1650 0000 00B5     		push	{lr}
 1651              	.LCFI37:
 1652              		.cfi_def_cfa_offset 4
 1653              		.cfi_offset 14, -4
 1654 0002 83B0     		sub	sp, sp, #12
 1655              	.LCFI38:
 1656              		.cfi_def_cfa_offset 16
 1657              	.LVL132:
 1658              	.L124:
 550:Middlewares/Third_Party/FreeRTOS/Source/timers.c **** BaseType_t xListWasEmpty;
 1659              		.loc 1 550 1 is_stmt 1 discriminator 1 view .LVU448
 551:Middlewares/Third_Party/FreeRTOS/Source/timers.c **** 
 1660              		.loc 1 551 1 discriminator 1 view .LVU449
 554:Middlewares/Third_Party/FreeRTOS/Source/timers.c **** 
 1661              		.loc 1 554 2 discriminator 1 view .LVU450
 568:Middlewares/Third_Party/FreeRTOS/Source/timers.c **** 	{
 1662              		.loc 1 568 2 discriminator 1 view .LVU451
 572:Middlewares/Third_Party/FreeRTOS/Source/timers.c **** 
 1663              		.loc 1 572 3 discriminator 1 view .LVU452
 572:Middlewares/Third_Party/FreeRTOS/Source/timers.c **** 
 1664              		.loc 1 572 21 is_stmt 0 discriminator 1 view .LVU453
 1665 0004 01A8     		add	r0, sp, #4
 1666 0006 FFF7FEFF 		bl	prvGetNextExpireTime
 1667              	.LVL133:
 576:Middlewares/Third_Party/FreeRTOS/Source/timers.c **** 
 1668              		.loc 1 576 3 is_stmt 1 discriminator 1 view .LVU454
 1669 000a 0199     		ldr	r1, [sp, #4]
 1670 000c FFF7FEFF 		bl	prvProcessTimerOrBlockTask
 1671              	.LVL134:
 579:Middlewares/Third_Party/FreeRTOS/Source/timers.c **** 	}
 1672              		.loc 1 579 3 discriminator 1 view .LVU455
 1673 0010 FFF7FEFF 		bl	prvProcessReceivedCommands
 1674              	.LVL135:
 568:Middlewares/Third_Party/FreeRTOS/Source/timers.c **** 	{
 1675              		.loc 1 568 2 discriminator 1 view .LVU456
 1676 0014 F6E7     		b	.L124
 1677              		.cfi_endproc
 1678              	.LFE16:
 1680              		.section	.text.xTimerGetTimerDaemonTaskHandle,"ax",%progbits
 1681              		.align	1
 1682              		.global	xTimerGetTimerDaemonTaskHandle
 1683              		.syntax unified
 1684              		.thumb
 1685              		.thumb_func
 1687              	xTimerGetTimerDaemonTaskHandle:
 1688              	.LFB9:
 425:Middlewares/Third_Party/FreeRTOS/Source/timers.c **** 	/* If xTimerGetTimerDaemonTaskHandle() is called before the scheduler has been
 1689              		.loc 1 425 1 view -0
ARM GAS  /tmp/ccNILS8C.s 			page 58


 1690              		.cfi_startproc
 1691              		@ args = 0, pretend = 0, frame = 0
 1692              		@ frame_needed = 0, uses_anonymous_args = 0
 1693              		@ link register save eliminated.
 428:Middlewares/Third_Party/FreeRTOS/Source/timers.c **** 	return xTimerTaskHandle;
 1694              		.loc 1 428 2 view .LVU458
 1695 0000 064B     		ldr	r3, .L130
 1696 0002 1868     		ldr	r0, [r3]
 1697 0004 00B1     		cbz	r0, .L129
 430:Middlewares/Third_Party/FreeRTOS/Source/timers.c **** /*-----------------------------------------------------------*/
 1698              		.loc 1 430 1 is_stmt 0 view .LVU459
 1699 0006 7047     		bx	lr
 1700              	.L129:
 428:Middlewares/Third_Party/FreeRTOS/Source/timers.c **** 	return xTimerTaskHandle;
 1701              		.loc 1 428 2 is_stmt 1 view .LVU460
 1702              	.LBB67:
 1703              	.LBI67:
 191:Middlewares/Third_Party/FreeRTOS/Source/portable/GCC/ARM_CM4F/portmacro.h **** {
 1704              		.loc 2 191 30 view .LVU461
 1705              	.LBB68:
 193:Middlewares/Third_Party/FreeRTOS/Source/portable/GCC/ARM_CM4F/portmacro.h **** 
 1706              		.loc 2 193 1 view .LVU462
 1707              		.loc 2 195 2 view .LVU463
 1708              		.syntax unified
 1709              	@ 195 "Middlewares/Third_Party/FreeRTOS/Source/portable/GCC/ARM_CM4F/portmacro.h" 1
 1710 0008 4FF05003 			mov r3, #80												
 1711 000c 83F31188 		msr basepri, r3											
 1712 0010 BFF36F8F 		isb														
 1713 0014 BFF34F8F 		dsb														
 1714              	
 1715              	@ 0 "" 2
 1716              	.LVL136:
 1717              		.thumb
 1718              		.syntax unified
 1719              	.L128:
 1720              		.loc 2 195 2 is_stmt 0 view .LVU464
 1721              	.LBE68:
 1722              	.LBE67:
 428:Middlewares/Third_Party/FreeRTOS/Source/timers.c **** 	return xTimerTaskHandle;
 1723              		.loc 1 428 2 is_stmt 1 discriminator 1 view .LVU465
 428:Middlewares/Third_Party/FreeRTOS/Source/timers.c **** 	return xTimerTaskHandle;
 1724              		.loc 1 428 2 discriminator 1 view .LVU466
 1725 0018 FEE7     		b	.L128
 1726              	.L131:
 1727 001a 00BF     		.align	2
 1728              	.L130:
 1729 001c 00000000 		.word	xTimerTaskHandle
 1730              		.cfi_endproc
 1731              	.LFE9:
 1733              		.section	.text.xTimerGetPeriod,"ax",%progbits
 1734              		.align	1
 1735              		.global	xTimerGetPeriod
 1736              		.syntax unified
 1737              		.thumb
 1738              		.thumb_func
 1740              	xTimerGetPeriod:
 1741              	.LVL137:
ARM GAS  /tmp/ccNILS8C.s 			page 59


 1742              	.LFB10:
 434:Middlewares/Third_Party/FreeRTOS/Source/timers.c **** Timer_t *pxTimer = xTimer;
 1743              		.loc 1 434 1 view -0
 1744              		.cfi_startproc
 1745              		@ args = 0, pretend = 0, frame = 0
 1746              		@ frame_needed = 0, uses_anonymous_args = 0
 1747              		@ link register save eliminated.
 435:Middlewares/Third_Party/FreeRTOS/Source/timers.c **** 
 1748              		.loc 1 435 1 view .LVU468
 437:Middlewares/Third_Party/FreeRTOS/Source/timers.c **** 	return pxTimer->xTimerPeriodInTicks;
 1749              		.loc 1 437 2 view .LVU469
 1750 0000 08B1     		cbz	r0, .L135
 437:Middlewares/Third_Party/FreeRTOS/Source/timers.c **** 	return pxTimer->xTimerPeriodInTicks;
 1751              		.loc 1 437 24 discriminator 2 view .LVU470
 438:Middlewares/Third_Party/FreeRTOS/Source/timers.c **** }
 1752              		.loc 1 438 2 discriminator 2 view .LVU471
 439:Middlewares/Third_Party/FreeRTOS/Source/timers.c **** /*-----------------------------------------------------------*/
 1753              		.loc 1 439 1 is_stmt 0 discriminator 2 view .LVU472
 1754 0002 8069     		ldr	r0, [r0, #24]
 1755              	.LVL138:
 439:Middlewares/Third_Party/FreeRTOS/Source/timers.c **** /*-----------------------------------------------------------*/
 1756              		.loc 1 439 1 discriminator 2 view .LVU473
 1757 0004 7047     		bx	lr
 1758              	.LVL139:
 1759              	.L135:
 437:Middlewares/Third_Party/FreeRTOS/Source/timers.c **** 	return pxTimer->xTimerPeriodInTicks;
 1760              		.loc 1 437 2 is_stmt 1 view .LVU474
 1761              	.LBB69:
 1762              	.LBI69:
 191:Middlewares/Third_Party/FreeRTOS/Source/portable/GCC/ARM_CM4F/portmacro.h **** {
 1763              		.loc 2 191 30 view .LVU475
 1764              	.LBB70:
 193:Middlewares/Third_Party/FreeRTOS/Source/portable/GCC/ARM_CM4F/portmacro.h **** 
 1765              		.loc 2 193 1 view .LVU476
 1766              		.loc 2 195 2 view .LVU477
 1767              		.syntax unified
 1768              	@ 195 "Middlewares/Third_Party/FreeRTOS/Source/portable/GCC/ARM_CM4F/portmacro.h" 1
 1769 0006 4FF05003 			mov r3, #80												
 1770 000a 83F31188 		msr basepri, r3											
 1771 000e BFF36F8F 		isb														
 1772 0012 BFF34F8F 		dsb														
 1773              	
 1774              	@ 0 "" 2
 1775              	.LVL140:
 1776              		.thumb
 1777              		.syntax unified
 1778              	.L134:
 1779              		.loc 2 195 2 is_stmt 0 view .LVU478
 1780              	.LBE70:
 1781              	.LBE69:
 437:Middlewares/Third_Party/FreeRTOS/Source/timers.c **** 	return pxTimer->xTimerPeriodInTicks;
 1782              		.loc 1 437 2 is_stmt 1 discriminator 1 view .LVU479
 437:Middlewares/Third_Party/FreeRTOS/Source/timers.c **** 	return pxTimer->xTimerPeriodInTicks;
 1783              		.loc 1 437 2 discriminator 1 view .LVU480
 1784 0016 FEE7     		b	.L134
 1785              		.cfi_endproc
 1786              	.LFE10:
ARM GAS  /tmp/ccNILS8C.s 			page 60


 1788              		.section	.text.vTimerSetReloadMode,"ax",%progbits
 1789              		.align	1
 1790              		.global	vTimerSetReloadMode
 1791              		.syntax unified
 1792              		.thumb
 1793              		.thumb_func
 1795              	vTimerSetReloadMode:
 1796              	.LVL141:
 1797              	.LFB11:
 443:Middlewares/Third_Party/FreeRTOS/Source/timers.c **** Timer_t * pxTimer =  xTimer;
 1798              		.loc 1 443 1 view -0
 1799              		.cfi_startproc
 1800              		@ args = 0, pretend = 0, frame = 0
 1801              		@ frame_needed = 0, uses_anonymous_args = 0
 443:Middlewares/Third_Party/FreeRTOS/Source/timers.c **** Timer_t * pxTimer =  xTimer;
 1802              		.loc 1 443 1 is_stmt 0 view .LVU482
 1803 0000 38B5     		push	{r3, r4, r5, lr}
 1804              	.LCFI39:
 1805              		.cfi_def_cfa_offset 16
 1806              		.cfi_offset 3, -16
 1807              		.cfi_offset 4, -12
 1808              		.cfi_offset 5, -8
 1809              		.cfi_offset 14, -4
 444:Middlewares/Third_Party/FreeRTOS/Source/timers.c **** 
 1810              		.loc 1 444 1 is_stmt 1 view .LVU483
 1811              	.LVL142:
 446:Middlewares/Third_Party/FreeRTOS/Source/timers.c **** 	taskENTER_CRITICAL();
 1812              		.loc 1 446 2 view .LVU484
 1813 0002 68B1     		cbz	r0, .L142
 1814 0004 0C46     		mov	r4, r1
 1815 0006 0546     		mov	r5, r0
 446:Middlewares/Third_Party/FreeRTOS/Source/timers.c **** 	taskENTER_CRITICAL();
 1816              		.loc 1 446 24 discriminator 2 view .LVU485
 447:Middlewares/Third_Party/FreeRTOS/Source/timers.c **** 	{
 1817              		.loc 1 447 2 discriminator 2 view .LVU486
 1818 0008 FFF7FEFF 		bl	vPortEnterCritical
 1819              	.LVL143:
 449:Middlewares/Third_Party/FreeRTOS/Source/timers.c **** 		{
 1820              		.loc 1 449 3 discriminator 2 view .LVU487
 449:Middlewares/Third_Party/FreeRTOS/Source/timers.c **** 		{
 1821              		.loc 1 449 5 is_stmt 0 discriminator 2 view .LVU488
 1822 000c 8CB1     		cbz	r4, .L139
 451:Middlewares/Third_Party/FreeRTOS/Source/timers.c **** 		}
 1823              		.loc 1 451 4 is_stmt 1 view .LVU489
 451:Middlewares/Third_Party/FreeRTOS/Source/timers.c **** 		}
 1824              		.loc 1 451 11 is_stmt 0 view .LVU490
 1825 000e 95F82830 		ldrb	r3, [r5, #40]	@ zero_extendqisi2
 451:Middlewares/Third_Party/FreeRTOS/Source/timers.c **** 		}
 1826              		.loc 1 451 22 view .LVU491
 1827 0012 43F00403 		orr	r3, r3, #4
 1828 0016 85F82830 		strb	r3, [r5, #40]
 1829              	.L140:
 458:Middlewares/Third_Party/FreeRTOS/Source/timers.c **** }
 1830              		.loc 1 458 2 is_stmt 1 view .LVU492
 1831 001a FFF7FEFF 		bl	vPortExitCritical
 1832              	.LVL144:
 459:Middlewares/Third_Party/FreeRTOS/Source/timers.c **** /*-----------------------------------------------------------*/
ARM GAS  /tmp/ccNILS8C.s 			page 61


 1833              		.loc 1 459 1 is_stmt 0 view .LVU493
 1834 001e 38BD     		pop	{r3, r4, r5, pc}
 1835              	.LVL145:
 1836              	.L142:
 446:Middlewares/Third_Party/FreeRTOS/Source/timers.c **** 	taskENTER_CRITICAL();
 1837              		.loc 1 446 2 is_stmt 1 view .LVU494
 1838              	.LBB71:
 1839              	.LBI71:
 191:Middlewares/Third_Party/FreeRTOS/Source/portable/GCC/ARM_CM4F/portmacro.h **** {
 1840              		.loc 2 191 30 view .LVU495
 1841              	.LBB72:
 193:Middlewares/Third_Party/FreeRTOS/Source/portable/GCC/ARM_CM4F/portmacro.h **** 
 1842              		.loc 2 193 1 view .LVU496
 1843              		.loc 2 195 2 view .LVU497
 1844              		.syntax unified
 1845              	@ 195 "Middlewares/Third_Party/FreeRTOS/Source/portable/GCC/ARM_CM4F/portmacro.h" 1
 1846 0020 4FF05003 			mov r3, #80												
 1847 0024 83F31188 		msr basepri, r3											
 1848 0028 BFF36F8F 		isb														
 1849 002c BFF34F8F 		dsb														
 1850              	
 1851              	@ 0 "" 2
 1852              	.LVL146:
 1853              		.thumb
 1854              		.syntax unified
 1855              	.L138:
 1856              		.loc 2 195 2 is_stmt 0 view .LVU498
 1857              	.LBE72:
 1858              	.LBE71:
 446:Middlewares/Third_Party/FreeRTOS/Source/timers.c **** 	taskENTER_CRITICAL();
 1859              		.loc 1 446 2 is_stmt 1 discriminator 1 view .LVU499
 446:Middlewares/Third_Party/FreeRTOS/Source/timers.c **** 	taskENTER_CRITICAL();
 1860              		.loc 1 446 2 discriminator 1 view .LVU500
 1861 0030 FEE7     		b	.L138
 1862              	.LVL147:
 1863              	.L139:
 455:Middlewares/Third_Party/FreeRTOS/Source/timers.c **** 		}
 1864              		.loc 1 455 4 view .LVU501
 455:Middlewares/Third_Party/FreeRTOS/Source/timers.c **** 		}
 1865              		.loc 1 455 11 is_stmt 0 view .LVU502
 1866 0032 95F82830 		ldrb	r3, [r5, #40]	@ zero_extendqisi2
 455:Middlewares/Third_Party/FreeRTOS/Source/timers.c **** 		}
 1867              		.loc 1 455 22 view .LVU503
 1868 0036 23F00403 		bic	r3, r3, #4
 1869 003a 85F82830 		strb	r3, [r5, #40]
 1870 003e ECE7     		b	.L140
 1871              		.cfi_endproc
 1872              	.LFE11:
 1874              		.section	.text.uxTimerGetReloadMode,"ax",%progbits
 1875              		.align	1
 1876              		.global	uxTimerGetReloadMode
 1877              		.syntax unified
 1878              		.thumb
 1879              		.thumb_func
 1881              	uxTimerGetReloadMode:
 1882              	.LVL148:
 1883              	.LFB12:
ARM GAS  /tmp/ccNILS8C.s 			page 62


 463:Middlewares/Third_Party/FreeRTOS/Source/timers.c **** Timer_t * pxTimer =  xTimer;
 1884              		.loc 1 463 1 is_stmt 1 view -0
 1885              		.cfi_startproc
 1886              		@ args = 0, pretend = 0, frame = 0
 1887              		@ frame_needed = 0, uses_anonymous_args = 0
 464:Middlewares/Third_Party/FreeRTOS/Source/timers.c **** UBaseType_t uxReturn;
 1888              		.loc 1 464 1 view .LVU505
 465:Middlewares/Third_Party/FreeRTOS/Source/timers.c **** 
 1889              		.loc 1 465 1 view .LVU506
 467:Middlewares/Third_Party/FreeRTOS/Source/timers.c **** 	taskENTER_CRITICAL();
 1890              		.loc 1 467 2 view .LVU507
 1891 0000 68B1     		cbz	r0, .L150
 463:Middlewares/Third_Party/FreeRTOS/Source/timers.c **** Timer_t * pxTimer =  xTimer;
 1892              		.loc 1 463 1 is_stmt 0 discriminator 2 view .LVU508
 1893 0002 10B5     		push	{r4, lr}
 1894              	.LCFI40:
 1895              		.cfi_def_cfa_offset 8
 1896              		.cfi_offset 4, -8
 1897              		.cfi_offset 14, -4
 1898 0004 0446     		mov	r4, r0
 467:Middlewares/Third_Party/FreeRTOS/Source/timers.c **** 	taskENTER_CRITICAL();
 1899              		.loc 1 467 24 is_stmt 1 discriminator 2 view .LVU509
 468:Middlewares/Third_Party/FreeRTOS/Source/timers.c **** 	{
 1900              		.loc 1 468 2 discriminator 2 view .LVU510
 1901 0006 FFF7FEFF 		bl	vPortEnterCritical
 1902              	.LVL149:
 470:Middlewares/Third_Party/FreeRTOS/Source/timers.c **** 		{
 1903              		.loc 1 470 3 discriminator 2 view .LVU511
 470:Middlewares/Third_Party/FreeRTOS/Source/timers.c **** 		{
 1904              		.loc 1 470 16 is_stmt 0 discriminator 2 view .LVU512
 1905 000a 94F82830 		ldrb	r3, [r4, #40]	@ zero_extendqisi2
 470:Middlewares/Third_Party/FreeRTOS/Source/timers.c **** 		{
 1906              		.loc 1 470 5 discriminator 2 view .LVU513
 1907 000e 13F0040F 		tst	r3, #4
 1908 0012 0DD1     		bne	.L147
 473:Middlewares/Third_Party/FreeRTOS/Source/timers.c **** 		}
 1909              		.loc 1 473 13 view .LVU514
 1910 0014 0024     		movs	r4, #0
 1911              	.LVL150:
 1912              	.L146:
 481:Middlewares/Third_Party/FreeRTOS/Source/timers.c **** 
 1913              		.loc 1 481 2 is_stmt 1 view .LVU515
 1914 0016 FFF7FEFF 		bl	vPortExitCritical
 1915              	.LVL151:
 483:Middlewares/Third_Party/FreeRTOS/Source/timers.c **** }
 1916              		.loc 1 483 2 view .LVU516
 484:Middlewares/Third_Party/FreeRTOS/Source/timers.c **** /*-----------------------------------------------------------*/
 1917              		.loc 1 484 1 is_stmt 0 view .LVU517
 1918 001a 2046     		mov	r0, r4
 1919 001c 10BD     		pop	{r4, pc}
 1920              	.LVL152:
 1921              	.L150:
 1922              	.LCFI41:
 1923              		.cfi_def_cfa_offset 0
 1924              		.cfi_restore 4
 1925              		.cfi_restore 14
 467:Middlewares/Third_Party/FreeRTOS/Source/timers.c **** 	taskENTER_CRITICAL();
ARM GAS  /tmp/ccNILS8C.s 			page 63


 1926              		.loc 1 467 2 is_stmt 1 view .LVU518
 1927              	.LBB73:
 1928              	.LBI73:
 191:Middlewares/Third_Party/FreeRTOS/Source/portable/GCC/ARM_CM4F/portmacro.h **** {
 1929              		.loc 2 191 30 view .LVU519
 1930              	.LBB74:
 193:Middlewares/Third_Party/FreeRTOS/Source/portable/GCC/ARM_CM4F/portmacro.h **** 
 1931              		.loc 2 193 1 view .LVU520
 1932              		.loc 2 195 2 view .LVU521
 1933              		.syntax unified
 1934              	@ 195 "Middlewares/Third_Party/FreeRTOS/Source/portable/GCC/ARM_CM4F/portmacro.h" 1
 1935 001e 4FF05003 			mov r3, #80												
 1936 0022 83F31188 		msr basepri, r3											
 1937 0026 BFF36F8F 		isb														
 1938 002a BFF34F8F 		dsb														
 1939              	
 1940              	@ 0 "" 2
 1941              	.LVL153:
 1942              		.thumb
 1943              		.syntax unified
 1944              	.L145:
 1945              		.loc 2 195 2 is_stmt 0 view .LVU522
 1946              	.LBE74:
 1947              	.LBE73:
 467:Middlewares/Third_Party/FreeRTOS/Source/timers.c **** 	taskENTER_CRITICAL();
 1948              		.loc 1 467 2 is_stmt 1 discriminator 1 view .LVU523
 467:Middlewares/Third_Party/FreeRTOS/Source/timers.c **** 	taskENTER_CRITICAL();
 1949              		.loc 1 467 2 discriminator 1 view .LVU524
 1950 002e FEE7     		b	.L145
 1951              	.LVL154:
 1952              	.L147:
 1953              	.LCFI42:
 1954              		.cfi_def_cfa_offset 8
 1955              		.cfi_offset 4, -8
 1956              		.cfi_offset 14, -4
 478:Middlewares/Third_Party/FreeRTOS/Source/timers.c **** 		}
 1957              		.loc 1 478 13 is_stmt 0 view .LVU525
 1958 0030 0124     		movs	r4, #1
 1959              	.LVL155:
 478:Middlewares/Third_Party/FreeRTOS/Source/timers.c **** 		}
 1960              		.loc 1 478 13 view .LVU526
 1961 0032 F0E7     		b	.L146
 1962              		.cfi_endproc
 1963              	.LFE12:
 1965              		.section	.text.xTimerGetExpiryTime,"ax",%progbits
 1966              		.align	1
 1967              		.global	xTimerGetExpiryTime
 1968              		.syntax unified
 1969              		.thumb
 1970              		.thumb_func
 1972              	xTimerGetExpiryTime:
 1973              	.LVL156:
 1974              	.LFB13:
 488:Middlewares/Third_Party/FreeRTOS/Source/timers.c **** Timer_t * pxTimer =  xTimer;
 1975              		.loc 1 488 1 is_stmt 1 view -0
 1976              		.cfi_startproc
 1977              		@ args = 0, pretend = 0, frame = 0
ARM GAS  /tmp/ccNILS8C.s 			page 64


 1978              		@ frame_needed = 0, uses_anonymous_args = 0
 1979              		@ link register save eliminated.
 489:Middlewares/Third_Party/FreeRTOS/Source/timers.c **** TickType_t xReturn;
 1980              		.loc 1 489 1 view .LVU528
 490:Middlewares/Third_Party/FreeRTOS/Source/timers.c **** 
 1981              		.loc 1 490 1 view .LVU529
 492:Middlewares/Third_Party/FreeRTOS/Source/timers.c **** 	xReturn = listGET_LIST_ITEM_VALUE( &( pxTimer->xTimerListItem ) );
 1982              		.loc 1 492 2 view .LVU530
 1983 0000 08B1     		cbz	r0, .L154
 492:Middlewares/Third_Party/FreeRTOS/Source/timers.c **** 	xReturn = listGET_LIST_ITEM_VALUE( &( pxTimer->xTimerListItem ) );
 1984              		.loc 1 492 24 discriminator 2 view .LVU531
 493:Middlewares/Third_Party/FreeRTOS/Source/timers.c **** 	return xReturn;
 1985              		.loc 1 493 2 discriminator 2 view .LVU532
 1986              	.LVL157:
 494:Middlewares/Third_Party/FreeRTOS/Source/timers.c **** }
 1987              		.loc 1 494 2 discriminator 2 view .LVU533
 495:Middlewares/Third_Party/FreeRTOS/Source/timers.c **** /*-----------------------------------------------------------*/
 1988              		.loc 1 495 1 is_stmt 0 discriminator 2 view .LVU534
 1989 0002 4068     		ldr	r0, [r0, #4]
 1990              	.LVL158:
 495:Middlewares/Third_Party/FreeRTOS/Source/timers.c **** /*-----------------------------------------------------------*/
 1991              		.loc 1 495 1 discriminator 2 view .LVU535
 1992 0004 7047     		bx	lr
 1993              	.LVL159:
 1994              	.L154:
 492:Middlewares/Third_Party/FreeRTOS/Source/timers.c **** 	xReturn = listGET_LIST_ITEM_VALUE( &( pxTimer->xTimerListItem ) );
 1995              		.loc 1 492 2 is_stmt 1 view .LVU536
 1996              	.LBB75:
 1997              	.LBI75:
 191:Middlewares/Third_Party/FreeRTOS/Source/portable/GCC/ARM_CM4F/portmacro.h **** {
 1998              		.loc 2 191 30 view .LVU537
 1999              	.LBB76:
 193:Middlewares/Third_Party/FreeRTOS/Source/portable/GCC/ARM_CM4F/portmacro.h **** 
 2000              		.loc 2 193 1 view .LVU538
 2001              		.loc 2 195 2 view .LVU539
 2002              		.syntax unified
 2003              	@ 195 "Middlewares/Third_Party/FreeRTOS/Source/portable/GCC/ARM_CM4F/portmacro.h" 1
 2004 0006 4FF05003 			mov r3, #80												
 2005 000a 83F31188 		msr basepri, r3											
 2006 000e BFF36F8F 		isb														
 2007 0012 BFF34F8F 		dsb														
 2008              	
 2009              	@ 0 "" 2
 2010              	.LVL160:
 2011              		.thumb
 2012              		.syntax unified
 2013              	.L153:
 2014              		.loc 2 195 2 is_stmt 0 view .LVU540
 2015              	.LBE76:
 2016              	.LBE75:
 492:Middlewares/Third_Party/FreeRTOS/Source/timers.c **** 	xReturn = listGET_LIST_ITEM_VALUE( &( pxTimer->xTimerListItem ) );
 2017              		.loc 1 492 2 is_stmt 1 discriminator 1 view .LVU541
 492:Middlewares/Third_Party/FreeRTOS/Source/timers.c **** 	xReturn = listGET_LIST_ITEM_VALUE( &( pxTimer->xTimerListItem ) );
 2018              		.loc 1 492 2 discriminator 1 view .LVU542
 2019 0016 FEE7     		b	.L153
 2020              		.cfi_endproc
 2021              	.LFE13:
ARM GAS  /tmp/ccNILS8C.s 			page 65


 2023              		.section	.text.pcTimerGetName,"ax",%progbits
 2024              		.align	1
 2025              		.global	pcTimerGetName
 2026              		.syntax unified
 2027              		.thumb
 2028              		.thumb_func
 2030              	pcTimerGetName:
 2031              	.LVL161:
 2032              	.LFB14:
 499:Middlewares/Third_Party/FreeRTOS/Source/timers.c **** Timer_t *pxTimer = xTimer;
 2033              		.loc 1 499 1 view -0
 2034              		.cfi_startproc
 2035              		@ args = 0, pretend = 0, frame = 0
 2036              		@ frame_needed = 0, uses_anonymous_args = 0
 2037              		@ link register save eliminated.
 500:Middlewares/Third_Party/FreeRTOS/Source/timers.c **** 
 2038              		.loc 1 500 1 view .LVU544
 502:Middlewares/Third_Party/FreeRTOS/Source/timers.c **** 	return pxTimer->pcTimerName;
 2039              		.loc 1 502 2 view .LVU545
 2040 0000 08B1     		cbz	r0, .L158
 502:Middlewares/Third_Party/FreeRTOS/Source/timers.c **** 	return pxTimer->pcTimerName;
 2041              		.loc 1 502 24 discriminator 2 view .LVU546
 503:Middlewares/Third_Party/FreeRTOS/Source/timers.c **** }
 2042              		.loc 1 503 2 discriminator 2 view .LVU547
 504:Middlewares/Third_Party/FreeRTOS/Source/timers.c **** /*-----------------------------------------------------------*/
 2043              		.loc 1 504 1 is_stmt 0 discriminator 2 view .LVU548
 2044 0002 0068     		ldr	r0, [r0]
 2045              	.LVL162:
 504:Middlewares/Third_Party/FreeRTOS/Source/timers.c **** /*-----------------------------------------------------------*/
 2046              		.loc 1 504 1 discriminator 2 view .LVU549
 2047 0004 7047     		bx	lr
 2048              	.LVL163:
 2049              	.L158:
 502:Middlewares/Third_Party/FreeRTOS/Source/timers.c **** 	return pxTimer->pcTimerName;
 2050              		.loc 1 502 2 is_stmt 1 view .LVU550
 2051              	.LBB77:
 2052              	.LBI77:
 191:Middlewares/Third_Party/FreeRTOS/Source/portable/GCC/ARM_CM4F/portmacro.h **** {
 2053              		.loc 2 191 30 view .LVU551
 2054              	.LBB78:
 193:Middlewares/Third_Party/FreeRTOS/Source/portable/GCC/ARM_CM4F/portmacro.h **** 
 2055              		.loc 2 193 1 view .LVU552
 2056              		.loc 2 195 2 view .LVU553
 2057              		.syntax unified
 2058              	@ 195 "Middlewares/Third_Party/FreeRTOS/Source/portable/GCC/ARM_CM4F/portmacro.h" 1
 2059 0006 4FF05003 			mov r3, #80												
 2060 000a 83F31188 		msr basepri, r3											
 2061 000e BFF36F8F 		isb														
 2062 0012 BFF34F8F 		dsb														
 2063              	
 2064              	@ 0 "" 2
 2065              	.LVL164:
 2066              		.thumb
 2067              		.syntax unified
 2068              	.L157:
 2069              		.loc 2 195 2 is_stmt 0 view .LVU554
 2070              	.LBE78:
ARM GAS  /tmp/ccNILS8C.s 			page 66


 2071              	.LBE77:
 502:Middlewares/Third_Party/FreeRTOS/Source/timers.c **** 	return pxTimer->pcTimerName;
 2072              		.loc 1 502 2 is_stmt 1 discriminator 1 view .LVU555
 502:Middlewares/Third_Party/FreeRTOS/Source/timers.c **** 	return pxTimer->pcTimerName;
 2073              		.loc 1 502 2 discriminator 1 view .LVU556
 2074 0016 FEE7     		b	.L157
 2075              		.cfi_endproc
 2076              	.LFE14:
 2078              		.section	.text.xTimerIsTimerActive,"ax",%progbits
 2079              		.align	1
 2080              		.global	xTimerIsTimerActive
 2081              		.syntax unified
 2082              		.thumb
 2083              		.thumb_func
 2085              	xTimerIsTimerActive:
 2086              	.LVL165:
 2087              	.LFB24:
 990:Middlewares/Third_Party/FreeRTOS/Source/timers.c **** /*-----------------------------------------------------------*/
 991:Middlewares/Third_Party/FreeRTOS/Source/timers.c **** 
 992:Middlewares/Third_Party/FreeRTOS/Source/timers.c **** BaseType_t xTimerIsTimerActive( TimerHandle_t xTimer )
 993:Middlewares/Third_Party/FreeRTOS/Source/timers.c **** {
 2088              		.loc 1 993 1 view -0
 2089              		.cfi_startproc
 2090              		@ args = 0, pretend = 0, frame = 0
 2091              		@ frame_needed = 0, uses_anonymous_args = 0
 994:Middlewares/Third_Party/FreeRTOS/Source/timers.c **** BaseType_t xReturn;
 2092              		.loc 1 994 1 view .LVU558
 995:Middlewares/Third_Party/FreeRTOS/Source/timers.c **** Timer_t *pxTimer = xTimer;
 2093              		.loc 1 995 1 view .LVU559
 996:Middlewares/Third_Party/FreeRTOS/Source/timers.c **** 
 997:Middlewares/Third_Party/FreeRTOS/Source/timers.c **** 	configASSERT( xTimer );
 2094              		.loc 1 997 2 view .LVU560
 2095 0000 68B1     		cbz	r0, .L166
 993:Middlewares/Third_Party/FreeRTOS/Source/timers.c **** BaseType_t xReturn;
 2096              		.loc 1 993 1 is_stmt 0 discriminator 2 view .LVU561
 2097 0002 10B5     		push	{r4, lr}
 2098              	.LCFI43:
 2099              		.cfi_def_cfa_offset 8
 2100              		.cfi_offset 4, -8
 2101              		.cfi_offset 14, -4
 2102 0004 0446     		mov	r4, r0
 2103              		.loc 1 997 24 is_stmt 1 discriminator 2 view .LVU562
 998:Middlewares/Third_Party/FreeRTOS/Source/timers.c **** 
 999:Middlewares/Third_Party/FreeRTOS/Source/timers.c **** 	/* Is the timer in the list of active timers? */
1000:Middlewares/Third_Party/FreeRTOS/Source/timers.c **** 	taskENTER_CRITICAL();
 2104              		.loc 1 1000 2 discriminator 2 view .LVU563
 2105 0006 FFF7FEFF 		bl	vPortEnterCritical
 2106              	.LVL166:
1001:Middlewares/Third_Party/FreeRTOS/Source/timers.c **** 	{
1002:Middlewares/Third_Party/FreeRTOS/Source/timers.c **** 		if( ( pxTimer->ucStatus & tmrSTATUS_IS_ACTIVE ) == 0 )
 2107              		.loc 1 1002 3 discriminator 2 view .LVU564
 2108              		.loc 1 1002 16 is_stmt 0 discriminator 2 view .LVU565
 2109 000a 94F82830 		ldrb	r3, [r4, #40]	@ zero_extendqisi2
 2110              		.loc 1 1002 5 discriminator 2 view .LVU566
 2111 000e 13F0010F 		tst	r3, #1
 2112 0012 0DD1     		bne	.L163
1003:Middlewares/Third_Party/FreeRTOS/Source/timers.c **** 		{
ARM GAS  /tmp/ccNILS8C.s 			page 67


1004:Middlewares/Third_Party/FreeRTOS/Source/timers.c **** 			xReturn = pdFALSE;
 2113              		.loc 1 1004 12 view .LVU567
 2114 0014 0024     		movs	r4, #0
 2115              	.LVL167:
 2116              	.L162:
1005:Middlewares/Third_Party/FreeRTOS/Source/timers.c **** 		}
1006:Middlewares/Third_Party/FreeRTOS/Source/timers.c **** 		else
1007:Middlewares/Third_Party/FreeRTOS/Source/timers.c **** 		{
1008:Middlewares/Third_Party/FreeRTOS/Source/timers.c **** 			xReturn = pdTRUE;
1009:Middlewares/Third_Party/FreeRTOS/Source/timers.c **** 		}
1010:Middlewares/Third_Party/FreeRTOS/Source/timers.c **** 	}
1011:Middlewares/Third_Party/FreeRTOS/Source/timers.c **** 	taskEXIT_CRITICAL();
 2117              		.loc 1 1011 2 is_stmt 1 view .LVU568
 2118 0016 FFF7FEFF 		bl	vPortExitCritical
 2119              	.LVL168:
1012:Middlewares/Third_Party/FreeRTOS/Source/timers.c **** 
1013:Middlewares/Third_Party/FreeRTOS/Source/timers.c **** 	return xReturn;
 2120              		.loc 1 1013 2 view .LVU569
1014:Middlewares/Third_Party/FreeRTOS/Source/timers.c **** } /*lint !e818 Can't be pointer to const due to the typedef. */
 2121              		.loc 1 1014 1 is_stmt 0 view .LVU570
 2122 001a 2046     		mov	r0, r4
 2123 001c 10BD     		pop	{r4, pc}
 2124              	.LVL169:
 2125              	.L166:
 2126              	.LCFI44:
 2127              		.cfi_def_cfa_offset 0
 2128              		.cfi_restore 4
 2129              		.cfi_restore 14
 997:Middlewares/Third_Party/FreeRTOS/Source/timers.c **** 
 2130              		.loc 1 997 2 is_stmt 1 view .LVU571
 2131              	.LBB79:
 2132              	.LBI79:
 191:Middlewares/Third_Party/FreeRTOS/Source/portable/GCC/ARM_CM4F/portmacro.h **** {
 2133              		.loc 2 191 30 view .LVU572
 2134              	.LBB80:
 193:Middlewares/Third_Party/FreeRTOS/Source/portable/GCC/ARM_CM4F/portmacro.h **** 
 2135              		.loc 2 193 1 view .LVU573
 2136              		.loc 2 195 2 view .LVU574
 2137              		.syntax unified
 2138              	@ 195 "Middlewares/Third_Party/FreeRTOS/Source/portable/GCC/ARM_CM4F/portmacro.h" 1
 2139 001e 4FF05003 			mov r3, #80												
 2140 0022 83F31188 		msr basepri, r3											
 2141 0026 BFF36F8F 		isb														
 2142 002a BFF34F8F 		dsb														
 2143              	
 2144              	@ 0 "" 2
 2145              	.LVL170:
 2146              		.thumb
 2147              		.syntax unified
 2148              	.L161:
 2149              		.loc 2 195 2 is_stmt 0 view .LVU575
 2150              	.LBE80:
 2151              	.LBE79:
 997:Middlewares/Third_Party/FreeRTOS/Source/timers.c **** 
 2152              		.loc 1 997 2 is_stmt 1 discriminator 1 view .LVU576
 997:Middlewares/Third_Party/FreeRTOS/Source/timers.c **** 
 2153              		.loc 1 997 2 discriminator 1 view .LVU577
ARM GAS  /tmp/ccNILS8C.s 			page 68


 2154 002e FEE7     		b	.L161
 2155              	.LVL171:
 2156              	.L163:
 2157              	.LCFI45:
 2158              		.cfi_def_cfa_offset 8
 2159              		.cfi_offset 4, -8
 2160              		.cfi_offset 14, -4
1008:Middlewares/Third_Party/FreeRTOS/Source/timers.c **** 		}
 2161              		.loc 1 1008 12 is_stmt 0 view .LVU578
 2162 0030 0124     		movs	r4, #1
 2163              	.LVL172:
1008:Middlewares/Third_Party/FreeRTOS/Source/timers.c **** 		}
 2164              		.loc 1 1008 12 view .LVU579
 2165 0032 F0E7     		b	.L162
 2166              		.cfi_endproc
 2167              	.LFE24:
 2169              		.section	.text.pvTimerGetTimerID,"ax",%progbits
 2170              		.align	1
 2171              		.global	pvTimerGetTimerID
 2172              		.syntax unified
 2173              		.thumb
 2174              		.thumb_func
 2176              	pvTimerGetTimerID:
 2177              	.LVL173:
 2178              	.LFB25:
1015:Middlewares/Third_Party/FreeRTOS/Source/timers.c **** /*-----------------------------------------------------------*/
1016:Middlewares/Third_Party/FreeRTOS/Source/timers.c **** 
1017:Middlewares/Third_Party/FreeRTOS/Source/timers.c **** void *pvTimerGetTimerID( const TimerHandle_t xTimer )
1018:Middlewares/Third_Party/FreeRTOS/Source/timers.c **** {
 2179              		.loc 1 1018 1 is_stmt 1 view -0
 2180              		.cfi_startproc
 2181              		@ args = 0, pretend = 0, frame = 0
 2182              		@ frame_needed = 0, uses_anonymous_args = 0
1019:Middlewares/Third_Party/FreeRTOS/Source/timers.c **** Timer_t * const pxTimer = xTimer;
 2183              		.loc 1 1019 1 view .LVU581
1020:Middlewares/Third_Party/FreeRTOS/Source/timers.c **** void *pvReturn;
 2184              		.loc 1 1020 1 view .LVU582
1021:Middlewares/Third_Party/FreeRTOS/Source/timers.c **** 
1022:Middlewares/Third_Party/FreeRTOS/Source/timers.c **** 	configASSERT( xTimer );
 2185              		.loc 1 1022 2 view .LVU583
 2186 0000 40B1     		cbz	r0, .L172
1018:Middlewares/Third_Party/FreeRTOS/Source/timers.c **** Timer_t * const pxTimer = xTimer;
 2187              		.loc 1 1018 1 is_stmt 0 discriminator 2 view .LVU584
 2188 0002 10B5     		push	{r4, lr}
 2189              	.LCFI46:
 2190              		.cfi_def_cfa_offset 8
 2191              		.cfi_offset 4, -8
 2192              		.cfi_offset 14, -4
 2193 0004 0446     		mov	r4, r0
 2194              		.loc 1 1022 24 is_stmt 1 discriminator 2 view .LVU585
1023:Middlewares/Third_Party/FreeRTOS/Source/timers.c **** 
1024:Middlewares/Third_Party/FreeRTOS/Source/timers.c **** 	taskENTER_CRITICAL();
 2195              		.loc 1 1024 2 discriminator 2 view .LVU586
 2196 0006 FFF7FEFF 		bl	vPortEnterCritical
 2197              	.LVL174:
1025:Middlewares/Third_Party/FreeRTOS/Source/timers.c **** 	{
1026:Middlewares/Third_Party/FreeRTOS/Source/timers.c **** 		pvReturn = pxTimer->pvTimerID;
ARM GAS  /tmp/ccNILS8C.s 			page 69


 2198              		.loc 1 1026 3 discriminator 2 view .LVU587
 2199              		.loc 1 1026 12 is_stmt 0 discriminator 2 view .LVU588
 2200 000a E469     		ldr	r4, [r4, #28]
 2201              	.LVL175:
1027:Middlewares/Third_Party/FreeRTOS/Source/timers.c **** 	}
1028:Middlewares/Third_Party/FreeRTOS/Source/timers.c **** 	taskEXIT_CRITICAL();
 2202              		.loc 1 1028 2 is_stmt 1 discriminator 2 view .LVU589
 2203 000c FFF7FEFF 		bl	vPortExitCritical
 2204              	.LVL176:
1029:Middlewares/Third_Party/FreeRTOS/Source/timers.c **** 
1030:Middlewares/Third_Party/FreeRTOS/Source/timers.c **** 	return pvReturn;
 2205              		.loc 1 1030 2 discriminator 2 view .LVU590
1031:Middlewares/Third_Party/FreeRTOS/Source/timers.c **** }
 2206              		.loc 1 1031 1 is_stmt 0 discriminator 2 view .LVU591
 2207 0010 2046     		mov	r0, r4
 2208 0012 10BD     		pop	{r4, pc}
 2209              	.LVL177:
 2210              	.L172:
 2211              	.LCFI47:
 2212              		.cfi_def_cfa_offset 0
 2213              		.cfi_restore 4
 2214              		.cfi_restore 14
1022:Middlewares/Third_Party/FreeRTOS/Source/timers.c **** 
 2215              		.loc 1 1022 2 is_stmt 1 view .LVU592
 2216              	.LBB81:
 2217              	.LBI81:
 191:Middlewares/Third_Party/FreeRTOS/Source/portable/GCC/ARM_CM4F/portmacro.h **** {
 2218              		.loc 2 191 30 view .LVU593
 2219              	.LBB82:
 193:Middlewares/Third_Party/FreeRTOS/Source/portable/GCC/ARM_CM4F/portmacro.h **** 
 2220              		.loc 2 193 1 view .LVU594
 2221              		.loc 2 195 2 view .LVU595
 2222              		.syntax unified
 2223              	@ 195 "Middlewares/Third_Party/FreeRTOS/Source/portable/GCC/ARM_CM4F/portmacro.h" 1
 2224 0014 4FF05003 			mov r3, #80												
 2225 0018 83F31188 		msr basepri, r3											
 2226 001c BFF36F8F 		isb														
 2227 0020 BFF34F8F 		dsb														
 2228              	
 2229              	@ 0 "" 2
 2230              	.LVL178:
 2231              		.thumb
 2232              		.syntax unified
 2233              	.L169:
 2234              		.loc 2 195 2 is_stmt 0 view .LVU596
 2235              	.LBE82:
 2236              	.LBE81:
1022:Middlewares/Third_Party/FreeRTOS/Source/timers.c **** 
 2237              		.loc 1 1022 2 is_stmt 1 discriminator 1 view .LVU597
1022:Middlewares/Third_Party/FreeRTOS/Source/timers.c **** 
 2238              		.loc 1 1022 2 discriminator 1 view .LVU598
 2239 0024 FEE7     		b	.L169
 2240              		.cfi_endproc
 2241              	.LFE25:
 2243              		.section	.text.vTimerSetTimerID,"ax",%progbits
 2244              		.align	1
 2245              		.global	vTimerSetTimerID
ARM GAS  /tmp/ccNILS8C.s 			page 70


 2246              		.syntax unified
 2247              		.thumb
 2248              		.thumb_func
 2250              	vTimerSetTimerID:
 2251              	.LVL179:
 2252              	.LFB26:
1032:Middlewares/Third_Party/FreeRTOS/Source/timers.c **** /*-----------------------------------------------------------*/
1033:Middlewares/Third_Party/FreeRTOS/Source/timers.c **** 
1034:Middlewares/Third_Party/FreeRTOS/Source/timers.c **** void vTimerSetTimerID( TimerHandle_t xTimer, void *pvNewID )
1035:Middlewares/Third_Party/FreeRTOS/Source/timers.c **** {
 2253              		.loc 1 1035 1 view -0
 2254              		.cfi_startproc
 2255              		@ args = 0, pretend = 0, frame = 0
 2256              		@ frame_needed = 0, uses_anonymous_args = 0
 2257              		.loc 1 1035 1 is_stmt 0 view .LVU600
 2258 0000 38B5     		push	{r3, r4, r5, lr}
 2259              	.LCFI48:
 2260              		.cfi_def_cfa_offset 16
 2261              		.cfi_offset 3, -16
 2262              		.cfi_offset 4, -12
 2263              		.cfi_offset 5, -8
 2264              		.cfi_offset 14, -4
1036:Middlewares/Third_Party/FreeRTOS/Source/timers.c **** Timer_t * const pxTimer = xTimer;
 2265              		.loc 1 1036 1 is_stmt 1 view .LVU601
 2266              	.LVL180:
1037:Middlewares/Third_Party/FreeRTOS/Source/timers.c **** 
1038:Middlewares/Third_Party/FreeRTOS/Source/timers.c **** 	configASSERT( xTimer );
 2267              		.loc 1 1038 2 view .LVU602
 2268 0002 38B1     		cbz	r0, .L177
 2269 0004 0C46     		mov	r4, r1
 2270 0006 0546     		mov	r5, r0
 2271              		.loc 1 1038 24 discriminator 2 view .LVU603
1039:Middlewares/Third_Party/FreeRTOS/Source/timers.c **** 
1040:Middlewares/Third_Party/FreeRTOS/Source/timers.c **** 	taskENTER_CRITICAL();
 2272              		.loc 1 1040 2 discriminator 2 view .LVU604
 2273 0008 FFF7FEFF 		bl	vPortEnterCritical
 2274              	.LVL181:
1041:Middlewares/Third_Party/FreeRTOS/Source/timers.c **** 	{
1042:Middlewares/Third_Party/FreeRTOS/Source/timers.c **** 		pxTimer->pvTimerID = pvNewID;
 2275              		.loc 1 1042 3 discriminator 2 view .LVU605
 2276              		.loc 1 1042 22 is_stmt 0 discriminator 2 view .LVU606
 2277 000c EC61     		str	r4, [r5, #28]
1043:Middlewares/Third_Party/FreeRTOS/Source/timers.c **** 	}
1044:Middlewares/Third_Party/FreeRTOS/Source/timers.c **** 	taskEXIT_CRITICAL();
 2278              		.loc 1 1044 2 is_stmt 1 discriminator 2 view .LVU607
 2279 000e FFF7FEFF 		bl	vPortExitCritical
 2280              	.LVL182:
1045:Middlewares/Third_Party/FreeRTOS/Source/timers.c **** }
 2281              		.loc 1 1045 1 is_stmt 0 discriminator 2 view .LVU608
 2282 0012 38BD     		pop	{r3, r4, r5, pc}
 2283              	.LVL183:
 2284              	.L177:
1038:Middlewares/Third_Party/FreeRTOS/Source/timers.c **** 
 2285              		.loc 1 1038 2 is_stmt 1 view .LVU609
 2286              	.LBB83:
 2287              	.LBI83:
 191:Middlewares/Third_Party/FreeRTOS/Source/portable/GCC/ARM_CM4F/portmacro.h **** {
ARM GAS  /tmp/ccNILS8C.s 			page 71


 2288              		.loc 2 191 30 view .LVU610
 2289              	.LBB84:
 193:Middlewares/Third_Party/FreeRTOS/Source/portable/GCC/ARM_CM4F/portmacro.h **** 
 2290              		.loc 2 193 1 view .LVU611
 2291              		.loc 2 195 2 view .LVU612
 2292              		.syntax unified
 2293              	@ 195 "Middlewares/Third_Party/FreeRTOS/Source/portable/GCC/ARM_CM4F/portmacro.h" 1
 2294 0014 4FF05003 			mov r3, #80												
 2295 0018 83F31188 		msr basepri, r3											
 2296 001c BFF36F8F 		isb														
 2297 0020 BFF34F8F 		dsb														
 2298              	
 2299              	@ 0 "" 2
 2300              	.LVL184:
 2301              		.thumb
 2302              		.syntax unified
 2303              	.L175:
 2304              		.loc 2 195 2 is_stmt 0 view .LVU613
 2305              	.LBE84:
 2306              	.LBE83:
1038:Middlewares/Third_Party/FreeRTOS/Source/timers.c **** 
 2307              		.loc 1 1038 2 is_stmt 1 discriminator 1 view .LVU614
1038:Middlewares/Third_Party/FreeRTOS/Source/timers.c **** 
 2308              		.loc 1 1038 2 discriminator 1 view .LVU615
 2309 0024 FEE7     		b	.L175
 2310              		.cfi_endproc
 2311              	.LFE26:
 2313              		.section	.text.xTimerPendFunctionCallFromISR,"ax",%progbits
 2314              		.align	1
 2315              		.global	xTimerPendFunctionCallFromISR
 2316              		.syntax unified
 2317              		.thumb
 2318              		.thumb_func
 2320              	xTimerPendFunctionCallFromISR:
 2321              	.LVL185:
 2322              	.LFB27:
1046:Middlewares/Third_Party/FreeRTOS/Source/timers.c **** /*-----------------------------------------------------------*/
1047:Middlewares/Third_Party/FreeRTOS/Source/timers.c **** 
1048:Middlewares/Third_Party/FreeRTOS/Source/timers.c **** #if( INCLUDE_xTimerPendFunctionCall == 1 )
1049:Middlewares/Third_Party/FreeRTOS/Source/timers.c **** 
1050:Middlewares/Third_Party/FreeRTOS/Source/timers.c **** 	BaseType_t xTimerPendFunctionCallFromISR( PendedFunction_t xFunctionToPend, void *pvParameter1, ui
1051:Middlewares/Third_Party/FreeRTOS/Source/timers.c **** 	{
 2323              		.loc 1 1051 2 view -0
 2324              		.cfi_startproc
 2325              		@ args = 0, pretend = 0, frame = 16
 2326              		@ frame_needed = 0, uses_anonymous_args = 0
 2327              		.loc 1 1051 2 is_stmt 0 view .LVU617
 2328 0000 10B5     		push	{r4, lr}
 2329              	.LCFI49:
 2330              		.cfi_def_cfa_offset 8
 2331              		.cfi_offset 4, -8
 2332              		.cfi_offset 14, -4
 2333 0002 84B0     		sub	sp, sp, #16
 2334              	.LCFI50:
 2335              		.cfi_def_cfa_offset 24
 2336 0004 1446     		mov	r4, r2
 2337 0006 1A46     		mov	r2, r3
ARM GAS  /tmp/ccNILS8C.s 			page 72


 2338              	.LVL186:
1052:Middlewares/Third_Party/FreeRTOS/Source/timers.c **** 	DaemonTaskMessage_t xMessage;
 2339              		.loc 1 1052 2 is_stmt 1 view .LVU618
1053:Middlewares/Third_Party/FreeRTOS/Source/timers.c **** 	BaseType_t xReturn;
 2340              		.loc 1 1053 2 view .LVU619
1054:Middlewares/Third_Party/FreeRTOS/Source/timers.c **** 
1055:Middlewares/Third_Party/FreeRTOS/Source/timers.c **** 		/* Complete the message with the function parameters and post it to the
1056:Middlewares/Third_Party/FreeRTOS/Source/timers.c **** 		daemon task. */
1057:Middlewares/Third_Party/FreeRTOS/Source/timers.c **** 		xMessage.xMessageID = tmrCOMMAND_EXECUTE_CALLBACK_FROM_ISR;
 2341              		.loc 1 1057 3 view .LVU620
 2342              		.loc 1 1057 23 is_stmt 0 view .LVU621
 2343 0008 6FF00103 		mvn	r3, #1
 2344              	.LVL187:
 2345              		.loc 1 1057 23 view .LVU622
 2346 000c 0093     		str	r3, [sp]
1058:Middlewares/Third_Party/FreeRTOS/Source/timers.c **** 		xMessage.u.xCallbackParameters.pxCallbackFunction = xFunctionToPend;
 2347              		.loc 1 1058 3 is_stmt 1 view .LVU623
 2348              		.loc 1 1058 53 is_stmt 0 view .LVU624
 2349 000e 0190     		str	r0, [sp, #4]
1059:Middlewares/Third_Party/FreeRTOS/Source/timers.c **** 		xMessage.u.xCallbackParameters.pvParameter1 = pvParameter1;
 2350              		.loc 1 1059 3 is_stmt 1 view .LVU625
 2351              		.loc 1 1059 47 is_stmt 0 view .LVU626
 2352 0010 0291     		str	r1, [sp, #8]
1060:Middlewares/Third_Party/FreeRTOS/Source/timers.c **** 		xMessage.u.xCallbackParameters.ulParameter2 = ulParameter2;
 2353              		.loc 1 1060 3 is_stmt 1 view .LVU627
 2354              		.loc 1 1060 47 is_stmt 0 view .LVU628
 2355 0012 0394     		str	r4, [sp, #12]
1061:Middlewares/Third_Party/FreeRTOS/Source/timers.c **** 
1062:Middlewares/Third_Party/FreeRTOS/Source/timers.c **** 		xReturn = xQueueSendFromISR( xTimerQueue, &xMessage, pxHigherPriorityTaskWoken );
 2356              		.loc 1 1062 3 is_stmt 1 view .LVU629
 2357              		.loc 1 1062 13 is_stmt 0 view .LVU630
 2358 0014 0023     		movs	r3, #0
 2359 0016 6946     		mov	r1, sp
 2360              	.LVL188:
 2361              		.loc 1 1062 13 view .LVU631
 2362 0018 0248     		ldr	r0, .L180
 2363              	.LVL189:
 2364              		.loc 1 1062 13 view .LVU632
 2365 001a 0068     		ldr	r0, [r0]
 2366 001c FFF7FEFF 		bl	xQueueGenericSendFromISR
 2367              	.LVL190:
1063:Middlewares/Third_Party/FreeRTOS/Source/timers.c **** 
1064:Middlewares/Third_Party/FreeRTOS/Source/timers.c **** 		tracePEND_FUNC_CALL_FROM_ISR( xFunctionToPend, pvParameter1, ulParameter2, xReturn );
 2368              		.loc 1 1064 87 is_stmt 1 view .LVU633
1065:Middlewares/Third_Party/FreeRTOS/Source/timers.c **** 
1066:Middlewares/Third_Party/FreeRTOS/Source/timers.c **** 		return xReturn;
 2369              		.loc 1 1066 3 view .LVU634
1067:Middlewares/Third_Party/FreeRTOS/Source/timers.c **** 	}
 2370              		.loc 1 1067 2 is_stmt 0 view .LVU635
 2371 0020 04B0     		add	sp, sp, #16
 2372              	.LCFI51:
 2373              		.cfi_def_cfa_offset 8
 2374              		@ sp needed
 2375 0022 10BD     		pop	{r4, pc}
 2376              	.LVL191:
 2377              	.L181:
 2378              		.loc 1 1067 2 view .LVU636
ARM GAS  /tmp/ccNILS8C.s 			page 73


 2379              		.align	2
 2380              	.L180:
 2381 0024 00000000 		.word	xTimerQueue
 2382              		.cfi_endproc
 2383              	.LFE27:
 2385              		.section	.text.xTimerPendFunctionCall,"ax",%progbits
 2386              		.align	1
 2387              		.global	xTimerPendFunctionCall
 2388              		.syntax unified
 2389              		.thumb
 2390              		.thumb_func
 2392              	xTimerPendFunctionCall:
 2393              	.LVL192:
 2394              	.LFB28:
1068:Middlewares/Third_Party/FreeRTOS/Source/timers.c **** 
1069:Middlewares/Third_Party/FreeRTOS/Source/timers.c **** #endif /* INCLUDE_xTimerPendFunctionCall */
1070:Middlewares/Third_Party/FreeRTOS/Source/timers.c **** /*-----------------------------------------------------------*/
1071:Middlewares/Third_Party/FreeRTOS/Source/timers.c **** 
1072:Middlewares/Third_Party/FreeRTOS/Source/timers.c **** #if( INCLUDE_xTimerPendFunctionCall == 1 )
1073:Middlewares/Third_Party/FreeRTOS/Source/timers.c **** 
1074:Middlewares/Third_Party/FreeRTOS/Source/timers.c **** 	BaseType_t xTimerPendFunctionCall( PendedFunction_t xFunctionToPend, void *pvParameter1, uint32_t 
1075:Middlewares/Third_Party/FreeRTOS/Source/timers.c **** 	{
 2395              		.loc 1 1075 2 is_stmt 1 view -0
 2396              		.cfi_startproc
 2397              		@ args = 0, pretend = 0, frame = 16
 2398              		@ frame_needed = 0, uses_anonymous_args = 0
 2399              		.loc 1 1075 2 is_stmt 0 view .LVU638
 2400 0000 30B5     		push	{r4, r5, lr}
 2401              	.LCFI52:
 2402              		.cfi_def_cfa_offset 12
 2403              		.cfi_offset 4, -12
 2404              		.cfi_offset 5, -8
 2405              		.cfi_offset 14, -4
 2406 0002 85B0     		sub	sp, sp, #20
 2407              	.LCFI53:
 2408              		.cfi_def_cfa_offset 32
 2409 0004 1446     		mov	r4, r2
 2410 0006 1A46     		mov	r2, r3
 2411              	.LVL193:
1076:Middlewares/Third_Party/FreeRTOS/Source/timers.c **** 	DaemonTaskMessage_t xMessage;
 2412              		.loc 1 1076 2 is_stmt 1 view .LVU639
1077:Middlewares/Third_Party/FreeRTOS/Source/timers.c **** 	BaseType_t xReturn;
 2413              		.loc 1 1077 2 view .LVU640
1078:Middlewares/Third_Party/FreeRTOS/Source/timers.c **** 
1079:Middlewares/Third_Party/FreeRTOS/Source/timers.c **** 		/* This function can only be called after a timer has been created or
1080:Middlewares/Third_Party/FreeRTOS/Source/timers.c **** 		after the scheduler has been started because, until then, the timer
1081:Middlewares/Third_Party/FreeRTOS/Source/timers.c **** 		queue does not exist. */
1082:Middlewares/Third_Party/FreeRTOS/Source/timers.c **** 		configASSERT( xTimerQueue );
 2414              		.loc 1 1082 3 view .LVU641
 2415 0008 0C4B     		ldr	r3, .L187
 2416              	.LVL194:
 2417              		.loc 1 1082 3 is_stmt 0 view .LVU642
 2418 000a 1D68     		ldr	r5, [r3]
 2419 000c 65B1     		cbz	r5, .L186
 2420              		.loc 1 1082 30 is_stmt 1 discriminator 2 view .LVU643
1083:Middlewares/Third_Party/FreeRTOS/Source/timers.c **** 
1084:Middlewares/Third_Party/FreeRTOS/Source/timers.c **** 		/* Complete the message with the function parameters and post it to the
ARM GAS  /tmp/ccNILS8C.s 			page 74


1085:Middlewares/Third_Party/FreeRTOS/Source/timers.c **** 		daemon task. */
1086:Middlewares/Third_Party/FreeRTOS/Source/timers.c **** 		xMessage.xMessageID = tmrCOMMAND_EXECUTE_CALLBACK;
 2421              		.loc 1 1086 3 discriminator 2 view .LVU644
 2422              		.loc 1 1086 23 is_stmt 0 discriminator 2 view .LVU645
 2423 000e 4FF0FF33 		mov	r3, #-1
 2424 0012 0093     		str	r3, [sp]
1087:Middlewares/Third_Party/FreeRTOS/Source/timers.c **** 		xMessage.u.xCallbackParameters.pxCallbackFunction = xFunctionToPend;
 2425              		.loc 1 1087 3 is_stmt 1 discriminator 2 view .LVU646
 2426              		.loc 1 1087 53 is_stmt 0 discriminator 2 view .LVU647
 2427 0014 0190     		str	r0, [sp, #4]
1088:Middlewares/Third_Party/FreeRTOS/Source/timers.c **** 		xMessage.u.xCallbackParameters.pvParameter1 = pvParameter1;
 2428              		.loc 1 1088 3 is_stmt 1 discriminator 2 view .LVU648
 2429              		.loc 1 1088 47 is_stmt 0 discriminator 2 view .LVU649
 2430 0016 0291     		str	r1, [sp, #8]
1089:Middlewares/Third_Party/FreeRTOS/Source/timers.c **** 		xMessage.u.xCallbackParameters.ulParameter2 = ulParameter2;
 2431              		.loc 1 1089 3 is_stmt 1 discriminator 2 view .LVU650
 2432              		.loc 1 1089 47 is_stmt 0 discriminator 2 view .LVU651
 2433 0018 0394     		str	r4, [sp, #12]
1090:Middlewares/Third_Party/FreeRTOS/Source/timers.c **** 
1091:Middlewares/Third_Party/FreeRTOS/Source/timers.c **** 		xReturn = xQueueSendToBack( xTimerQueue, &xMessage, xTicksToWait );
 2434              		.loc 1 1091 3 is_stmt 1 discriminator 2 view .LVU652
 2435              		.loc 1 1091 13 is_stmt 0 discriminator 2 view .LVU653
 2436 001a 0023     		movs	r3, #0
 2437 001c 6946     		mov	r1, sp
 2438              	.LVL195:
 2439              		.loc 1 1091 13 discriminator 2 view .LVU654
 2440 001e 2846     		mov	r0, r5
 2441              	.LVL196:
 2442              		.loc 1 1091 13 discriminator 2 view .LVU655
 2443 0020 FFF7FEFF 		bl	xQueueGenericSend
 2444              	.LVL197:
1092:Middlewares/Third_Party/FreeRTOS/Source/timers.c **** 
1093:Middlewares/Third_Party/FreeRTOS/Source/timers.c **** 		tracePEND_FUNC_CALL( xFunctionToPend, pvParameter1, ulParameter2, xReturn );
 2445              		.loc 1 1093 78 is_stmt 1 discriminator 2 view .LVU656
1094:Middlewares/Third_Party/FreeRTOS/Source/timers.c **** 
1095:Middlewares/Third_Party/FreeRTOS/Source/timers.c **** 		return xReturn;
 2446              		.loc 1 1095 3 discriminator 2 view .LVU657
1096:Middlewares/Third_Party/FreeRTOS/Source/timers.c **** 	}
 2447              		.loc 1 1096 2 is_stmt 0 discriminator 2 view .LVU658
 2448 0024 05B0     		add	sp, sp, #20
 2449              	.LCFI54:
 2450              		.cfi_remember_state
 2451              		.cfi_def_cfa_offset 12
 2452              		@ sp needed
 2453 0026 30BD     		pop	{r4, r5, pc}
 2454              	.LVL198:
 2455              	.L186:
 2456              	.LCFI55:
 2457              		.cfi_restore_state
1082:Middlewares/Third_Party/FreeRTOS/Source/timers.c **** 
 2458              		.loc 1 1082 3 is_stmt 1 view .LVU659
 2459              	.LBB85:
 2460              	.LBI85:
 191:Middlewares/Third_Party/FreeRTOS/Source/portable/GCC/ARM_CM4F/portmacro.h **** {
 2461              		.loc 2 191 30 view .LVU660
 2462              	.LBB86:
 193:Middlewares/Third_Party/FreeRTOS/Source/portable/GCC/ARM_CM4F/portmacro.h **** 
ARM GAS  /tmp/ccNILS8C.s 			page 75


 2463              		.loc 2 193 1 view .LVU661
 2464              		.loc 2 195 2 view .LVU662
 2465              		.syntax unified
 2466              	@ 195 "Middlewares/Third_Party/FreeRTOS/Source/portable/GCC/ARM_CM4F/portmacro.h" 1
 2467 0028 4FF05003 			mov r3, #80												
 2468 002c 83F31188 		msr basepri, r3											
 2469 0030 BFF36F8F 		isb														
 2470 0034 BFF34F8F 		dsb														
 2471              	
 2472              	@ 0 "" 2
 2473              	.LVL199:
 2474              		.thumb
 2475              		.syntax unified
 2476              	.L184:
 2477              		.loc 2 195 2 is_stmt 0 view .LVU663
 2478              	.LBE86:
 2479              	.LBE85:
1082:Middlewares/Third_Party/FreeRTOS/Source/timers.c **** 
 2480              		.loc 1 1082 3 is_stmt 1 discriminator 1 view .LVU664
1082:Middlewares/Third_Party/FreeRTOS/Source/timers.c **** 
 2481              		.loc 1 1082 3 discriminator 1 view .LVU665
 2482 0038 FEE7     		b	.L184
 2483              	.L188:
 2484 003a 00BF     		.align	2
 2485              	.L187:
 2486 003c 00000000 		.word	xTimerQueue
 2487              		.cfi_endproc
 2488              	.LFE28:
 2490              		.section	.text.uxTimerGetTimerNumber,"ax",%progbits
 2491              		.align	1
 2492              		.global	uxTimerGetTimerNumber
 2493              		.syntax unified
 2494              		.thumb
 2495              		.thumb_func
 2497              	uxTimerGetTimerNumber:
 2498              	.LVL200:
 2499              	.LFB29:
1097:Middlewares/Third_Party/FreeRTOS/Source/timers.c **** 
1098:Middlewares/Third_Party/FreeRTOS/Source/timers.c **** #endif /* INCLUDE_xTimerPendFunctionCall */
1099:Middlewares/Third_Party/FreeRTOS/Source/timers.c **** /*-----------------------------------------------------------*/
1100:Middlewares/Third_Party/FreeRTOS/Source/timers.c **** 
1101:Middlewares/Third_Party/FreeRTOS/Source/timers.c **** #if ( configUSE_TRACE_FACILITY == 1 )
1102:Middlewares/Third_Party/FreeRTOS/Source/timers.c **** 
1103:Middlewares/Third_Party/FreeRTOS/Source/timers.c **** 	UBaseType_t uxTimerGetTimerNumber( TimerHandle_t xTimer )
1104:Middlewares/Third_Party/FreeRTOS/Source/timers.c **** 	{
 2500              		.loc 1 1104 2 view -0
 2501              		.cfi_startproc
 2502              		@ args = 0, pretend = 0, frame = 0
 2503              		@ frame_needed = 0, uses_anonymous_args = 0
 2504              		@ link register save eliminated.
1105:Middlewares/Third_Party/FreeRTOS/Source/timers.c **** 		return ( ( Timer_t * ) xTimer )->uxTimerNumber;
 2505              		.loc 1 1105 3 view .LVU667
1106:Middlewares/Third_Party/FreeRTOS/Source/timers.c **** 	}
 2506              		.loc 1 1106 2 is_stmt 0 view .LVU668
 2507 0000 406A     		ldr	r0, [r0, #36]
 2508              	.LVL201:
 2509              		.loc 1 1106 2 view .LVU669
ARM GAS  /tmp/ccNILS8C.s 			page 76


 2510 0002 7047     		bx	lr
 2511              		.cfi_endproc
 2512              	.LFE29:
 2514              		.section	.text.vTimerSetTimerNumber,"ax",%progbits
 2515              		.align	1
 2516              		.global	vTimerSetTimerNumber
 2517              		.syntax unified
 2518              		.thumb
 2519              		.thumb_func
 2521              	vTimerSetTimerNumber:
 2522              	.LVL202:
 2523              	.LFB30:
1107:Middlewares/Third_Party/FreeRTOS/Source/timers.c **** 
1108:Middlewares/Third_Party/FreeRTOS/Source/timers.c **** #endif /* configUSE_TRACE_FACILITY */
1109:Middlewares/Third_Party/FreeRTOS/Source/timers.c **** /*-----------------------------------------------------------*/
1110:Middlewares/Third_Party/FreeRTOS/Source/timers.c **** 
1111:Middlewares/Third_Party/FreeRTOS/Source/timers.c **** #if ( configUSE_TRACE_FACILITY == 1 )
1112:Middlewares/Third_Party/FreeRTOS/Source/timers.c **** 
1113:Middlewares/Third_Party/FreeRTOS/Source/timers.c **** 	void vTimerSetTimerNumber( TimerHandle_t xTimer, UBaseType_t uxTimerNumber )
1114:Middlewares/Third_Party/FreeRTOS/Source/timers.c **** 	{
 2524              		.loc 1 1114 2 is_stmt 1 view -0
 2525              		.cfi_startproc
 2526              		@ args = 0, pretend = 0, frame = 0
 2527              		@ frame_needed = 0, uses_anonymous_args = 0
 2528              		@ link register save eliminated.
1115:Middlewares/Third_Party/FreeRTOS/Source/timers.c **** 		( ( Timer_t * ) xTimer )->uxTimerNumber = uxTimerNumber;
 2529              		.loc 1 1115 3 view .LVU671
 2530              		.loc 1 1115 43 is_stmt 0 view .LVU672
 2531 0000 4162     		str	r1, [r0, #36]
1116:Middlewares/Third_Party/FreeRTOS/Source/timers.c **** 	}
 2532              		.loc 1 1116 2 view .LVU673
 2533 0002 7047     		bx	lr
 2534              		.cfi_endproc
 2535              	.LFE30:
 2537              		.section	.bss.xStaticTimerQueue.0,"aw",%nobits
 2538              		.align	2
 2541              	xStaticTimerQueue.0:
 2542 0000 00000000 		.space	80
 2542      00000000 
 2542      00000000 
 2542      00000000 
 2542      00000000 
 2543              		.section	.bss.ucStaticTimerQueueStorage.1,"aw",%nobits
 2544              		.align	2
 2547              	ucStaticTimerQueueStorage.1:
 2548 0000 00000000 		.space	160
 2548      00000000 
 2548      00000000 
 2548      00000000 
 2548      00000000 
 2549              		.section	.bss.xLastTime.2,"aw",%nobits
 2550              		.align	2
 2553              	xLastTime.2:
 2554 0000 00000000 		.space	4
 2555              		.section	.bss.xTimerTaskHandle,"aw",%nobits
 2556              		.align	2
 2559              	xTimerTaskHandle:
ARM GAS  /tmp/ccNILS8C.s 			page 77


 2560 0000 00000000 		.space	4
 2561              		.section	.bss.xTimerQueue,"aw",%nobits
 2562              		.align	2
 2565              	xTimerQueue:
 2566 0000 00000000 		.space	4
 2567              		.section	.bss.pxOverflowTimerList,"aw",%nobits
 2568              		.align	2
 2571              	pxOverflowTimerList:
 2572 0000 00000000 		.space	4
 2573              		.section	.bss.pxCurrentTimerList,"aw",%nobits
 2574              		.align	2
 2577              	pxCurrentTimerList:
 2578 0000 00000000 		.space	4
 2579              		.section	.bss.xActiveTimerList2,"aw",%nobits
 2580              		.align	2
 2583              	xActiveTimerList2:
 2584 0000 00000000 		.space	20
 2584      00000000 
 2584      00000000 
 2584      00000000 
 2584      00000000 
 2585              		.section	.bss.xActiveTimerList1,"aw",%nobits
 2586              		.align	2
 2589              	xActiveTimerList1:
 2590 0000 00000000 		.space	20
 2590      00000000 
 2590      00000000 
 2590      00000000 
 2590      00000000 
 2591              		.text
 2592              	.Letext0:
 2593              		.file 3 "/opt/st/stm32cubeclt_1.17.0/GNU-tools-for-STM32/lib/gcc/arm-none-eabi/12.3.1/include/stdd
 2594              		.file 4 "/opt/st/stm32cubeclt_1.17.0/GNU-tools-for-STM32/arm-none-eabi/include/machine/_default_ty
 2595              		.file 5 "/opt/st/stm32cubeclt_1.17.0/GNU-tools-for-STM32/arm-none-eabi/include/sys/_stdint.h"
 2596              		.file 6 "Middlewares/Third_Party/FreeRTOS/Source/include/projdefs.h"
 2597              		.file 7 "Middlewares/Third_Party/FreeRTOS/Source/include/FreeRTOS.h"
 2598              		.file 8 "Middlewares/Third_Party/FreeRTOS/Source/include/list.h"
 2599              		.file 9 "Middlewares/Third_Party/FreeRTOS/Source/include/task.h"
 2600              		.file 10 "Middlewares/Third_Party/FreeRTOS/Source/include/queue.h"
 2601              		.file 11 "Middlewares/Third_Party/FreeRTOS/Source/include/timers.h"
 2602              		.file 12 "Middlewares/Third_Party/FreeRTOS/Source/include/portable.h"
ARM GAS  /tmp/ccNILS8C.s 			page 78


DEFINED SYMBOLS
                            *ABS*:00000000 timers.c
     /tmp/ccNILS8C.s:21     .text.prvGetNextExpireTime:00000000 $t
     /tmp/ccNILS8C.s:26     .text.prvGetNextExpireTime:00000000 prvGetNextExpireTime
     /tmp/ccNILS8C.s:71     .text.prvGetNextExpireTime:0000001c $d
     /tmp/ccNILS8C.s:2577   .bss.pxCurrentTimerList:00000000 pxCurrentTimerList
     /tmp/ccNILS8C.s:76     .text.prvInsertTimerInActiveList:00000000 $t
     /tmp/ccNILS8C.s:81     .text.prvInsertTimerInActiveList:00000000 prvInsertTimerInActiveList
     /tmp/ccNILS8C.s:171    .text.prvInsertTimerInActiveList:00000040 $d
     /tmp/ccNILS8C.s:2571   .bss.pxOverflowTimerList:00000000 pxOverflowTimerList
     /tmp/ccNILS8C.s:177    .rodata.prvCheckForValidListAndQueue.str1.4:00000000 $d
     /tmp/ccNILS8C.s:181    .text.prvCheckForValidListAndQueue:00000000 $t
     /tmp/ccNILS8C.s:186    .text.prvCheckForValidListAndQueue:00000000 prvCheckForValidListAndQueue
     /tmp/ccNILS8C.s:272    .text.prvCheckForValidListAndQueue:00000050 $d
     /tmp/ccNILS8C.s:2565   .bss.xTimerQueue:00000000 xTimerQueue
     /tmp/ccNILS8C.s:2589   .bss.xActiveTimerList1:00000000 xActiveTimerList1
     /tmp/ccNILS8C.s:2583   .bss.xActiveTimerList2:00000000 xActiveTimerList2
     /tmp/ccNILS8C.s:2541   .bss.xStaticTimerQueue.0:00000000 xStaticTimerQueue.0
     /tmp/ccNILS8C.s:2547   .bss.ucStaticTimerQueueStorage.1:00000000 ucStaticTimerQueueStorage.1
     /tmp/ccNILS8C.s:284    .text.prvInitialiseNewTimer:00000000 $t
     /tmp/ccNILS8C.s:289    .text.prvInitialiseNewTimer:00000000 prvInitialiseNewTimer
     /tmp/ccNILS8C.s:384    .rodata.xTimerCreateTimerTask.str1.4:00000000 $d
     /tmp/ccNILS8C.s:388    .text.xTimerCreateTimerTask:00000000 $t
     /tmp/ccNILS8C.s:394    .text.xTimerCreateTimerTask:00000000 xTimerCreateTimerTask
     /tmp/ccNILS8C.s:494    .text.xTimerCreateTimerTask:00000054 $d
     /tmp/ccNILS8C.s:1642   .text.prvTimerTask:00000000 prvTimerTask
     /tmp/ccNILS8C.s:2559   .bss.xTimerTaskHandle:00000000 xTimerTaskHandle
     /tmp/ccNILS8C.s:502    .text.xTimerCreate:00000000 $t
     /tmp/ccNILS8C.s:508    .text.xTimerCreate:00000000 xTimerCreate
     /tmp/ccNILS8C.s:574    .text.xTimerCreateStatic:00000000 $t
     /tmp/ccNILS8C.s:580    .text.xTimerCreateStatic:00000000 xTimerCreateStatic
     /tmp/ccNILS8C.s:703    .text.xTimerGenericCommand:00000000 $t
     /tmp/ccNILS8C.s:709    .text.xTimerGenericCommand:00000000 xTimerGenericCommand
     /tmp/ccNILS8C.s:853    .text.xTimerGenericCommand:00000068 $d
     /tmp/ccNILS8C.s:858    .text.prvSwitchTimerLists:00000000 $t
     /tmp/ccNILS8C.s:863    .text.prvSwitchTimerLists:00000000 prvSwitchTimerLists
     /tmp/ccNILS8C.s:1009   .text.prvSwitchTimerLists:00000074 $d
     /tmp/ccNILS8C.s:1015   .text.prvSampleTimeNow:00000000 $t
     /tmp/ccNILS8C.s:1020   .text.prvSampleTimeNow:00000000 prvSampleTimeNow
     /tmp/ccNILS8C.s:1079   .text.prvSampleTimeNow:00000028 $d
     /tmp/ccNILS8C.s:2553   .bss.xLastTime.2:00000000 xLastTime.2
     /tmp/ccNILS8C.s:1084   .text.prvProcessExpiredTimer:00000000 $t
     /tmp/ccNILS8C.s:1089   .text.prvProcessExpiredTimer:00000000 prvProcessExpiredTimer
     /tmp/ccNILS8C.s:1211   .text.prvProcessExpiredTimer:00000068 $d
     /tmp/ccNILS8C.s:1216   .text.prvProcessTimerOrBlockTask:00000000 $t
     /tmp/ccNILS8C.s:1221   .text.prvProcessTimerOrBlockTask:00000000 prvProcessTimerOrBlockTask
     /tmp/ccNILS8C.s:1346   .text.prvProcessTimerOrBlockTask:0000006c $d
     /tmp/ccNILS8C.s:1352   .text.prvProcessReceivedCommands:00000000 $t
     /tmp/ccNILS8C.s:1357   .text.prvProcessReceivedCommands:00000000 prvProcessReceivedCommands
     /tmp/ccNILS8C.s:1449   .text.prvProcessReceivedCommands:00000048 $d
     /tmp/ccNILS8C.s:1459   .text.prvProcessReceivedCommands:00000052 $t
     /tmp/ccNILS8C.s:1632   .text.prvProcessReceivedCommands:00000108 $d
     /tmp/ccNILS8C.s:1637   .text.prvTimerTask:00000000 $t
     /tmp/ccNILS8C.s:1681   .text.xTimerGetTimerDaemonTaskHandle:00000000 $t
     /tmp/ccNILS8C.s:1687   .text.xTimerGetTimerDaemonTaskHandle:00000000 xTimerGetTimerDaemonTaskHandle
     /tmp/ccNILS8C.s:1729   .text.xTimerGetTimerDaemonTaskHandle:0000001c $d
     /tmp/ccNILS8C.s:1734   .text.xTimerGetPeriod:00000000 $t
ARM GAS  /tmp/ccNILS8C.s 			page 79


     /tmp/ccNILS8C.s:1740   .text.xTimerGetPeriod:00000000 xTimerGetPeriod
     /tmp/ccNILS8C.s:1789   .text.vTimerSetReloadMode:00000000 $t
     /tmp/ccNILS8C.s:1795   .text.vTimerSetReloadMode:00000000 vTimerSetReloadMode
     /tmp/ccNILS8C.s:1875   .text.uxTimerGetReloadMode:00000000 $t
     /tmp/ccNILS8C.s:1881   .text.uxTimerGetReloadMode:00000000 uxTimerGetReloadMode
     /tmp/ccNILS8C.s:1966   .text.xTimerGetExpiryTime:00000000 $t
     /tmp/ccNILS8C.s:1972   .text.xTimerGetExpiryTime:00000000 xTimerGetExpiryTime
     /tmp/ccNILS8C.s:2024   .text.pcTimerGetName:00000000 $t
     /tmp/ccNILS8C.s:2030   .text.pcTimerGetName:00000000 pcTimerGetName
     /tmp/ccNILS8C.s:2079   .text.xTimerIsTimerActive:00000000 $t
     /tmp/ccNILS8C.s:2085   .text.xTimerIsTimerActive:00000000 xTimerIsTimerActive
     /tmp/ccNILS8C.s:2170   .text.pvTimerGetTimerID:00000000 $t
     /tmp/ccNILS8C.s:2176   .text.pvTimerGetTimerID:00000000 pvTimerGetTimerID
     /tmp/ccNILS8C.s:2244   .text.vTimerSetTimerID:00000000 $t
     /tmp/ccNILS8C.s:2250   .text.vTimerSetTimerID:00000000 vTimerSetTimerID
     /tmp/ccNILS8C.s:2314   .text.xTimerPendFunctionCallFromISR:00000000 $t
     /tmp/ccNILS8C.s:2320   .text.xTimerPendFunctionCallFromISR:00000000 xTimerPendFunctionCallFromISR
     /tmp/ccNILS8C.s:2381   .text.xTimerPendFunctionCallFromISR:00000024 $d
     /tmp/ccNILS8C.s:2386   .text.xTimerPendFunctionCall:00000000 $t
     /tmp/ccNILS8C.s:2392   .text.xTimerPendFunctionCall:00000000 xTimerPendFunctionCall
     /tmp/ccNILS8C.s:2486   .text.xTimerPendFunctionCall:0000003c $d
     /tmp/ccNILS8C.s:2491   .text.uxTimerGetTimerNumber:00000000 $t
     /tmp/ccNILS8C.s:2497   .text.uxTimerGetTimerNumber:00000000 uxTimerGetTimerNumber
     /tmp/ccNILS8C.s:2515   .text.vTimerSetTimerNumber:00000000 $t
     /tmp/ccNILS8C.s:2521   .text.vTimerSetTimerNumber:00000000 vTimerSetTimerNumber
     /tmp/ccNILS8C.s:2538   .bss.xStaticTimerQueue.0:00000000 $d
     /tmp/ccNILS8C.s:2544   .bss.ucStaticTimerQueueStorage.1:00000000 $d
     /tmp/ccNILS8C.s:2550   .bss.xLastTime.2:00000000 $d
     /tmp/ccNILS8C.s:2556   .bss.xTimerTaskHandle:00000000 $d
     /tmp/ccNILS8C.s:2562   .bss.xTimerQueue:00000000 $d
     /tmp/ccNILS8C.s:2568   .bss.pxOverflowTimerList:00000000 $d
     /tmp/ccNILS8C.s:2574   .bss.pxCurrentTimerList:00000000 $d
     /tmp/ccNILS8C.s:2580   .bss.xActiveTimerList2:00000000 $d
     /tmp/ccNILS8C.s:2586   .bss.xActiveTimerList1:00000000 $d

UNDEFINED SYMBOLS
vListInsert
vPortEnterCritical
vPortExitCritical
vListInitialise
xQueueGenericCreateStatic
vQueueAddToRegistry
vListInitialiseItem
vApplicationGetTimerTaskMemory
xTaskCreateStatic
pvPortMalloc
xTaskGetSchedulerState
xQueueGenericSend
xQueueGenericSendFromISR
uxListRemove
xTaskGetTickCount
vTaskSuspendAll
vQueueWaitForMessageRestricted
xTaskResumeAll
xQueueReceive
vPortFree
